fixture_id,season,date,timestamp,timezone,status_short,status_long,status_elapsed,league_id,league_name,country,round,home_team_id,home_team_name,home_team_code,away_team_id,away_team_name,away_team_code,home_goals,away_goals
1035037,2023,2023-08-11 19:00:00+00:00,1691780400,UTC,FT,Match Finished,90,39,Premier League,England,Regular Season - 1,44,Burnley,,50,Manchester City,,0,3
1035038,2023,2023-08-12 11:30:00+00:00,1691839800,UTC,FT,Match Finished,90,39,Premier League,England,Regular Season - 1,42,Arsenal,,65,Nottingham Forest,,2,1
1035039,2023,2023-08-12 14:00:00+00:00,1691848800,UTC,FT,Match Finished,90,39,Premier League,England,Regular Season - 1,35,Bournemouth,,48,West Ham,,1,1
1035040,2023,2023-08-12 14:00:00+00:00,1691848800,UTC,FT,Match Finished,90,39,Premier League,England,Regular Season - 1,51,Brighton,,1359,Luton,,4,1
1035041,2023,2023-08-12 14:00:00+00:00,1691848800,UTC,FT,Match Finished,90,39,Premier League,England,Regular Season - 1,45,Everton,,36,Fulham,,0,1
1035042,2023,2023-08-12 14:00:00+00:00,1691848800,UTC,FT,Match Finished,90,39,Premier League,England,Regular Season - 1,62,Sheffield Utd,,52,Crystal Palace,,0,1
1035043,2023,2023-08-12 16:30:00+00:00,1691857800,UTC,FT,Match Finished,90,39,Premier League,England,Regular Season - 1,34,Newcastle,,66,Aston Villa,,5,1
1035044,2023,2023-08-13 13:00:00+00:00,1691931600,UTC,FT,Match Finished,90,39,Premier League,England,Regular Season - 1,55,Brentford,,47,Tottenham,,2,2
1035045,2023,2023-08-13 15:30:00+00:00,1691940600,UTC,FT,Match Finished,90,39,Premier League,England,Regular Season - 1,49,Chelsea,,40,Liverpool,,1,1
1035046,2023,2023-08-14 19:00:00+00:00,1692039600,UTC,FT,Match Finished,90,39,Premier League,England,Regular Season - 1,33,Manchester United,,39,Wolves,,1,0
1035053,2023,2023-08-18 18:45:00+00:00,1692384300,UTC,FT,Match Finished,90,39,Premier League,England,Regular Season - 2,65,Nottingham Forest,,62,Sheffield Utd,,2,1
1035049,2023,2023-08-19 14:00:00+00:00,1692453600,UTC,FT,Match Finished,90,39,Premier League,England,Regular Season - 2,36,Fulham,,55,Brentford,,0,3
1035050,2023,2023-08-19 14:00:00+00:00,1692453600,UTC,FT,Match Finished,90,39,Premier League,England,Regular Season - 2,40,Liverpool,,35,Bournemouth,,3,1
1035056,2023,2023-08-19 14:00:00+00:00,1692453600,UTC,FT,Match Finished,90,39,Premier League,England,Regular Season - 2,39,Wolves,,51,Brighton,,1,4
1035054,2023,2023-08-19 16:30:00+00:00,1692462600,UTC,FT,Match Finished,90,39,Premier League,England,Regular Season - 2,47,Tottenham,,33,Manchester United,,2,0
1035052,2023,2023-08-19 19:00:00+00:00,1692471600,UTC,FT,Match Finished,90,39,Premier League,England,Regular Season - 2,50,Manchester City,,34,Newcastle,,1,0
1035047,2023,2023-08-20 13:00:00+00:00,1692536400,UTC,FT,Match Finished,90,39,Premier League,England,Regular Season - 2,66,Aston Villa,,45,Everton,,4,0
1035055,2023,2023-08-20 15:30:00+00:00,1692545400,UTC,FT,Match Finished,90,39,Premier League,England,Regular Season - 2,48,West Ham,,49,Chelsea,,3,1
1035048,2023,2023-08-21 19:00:00+00:00,1692644400,UTC,FT,Match Finished,90,39,Premier League,England,Regular Season - 2,52,Crystal Palace,,42,Arsenal,,0,1
1035062,2023,2023-08-25 19:00:00+00:00,1692990000,UTC,FT,Match Finished,90,39,Premier League,England,Regular Season - 3,49,Chelsea,,1359,Luton,,3,0
1035057,2023,2023-08-26 11:30:00+00:00,1693049400,UTC,FT,Match Finished,90,39,Premier League,England,Regular Season - 3,35,Bournemouth,,47,Tottenham,,0,2
1035058,2023,2023-08-26 14:00:00+00:00,1693058400,UTC,FT,Match Finished,90,39,Premier League,England,Regular Season - 3,42,Arsenal,,36,Fulham,,2,2
1035059,2023,2023-08-26 14:00:00+00:00,1693058400,UTC,FT,Match Finished,90,39,Premier League,England,Regular Season - 3,55,Brentford,,52,Crystal Palace,,1,1
1035063,2023,2023-08-26 14:00:00+00:00,1693058400,UTC,FT,Match Finished,90,39,Premier League,England,Regular Season - 3,45,Everton,,39,Wolves,,0,1
1035064,2023,2023-08-26 14:00:00+00:00,1693058400,UTC,FT,Match Finished,90,39,Premier League,England,Regular Season - 3,33,Manchester United,,65,Nottingham Forest,,3,2
1035060,2023,2023-08-26 16:30:00+00:00,1693067400,UTC,FT,Match Finished,90,39,Premier League,England,Regular Season - 3,51,Brighton,,48,West Ham,,1,3
1035061,2023,2023-08-27 13:00:00+00:00,1693141200,UTC,FT,Match Finished,90,39,Premier League,England,Regular Season - 3,44,Burnley,,66,Aston Villa,,1,3
1035066,2023,2023-08-27 13:00:00+00:00,1693141200,UTC,FT,Match Finished,90,39,Premier League,England,Regular Season - 3,62,Sheffield Utd,,50,Manchester City,,1,2
1035065,2023,2023-08-27 15:30:00+00:00,1693150200,UTC,FT,Match Finished,90,39,Premier League,England,Regular Season - 3,34,Newcastle,,40,Liverpool,,1,2
1035074,2023,2023-09-01 19:00:00+00:00,1693594800,UTC,FT,Match Finished,90,39,Premier League,England,Regular Season - 4,1359,Luton,,48,West Ham,,1,2
1035076,2023,2023-09-02 11:30:00+00:00,1693654200,UTC,FT,Match Finished,90,39,Premier League,England,Regular Season - 4,62,Sheffield Utd,,45,Everton,,2,2
1035068,2023,2023-09-02 14:00:00+00:00,1693663200,UTC,FT,Match Finished,90,39,Premier League,England,Regular Season - 4,55,Brentford,,35,Bournemouth,,2,2
1035070,2023,2023-09-02 14:00:00+00:00,1693663200,UTC,FT,Match Finished,90,39,Premier League,England,Regular Season - 4,44,Burnley,,47,Tottenham,,2,5
1035071,2023,2023-09-02 14:00:00+00:00,1693663200,UTC,FT,Match Finished,90,39,Premier League,England,Regular Season - 4,49,Chelsea,,65,Nottingham Forest,,0,1
1035075,2023,2023-09-02 14:00:00+00:00,1693663200,UTC,FT,Match Finished,90,39,Premier League,England,Regular Season - 4,50,Manchester City,,36,Fulham,,5,1
1035069,2023,2023-09-02 16:30:00+00:00,1693672200,UTC,FT,Match Finished,90,39,Premier League,England,Regular Season - 4,51,Brighton,,34,Newcastle,,3,1
1035072,2023,2023-09-03 13:00:00+00:00,1693746000,UTC,FT,Match Finished,90,39,Premier League,England,Regular Season - 4,52,Crystal Palace,,39,Wolves,,3,2
1035073,2023,2023-09-03 13:00:00+00:00,1693746000,UTC,FT,Match Finished,90,39,Premier League,England,Regular Season - 4,40,Liverpool,,66,Aston Villa,,3,0
1035067,2023,2023-09-03 15:30:00+00:00,1693755000,UTC,FT,Match Finished,90,39,Premier League,England,Regular Season - 4,42,Arsenal,,33,Manchester United,,3,1
1035086,2023,2023-09-16 11:30:00+00:00,1694863800,UTC,FT,Match Finished,90,39,Premier League,England,Regular Season - 5,39,Wolves,,40,Liverpool,,1,3
1035078,2023,2023-09-16 14:00:00+00:00,1694872800,UTC,FT,Match Finished,90,39,Premier League,England,Regular Season - 5,66,Aston Villa,,52,Crystal Palace,,3,1
1035080,2023,2023-09-16 14:00:00+00:00,1694872800,UTC,FT,Match Finished,90,39,Premier League,England,Regular Season - 5,36,Fulham,,1359,Luton,,1,0
1035081,2023,2023-09-16 14:00:00+00:00,1694872800,UTC,FT,Match Finished,90,39,Premier League,England,Regular Season - 5,33,Manchester United,,51,Brighton,,1,3
1035084,2023,2023-09-16 14:00:00+00:00,1694872800,UTC,FT,Match Finished,90,39,Premier League,England,Regular Season - 5,47,Tottenham,,62,Sheffield Utd,,2,1
1035085,2023,2023-09-16 14:00:00+00:00,1694872800,UTC,FT,Match Finished,90,39,Premier League,England,Regular Season - 5,48,West Ham,,50,Manchester City,,1,3
1035082,2023,2023-09-16 16:30:00+00:00,1694881800,UTC,FT,Match Finished,90,39,Premier League,England,Regular Season - 5,34,Newcastle,,55,Brentford,,1,0
1035077,2023,2023-09-17 13:00:00+00:00,1694955600,UTC,FT,Match Finished,90,39,Premier League,England,Regular Season - 5,35,Bournemouth,,49,Chelsea,,0,0
1035079,2023,2023-09-17 15:30:00+00:00,1694964600,UTC,FT,Match Finished,90,39,Premier League,England,Regular Season - 5,45,Everton,,42,Arsenal,,0,1
1035083,2023,2023-09-18 18:45:00+00:00,1695062700,UTC,FT,Match Finished,90,39,Premier League,England,Regular Season - 5,65,Nottingham Forest,,44,Burnley,,1,1
1035092,2023,2023-09-23 14:00:00+00:00,1695477600,UTC,FT,Match Finished,90,39,Premier League,England,Regular Season - 6,52,Crystal Palace,,36,Fulham,,0,0
1035094,2023,2023-09-23 14:00:00+00:00,1695477600,UTC,FT,Match Finished,90,39,Premier League,England,Regular Season - 6,1359,Luton,,39,Wolves,,1,1
1035095,2023,2023-09-23 14:00:00+00:00,1695477600,UTC,FT,Match Finished,90,39,Premier League,England,Regular Season - 6,50,Manchester City,,65,Nottingham Forest,,2,0
1035088,2023,2023-09-23 16:30:00+00:00,1695486600,UTC,FT,Match Finished,90,39,Premier League,England,Regular Season - 6,55,Brentford,,45,Everton,,1,3
1035090,2023,2023-09-23 19:00:00+00:00,1695495600,UTC,FT,Match Finished,90,39,Premier League,England,Regular Season - 6,44,Burnley,,33,Manchester United,,0,1
1035087,2023,2023-09-24 13:00:00+00:00,1695560400,UTC,FT,Match Finished,90,39,Premier League,England,Regular Season - 6,42,Arsenal,,47,Tottenham,,2,2
1035089,2023,2023-09-24 13:00:00+00:00,1695560400,UTC,FT,Match Finished,90,39,Premier League,England,Regular Season - 6,51,Brighton,,35,Bournemouth,,3,1
1035091,2023,2023-09-24 13:00:00+00:00,1695560400,UTC,FT,Match Finished,90,39,Premier League,England,Regular Season - 6,49,Chelsea,,66,Aston Villa,,0,1
1035093,2023,2023-09-24 13:00:00+00:00,1695560400,UTC,FT,Match Finished,90,39,Premier League,England,Regular Season - 6,40,Liverpool,,48,West Ham,,3,1
1035096,2023,2023-09-24 15:30:00+00:00,1695569400,UTC,FT,Match Finished,90,39,Premier League,England,Regular Season - 6,62,Sheffield Utd,,34,Newcastle,,0,8
1035098,2023,2023-09-30 11:30:00+00:00,1696073400,UTC,FT,Match Finished,90,39,Premier League,England,Regular Season - 7,66,Aston Villa,,51,Brighton,,6,1
1035097,2023,2023-09-30 14:00:00+00:00,1696082400,UTC,FT,Match Finished,90,39,Premier League,England,Regular Season - 7,35,Bournemouth,,42,Arsenal,,0,4
1035099,2023,2023-09-30 14:00:00+00:00,1696082400,UTC,FT,Match Finished,90,39,Premier League,England,Regular Season - 7,45,Everton,,1359,Luton,,1,2
1035101,2023,2023-09-30 14:00:00+00:00,1696082400,UTC,FT,Match Finished,90,39,Premier League,England,Regular Season - 7,33,Manchester United,,52,Crystal Palace,,0,1
1035102,2023,2023-09-30 14:00:00+00:00,1696082400,UTC,FT,Match Finished,90,39,Premier League,England,Regular Season - 7,34,Newcastle,,44,Burnley,,2,0
1035105,2023,2023-09-30 14:00:00+00:00,1696082400,UTC,FT,Match Finished,90,39,Premier League,England,Regular Season - 7,48,West Ham,,62,Sheffield Utd,,2,0
1035106,2023,2023-09-30 14:00:00+00:00,1696082400,UTC,FT,Match Finished,90,39,Premier League,England,Regular Season - 7,39,Wolves,,50,Manchester City,,2,1
1035104,2023,2023-09-30 16:30:00+00:00,1696091400,UTC,FT,Match Finished,90,39,Premier League,England,Regular Season - 7,47,Tottenham,,40,Liverpool,,2,1
1035103,2023,2023-10-01 13:00:00+00:00,1696165200,UTC,FT,Match Finished,90,39,Premier League,England,Regular Season - 7,65,Nottingham Forest,,55,Brentford,,1,1
1035100,2023,2023-10-02 19:00:00+00:00,1696273200,UTC,FT,Match Finished,90,39,Premier League,England,Regular Season - 7,36,Fulham,,49,Chelsea,,0,2
1035051,2023,2023-10-03 18:30:00+00:00,1696357800,UTC,FT,Match Finished,90,39,Premier League,England,Regular Season - 2,1359,Luton,,44,Burnley,,1,2
1035113,2023,2023-10-07 11:30:00+00:00,1696678200,UTC,FT,Match Finished,90,39,Premier League,England,Regular Season - 8,1359,Luton,,47,Tottenham,,0,1
1035109,2023,2023-10-07 14:00:00+00:00,1696687200,UTC,FT,Match Finished,90,39,Premier League,England,Regular Season - 8,44,Burnley,,49,Chelsea,,1,4
1035111,2023,2023-10-07 14:00:00+00:00,1696687200,UTC,FT,Match Finished,90,39,Premier League,England,Regular Season - 8,45,Everton,,35,Bournemouth,,3,0
1035112,2023,2023-10-07 14:00:00+00:00,1696687200,UTC,FT,Match Finished,90,39,Premier League,England,Regular Season - 8,36,Fulham,,62,Sheffield Utd,,3,1
1035114,2023,2023-10-07 14:00:00+00:00,1696687200,UTC,FT,Match Finished,90,39,Premier League,England,Regular Season - 8,33,Manchester United,,55,Brentford,,2,1
1035110,2023,2023-10-07 16:30:00+00:00,1696696200,UTC,FT,Match Finished,90,39,Premier League,England,Regular Season - 8,52,Crystal Palace,,65,Nottingham Forest,,0,0
1035108,2023,2023-10-08 13:00:00+00:00,1696770000,UTC,FT,Match Finished,90,39,Premier League,England,Regular Season - 8,51,Brighton,,40,Liverpool,,2,2
1035115,2023,2023-10-08 13:00:00+00:00,1696770000,UTC,FT,Match Finished,90,39,Premier League,England,Regular Season - 8,48,West Ham,,34,Newcastle,,2,2
1035116,2023,2023-10-08 13:00:00+00:00,1696770000,UTC,FT,Match Finished,90,39,Premier League,England,Regular Season - 8,39,Wolves,,66,Aston Villa,,1,1
1035107,2023,2023-10-08 15:30:00+00:00,1696779000,UTC,FT,Match Finished,90,39,Premier League,England,Regular Season - 8,42,Arsenal,,50,Manchester City,,1,0
1035121,2023,2023-10-21 11:30:00+00:00,1697887800,UTC,FT,Match Finished,90,39,Premier League,England,Regular Season - 9,40,Liverpool,,45,Everton,,2,0
1035117,2023,2023-10-21 14:00:00+00:00,1697896800,UTC,FT,Match Finished,90,39,Premier League,England,Regular Season - 9,35,Bournemouth,,39,Wolves,,1,2
1035119,2023,2023-10-21 14:00:00+00:00,1697896800,UTC,FT,Match Finished,90,39,Premier League,England,Regular Season - 9,55,Brentford,,44,Burnley,,3,0
1035122,2023,2023-10-21 14:00:00+00:00,1697896800,UTC,FT,Match Finished,90,39,Premier League,England,Regular Season - 9,50,Manchester City,,51,Brighton,,2,1
1035123,2023,2023-10-21 14:00:00+00:00,1697896800,UTC,FT,Match Finished,90,39,Premier League,England,Regular Season - 9,34,Newcastle,,52,Crystal Palace,,4,0
1035124,2023,2023-10-21 14:00:00+00:00,1697896800,UTC,FT,Match Finished,90,39,Premier League,England,Regular Season - 9,65,Nottingham Forest,,1359,Luton,,2,2
1035120,2023,2023-10-21 16:30:00+00:00,1697905800,UTC,FT,Match Finished,90,39,Premier League,England,Regular Season - 9,49,Chelsea,,42,Arsenal,,2,2
1035125,2023,2023-10-21 19:00:00+00:00,1697914800,UTC,FT,Match Finished,90,39,Premier League,England,Regular Season - 9,62,Sheffield Utd,,33,Manchester United,,1,2
1035118,2023,2023-10-22 15:30:00+00:00,1697988600,UTC,FT,Match Finished,90,39,Premier League,England,Regular Season - 9,66,Aston Villa,,48,West Ham,,4,1
1035126,2023,2023-10-23 19:00:00+00:00,1698087600,UTC,FT,Match Finished,90,39,Premier League,England,Regular Season - 9,47,Tottenham,,36,Fulham,,2,0
1035132,2023,2023-10-27 19:00:00+00:00,1698433200,UTC,FT,Match Finished,90,39,Premier League,England,Regular Season - 10,52,Crystal Palace,,47,Tottenham,,1,2
1035131,2023,2023-10-28 11:30:00+00:00,1698492600,UTC,FT,Match Finished,90,39,Premier League,England,Regular Season - 10,49,Chelsea,,55,Brentford,,0,2
1035127,2023,2023-10-28 14:00:00+00:00,1698501600,UTC,FT,Match Finished,90,39,Premier League,England,Regular Season - 10,35,Bournemouth,,44,Burnley,,2,1
1035128,2023,2023-10-28 14:00:00+00:00,1698501600,UTC,FT,Match Finished,90,39,Premier League,England,Regular Season - 10,42,Arsenal,,62,Sheffield Utd,,5,0
1035136,2023,2023-10-28 16:30:00+00:00,1698510600,UTC,FT,Match Finished,90,39,Premier League,England,Regular Season - 10,39,Wolves,,34,Newcastle,,2,2
1035135,2023,2023-10-29 13:00:00+00:00,1698584400,UTC,FT,Match Finished,90,39,Premier League,England,Regular Season - 10,48,West Ham,,45,Everton,,0,1
1035129,2023,2023-10-29 14:00:00+00:00,1698588000,UTC,FT,Match Finished,90,39,Premier League,England,Regular Season - 10,66,Aston Villa,,1359,Luton,,3,1
1035130,2023,2023-10-29 14:00:00+00:00,1698588000,UTC,FT,Match Finished,90,39,Premier League,England,Regular Season - 10,51,Brighton,,36,Fulham,,1,1
1035133,2023,2023-10-29 14:00:00+00:00,1698588000,UTC,FT,Match Finished,90,39,Premier League,England,Regular Season - 10,40,Liverpool,,65,Nottingham Forest,,3,0
1035134,2023,2023-10-29 15:30:00+00:00,1698593400,UTC,FT,Match Finished,90,39,Premier League,England,Regular Season - 10,33,Manchester United,,50,Manchester City,,0,3
1035140,2023,2023-11-04 12:30:00+00:00,1699101000,UTC,FT,Match Finished,90,39,Premier League,England,Regular Season - 11,36,Fulham,,33,Manchester United,,0,1
1035137,2023,2023-11-04 15:00:00+00:00,1699110000,UTC,FT,Match Finished,90,39,Premier League,England,Regular Season - 11,55,Brentford,,48,West Ham,,3,2
1035138,2023,2023-11-04 15:00:00+00:00,1699110000,UTC,FT,Match Finished,90,39,Premier League,England,Regular Season - 11,44,Burnley,,52,Crystal Palace,,0,2
1035139,2023,2023-11-04 15:00:00+00:00,1699110000,UTC,FT,Match Finished,90,39,Premier League,England,Regular Season - 11,45,Everton,,51,Brighton,,1,1
1035142,2023,2023-11-04 15:00:00+00:00,1699110000,UTC,FT,Match Finished,90,39,Premier League,England,Regular Season - 11,50,Manchester City,,35,Bournemouth,,6,1
1035145,2023,2023-11-04 15:00:00+00:00,1699110000,UTC,FT,Match Finished,90,39,Premier League,England,Regular Season - 11,62,Sheffield Utd,,39,Wolves,,2,1
1035143,2023,2023-11-04 17:30:00+00:00,1699119000,UTC,FT,Match Finished,90,39,Premier League,England,Regular Season - 11,34,Newcastle,,42,Arsenal,,1,0
1035144,2023,2023-11-05 14:00:00+00:00,1699192800,UTC,FT,Match Finished,90,39,Premier League,England,Regular Season - 11,65,Nottingham Forest,,66,Aston Villa,,2,0
1035141,2023,2023-11-05 16:30:00+00:00,1699201800,UTC,FT,Match Finished,90,39,Premier League,England,Regular Season - 11,1359,Luton,,40,Liverpool,,1,1
1035146,2023,2023-11-06 20:00:00+00:00,1699300800,UTC,FT,Match Finished,90,39,Premier League,England,Regular Season - 11,47,Tottenham,,49,Chelsea,,1,4
1035156,2023,2023-11-11 12:30:00+00:00,1699705800,UTC,FT,Match Finished,90,39,Premier League,England,Regular Season - 12,39,Wolves,,47,Tottenham,,2,1
1035148,2023,2023-11-11 15:00:00+00:00,1699714800,UTC,FT,Match Finished,90,39,Premier League,England,Regular Season - 12,42,Arsenal,,44,Burnley,,3,1
1035152,2023,2023-11-11 15:00:00+00:00,1699714800,UTC,FT,Match Finished,90,39,Premier League,England,Regular Season - 12,52,Crystal Palace,,45,Everton,,2,3
1035154,2023,2023-11-11 15:00:00+00:00,1699714800,UTC,FT,Match Finished,90,39,Premier League,England,Regular Season - 12,33,Manchester United,,1359,Luton,,1,0
1035147,2023,2023-11-11 17:30:00+00:00,1699723800,UTC,FT,Match Finished,90,39,Premier League,England,Regular Season - 12,35,Bournemouth,,34,Newcastle,,2,0
1035149,2023,2023-11-12 14:00:00+00:00,1699797600,UTC,FT,Match Finished,90,39,Premier League,England,Regular Season - 12,66,Aston Villa,,36,Fulham,,3,1
1035150,2023,2023-11-12 14:00:00+00:00,1699797600,UTC,FT,Match Finished,90,39,Premier League,England,Regular Season - 12,51,Brighton,,62,Sheffield Utd,,1,1
1035153,2023,2023-11-12 14:00:00+00:00,1699797600,UTC,FT,Match Finished,90,39,Premier League,England,Regular Season - 12,40,Liverpool,,55,Brentford,,3,0
1035155,2023,2023-11-12 14:00:00+00:00,1699797600,UTC,FT,Match Finished,90,39,Premier League,England,Regular Season - 12,48,West Ham,,65,Nottingham Forest,,3,2
1035151,2023,2023-11-12 16:30:00+00:00,1699806600,UTC,FT,Match Finished,90,39,Premier League,England,Regular Season - 12,49,Chelsea,,50,Manchester City,,4,4
1035299,2023,2023-11-25 12:30:00+00:00,1700915400,UTC,FT,Match Finished,90,39,Premier League,England,Regular Season - 13,50,Manchester City,,40,Liverpool,,1,1
1035295,2023,2023-11-25 15:00:00+00:00,1700924400,UTC,FT,Match Finished,90,39,Premier League,England,Regular Season - 13,44,Burnley,,48,West Ham,,1,2
1035298,2023,2023-11-25 15:00:00+00:00,1700924400,UTC,FT,Match Finished,90,39,Premier League,England,Regular Season - 13,1359,Luton,,52,Crystal Palace,,2,1
1035300,2023,2023-11-25 15:00:00+00:00,1700924400,UTC,FT,Match Finished,90,39,Premier League,England,Regular Season - 13,34,Newcastle,,49,Chelsea,,4,1
1035301,2023,2023-11-25 15:00:00+00:00,1700924400,UTC,FT,Match Finished,90,39,Premier League,England,Regular Season - 13,65,Nottingham Forest,,51,Brighton,,2,3
1035302,2023,2023-11-25 15:00:00+00:00,1700924400,UTC,FT,Match Finished,90,39,Premier League,England,Regular Season - 13,62,Sheffield Utd,,35,Bournemouth,,1,3
1035294,2023,2023-11-25 17:30:00+00:00,1700933400,UTC,FT,Match Finished,90,39,Premier League,England,Regular Season - 13,55,Brentford,,42,Arsenal,,0,1
1035303,2023,2023-11-26 14:00:00+00:00,1701007200,UTC,FT,Match Finished,90,39,Premier League,England,Regular Season - 13,47,Tottenham,,66,Aston Villa,,1,2
1035296,2023,2023-11-26 16:30:00+00:00,1701016200,UTC,FT,Match Finished,90,39,Premier League,England,Regular Season - 13,45,Everton,,33,Manchester United,,0,3
1035297,2023,2023-11-27 20:00:00+00:00,1701115200,UTC,FT,Match Finished,90,39,Premier League,England,Regular Season - 13,36,Fulham,,39,Wolves,,3,2
1035305,2023,2023-12-02 15:00:00+00:00,1701529200,UTC,FT,Match Finished,90,39,Premier League,England,Regular Season - 14,42,Arsenal,,39,Wolves,,2,1
1035306,2023,2023-12-02 15:00:00+00:00,1701529200,UTC,FT,Match Finished,90,39,Premier League,England,Regular Season - 14,55,Brentford,,1359,Luton,,3,1
1035307,2023,2023-12-02 15:00:00+00:00,1701529200,UTC,FT,Match Finished,90,39,Premier League,England,Regular Season - 14,44,Burnley,,62,Sheffield Utd,,5,0
1035312,2023,2023-12-02 17:30:00+00:00,1701538200,UTC,FT,Match Finished,90,39,Premier League,England,Regular Season - 14,65,Nottingham Forest,,45,Everton,,0,1
1035311,2023,2023-12-02 20:00:00+00:00,1701547200,UTC,FT,Match Finished,90,39,Premier League,England,Regular Season - 14,34,Newcastle,,33,Manchester United,,1,0
1035304,2023,2023-12-03 14:00:00+00:00,1701612000,UTC,FT,Match Finished,90,39,Premier League,England,Regular Season - 14,35,Bournemouth,,66,Aston Villa,,2,2
1035308,2023,2023-12-03 14:00:00+00:00,1701612000,UTC,FT,Match Finished,90,39,Premier League,England,Regular Season - 14,49,Chelsea,,51,Brighton,,3,2
1035309,2023,2023-12-03 14:00:00+00:00,1701612000,UTC,FT,Match Finished,90,39,Premier League,England,Regular Season - 14,40,Liverpool,,36,Fulham,,4,3
1035313,2023,2023-12-03 14:00:00+00:00,1701612000,UTC,FT,Match Finished,90,39,Premier League,England,Regular Season - 14,48,West Ham,,52,Crystal Palace,,1,1
1035310,2023,2023-12-03 16:30:00+00:00,1701621000,UTC,FT,Match Finished,90,39,Premier League,England,Regular Season - 14,50,Manchester City,,47,Tottenham,,3,3
1035321,2023,2023-12-05 19:30:00+00:00,1701804600,UTC,FT,Match Finished,90,39,Premier League,England,Regular Season - 15,39,Wolves,,44,Burnley,,1,0
1035318,2023,2023-12-05 20:15:00+00:00,1701807300,UTC,FT,Match Finished,90,39,Premier League,England,Regular Season - 15,1359,Luton,,42,Arsenal,,3,4
1035315,2023,2023-12-06 19:30:00+00:00,1701891000,UTC,FT,Match Finished,90,39,Premier League,England,Regular Season - 15,51,Brighton,,55,Brentford,,2,1
1035317,2023,2023-12-06 19:30:00+00:00,1701891000,UTC,FT,Match Finished,90,39,Premier League,England,Regular Season - 15,36,Fulham,,65,Nottingham Forest,,5,0
1035319,2023,2023-12-06 19:30:00+00:00,1701891000,UTC,FT,Match Finished,90,39,Premier League,England,Regular Season - 15,62,Sheffield Utd,,40,Liverpool,,0,2
1035322,2023,2023-12-06 19:30:00+00:00,1701891000,UTC,FT,Match Finished,90,39,Premier League,England,Regular Season - 15,52,Crystal Palace,,35,Bournemouth,,0,2
1035314,2023,2023-12-06 20:15:00+00:00,1701893700,UTC,FT,Match Finished,90,39,Premier League,England,Regular Season - 15,66,Aston Villa,,50,Manchester City,,1,0
1035323,2023,2023-12-06 20:15:00+00:00,1701893700,UTC,FT,Match Finished,90,39,Premier League,England,Regular Season - 15,33,Manchester United,,49,Chelsea,,2,1
1035316,2023,2023-12-07 19:30:00+00:00,1701977400,UTC,FT,Match Finished,90,39,Premier League,England,Regular Season - 15,45,Everton,,34,Newcastle,,3,0
1035320,2023,2023-12-07 20:15:00+00:00,1701980100,UTC,FT,Match Finished,90,39,Premier League,England,Regular Season - 15,47,Tottenham,,48,West Ham,,1,2
1035326,2023,2023-12-09 12:30:00+00:00,1702125000,UTC,FT,Match Finished,90,39,Premier League,England,Regular Season - 16,52,Crystal Palace,,40,Liverpool,,1,2
1035325,2023,2023-12-09 15:00:00+00:00,1702134000,UTC,FT,Match Finished,90,39,Premier League,England,Regular Season - 16,51,Brighton,,44,Burnley,,1,1
1035330,2023,2023-12-09 15:00:00+00:00,1702134000,UTC,FT,Match Finished,90,39,Premier League,England,Regular Season - 16,33,Manchester United,,35,Bournemouth,,0,3
1035331,2023,2023-12-09 15:00:00+00:00,1702134000,UTC,FT,Match Finished,90,39,Premier League,England,Regular Season - 16,62,Sheffield Utd,,55,Brentford,,1,0
1035333,2023,2023-12-09 15:00:00+00:00,1702134000,UTC,FT,Match Finished,90,39,Premier League,England,Regular Season - 16,39,Wolves,,65,Nottingham Forest,,1,1
1035324,2023,2023-12-09 17:30:00+00:00,1702143000,UTC,FT,Match Finished,90,39,Premier League,England,Regular Season - 16,66,Aston Villa,,42,Arsenal,,1,0
1035327,2023,2023-12-10 14:00:00+00:00,1702216800,UTC,FT,Match Finished,90,39,Premier League,England,Regular Season - 16,45,Everton,,49,Chelsea,,2,0
1035328,2023,2023-12-10 14:00:00+00:00,1702216800,UTC,FT,Match Finished,90,39,Premier League,England,Regular Season - 16,36,Fulham,,48,West Ham,,5,0
1035329,2023,2023-12-10 14:00:00+00:00,1702216800,UTC,FT,Match Finished,90,39,Premier League,England,Regular Season - 16,1359,Luton,,50,Manchester City,,1,2
1035332,2023,2023-12-10 16:30:00+00:00,1702225800,UTC,FT,Match Finished,90,39,Premier League,England,Regular Season - 16,47,Tottenham,,34,Newcastle,,4,1
1035342,2023,2023-12-15 20:00:00+00:00,1702670400,UTC,FT,Match Finished,90,39,Premier League,England,Regular Season - 17,65,Nottingham Forest,,47,Tottenham,,0,2
1035338,2023,2023-12-16 15:00:00+00:00,1702738800,UTC,FT,Match Finished,90,39,Premier League,England,Regular Season - 17,49,Chelsea,,62,Sheffield Utd,,2,0
1035340,2023,2023-12-16 15:00:00+00:00,1702738800,UTC,FT,Match Finished,90,39,Premier League,England,Regular Season - 17,50,Manchester City,,52,Crystal Palace,,2,2
1035341,2023,2023-12-16 15:00:00+00:00,1702738800,UTC,FT,Match Finished,90,39,Premier League,England,Regular Season - 17,34,Newcastle,,36,Fulham,,3,0
1035337,2023,2023-12-16 17:30:00+00:00,1702747800,UTC,FT,Match Finished,90,39,Premier League,England,Regular Season - 17,44,Burnley,,45,Everton,,0,2
1035335,2023,2023-12-17 14:00:00+00:00,1702821600,UTC,FT,Match Finished,90,39,Premier League,England,Regular Season - 17,42,Arsenal,,51,Brighton,,2,0
1035336,2023,2023-12-17 14:00:00+00:00,1702821600,UTC,FT,Match Finished,90,39,Premier League,England,Regular Season - 17,55,Brentford,,66,Aston Villa,,1,2
1035343,2023,2023-12-17 14:00:00+00:00,1702821600,UTC,FT,Match Finished,90,39,Premier League,England,Regular Season - 17,48,West Ham,,39,Wolves,,3,0
1035339,2023,2023-12-17 16:30:00+00:00,1702830600,UTC,FT,Match Finished,90,39,Premier League,England,Regular Season - 17,40,Liverpool,,33,Manchester United,,0,0
1035345,2023,2023-12-21 20:00:00+00:00,1703188800,UTC,FT,Match Finished,90,39,Premier League,England,Regular Season - 18,52,Crystal Palace,,51,Brighton,,1,1
1035344,2023,2023-12-22 20:00:00+00:00,1703275200,UTC,FT,Match Finished,90,39,Premier League,England,Regular Season - 18,66,Aston Villa,,62,Sheffield Utd,,1,1
1035352,2023,2023-12-23 12:30:00+00:00,1703334600,UTC,FT,Match Finished,90,39,Premier League,England,Regular Season - 18,48,West Ham,,33,Manchester United,,2,0
1035346,2023,2023-12-23 15:00:00+00:00,1703343600,UTC,FT,Match Finished,90,39,Premier League,England,Regular Season - 18,36,Fulham,,44,Burnley,,0,2
1035348,2023,2023-12-23 15:00:00+00:00,1703343600,UTC,FT,Match Finished,90,39,Premier League,England,Regular Season - 18,1359,Luton,,34,Newcastle,,1,0
1035350,2023,2023-12-23 15:00:00+00:00,1703343600,UTC,FT,Match Finished,90,39,Premier League,England,Regular Season - 18,65,Nottingham Forest,,35,Bournemouth,,2,3
1035351,2023,2023-12-23 15:00:00+00:00,1703343600,UTC,FT,Match Finished,90,39,Premier League,England,Regular Season - 18,47,Tottenham,,45,Everton,,2,1
1035347,2023,2023-12-23 17:30:00+00:00,1703352600,UTC,FT,Match Finished,90,39,Premier League,England,Regular Season - 18,40,Liverpool,,42,Arsenal,,1,1
1035353,2023,2023-12-24 13:00:00+00:00,1703422800,UTC,FT,Match Finished,90,39,Premier League,England,Regular Season - 18,39,Wolves,,49,Chelsea,,2,1
1035362,2023,2023-12-26 12:30:00+00:00,1703593800,UTC,FT,Match Finished,90,39,Premier League,England,Regular Season - 19,34,Newcastle,,65,Nottingham Forest,,1,3
1035354,2023,2023-12-26 15:00:00+00:00,1703602800,UTC,FT,Match Finished,90,39,Premier League,England,Regular Season - 19,35,Bournemouth,,36,Fulham,,3,0
1035363,2023,2023-12-26 15:00:00+00:00,1703602800,UTC,FT,Match Finished,90,39,Premier League,England,Regular Season - 19,62,Sheffield Utd,,1359,Luton,,2,3
1035358,2023,2023-12-26 17:30:00+00:00,1703611800,UTC,FT,Match Finished,90,39,Premier League,England,Regular Season - 19,44,Burnley,,40,Liverpool,,0,2
1035361,2023,2023-12-26 20:00:00+00:00,1703620800,UTC,FT,Match Finished,90,39,Premier League,England,Regular Season - 19,33,Manchester United,,66,Aston Villa,,3,2
1035356,2023,2023-12-27 19:30:00+00:00,1703705400,UTC,FT,Match Finished,90,39,Premier League,England,Regular Season - 19,55,Brentford,,39,Wolves,,1,4
1035359,2023,2023-12-27 19:30:00+00:00,1703705400,UTC,FT,Match Finished,90,39,Premier League,England,Regular Season - 19,49,Chelsea,,52,Crystal Palace,,2,1
1035360,2023,2023-12-27 20:15:00+00:00,1703708100,UTC,FT,Match Finished,90,39,Premier League,England,Regular Season - 19,45,Everton,,50,Manchester City,,1,3
1035357,2023,2023-12-28 19:30:00+00:00,1703791800,UTC,FT,Match Finished,90,39,Premier League,England,Regular Season - 19,51,Brighton,,47,Tottenham,,4,2
1035355,2023,2023-12-28 20:15:00+00:00,1703794500,UTC,FT,Match Finished,90,39,Premier League,England,Regular Season - 19,42,Arsenal,,48,West Ham,,0,2
1035368,2023,2023-12-30 12:30:00+00:00,1703939400,UTC,FT,Match Finished,90,39,Premier League,England,Regular Season - 20,1359,Luton,,49,Chelsea,,2,3
1035364,2023,2023-12-30 15:00:00+00:00,1703948400,UTC,FT,Match Finished,90,39,Premier League,England,Regular Season - 20,66,Aston Villa,,44,Burnley,,3,2
1035365,2023,2023-12-30 15:00:00+00:00,1703948400,UTC,FT,Match Finished,90,39,Premier League,England,Regular Season - 20,52,Crystal Palace,,55,Brentford,,3,1
1035369,2023,2023-12-30 15:00:00+00:00,1703948400,UTC,FT,Match Finished,90,39,Premier League,England,Regular Season - 20,50,Manchester City,,62,Sheffield Utd,,2,0
1035373,2023,2023-12-30 15:00:00+00:00,1703948400,UTC,FT,Match Finished,90,39,Premier League,England,Regular Season - 20,39,Wolves,,45,Everton,,3,0
1035370,2023,2023-12-30 17:30:00+00:00,1703957400,UTC,FT,Match Finished,90,39,Premier League,England,Regular Season - 20,65,Nottingham Forest,,33,Manchester United,,2,1
1035366,2023,2023-12-31 14:00:00+00:00,1704031200,UTC,FT,Match Finished,90,39,Premier League,England,Regular Season - 20,36,Fulham,,42,Arsenal,,2,1
1035371,2023,2023-12-31 14:00:00+00:00,1704031200,UTC,FT,Match Finished,90,39,Premier League,England,Regular Season - 20,47,Tottenham,,35,Bournemouth,,3,1
1035367,2023,2024-01-01 20:00:00+00:00,1704139200,UTC,FT,Match Finished,90,39,Premier League,England,Regular Season - 20,40,Liverpool,,34,Newcastle,,4,2
1035372,2023,2024-01-02 19:30:00+00:00,1704223800,UTC,FT,Match Finished,90,39,Premier League,England,Regular Season - 20,48,West Ham,,51,Brighton,,0,0
1035378,2023,2024-01-12 19:45:00+00:00,1705088700,UTC,FT,Match Finished,90,39,Premier League,England,Regular Season - 21,44,Burnley,,1359,Luton,,1,1
1035379,2023,2024-01-13 12:30:00+00:00,1705149000,UTC,FT,Match Finished,90,39,Premier League,England,Regular Season - 21,49,Chelsea,,36,Fulham,,1,0
1035382,2023,2024-01-13 17:30:00+00:00,1705167000,UTC,FT,Match Finished,90,39,Premier League,England,Regular Season - 21,34,Newcastle,,50,Manchester City,,2,3
1035380,2023,2024-01-14 14:00:00+00:00,1705240800,UTC,FT,Match Finished,90,39,Premier League,England,Regular Season - 21,45,Everton,,66,Aston Villa,,0,0
1035381,2023,2024-01-14 16:30:00+00:00,1705249800,UTC,FT,Match Finished,90,39,Premier League,England,Regular Season - 21,33,Manchester United,,47,Tottenham,,2,2
1035375,2023,2024-01-20 12:30:00+00:00,1705753800,UTC,FT,Match Finished,90,39,Premier League,England,Regular Season - 21,42,Arsenal,,52,Crystal Palace,,5,0
1035376,2023,2024-01-20 17:30:00+00:00,1705771800,UTC,FT,Match Finished,90,39,Premier League,England,Regular Season - 21,55,Brentford,,65,Nottingham Forest,,3,2
1035383,2023,2024-01-21 14:00:00+00:00,1705845600,UTC,FT,Match Finished,90,39,Premier League,England,Regular Season - 21,62,Sheffield Utd,,48,West Ham,,2,2
1035374,2023,2024-01-21 16:30:00+00:00,1705854600,UTC,FT,Match Finished,90,39,Premier League,England,Regular Season - 21,35,Bournemouth,,40,Liverpool,,0,4
1035377,2023,2024-01-22 19:45:00+00:00,1705952700,UTC,FT,Match Finished,90,39,Premier League,England,Regular Season - 21,51,Brighton,,39,Wolves,,0,0
1035387,2023,2024-01-30 19:30:00+00:00,1706643000,UTC,FT,Match Finished,90,39,Premier League,England,Regular Season - 22,65,Nottingham Forest,,42,Arsenal,,1,2
1035385,2023,2024-01-30 19:45:00+00:00,1706643900,UTC,FT,Match Finished,90,39,Premier League,England,Regular Season - 22,36,Fulham,,45,Everton,,0,0
1035386,2023,2024-01-30 19:45:00+00:00,1706643900,UTC,FT,Match Finished,90,39,Premier League,England,Regular Season - 22,1359,Luton,,51,Brighton,,4,0
1035391,2023,2024-01-30 20:00:00+00:00,1706644800,UTC,FT,Match Finished,90,39,Premier League,England,Regular Season - 22,52,Crystal Palace,,62,Sheffield Utd,,3,2
1035384,2023,2024-01-30 20:15:00+00:00,1706645700,UTC,FT,Match Finished,90,39,Premier League,England,Regular Season - 22,66,Aston Villa,,34,Newcastle,,1,3
1035388,2023,2024-01-31 19:30:00+00:00,1706729400,UTC,FT,Match Finished,90,39,Premier League,England,Regular Season - 22,47,Tottenham,,55,Brentford,,3,2
1035393,2023,2024-01-31 19:30:00+00:00,1706729400,UTC,FT,Match Finished,90,39,Premier League,England,Regular Season - 22,50,Manchester City,,44,Burnley,,3,1
1035392,2023,2024-01-31 20:15:00+00:00,1706732100,UTC,FT,Match Finished,90,39,Premier League,England,Regular Season - 22,40,Liverpool,,49,Chelsea,,4,1
1035389,2023,2024-02-01 19:30:00+00:00,1706815800,UTC,FT,Match Finished,90,39,Premier League,England,Regular Season - 22,48,West Ham,,35,Bournemouth,,1,1
1035390,2023,2024-02-01 20:15:00+00:00,1706818500,UTC,FT,Match Finished,90,39,Premier League,England,Regular Season - 22,39,Wolves,,33,Manchester United,,3,4
1035400,2023,2024-02-03 12:30:00+00:00,1706963400,UTC,FT,Match Finished,90,39,Premier League,England,Regular Season - 23,45,Everton,,47,Tottenham,,2,2
1035397,2023,2024-02-03 15:00:00+00:00,1706972400,UTC,FT,Match Finished,90,39,Premier League,England,Regular Season - 23,51,Brighton,,52,Crystal Palace,,4,1
1035398,2023,2024-02-03 15:00:00+00:00,1706972400,UTC,FT,Match Finished,90,39,Premier League,England,Regular Season - 23,44,Burnley,,36,Fulham,,2,2
1035402,2023,2024-02-03 15:00:00+00:00,1706972400,UTC,FT,Match Finished,90,39,Premier League,England,Regular Season - 23,34,Newcastle,,1359,Luton,,4,4
1035403,2023,2024-02-03 17:30:00+00:00,1706981400,UTC,FT,Match Finished,90,39,Premier League,England,Regular Season - 23,62,Sheffield Utd,,66,Aston Villa,,0,5
1035394,2023,2024-02-04 14:00:00+00:00,1707055200,UTC,FT,Match Finished,90,39,Premier League,England,Regular Season - 23,35,Bournemouth,,65,Nottingham Forest,,1,1
1035399,2023,2024-02-04 14:00:00+00:00,1707055200,UTC,FT,Match Finished,90,39,Premier League,England,Regular Season - 23,49,Chelsea,,39,Wolves,,2,4
1035401,2023,2024-02-04 14:00:00+00:00,1707055200,UTC,FT,Match Finished,90,39,Premier League,England,Regular Season - 23,33,Manchester United,,48,West Ham,,3,0
1035395,2023,2024-02-04 16:30:00+00:00,1707064200,UTC,FT,Match Finished,90,39,Premier League,England,Regular Season - 23,42,Arsenal,,40,Liverpool,,3,1
1035396,2023,2024-02-05 20:00:00+00:00,1707163200,UTC,FT,Match Finished,90,39,Premier League,England,Regular Season - 23,55,Brentford,,50,Manchester City,,1,3
1035409,2023,2024-02-10 12:30:00+00:00,1707568200,UTC,FT,Match Finished,90,39,Premier League,England,Regular Season - 24,50,Manchester City,,45,Everton,,2,0
1035406,2023,2024-02-10 15:00:00+00:00,1707577200,UTC,FT,Match Finished,90,39,Premier League,England,Regular Season - 24,36,Fulham,,35,Bournemouth,,3,1
1035407,2023,2024-02-10 15:00:00+00:00,1707577200,UTC,FT,Match Finished,90,39,Premier League,England,Regular Season - 24,40,Liverpool,,44,Burnley,,3,1
1035408,2023,2024-02-10 15:00:00+00:00,1707577200,UTC,FT,Match Finished,90,39,Premier League,England,Regular Season - 24,1359,Luton,,62,Sheffield Utd,,1,3
1035411,2023,2024-02-10 15:00:00+00:00,1707577200,UTC,FT,Match Finished,90,39,Premier League,England,Regular Season - 24,47,Tottenham,,51,Brighton,,2,1
1035413,2023,2024-02-10 15:00:00+00:00,1707577200,UTC,FT,Match Finished,90,39,Premier League,England,Regular Season - 24,39,Wolves,,55,Brentford,,0,2
1035410,2023,2024-02-10 17:30:00+00:00,1707586200,UTC,FT,Match Finished,90,39,Premier League,England,Regular Season - 24,65,Nottingham Forest,,34,Newcastle,,2,3
1035412,2023,2024-02-11 14:00:00+00:00,1707660000,UTC,FT,Match Finished,90,39,Premier League,England,Regular Season - 24,48,West Ham,,42,Arsenal,,0,6
1035404,2023,2024-02-11 16:30:00+00:00,1707669000,UTC,FT,Match Finished,90,39,Premier League,England,Regular Season - 24,66,Aston Villa,,33,Manchester United,,1,2
1035405,2023,2024-02-12 20:00:00+00:00,1707768000,UTC,FT,Match Finished,90,39,Premier League,England,Regular Season - 24,52,Crystal Palace,,49,Chelsea,,1,3
1035414,2023,2024-02-17 12:30:00+00:00,1708173000,UTC,FT,Match Finished,90,39,Premier League,England,Regular Season - 25,55,Brentford,,40,Liverpool,,1,4
1035415,2023,2024-02-17 15:00:00+00:00,1708182000,UTC,FT,Match Finished,90,39,Premier League,England,Regular Season - 25,44,Burnley,,42,Arsenal,,0,5
1035417,2023,2024-02-17 15:00:00+00:00,1708182000,UTC,FT,Match Finished,90,39,Premier League,England,Regular Season - 25,36,Fulham,,66,Aston Villa,,1,2
1035420,2023,2024-02-17 15:00:00+00:00,1708182000,UTC,FT,Match Finished,90,39,Premier League,England,Regular Season - 25,34,Newcastle,,35,Bournemouth,,2,2
1035421,2023,2024-02-17 15:00:00+00:00,1708182000,UTC,FT,Match Finished,90,39,Premier League,England,Regular Season - 25,65,Nottingham Forest,,48,West Ham,,2,0
1035423,2023,2024-02-17 15:00:00+00:00,1708182000,UTC,FT,Match Finished,90,39,Premier League,England,Regular Season - 25,47,Tottenham,,39,Wolves,,1,2
1035419,2023,2024-02-17 17:30:00+00:00,1708191000,UTC,FT,Match Finished,90,39,Premier League,England,Regular Season - 25,50,Manchester City,,49,Chelsea,,1,1
1035422,2023,2024-02-18 14:00:00+00:00,1708264800,UTC,FT,Match Finished,90,39,Premier League,England,Regular Season - 25,62,Sheffield Utd,,51,Brighton,,0,5
1035418,2023,2024-02-18 16:30:00+00:00,1708273800,UTC,FT,Match Finished,90,39,Premier League,England,Regular Season - 25,1359,Luton,,33,Manchester United,,1,2
1035416,2023,2024-02-19 20:00:00+00:00,1708372800,UTC,FT,Match Finished,90,39,Premier League,England,Regular Season - 25,45,Everton,,52,Crystal Palace,,1,1
1035349,2023,2024-02-20 19:30:00+00:00,1708457400,UTC,FT,Match Finished,90,39,Premier League,England,Regular Season - 18,50,Manchester City,,55,Brentford,,1,0
1035430,2023,2024-02-21 19:30:00+00:00,1708543800,UTC,FT,Match Finished,90,39,Premier League,England,Regular Season - 26,40,Liverpool,,1359,Luton,,4,1
1035426,2023,2024-02-24 15:00:00+00:00,1708786800,UTC,FT,Match Finished,90,39,Premier League,England,Regular Season - 26,66,Aston Villa,,65,Nottingham Forest,,4,2
1035427,2023,2024-02-24 15:00:00+00:00,1708786800,UTC,FT,Match Finished,90,39,Premier League,England,Regular Season - 26,51,Brighton,,45,Everton,,1,1
1035429,2023,2024-02-24 15:00:00+00:00,1708786800,UTC,FT,Match Finished,90,39,Premier League,England,Regular Season - 26,52,Crystal Palace,,44,Burnley,,3,0
1035431,2023,2024-02-24 15:00:00+00:00,1708786800,UTC,FT,Match Finished,90,39,Premier League,England,Regular Season - 26,33,Manchester United,,36,Fulham,,1,2
1035424,2023,2024-02-24 17:30:00+00:00,1708795800,UTC,FT,Match Finished,90,39,Premier League,England,Regular Season - 26,35,Bournemouth,,50,Manchester City,,0,1
1035425,2023,2024-02-24 20:00:00+00:00,1708804800,UTC,FT,Match Finished,90,39,Premier League,England,Regular Season - 26,42,Arsenal,,34,Newcastle,,4,1
1035433,2023,2024-02-25 13:30:00+00:00,1708867800,UTC,FT,Match Finished,90,39,Premier League,England,Regular Season - 26,39,Wolves,,62,Sheffield Utd,,1,0
1035432,2023,2024-02-26 20:00:00+00:00,1708977600,UTC,FT,Match Finished,90,39,Premier League,England,Regular Season - 26,48,West Ham,,55,Brentford,,4,2
1035434,2023,2024-03-02 15:00:00+00:00,1709391600,UTC,FT,Match Finished,90,39,Premier League,England,Regular Season - 27,55,Brentford,,49,Chelsea,,2,2
1035436,2023,2024-03-02 15:00:00+00:00,1709391600,UTC,FT,Match Finished,90,39,Premier League,England,Regular Season - 27,45,Everton,,48,West Ham,,1,3
1035437,2023,2024-03-02 15:00:00+00:00,1709391600,UTC,FT,Match Finished,90,39,Premier League,England,Regular Season - 27,36,Fulham,,51,Brighton,,3,0
1035440,2023,2024-03-02 15:00:00+00:00,1709391600,UTC,FT,Match Finished,90,39,Premier League,England,Regular Season - 27,34,Newcastle,,39,Wolves,,3,0
1035441,2023,2024-03-02 15:00:00+00:00,1709391600,UTC,FT,Match Finished,90,39,Premier League,England,Regular Season - 27,65,Nottingham Forest,,40,Liverpool,,0,1
1035443,2023,2024-03-02 15:00:00+00:00,1709391600,UTC,FT,Match Finished,90,39,Premier League,England,Regular Season - 27,47,Tottenham,,52,Crystal Palace,,3,1
1035438,2023,2024-03-02 17:30:00+00:00,1709400600,UTC,FT,Match Finished,90,39,Premier League,England,Regular Season - 27,1359,Luton,,66,Aston Villa,,2,3
1035435,2023,2024-03-03 13:00:00+00:00,1709470800,UTC,FT,Match Finished,90,39,Premier League,England,Regular Season - 27,44,Burnley,,35,Bournemouth,,0,2
1035439,2023,2024-03-03 15:30:00+00:00,1709479800,UTC,FT,Match Finished,90,39,Premier League,England,Regular Season - 27,50,Manchester City,,33,Manchester United,,3,1
1035442,2023,2024-03-04 20:00:00+00:00,1709582400,UTC,FT,Match Finished,90,39,Premier League,England,Regular Season - 27,62,Sheffield Utd,,42,Arsenal,,0,6
1035451,2023,2024-03-09 12:30:00+00:00,1709987400,UTC,FT,Match Finished,90,39,Premier League,England,Regular Season - 28,33,Manchester United,,45,Everton,,2,0
1035444,2023,2024-03-09 15:00:00+00:00,1709996400,UTC,FT,Match Finished,90,39,Premier League,England,Regular Season - 28,35,Bournemouth,,62,Sheffield Utd,,2,2
1035449,2023,2024-03-09 15:00:00+00:00,1709996400,UTC,FT,Match Finished,90,39,Premier League,England,Regular Season - 28,52,Crystal Palace,,1359,Luton,,1,1
1035453,2023,2024-03-09 15:00:00+00:00,1709996400,UTC,FT,Match Finished,90,39,Premier League,England,Regular Season - 28,39,Wolves,,36,Fulham,,2,1
1035445,2023,2024-03-09 17:30:00+00:00,1710005400,UTC,FT,Match Finished,90,39,Premier League,England,Regular Season - 28,42,Arsenal,,55,Brentford,,2,1
1035446,2023,2024-03-10 13:00:00+00:00,1710075600,UTC,FT,Match Finished,90,39,Premier League,England,Regular Season - 28,66,Aston Villa,,47,Tottenham,,0,4
1035447,2023,2024-03-10 14:00:00+00:00,1710079200,UTC,FT,Match Finished,90,39,Premier League,England,Regular Season - 28,51,Brighton,,65,Nottingham Forest,,1,0
1035452,2023,2024-03-10 14:00:00+00:00,1710079200,UTC,FT,Match Finished,90,39,Premier League,England,Regular Season - 28,48,West Ham,,44,Burnley,,2,2
1035450,2023,2024-03-10 15:45:00+00:00,1710085500,UTC,FT,Match Finished,90,39,Premier League,England,Regular Season - 28,40,Liverpool,,50,Manchester City,,1,1
1035448,2023,2024-03-11 20:00:00+00:00,1710187200,UTC,FT,Match Finished,90,39,Premier League,England,Regular Season - 28,49,Chelsea,,34,Newcastle,,3,2
1035334,2023,2024-03-13 19:30:00+00:00,1710358200,UTC,FT,Match Finished,90,39,Premier League,England,Regular Season - 17,35,Bournemouth,,1359,Luton,,4,3
1035456,2023,2024-03-16 15:00:00+00:00,1710601200,UTC,FT,Match Finished,90,39,Premier League,England,Regular Season - 29,44,Burnley,,55,Brentford,,2,1
1035460,2023,2024-03-16 15:00:00+00:00,1710601200,UTC,FT,Match Finished,90,39,Premier League,England,Regular Season - 29,1359,Luton,,65,Nottingham Forest,,1,1
1035459,2023,2024-03-16 17:30:00+00:00,1710610200,UTC,FT,Match Finished,90,39,Premier League,England,Regular Season - 29,36,Fulham,,47,Tottenham,,3,0
1035462,2023,2024-03-17 14:00:00+00:00,1710684000,UTC,FT,Match Finished,90,39,Premier League,England,Regular Season - 29,48,West Ham,,66,Aston Villa,,1,1
1035470,2023,2024-03-30 12:30:00+00:00,1711801800,UTC,FT,Match Finished,90,39,Premier League,England,Regular Season - 30,34,Newcastle,,48,West Ham,,4,3
1035464,2023,2024-03-30 15:00:00+00:00,1711810800,UTC,FT,Match Finished,90,39,Premier League,England,Regular Season - 30,35,Bournemouth,,45,Everton,,2,1
1035467,2023,2024-03-30 15:00:00+00:00,1711810800,UTC,FT,Match Finished,90,39,Premier League,England,Regular Season - 30,49,Chelsea,,44,Burnley,,2,2
1035471,2023,2024-03-30 15:00:00+00:00,1711810800,UTC,FT,Match Finished,90,39,Premier League,England,Regular Season - 30,65,Nottingham Forest,,52,Crystal Palace,,1,1
1035472,2023,2024-03-30 15:00:00+00:00,1711810800,UTC,FT,Match Finished,90,39,Premier League,England,Regular Season - 30,62,Sheffield Utd,,36,Fulham,,3,3
1035473,2023,2024-03-30 15:00:00+00:00,1711810800,UTC,FT,Match Finished,90,39,Premier League,England,Regular Season - 30,47,Tottenham,,1359,Luton,,2,1
1035465,2023,2024-03-30 17:30:00+00:00,1711819800,UTC,FT,Match Finished,90,39,Premier League,England,Regular Season - 30,66,Aston Villa,,39,Wolves,,2,0
1035466,2023,2024-03-30 20:00:00+00:00,1711828800,UTC,FT,Match Finished,90,39,Premier League,England,Regular Season - 30,55,Brentford,,33,Manchester United,,1,1
1035468,2023,2024-03-31 13:00:00+00:00,1711890000,UTC,FT,Match Finished,90,39,Premier League,England,Regular Season - 30,40,Liverpool,,51,Brighton,,2,1
1035469,2023,2024-03-31 15:30:00+00:00,1711899000,UTC,FT,Match Finished,90,39,Premier League,England,Regular Season - 30,50,Manchester City,,42,Arsenal,,0,0
1035478,2023,2024-04-02 18:30:00+00:00,1712082600,UTC,FT,Match Finished,90,39,Premier League,England,Regular Season - 31,65,Nottingham Forest,,36,Fulham,,3,1
1035481,2023,2024-04-02 18:30:00+00:00,1712082600,UTC,FT,Match Finished,90,39,Premier League,England,Regular Season - 31,34,Newcastle,,45,Everton,,1,1
1035474,2023,2024-04-02 18:45:00+00:00,1712083500,UTC,FT,Match Finished,90,39,Premier League,England,Regular Season - 31,35,Bournemouth,,52,Crystal Palace,,1,0
1035477,2023,2024-04-02 18:45:00+00:00,1712083500,UTC,FT,Match Finished,90,39,Premier League,England,Regular Season - 31,44,Burnley,,39,Wolves,,1,1
1035479,2023,2024-04-02 19:15:00+00:00,1712085300,UTC,FT,Match Finished,90,39,Premier League,England,Regular Season - 31,48,West Ham,,47,Tottenham,,1,1
1035475,2023,2024-04-03 18:30:00+00:00,1712169000,UTC,FT,Match Finished,90,39,Premier League,England,Regular Season - 31,42,Arsenal,,1359,Luton,,2,0
1035476,2023,2024-04-03 18:30:00+00:00,1712169000,UTC,FT,Match Finished,90,39,Premier League,England,Regular Season - 31,55,Brentford,,51,Brighton,,0,0
1035483,2023,2024-04-03 19:15:00+00:00,1712171700,UTC,FT,Match Finished,90,39,Premier League,England,Regular Season - 31,50,Manchester City,,66,Aston Villa,,4,1
1035482,2023,2024-04-04 18:30:00+00:00,1712255400,UTC,FT,Match Finished,90,39,Premier League,England,Regular Season - 31,40,Liverpool,,62,Sheffield Utd,,3,1
1035480,2023,2024-04-04 19:15:00+00:00,1712258100,UTC,FT,Match Finished,90,39,Premier League,England,Regular Season - 31,49,Chelsea,,33,Manchester United,,4,3
1035486,2023,2024-04-06 11:30:00+00:00,1712403000,UTC,FT,Match Finished,90,39,Premier League,England,Regular Season - 32,52,Crystal Palace,,50,Manchester City,,2,4
1035484,2023,2024-04-06 14:00:00+00:00,1712412000,UTC,FT,Match Finished,90,39,Premier League,England,Regular Season - 32,66,Aston Villa,,55,Brentford,,3,3
1035487,2023,2024-04-06 14:00:00+00:00,1712412000,UTC,FT,Match Finished,90,39,Premier League,England,Regular Season - 32,45,Everton,,44,Burnley,,1,0
1035488,2023,2024-04-06 14:00:00+00:00,1712412000,UTC,FT,Match Finished,90,39,Premier League,England,Regular Season - 32,36,Fulham,,34,Newcastle,,0,1
1035489,2023,2024-04-06 14:00:00+00:00,1712412000,UTC,FT,Match Finished,90,39,Premier League,England,Regular Season - 32,1359,Luton,,35,Bournemouth,,2,1
1035493,2023,2024-04-06 14:00:00+00:00,1712412000,UTC,FT,Match Finished,90,39,Premier League,England,Regular Season - 32,39,Wolves,,48,West Ham,,1,2
1035485,2023,2024-04-06 16:30:00+00:00,1712421000,UTC,FT,Match Finished,90,39,Premier League,England,Regular Season - 32,51,Brighton,,42,Arsenal,,0,3
1035490,2023,2024-04-07 14:30:00+00:00,1712500200,UTC,FT,Match Finished,90,39,Premier League,England,Regular Season - 32,33,Manchester United,,40,Liverpool,,2,2
1035491,2023,2024-04-07 16:30:00+00:00,1712507400,UTC,FT,Match Finished,90,39,Premier League,England,Regular Season - 32,62,Sheffield Utd,,49,Chelsea,,2,2
1035492,2023,2024-04-07 17:00:00+00:00,1712509200,UTC,FT,Match Finished,90,39,Premier League,England,Regular Season - 32,47,Tottenham,,65,Nottingham Forest,,3,1
1035501,2023,2024-04-13 11:30:00+00:00,1713007800,UTC,FT,Match Finished,90,39,Premier League,England,Regular Season - 33,34,Newcastle,,47,Tottenham,,4,0
1035496,2023,2024-04-13 14:00:00+00:00,1713016800,UTC,FT,Match Finished,90,39,Premier League,England,Regular Season - 33,55,Brentford,,62,Sheffield Utd,,2,0
1035497,2023,2024-04-13 14:00:00+00:00,1713016800,UTC,FT,Match Finished,90,39,Premier League,England,Regular Season - 33,44,Burnley,,51,Brighton,,1,1
1035500,2023,2024-04-13 14:00:00+00:00,1713016800,UTC,FT,Match Finished,90,39,Premier League,England,Regular Season - 33,50,Manchester City,,1359,Luton,,5,1
1035502,2023,2024-04-13 14:00:00+00:00,1713016800,UTC,FT,Match Finished,90,39,Premier League,England,Regular Season - 33,65,Nottingham Forest,,39,Wolves,,2,2
1035494,2023,2024-04-13 16:30:00+00:00,1713025800,UTC,FT,Match Finished,90,39,Premier League,England,Regular Season - 33,35,Bournemouth,,33,Manchester United,,2,2
1035499,2023,2024-04-14 13:00:00+00:00,1713099600,UTC,FT,Match Finished,90,39,Premier League,England,Regular Season - 33,40,Liverpool,,52,Crystal Palace,,0,1
1035503,2023,2024-04-14 13:00:00+00:00,1713099600,UTC,FT,Match Finished,90,39,Premier League,England,Regular Season - 33,48,West Ham,,36,Fulham,,0,2
1035495,2023,2024-04-14 15:30:00+00:00,1713108600,UTC,FT,Match Finished,90,39,Premier League,England,Regular Season - 33,42,Arsenal,,66,Aston Villa,,0,2
1035498,2023,2024-04-15 19:00:00+00:00,1713207600,UTC,FT,Match Finished,90,39,Premier League,England,Regular Season - 33,49,Chelsea,,45,Everton,,6,0
1035509,2023,2024-04-20 14:00:00+00:00,1713621600,UTC,FT,Match Finished,90,39,Premier League,England,Regular Season - 34,1359,Luton,,55,Brentford,,1,5
1035511,2023,2024-04-20 14:00:00+00:00,1713621600,UTC,FT,Match Finished,90,39,Premier League,England,Regular Season - 34,62,Sheffield Utd,,44,Burnley,,1,4
1035513,2023,2024-04-20 18:30:00+00:00,1713637800,UTC,FT,Match Finished,90,39,Premier League,England,Regular Season - 34,39,Wolves,,42,Arsenal,,0,2
1035507,2023,2024-04-21 12:30:00+00:00,1713702600,UTC,FT,Match Finished,90,39,Premier League,England,Regular Season - 34,45,Everton,,65,Nottingham Forest,,2,0
1035504,2023,2024-04-21 14:00:00+00:00,1713708000,UTC,FT,Match Finished,90,39,Premier League,England,Regular Season - 34,66,Aston Villa,,35,Bournemouth,,3,1
1035506,2023,2024-04-21 14:00:00+00:00,1713708000,UTC,FT,Match Finished,90,39,Premier League,England,Regular Season - 34,52,Crystal Palace,,48,West Ham,,5,2
1035508,2023,2024-04-21 15:30:00+00:00,1713713400,UTC,FT,Match Finished,90,39,Premier League,England,Regular Season - 34,36,Fulham,,40,Liverpool,,1,3
1035454,2023,2024-04-23 19:00:00+00:00,1713898800,UTC,FT,Match Finished,90,39,Premier League,England,Regular Season - 29,42,Arsenal,,49,Chelsea,,5,0
1035463,2023,2024-04-24 18:45:00+00:00,1713984300,UTC,FT,Match Finished,90,39,Premier League,England,Regular Season - 29,39,Wolves,,35,Bournemouth,,0,1
1035457,2023,2024-04-24 19:00:00+00:00,1713985200,UTC,FT,Match Finished,90,39,Premier League,England,Regular Season - 29,52,Crystal Palace,,34,Newcastle,,2,0
1035458,2023,2024-04-24 19:00:00+00:00,1713985200,UTC,FT,Match Finished,90,39,Premier League,England,Regular Season - 29,45,Everton,,40,Liverpool,,2,0
1035461,2023,2024-04-24 19:00:00+00:00,1713985200,UTC,FT,Match Finished,90,39,Premier League,England,Regular Season - 29,33,Manchester United,,62,Sheffield Utd,,4,2
1035455,2023,2024-04-25 19:00:00+00:00,1714071600,UTC,FT,Match Finished,90,39,Premier League,England,Regular Season - 29,51,Brighton,,50,Manchester City,,0,4
1035522,2023,2024-04-27 11:30:00+00:00,1714217400,UTC,FT,Match Finished,90,39,Premier League,England,Regular Season - 35,48,West Ham,,40,Liverpool,,2,2
1035517,2023,2024-04-27 14:00:00+00:00,1714226400,UTC,FT,Match Finished,90,39,Premier League,England,Regular Season - 35,36,Fulham,,52,Crystal Palace,,1,1
1035518,2023,2024-04-27 14:00:00+00:00,1714226400,UTC,FT,Match Finished,90,39,Premier League,England,Regular Season - 35,33,Manchester United,,44,Burnley,,1,1
1035519,2023,2024-04-27 14:00:00+00:00,1714226400,UTC,FT,Match Finished,90,39,Premier League,England,Regular Season - 35,34,Newcastle,,62,Sheffield Utd,,5,1
1035523,2023,2024-04-27 14:00:00+00:00,1714226400,UTC,FT,Match Finished,90,39,Premier League,England,Regular Season - 35,39,Wolves,,1359,Luton,,2,1
1035516,2023,2024-04-27 16:30:00+00:00,1714235400,UTC,FT,Match Finished,90,39,Premier League,England,Regular Season - 35,45,Everton,,55,Brentford,,1,0
1035515,2023,2024-04-27 19:00:00+00:00,1714244400,UTC,FT,Match Finished,90,39,Premier League,England,Regular Season - 35,66,Aston Villa,,49,Chelsea,,2,2
1035514,2023,2024-04-28 13:00:00+00:00,1714309200,UTC,FT,Match Finished,90,39,Premier League,England,Regular Season - 35,35,Bournemouth,,51,Brighton,,3,0
1035521,2023,2024-04-28 13:00:00+00:00,1714309200,UTC,FT,Match Finished,90,39,Premier League,England,Regular Season - 35,47,Tottenham,,42,Arsenal,,2,3
1035520,2023,2024-04-28 15:30:00+00:00,1714318200,UTC,FT,Match Finished,90,39,Premier League,England,Regular Season - 35,65,Nottingham Forest,,50,Manchester City,,0,2
1035428,2023,2024-05-02 18:30:00+00:00,1714674600,UTC,FT,Match Finished,90,39,Premier League,England,Regular Season - 26,49,Chelsea,,47,Tottenham,,2,0
1035531,2023,2024-05-03 19:00:00+00:00,1714762800,UTC,FT,Match Finished,90,39,Premier League,England,Regular Season - 36,1359,Luton,,45,Everton,,1,1
1035524,2023,2024-05-04 11:30:00+00:00,1714822200,UTC,FT,Match Finished,90,39,Premier League,England,Regular Season - 36,42,Arsenal,,35,Bournemouth,,3,0
1035525,2023,2024-05-04 14:00:00+00:00,1714831200,UTC,FT,Match Finished,90,39,Premier League,England,Regular Season - 36,55,Brentford,,36,Fulham,,0,0
1035527,2023,2024-05-04 14:00:00+00:00,1714831200,UTC,FT,Match Finished,90,39,Premier League,England,Regular Season - 36,44,Burnley,,34,Newcastle,,1,4
1035533,2023,2024-05-04 14:00:00+00:00,1714831200,UTC,FT,Match Finished,90,39,Premier League,England,Regular Season - 36,62,Sheffield Utd,,65,Nottingham Forest,,1,3
1035532,2023,2024-05-04 16:30:00+00:00,1714840200,UTC,FT,Match Finished,90,39,Premier League,England,Regular Season - 36,50,Manchester City,,39,Wolves,,5,1
1035526,2023,2024-05-05 13:00:00+00:00,1714914000,UTC,FT,Match Finished,90,39,Premier League,England,Regular Season - 36,51,Brighton,,66,Aston Villa,,1,0
1035528,2023,2024-05-05 13:00:00+00:00,1714914000,UTC,FT,Match Finished,90,39,Premier League,England,Regular Season - 36,49,Chelsea,,48,West Ham,,5,0
1035530,2023,2024-05-05 15:30:00+00:00,1714923000,UTC,FT,Match Finished,90,39,Premier League,England,Regular Season - 36,40,Liverpool,,47,Tottenham,,4,2
1035529,2023,2024-05-06 19:00:00+00:00,1715022000,UTC,FT,Match Finished,90,39,Premier League,England,Regular Season - 36,52,Crystal Palace,,33,Manchester United,,4,0
1035537,2023,2024-05-11 11:30:00+00:00,1715427000,UTC,FT,Match Finished,90,39,Premier League,England,Regular Season - 37,36,Fulham,,50,Manchester City,,0,4
1035534,2023,2024-05-11 14:00:00+00:00,1715436000,UTC,FT,Match Finished,90,39,Premier League,England,Regular Season - 37,35,Bournemouth,,55,Brentford,,1,2
1035536,2023,2024-05-11 14:00:00+00:00,1715436000,UTC,FT,Match Finished,90,39,Premier League,England,Regular Season - 37,45,Everton,,62,Sheffield Utd,,1,0
1035539,2023,2024-05-11 14:00:00+00:00,1715436000,UTC,FT,Match Finished,90,39,Premier League,England,Regular Season - 37,34,Newcastle,,51,Brighton,,1,1
1035541,2023,2024-05-11 14:00:00+00:00,1715436000,UTC,FT,Match Finished,90,39,Premier League,England,Regular Season - 37,47,Tottenham,,44,Burnley,,2,1
1035542,2023,2024-05-11 14:00:00+00:00,1715436000,UTC,FT,Match Finished,90,39,Premier League,England,Regular Season - 37,48,West Ham,,1359,Luton,,3,1
1035543,2023,2024-05-11 14:00:00+00:00,1715436000,UTC,FT,Match Finished,90,39,Premier League,England,Regular Season - 37,39,Wolves,,52,Crystal Palace,,1,3
1035540,2023,2024-05-11 16:30:00+00:00,1715445000,UTC,FT,Match Finished,90,39,Premier League,England,Regular Season - 37,65,Nottingham Forest,,49,Chelsea,,2,3
1035538,2023,2024-05-12 15:30:00+00:00,1715527800,UTC,FT,Match Finished,90,39,Premier League,England,Regular Season - 37,33,Manchester United,,42,Arsenal,,0,1
1035535,2023,2024-05-13 19:00:00+00:00,1715626800,UTC,FT,Match Finished,90,39,Premier League,England,Regular Season - 37,66,Aston Villa,,40,Liverpool,,3,3
1035512,2023,2024-05-14 19:00:00+00:00,1715713200,UTC,FT,Match Finished,90,39,Premier League,England,Regular Season - 34,47,Tottenham,,50,Manchester City,,0,2
1035505,2023,2024-05-15 18:45:00+00:00,1715798700,UTC,FT,Match Finished,90,39,Premier League,England,Regular Season - 34,51,Brighton,,49,Chelsea,,1,2
1035510,2023,2024-05-15 19:00:00+00:00,1715799600,UTC,FT,Match Finished,90,39,Premier League,England,Regular Season - 34,33,Manchester United,,34,Newcastle,,3,2
1035544,2023,2024-05-19 15:00:00+00:00,1716130800,UTC,FT,Match Finished,90,39,Premier League,England,Regular Season - 38,42,Arsenal,,45,Everton,,2,1
1035545,2023,2024-05-19 15:00:00+00:00,1716130800,UTC,FT,Match Finished,90,39,Premier League,England,Regular Season - 38,55,Brentford,,34,Newcastle,,2,4
1035546,2023,2024-05-19 15:00:00+00:00,1716130800,UTC,FT,Match Finished,90,39,Premier League,England,Regular Season - 38,51,Brighton,,33,Manchester United,,0,2
1035547,2023,2024-05-19 15:00:00+00:00,1716130800,UTC,FT,Match Finished,90,39,Premier League,England,Regular Season - 38,44,Burnley,,65,Nottingham Forest,,1,2
1035548,2023,2024-05-19 15:00:00+00:00,1716130800,UTC,FT,Match Finished,90,39,Premier League,England,Regular Season - 38,49,Chelsea,,35,Bournemouth,,2,1
1035549,2023,2024-05-19 15:00:00+00:00,1716130800,UTC,FT,Match Finished,90,39,Premier League,England,Regular Season - 38,52,Crystal Palace,,66,Aston Villa,,5,0
1035550,2023,2024-05-19 15:00:00+00:00,1716130800,UTC,FT,Match Finished,90,39,Premier League,England,Regular Season - 38,40,Liverpool,,39,Wolves,,2,0
1035551,2023,2024-05-19 15:00:00+00:00,1716130800,UTC,FT,Match Finished,90,39,Premier League,England,Regular Season - 38,1359,Luton,,36,Fulham,,2,4
1035552,2023,2024-05-19 15:00:00+00:00,1716130800,UTC,FT,Match Finished,90,39,Premier League,England,Regular Season - 38,50,Manchester City,,48,West Ham,,3,1
1035553,2023,2024-05-19 15:00:00+00:00,1716130800,UTC,FT,Match Finished,90,39,Premier League,England,Regular Season - 38,62,Sheffield Utd,,47,Tottenham,,0,3
1208021,2024,2024-08-16 19:00:00+00:00,1723834800,UTC,FT,Match Finished,90,39,Premier League,England,Regular Season - 1,33,Manchester United,,36,Fulham,,1,0
1208022,2024,2024-08-17 11:30:00+00:00,1723894200,UTC,FT,Match Finished,90,39,Premier League,England,Regular Season - 1,57,Ipswich,,40,Liverpool,,0,2
1208023,2024,2024-08-17 14:00:00+00:00,1723903200,UTC,FT,Match Finished,90,39,Premier League,England,Regular Season - 1,42,Arsenal,,39,Wolves,,2,0
1208024,2024,2024-08-17 14:00:00+00:00,1723903200,UTC,FT,Match Finished,90,39,Premier League,England,Regular Season - 1,45,Everton,,51,Brighton,,0,3
1208025,2024,2024-08-17 14:00:00+00:00,1723903200,UTC,FT,Match Finished,90,39,Premier League,England,Regular Season - 1,34,Newcastle,,41,Southampton,,1,0
1208026,2024,2024-08-17 14:00:00+00:00,1723903200,UTC,FT,Match Finished,90,39,Premier League,England,Regular Season - 1,65,Nottingham Forest,,35,Bournemouth,,1,1
1208027,2024,2024-08-17 16:30:00+00:00,1723912200,UTC,FT,Match Finished,90,39,Premier League,England,Regular Season - 1,48,West Ham,,66,Aston Villa,,1,2
1208028,2024,2024-08-18 13:00:00+00:00,1723986000,UTC,FT,Match Finished,90,39,Premier League,England,Regular Season - 1,55,Brentford,,52,Crystal Palace,,2,1
1208029,2024,2024-08-18 15:30:00+00:00,1723995000,UTC,FT,Match Finished,90,39,Premier League,England,Regular Season - 1,49,Chelsea,,50,Manchester City,,0,2
1208030,2024,2024-08-19 19:00:00+00:00,1724094000,UTC,FT,Match Finished,90,39,Premier League,England,Regular Season - 1,46,Leicester,,47,Tottenham,,1,1
1208033,2024,2024-08-24 11:30:00+00:00,1724499000,UTC,FT,Match Finished,90,39,Premier League,England,Regular Season - 2,51,Brighton,,33,Manchester United,,2,1
1208034,2024,2024-08-24 14:00:00+00:00,1724508000,UTC,FT,Match Finished,90,39,Premier League,England,Regular Season - 2,52,Crystal Palace,,48,West Ham,,0,2
1208035,2024,2024-08-24 14:00:00+00:00,1724508000,UTC,FT,Match Finished,90,39,Premier League,England,Regular Season - 2,36,Fulham,,46,Leicester,,2,1
1208037,2024,2024-08-24 14:00:00+00:00,1724508000,UTC,FT,Match Finished,90,39,Premier League,England,Regular Season - 2,50,Manchester City,,57,Ipswich,,4,1
1208038,2024,2024-08-24 14:00:00+00:00,1724508000,UTC,FT,Match Finished,90,39,Premier League,England,Regular Season - 2,41,Southampton,,65,Nottingham Forest,,0,1
1208039,2024,2024-08-24 14:00:00+00:00,1724508000,UTC,FT,Match Finished,90,39,Premier League,England,Regular Season - 2,47,Tottenham,,45,Everton,,4,0
1208032,2024,2024-08-24 16:30:00+00:00,1724517000,UTC,FT,Match Finished,90,39,Premier League,England,Regular Season - 2,66,Aston Villa,,42,Arsenal,,0,2
1208031,2024,2024-08-25 13:00:00+00:00,1724590800,UTC,FT,Match Finished,90,39,Premier League,England,Regular Season - 2,35,Bournemouth,,34,Newcastle,,1,1
1208040,2024,2024-08-25 13:00:00+00:00,1724590800,UTC,FT,Match Finished,90,39,Premier League,England,Regular Season - 2,39,Wolves,,49,Chelsea,,2,6
1208036,2024,2024-08-25 15:30:00+00:00,1724599800,UTC,FT,Match Finished,90,39,Premier League,England,Regular Season - 2,40,Liverpool,,55,Brentford,,2,0
1208041,2024,2024-08-31 11:30:00+00:00,1725103800,UTC,FT,Match Finished,90,39,Premier League,England,Regular Season - 3,42,Arsenal,,51,Brighton,,1,1
1208042,2024,2024-08-31 14:00:00+00:00,1725112800,UTC,FT,Match Finished,90,39,Premier League,England,Regular Season - 3,55,Brentford,,41,Southampton,,3,1
1208044,2024,2024-08-31 14:00:00+00:00,1725112800,UTC,FT,Match Finished,90,39,Premier League,England,Regular Season - 3,45,Everton,,35,Bournemouth,,2,3
1208045,2024,2024-08-31 14:00:00+00:00,1725112800,UTC,FT,Match Finished,90,39,Premier League,England,Regular Season - 3,57,Ipswich,,36,Fulham,,1,1
1208046,2024,2024-08-31 14:00:00+00:00,1725112800,UTC,FT,Match Finished,90,39,Premier League,England,Regular Season - 3,46,Leicester,,66,Aston Villa,,1,2
1208049,2024,2024-08-31 14:00:00+00:00,1725112800,UTC,FT,Match Finished,90,39,Premier League,England,Regular Season - 3,65,Nottingham Forest,,39,Wolves,,1,1
1208050,2024,2024-08-31 16:30:00+00:00,1725121800,UTC,FT,Match Finished,90,39,Premier League,England,Regular Season - 3,48,West Ham,,50,Manchester City,,1,3
1208043,2024,2024-09-01 12:30:00+00:00,1725193800,UTC,FT,Match Finished,90,39,Premier League,England,Regular Season - 3,49,Chelsea,,52,Crystal Palace,,1,1
1208048,2024,2024-09-01 12:30:00+00:00,1725193800,UTC,FT,Match Finished,90,39,Premier League,England,Regular Season - 3,34,Newcastle,,47,Tottenham,,2,1
1208047,2024,2024-09-01 15:00:00+00:00,1725202800,UTC,FT,Match Finished,90,39,Premier League,England,Regular Season - 3,33,Manchester United,,40,Liverpool,,0,3
1208058,2024,2024-09-14 11:30:00+00:00,1726313400,UTC,FT,Match Finished,90,39,Premier League,England,Regular Season - 4,41,Southampton,,33,Manchester United,,0,3
1208053,2024,2024-09-14 14:00:00+00:00,1726322400,UTC,FT,Match Finished,90,39,Premier League,England,Regular Season - 4,51,Brighton,,57,Ipswich,,0,0
1208054,2024,2024-09-14 14:00:00+00:00,1726322400,UTC,FT,Match Finished,90,39,Premier League,England,Regular Season - 4,52,Crystal Palace,,46,Leicester,,2,2
1208055,2024,2024-09-14 14:00:00+00:00,1726322400,UTC,FT,Match Finished,90,39,Premier League,England,Regular Season - 4,36,Fulham,,48,West Ham,,1,1
1208056,2024,2024-09-14 14:00:00+00:00,1726322400,UTC,FT,Match Finished,90,39,Premier League,England,Regular Season - 4,40,Liverpool,,65,Nottingham Forest,,0,1
1208057,2024,2024-09-14 14:00:00+00:00,1726322400,UTC,FT,Match Finished,90,39,Premier League,England,Regular Season - 4,50,Manchester City,,55,Brentford,,2,1
1208052,2024,2024-09-14 16:30:00+00:00,1726331400,UTC,FT,Match Finished,90,39,Premier League,England,Regular Season - 4,66,Aston Villa,,45,Everton,,3,2
1208051,2024,2024-09-14 19:00:00+00:00,1726340400,UTC,FT,Match Finished,90,39,Premier League,England,Regular Season - 4,35,Bournemouth,,49,Chelsea,,0,1
1208059,2024,2024-09-15 13:00:00+00:00,1726405200,UTC,FT,Match Finished,90,39,Premier League,England,Regular Season - 4,47,Tottenham,,42,Arsenal,,0,1
1208060,2024,2024-09-15 15:30:00+00:00,1726414200,UTC,FT,Match Finished,90,39,Premier League,England,Regular Season - 4,39,Wolves,,34,Newcastle,,1,2
1208070,2024,2024-09-21 11:30:00+00:00,1726918200,UTC,FT,Match Finished,90,39,Premier League,England,Regular Season - 5,48,West Ham,,49,Chelsea,,0,3
1208061,2024,2024-09-21 14:00:00+00:00,1726927200,UTC,FT,Match Finished,90,39,Premier League,England,Regular Season - 5,66,Aston Villa,,39,Wolves,,3,1
1208064,2024,2024-09-21 14:00:00+00:00,1726927200,UTC,FT,Match Finished,90,39,Premier League,England,Regular Season - 5,36,Fulham,,34,Newcastle,,3,1
1208065,2024,2024-09-21 14:00:00+00:00,1726927200,UTC,FT,Match Finished,90,39,Premier League,England,Regular Season - 5,46,Leicester,,45,Everton,,1,1
1208066,2024,2024-09-21 14:00:00+00:00,1726927200,UTC,FT,Match Finished,90,39,Premier League,England,Regular Season - 5,40,Liverpool,,35,Bournemouth,,3,0
1208068,2024,2024-09-21 14:00:00+00:00,1726927200,UTC,FT,Match Finished,90,39,Premier League,England,Regular Season - 5,41,Southampton,,57,Ipswich,,1,1
1208069,2024,2024-09-21 14:00:00+00:00,1726927200,UTC,FT,Match Finished,90,39,Premier League,England,Regular Season - 5,47,Tottenham,,55,Brentford,,3,1
1208063,2024,2024-09-21 16:30:00+00:00,1726936200,UTC,FT,Match Finished,90,39,Premier League,England,Regular Season - 5,52,Crystal Palace,,33,Manchester United,,0,0
1208062,2024,2024-09-22 13:00:00+00:00,1727010000,UTC,FT,Match Finished,90,39,Premier League,England,Regular Season - 5,51,Brighton,,65,Nottingham Forest,,2,2
1208067,2024,2024-09-22 15:30:00+00:00,1727019000,UTC,FT,Match Finished,90,39,Premier League,England,Regular Season - 5,50,Manchester City,,42,Arsenal,,2,2
1208078,2024,2024-09-28 11:30:00+00:00,1727523000,UTC,FT,Match Finished,90,39,Premier League,England,Regular Season - 6,34,Newcastle,,50,Manchester City,,1,1
1208072,2024,2024-09-28 14:00:00+00:00,1727532000,UTC,FT,Match Finished,90,39,Premier League,England,Regular Season - 6,42,Arsenal,,46,Leicester,,4,2
1208073,2024,2024-09-28 14:00:00+00:00,1727532000,UTC,FT,Match Finished,90,39,Premier League,England,Regular Season - 6,55,Brentford,,48,West Ham,,1,1
1208074,2024,2024-09-28 14:00:00+00:00,1727532000,UTC,FT,Match Finished,90,39,Premier League,England,Regular Season - 6,49,Chelsea,,51,Brighton,,4,2
1208075,2024,2024-09-28 14:00:00+00:00,1727532000,UTC,FT,Match Finished,90,39,Premier League,England,Regular Season - 6,45,Everton,,52,Crystal Palace,,2,1
1208079,2024,2024-09-28 14:00:00+00:00,1727532000,UTC,FT,Match Finished,90,39,Premier League,England,Regular Season - 6,65,Nottingham Forest,,36,Fulham,,0,1
1208080,2024,2024-09-28 16:30:00+00:00,1727541000,UTC,FT,Match Finished,90,39,Premier League,England,Regular Season - 6,39,Wolves,,40,Liverpool,,1,2
1208076,2024,2024-09-29 13:00:00+00:00,1727614800,UTC,FT,Match Finished,90,39,Premier League,England,Regular Season - 6,57,Ipswich,,66,Aston Villa,,2,2
1208077,2024,2024-09-29 15:30:00+00:00,1727623800,UTC,FT,Match Finished,90,39,Premier League,England,Regular Season - 6,33,Manchester United,,47,Tottenham,,0,3
1208071,2024,2024-09-30 19:00:00+00:00,1727722800,UTC,FT,Match Finished,90,39,Premier League,England,Regular Season - 6,35,Bournemouth,,41,Southampton,,3,1
1208086,2024,2024-10-05 11:30:00+00:00,1728127800,UTC,FT,Match Finished,90,39,Premier League,England,Regular Season - 7,52,Crystal Palace,,40,Liverpool,,0,1
1208081,2024,2024-10-05 14:00:00+00:00,1728136800,UTC,FT,Match Finished,90,39,Premier League,England,Regular Season - 7,42,Arsenal,,41,Southampton,,3,1
1208083,2024,2024-10-05 14:00:00+00:00,1728136800,UTC,FT,Match Finished,90,39,Premier League,England,Regular Season - 7,55,Brentford,,39,Wolves,,5,3
1208088,2024,2024-10-05 14:00:00+00:00,1728136800,UTC,FT,Match Finished,90,39,Premier League,England,Regular Season - 7,46,Leicester,,35,Bournemouth,,1,0
1208089,2024,2024-10-05 14:00:00+00:00,1728136800,UTC,FT,Match Finished,90,39,Premier League,England,Regular Season - 7,50,Manchester City,,36,Fulham,,3,2
1208090,2024,2024-10-05 14:00:00+00:00,1728136800,UTC,FT,Match Finished,90,39,Premier League,England,Regular Season - 7,48,West Ham,,57,Ipswich,,4,1
1208087,2024,2024-10-05 16:30:00+00:00,1728145800,UTC,FT,Match Finished,90,39,Premier League,England,Regular Season - 7,45,Everton,,34,Newcastle,,0,0
1208082,2024,2024-10-06 13:00:00+00:00,1728219600,UTC,FT,Match Finished,90,39,Premier League,England,Regular Season - 7,66,Aston Villa,,33,Manchester United,,0,0
1208085,2024,2024-10-06 13:00:00+00:00,1728219600,UTC,FT,Match Finished,90,39,Premier League,England,Regular Season - 7,49,Chelsea,,65,Nottingham Forest,,1,1
1208084,2024,2024-10-06 15:30:00+00:00,1728228600,UTC,FT,Match Finished,90,39,Premier League,England,Regular Season - 7,51,Brighton,,47,Tottenham,,3,2
1208099,2024,2024-10-19 11:30:00+00:00,1729337400,UTC,FT,Match Finished,90,39,Premier League,England,Regular Season - 8,47,Tottenham,,48,West Ham,,4,1
1208092,2024,2024-10-19 14:00:00+00:00,1729346400,UTC,FT,Match Finished,90,39,Premier League,England,Regular Season - 8,36,Fulham,,66,Aston Villa,,1,3
1208093,2024,2024-10-19 14:00:00+00:00,1729346400,UTC,FT,Match Finished,90,39,Premier League,England,Regular Season - 8,57,Ipswich,,45,Everton,,0,2
1208095,2024,2024-10-19 14:00:00+00:00,1729346400,UTC,FT,Match Finished,90,39,Premier League,England,Regular Season - 8,33,Manchester United,,55,Brentford,,2,1
1208096,2024,2024-10-19 14:00:00+00:00,1729346400,UTC,FT,Match Finished,90,39,Premier League,England,Regular Season - 8,34,Newcastle,,51,Brighton,,0,1
1208098,2024,2024-10-19 14:00:00+00:00,1729346400,UTC,FT,Match Finished,90,39,Premier League,England,Regular Season - 8,41,Southampton,,46,Leicester,,2,3
1208091,2024,2024-10-19 16:30:00+00:00,1729355400,UTC,FT,Match Finished,90,39,Premier League,England,Regular Season - 8,35,Bournemouth,,42,Arsenal,,2,0
1208100,2024,2024-10-20 13:00:00+00:00,1729429200,UTC,FT,Match Finished,90,39,Premier League,England,Regular Season - 8,39,Wolves,,50,Manchester City,,1,2
1208094,2024,2024-10-20 15:30:00+00:00,1729438200,UTC,FT,Match Finished,90,39,Premier League,England,Regular Season - 8,40,Liverpool,,49,Chelsea,,2,1
1208097,2024,2024-10-21 19:00:00+00:00,1729537200,UTC,FT,Match Finished,90,39,Premier League,England,Regular Season - 8,65,Nottingham Forest,,52,Crystal Palace,,1,0
1208110,2024,2024-10-25 19:00:00+00:00,1729882800,UTC,FT,Match Finished,90,39,Premier League,England,Regular Season - 9,46,Leicester,,65,Nottingham Forest,,1,3
1208104,2024,2024-10-26 14:00:00+00:00,1729951200,UTC,FT,Match Finished,90,39,Premier League,England,Regular Season - 9,66,Aston Villa,,35,Bournemouth,,1,1
1208105,2024,2024-10-26 14:00:00+00:00,1729951200,UTC,FT,Match Finished,90,39,Premier League,England,Regular Season - 9,55,Brentford,,57,Ipswich,,4,3
1208106,2024,2024-10-26 14:00:00+00:00,1729951200,UTC,FT,Match Finished,90,39,Premier League,England,Regular Season - 9,51,Brighton,,39,Wolves,,2,2
1208111,2024,2024-10-26 14:00:00+00:00,1729951200,UTC,FT,Match Finished,90,39,Premier League,England,Regular Season - 9,50,Manchester City,,41,Southampton,,1,0
1208109,2024,2024-10-26 16:30:00+00:00,1729960200,UTC,FT,Match Finished,90,39,Premier League,England,Regular Season - 9,45,Everton,,36,Fulham,,1,1
1208107,2024,2024-10-27 13:00:00+00:00,1730034000,UTC,FT,Match Finished,90,39,Premier League,England,Regular Season - 9,49,Chelsea,,34,Newcastle,,2,1
1208108,2024,2024-10-27 13:00:00+00:00,1730034000,UTC,FT,Match Finished,90,39,Premier League,England,Regular Season - 9,52,Crystal Palace,,47,Tottenham,,1,0
1208112,2024,2024-10-27 13:00:00+00:00,1730034000,UTC,FT,Match Finished,90,39,Premier League,England,Regular Season - 9,48,West Ham,,33,Manchester United,,2,1
1208103,2024,2024-10-27 15:30:00+00:00,1730043000,UTC,FT,Match Finished,90,39,Premier League,England,Regular Season - 9,42,Arsenal,,40,Liverpool,,2,2
1208118,2024,2024-11-02 12:30:00+00:00,1730550600,UTC,FT,Match Finished,90,39,Premier League,England,Regular Season - 10,34,Newcastle,,42,Arsenal,,1,0
1208113,2024,2024-11-02 15:00:00+00:00,1730559600,UTC,FT,Match Finished,90,39,Premier League,England,Regular Season - 10,35,Bournemouth,,50,Manchester City,,2,1
1208115,2024,2024-11-02 15:00:00+00:00,1730559600,UTC,FT,Match Finished,90,39,Premier League,England,Regular Season - 10,57,Ipswich,,46,Leicester,,1,1
1208116,2024,2024-11-02 15:00:00+00:00,1730559600,UTC,FT,Match Finished,90,39,Premier League,England,Regular Season - 10,40,Liverpool,,51,Brighton,,2,1
1208119,2024,2024-11-02 15:00:00+00:00,1730559600,UTC,FT,Match Finished,90,39,Premier League,England,Regular Season - 10,65,Nottingham Forest,,48,West Ham,,3,0
1208120,2024,2024-11-02 15:00:00+00:00,1730559600,UTC,FT,Match Finished,90,39,Premier League,England,Regular Season - 10,41,Southampton,,45,Everton,,1,0
1208122,2024,2024-11-02 17:30:00+00:00,1730568600,UTC,FT,Match Finished,90,39,Premier League,England,Regular Season - 10,39,Wolves,,52,Crystal Palace,,2,2
1208121,2024,2024-11-03 14:00:00+00:00,1730642400,UTC,FT,Match Finished,90,39,Premier League,England,Regular Season - 10,47,Tottenham,,66,Aston Villa,,4,1
1208117,2024,2024-11-03 16:30:00+00:00,1730651400,UTC,FT,Match Finished,90,39,Premier League,England,Regular Season - 10,33,Manchester United,,49,Chelsea,,1,1
1208114,2024,2024-11-04 20:00:00+00:00,1730750400,UTC,FT,Match Finished,90,39,Premier League,England,Regular Season - 10,36,Fulham,,55,Brentford,,2,1
1208123,2024,2024-11-09 15:00:00+00:00,1731164400,UTC,FT,Match Finished,90,39,Premier League,England,Regular Season - 11,55,Brentford,,35,Bournemouth,,3,2
1208126,2024,2024-11-09 15:00:00+00:00,1731164400,UTC,FT,Match Finished,90,39,Premier League,England,Regular Season - 11,52,Crystal Palace,,36,Fulham,,0,2
1208131,2024,2024-11-09 15:00:00+00:00,1731164400,UTC,FT,Match Finished,90,39,Premier League,England,Regular Season - 11,48,West Ham,,45,Everton,,0,0
1208132,2024,2024-11-09 15:00:00+00:00,1731164400,UTC,FT,Match Finished,90,39,Premier League,England,Regular Season - 11,39,Wolves,,41,Southampton,,2,0
1208124,2024,2024-11-09 17:30:00+00:00,1731173400,UTC,FT,Match Finished,90,39,Premier League,England,Regular Season - 11,51,Brighton,,50,Manchester City,,2,1
1208127,2024,2024-11-09 20:00:00+00:00,1731182400,UTC,FT,Match Finished,90,39,Premier League,England,Regular Season - 11,40,Liverpool,,66,Aston Villa,,2,0
1208128,2024,2024-11-10 14:00:00+00:00,1731247200,UTC,FT,Match Finished,90,39,Premier League,England,Regular Season - 11,33,Manchester United,,46,Leicester,,3,0
1208129,2024,2024-11-10 14:00:00+00:00,1731247200,UTC,FT,Match Finished,90,39,Premier League,England,Regular Season - 11,65,Nottingham Forest,,34,Newcastle,,1,3
1208130,2024,2024-11-10 14:00:00+00:00,1731247200,UTC,FT,Match Finished,90,39,Premier League,England,Regular Season - 11,47,Tottenham,,57,Ipswich,,1,2
1208125,2024,2024-11-10 16:30:00+00:00,1731256200,UTC,FT,Match Finished,90,39,Premier League,England,Regular Season - 11,49,Chelsea,,42,Arsenal,,1,1
1208139,2024,2024-11-23 12:30:00+00:00,1732365000,UTC,FT,Match Finished,90,39,Premier League,England,Regular Season - 12,46,Leicester,,49,Chelsea,,1,2
1208133,2024,2024-11-23 15:00:00+00:00,1732374000,UTC,FT,Match Finished,90,39,Premier League,England,Regular Season - 12,35,Bournemouth,,51,Brighton,,1,2
1208134,2024,2024-11-23 15:00:00+00:00,1732374000,UTC,FT,Match Finished,90,39,Premier League,England,Regular Season - 12,42,Arsenal,,65,Nottingham Forest,,3,0
1208135,2024,2024-11-23 15:00:00+00:00,1732374000,UTC,FT,Match Finished,90,39,Premier League,England,Regular Season - 12,66,Aston Villa,,52,Crystal Palace,,2,2
1208136,2024,2024-11-23 15:00:00+00:00,1732374000,UTC,FT,Match Finished,90,39,Premier League,England,Regular Season - 12,45,Everton,,55,Brentford,,0,0
1208137,2024,2024-11-23 15:00:00+00:00,1732374000,UTC,FT,Match Finished,90,39,Premier League,England,Regular Season - 12,36,Fulham,,39,Wolves,,1,4
1208140,2024,2024-11-23 17:30:00+00:00,1732383000,UTC,FT,Match Finished,90,39,Premier League,England,Regular Season - 12,50,Manchester City,,47,Tottenham,,0,4
1208142,2024,2024-11-24 14:00:00+00:00,1732456800,UTC,FT,Match Finished,90,39,Premier League,England,Regular Season - 12,41,Southampton,,40,Liverpool,,2,3
1208138,2024,2024-11-24 16:30:00+00:00,1732465800,UTC,FT,Match Finished,90,39,Premier League,England,Regular Season - 12,57,Ipswich,,33,Manchester United,,1,1
1208141,2024,2024-11-25 20:00:00+00:00,1732564800,UTC,FT,Match Finished,90,39,Premier League,England,Regular Season - 12,34,Newcastle,,48,West Ham,,0,2
1208144,2024,2024-11-29 20:00:00+00:00,1732910400,UTC,FT,Match Finished,90,39,Premier League,England,Regular Season - 13,51,Brighton,,41,Southampton,,1,1
1208143,2024,2024-11-30 15:00:00+00:00,1732978800,UTC,FT,Match Finished,90,39,Premier League,England,Regular Season - 13,55,Brentford,,46,Leicester,,4,1
1208146,2024,2024-11-30 15:00:00+00:00,1732978800,UTC,FT,Match Finished,90,39,Premier League,England,Regular Season - 13,52,Crystal Palace,,34,Newcastle,,1,1
1208149,2024,2024-11-30 15:00:00+00:00,1732978800,UTC,FT,Match Finished,90,39,Premier League,England,Regular Season - 13,65,Nottingham Forest,,57,Ipswich,,1,0
1208152,2024,2024-11-30 15:00:00+00:00,1732978800,UTC,FT,Match Finished,90,39,Premier League,England,Regular Season - 13,39,Wolves,,35,Bournemouth,,2,4
1208151,2024,2024-11-30 17:30:00+00:00,1732987800,UTC,FT,Match Finished,90,39,Premier League,England,Regular Season - 13,48,West Ham,,42,Arsenal,,2,5
1208145,2024,2024-12-01 13:30:00+00:00,1733059800,UTC,FT,Match Finished,90,39,Premier League,England,Regular Season - 13,49,Chelsea,,66,Aston Villa,,3,0
1208148,2024,2024-12-01 13:30:00+00:00,1733059800,UTC,FT,Match Finished,90,39,Premier League,England,Regular Season - 13,33,Manchester United,,45,Everton,,4,0
1208150,2024,2024-12-01 13:30:00+00:00,1733059800,UTC,FT,Match Finished,90,39,Premier League,England,Regular Season - 13,47,Tottenham,,36,Fulham,,1,1
1208147,2024,2024-12-01 16:00:00+00:00,1733068800,UTC,FT,Match Finished,90,39,Premier League,England,Regular Season - 13,40,Liverpool,,50,Manchester City,,2,0
1208158,2024,2024-12-03 19:30:00+00:00,1733254200,UTC,FT,Match Finished,90,39,Premier League,England,Regular Season - 14,57,Ipswich,,52,Crystal Palace,,0,1
1208159,2024,2024-12-03 20:15:00+00:00,1733256900,UTC,FT,Match Finished,90,39,Premier League,England,Regular Season - 14,46,Leicester,,48,West Ham,,3,1
1208156,2024,2024-12-04 19:30:00+00:00,1733340600,UTC,FT,Match Finished,90,39,Premier League,England,Regular Season - 14,45,Everton,,39,Wolves,,4,0
1208160,2024,2024-12-04 19:30:00+00:00,1733340600,UTC,FT,Match Finished,90,39,Premier League,England,Regular Season - 14,50,Manchester City,,65,Nottingham Forest,,3,0
1208161,2024,2024-12-04 19:30:00+00:00,1733340600,UTC,FT,Match Finished,90,39,Premier League,England,Regular Season - 14,34,Newcastle,,40,Liverpool,,3,3
1208162,2024,2024-12-04 19:30:00+00:00,1733340600,UTC,FT,Match Finished,90,39,Premier League,England,Regular Season - 14,41,Southampton,,49,Chelsea,,1,5
1208154,2024,2024-12-04 20:15:00+00:00,1733343300,UTC,FT,Match Finished,90,39,Premier League,England,Regular Season - 14,42,Arsenal,,33,Manchester United,,2,0
1208155,2024,2024-12-04 20:15:00+00:00,1733343300,UTC,FT,Match Finished,90,39,Premier League,England,Regular Season - 14,66,Aston Villa,,55,Brentford,,3,1
1208157,2024,2024-12-05 19:30:00+00:00,1733427000,UTC,FT,Match Finished,90,39,Premier League,England,Regular Season - 14,36,Fulham,,51,Brighton,,3,1
1208153,2024,2024-12-05 20:15:00+00:00,1733429700,UTC,FT,Match Finished,90,39,Premier League,England,Regular Season - 14,35,Bournemouth,,47,Tottenham,,1,0
1208163,2024,2024-12-07 15:00:00+00:00,1733583600,UTC,FT,Match Finished,90,39,Premier League,England,Regular Season - 15,66,Aston Villa,,41,Southampton,,1,0
1208164,2024,2024-12-07 15:00:00+00:00,1733583600,UTC,FT,Match Finished,90,39,Premier League,England,Regular Season - 15,55,Brentford,,34,Newcastle,,4,2
1208165,2024,2024-12-07 15:00:00+00:00,1733583600,UTC,FT,Match Finished,90,39,Premier League,England,Regular Season - 15,52,Crystal Palace,,50,Manchester City,,2,2
1208170,2024,2024-12-07 17:30:00+00:00,1733592600,UTC,FT,Match Finished,90,39,Premier League,England,Regular Season - 15,33,Manchester United,,65,Nottingham Forest,,2,3
1208167,2024,2024-12-08 14:00:00+00:00,1733666400,UTC,FT,Match Finished,90,39,Premier League,England,Regular Season - 15,36,Fulham,,42,Arsenal,,1,1
1208168,2024,2024-12-08 14:00:00+00:00,1733666400,UTC,FT,Match Finished,90,39,Premier League,England,Regular Season - 15,57,Ipswich,,35,Bournemouth,,1,2
1208169,2024,2024-12-08 14:00:00+00:00,1733666400,UTC,FT,Match Finished,90,39,Premier League,England,Regular Season - 15,46,Leicester,,51,Brighton,,2,2
1208171,2024,2024-12-08 16:30:00+00:00,1733675400,UTC,FT,Match Finished,90,39,Premier League,England,Regular Season - 15,47,Tottenham,,49,Chelsea,,3,4
1208172,2024,2024-12-09 20:00:00+00:00,1733774400,UTC,FT,Match Finished,90,39,Premier League,England,Regular Season - 15,48,West Ham,,39,Wolves,,2,1
1208174,2024,2024-12-14 15:00:00+00:00,1734188400,UTC,FT,Match Finished,90,39,Premier League,England,Regular Season - 16,42,Arsenal,,45,Everton,,0,0
1208177,2024,2024-12-14 15:00:00+00:00,1734188400,UTC,FT,Match Finished,90,39,Premier League,England,Regular Season - 16,40,Liverpool,,36,Fulham,,2,2
1208179,2024,2024-12-14 15:00:00+00:00,1734188400,UTC,FT,Match Finished,90,39,Premier League,England,Regular Season - 16,34,Newcastle,,46,Leicester,,4,0
1208182,2024,2024-12-14 15:00:00+00:00,1734188400,UTC,FT,Match Finished,90,39,Premier League,England,Regular Season - 16,39,Wolves,,57,Ipswich,,1,2
1208180,2024,2024-12-14 17:30:00+00:00,1734197400,UTC,FT,Match Finished,90,39,Premier League,England,Regular Season - 16,65,Nottingham Forest,,66,Aston Villa,,2,1
1208175,2024,2024-12-15 14:00:00+00:00,1734271200,UTC,FT,Match Finished,90,39,Premier League,England,Regular Season - 16,51,Brighton,,52,Crystal Palace,,1,3
1208178,2024,2024-12-15 16:30:00+00:00,1734280200,UTC,FT,Match Finished,90,39,Premier League,England,Regular Season - 16,50,Manchester City,,33,Manchester United,,1,2
1208176,2024,2024-12-15 19:00:00+00:00,1734289200,UTC,FT,Match Finished,90,39,Premier League,England,Regular Season - 16,49,Chelsea,,55,Brentford,,2,1
1208181,2024,2024-12-15 19:00:00+00:00,1734289200,UTC,FT,Match Finished,90,39,Premier League,England,Regular Season - 16,41,Southampton,,47,Tottenham,,0,5
1208173,2024,2024-12-16 20:00:00+00:00,1734379200,UTC,FT,Match Finished,90,39,Premier League,England,Regular Season - 16,35,Bournemouth,,48,West Ham,,1,1
1208183,2024,2024-12-21 12:30:00+00:00,1734784200,UTC,FT,Match Finished,90,39,Premier League,England,Regular Season - 17,66,Aston Villa,,50,Manchester City,,2,1
1208184,2024,2024-12-21 15:00:00+00:00,1734793200,UTC,FT,Match Finished,90,39,Premier League,England,Regular Season - 17,55,Brentford,,65,Nottingham Forest,,0,2
1208188,2024,2024-12-21 15:00:00+00:00,1734793200,UTC,FT,Match Finished,90,39,Premier League,England,Regular Season - 17,57,Ipswich,,34,Newcastle,,0,4
1208192,2024,2024-12-21 15:00:00+00:00,1734793200,UTC,FT,Match Finished,90,39,Premier League,England,Regular Season - 17,48,West Ham,,51,Brighton,,1,1
1208185,2024,2024-12-21 17:30:00+00:00,1734802200,UTC,FT,Match Finished,90,39,Premier League,England,Regular Season - 17,52,Crystal Palace,,42,Arsenal,,1,5
1208186,2024,2024-12-22 14:00:00+00:00,1734876000,UTC,FT,Match Finished,90,39,Premier League,England,Regular Season - 17,45,Everton,,49,Chelsea,,0,0
1208187,2024,2024-12-22 14:00:00+00:00,1734876000,UTC,FT,Match Finished,90,39,Premier League,England,Regular Season - 17,36,Fulham,,41,Southampton,,0,0
1208189,2024,2024-12-22 14:00:00+00:00,1734876000,UTC,FT,Match Finished,90,39,Premier League,England,Regular Season - 17,46,Leicester,,39,Wolves,,0,3
1208190,2024,2024-12-22 14:00:00+00:00,1734876000,UTC,FT,Match Finished,90,39,Premier League,England,Regular Season - 17,33,Manchester United,,35,Bournemouth,,0,3
1208191,2024,2024-12-22 16:30:00+00:00,1734885000,UTC,FT,Match Finished,90,39,Premier League,England,Regular Season - 17,47,Tottenham,,40,Liverpool,,3,6
1208198,2024,2024-12-26 12:30:00+00:00,1735216200,UTC,FT,Match Finished,90,39,Premier League,England,Regular Season - 18,50,Manchester City,,45,Everton,,1,1
1208193,2024,2024-12-26 15:00:00+00:00,1735225200,UTC,FT,Match Finished,90,39,Premier League,England,Regular Season - 18,35,Bournemouth,,52,Crystal Palace,,0,0
1208196,2024,2024-12-26 15:00:00+00:00,1735225200,UTC,FT,Match Finished,90,39,Premier League,England,Regular Season - 18,49,Chelsea,,36,Fulham,,1,2
1208199,2024,2024-12-26 15:00:00+00:00,1735225200,UTC,FT,Match Finished,90,39,Premier League,England,Regular Season - 18,34,Newcastle,,66,Aston Villa,,3,0
1208200,2024,2024-12-26 15:00:00+00:00,1735225200,UTC,FT,Match Finished,90,39,Premier League,England,Regular Season - 18,65,Nottingham Forest,,47,Tottenham,,1,0
1208201,2024,2024-12-26 15:00:00+00:00,1735225200,UTC,FT,Match Finished,90,39,Premier League,England,Regular Season - 18,41,Southampton,,48,West Ham,,0,1
1208202,2024,2024-12-26 17:30:00+00:00,1735234200,UTC,FT,Match Finished,90,39,Premier League,England,Regular Season - 18,39,Wolves,,33,Manchester United,,2,0
1208197,2024,2024-12-26 20:00:00+00:00,1735243200,UTC,FT,Match Finished,90,39,Premier League,England,Regular Season - 18,40,Liverpool,,46,Leicester,,3,1
1208195,2024,2024-12-27 19:30:00+00:00,1735327800,UTC,FT,Match Finished,90,39,Premier League,England,Regular Season - 18,51,Brighton,,55,Brentford,,0,0
1208194,2024,2024-12-27 20:15:00+00:00,1735330500,UTC,FT,Match Finished,90,39,Premier League,England,Regular Season - 18,42,Arsenal,,57,Ipswich,,1,0
1208209,2024,2024-12-29 14:30:00+00:00,1735482600,UTC,FT,Match Finished,90,39,Premier League,England,Regular Season - 19,46,Leicester,,50,Manchester City,,0,2
1208205,2024,2024-12-29 15:00:00+00:00,1735484400,UTC,FT,Match Finished,90,39,Premier League,England,Regular Season - 19,52,Crystal Palace,,41,Southampton,,2,1
1208206,2024,2024-12-29 15:00:00+00:00,1735484400,UTC,FT,Match Finished,90,39,Premier League,England,Regular Season - 19,45,Everton,,65,Nottingham Forest,,0,2
1208207,2024,2024-12-29 15:00:00+00:00,1735484400,UTC,FT,Match Finished,90,39,Premier League,England,Regular Season - 19,36,Fulham,,35,Bournemouth,,2,2
1208211,2024,2024-12-29 15:00:00+00:00,1735484400,UTC,FT,Match Finished,90,39,Premier League,England,Regular Season - 19,47,Tottenham,,39,Wolves,,2,2
1208212,2024,2024-12-29 17:15:00+00:00,1735492500,UTC,FT,Match Finished,90,39,Premier League,England,Regular Season - 19,48,West Ham,,40,Liverpool,,0,5
1208203,2024,2024-12-30 19:45:00+00:00,1735587900,UTC,FT,Match Finished,90,39,Premier League,England,Regular Season - 19,66,Aston Villa,,51,Brighton,,2,2
1208208,2024,2024-12-30 19:45:00+00:00,1735587900,UTC,FT,Match Finished,90,39,Premier League,England,Regular Season - 19,57,Ipswich,,49,Chelsea,,2,0
1208210,2024,2024-12-30 20:00:00+00:00,1735588800,UTC,FT,Match Finished,90,39,Premier League,England,Regular Season - 19,33,Manchester United,,34,Newcastle,,0,2
1208204,2024,2025-01-01 17:30:00+00:00,1735752600,UTC,FT,Match Finished,90,39,Premier League,England,Regular Season - 19,55,Brentford,,42,Arsenal,,1,3
1208221,2024,2025-01-04 12:30:00+00:00,1735993800,UTC,FT,Match Finished,90,39,Premier League,England,Regular Season - 20,47,Tottenham,,34,Newcastle,,1,2
1208213,2024,2025-01-04 15:00:00+00:00,1736002800,UTC,FT,Match Finished,90,39,Premier League,England,Regular Season - 20,35,Bournemouth,,45,Everton,,1,0
1208214,2024,2025-01-04 15:00:00+00:00,1736002800,UTC,FT,Match Finished,90,39,Premier League,England,Regular Season - 20,66,Aston Villa,,46,Leicester,,2,1
1208216,2024,2025-01-04 15:00:00+00:00,1736002800,UTC,FT,Match Finished,90,39,Premier League,England,Regular Season - 20,52,Crystal Palace,,49,Chelsea,,1,1
1208219,2024,2025-01-04 15:00:00+00:00,1736002800,UTC,FT,Match Finished,90,39,Premier League,England,Regular Season - 20,50,Manchester City,,48,West Ham,,4,1
1208220,2024,2025-01-04 15:00:00+00:00,1736002800,UTC,FT,Match Finished,90,39,Premier League,England,Regular Season - 20,41,Southampton,,55,Brentford,,0,5
1208215,2024,2025-01-04 17:30:00+00:00,1736011800,UTC,FT,Match Finished,90,39,Premier League,England,Regular Season - 20,51,Brighton,,42,Arsenal,,1,1
1208217,2024,2025-01-05 14:00:00+00:00,1736085600,UTC,FT,Match Finished,90,39,Premier League,England,Regular Season - 20,36,Fulham,,57,Ipswich,,2,2
1208218,2024,2025-01-05 16:30:00+00:00,1736094600,UTC,FT,Match Finished,90,39,Premier League,England,Regular Season - 20,40,Liverpool,,33,Manchester United,,2,2
1208222,2024,2025-01-06 20:00:00+00:00,1736193600,UTC,FT,Match Finished,90,39,Premier League,England,Regular Season - 20,39,Wolves,,65,Nottingham Forest,,0,3
1208224,2024,2025-01-14 19:30:00+00:00,1736883000,UTC,FT,Match Finished,90,39,Premier League,England,Regular Season - 21,55,Brentford,,50,Manchester City,,2,2
1208229,2024,2025-01-14 19:30:00+00:00,1736883000,UTC,FT,Match Finished,90,39,Premier League,England,Regular Season - 21,48,West Ham,,36,Fulham,,3,2
1208230,2024,2025-01-14 19:30:00+00:00,1736883000,UTC,FT,Match Finished,90,39,Premier League,England,Regular Season - 21,49,Chelsea,,35,Bournemouth,,2,2
1208228,2024,2025-01-14 20:00:00+00:00,1736884800,UTC,FT,Match Finished,90,39,Premier League,England,Regular Season - 21,65,Nottingham Forest,,40,Liverpool,,1,1
1208225,2024,2025-01-15 19:30:00+00:00,1736969400,UTC,FT,Match Finished,90,39,Premier League,England,Regular Season - 21,45,Everton,,66,Aston Villa,,0,1
1208227,2024,2025-01-15 19:30:00+00:00,1736969400,UTC,FT,Match Finished,90,39,Premier League,England,Regular Season - 21,46,Leicester,,52,Crystal Palace,,0,2
1208231,2024,2025-01-15 19:30:00+00:00,1736969400,UTC,FT,Match Finished,90,39,Premier League,England,Regular Season - 21,34,Newcastle,,39,Wolves,,3,0
1208223,2024,2025-01-15 20:00:00+00:00,1736971200,UTC,FT,Match Finished,90,39,Premier League,England,Regular Season - 21,42,Arsenal,,47,Tottenham,,2,1
1208226,2024,2025-01-16 19:30:00+00:00,1737055800,UTC,FT,Match Finished,90,39,Premier League,England,Regular Season - 21,57,Ipswich,,51,Brighton,,0,2
1208232,2024,2025-01-16 20:00:00+00:00,1737057600,UTC,FT,Match Finished,90,39,Premier League,England,Regular Season - 21,33,Manchester United,,41,Southampton,,3,1
1208240,2024,2025-01-18 12:30:00+00:00,1737203400,UTC,FT,Match Finished,90,39,Premier League,England,Regular Season - 22,34,Newcastle,,35,Bournemouth,,1,4
1208234,2024,2025-01-18 15:00:00+00:00,1737212400,UTC,FT,Match Finished,90,39,Premier League,England,Regular Season - 22,55,Brentford,,40,Liverpool,,0,2
1208238,2024,2025-01-18 15:00:00+00:00,1737212400,UTC,FT,Match Finished,90,39,Premier League,England,Regular Season - 22,46,Leicester,,36,Fulham,,0,2
1208242,2024,2025-01-18 15:00:00+00:00,1737212400,UTC,FT,Match Finished,90,39,Premier League,England,Regular Season - 22,48,West Ham,,52,Crystal Palace,,0,2
1208233,2024,2025-01-18 17:30:00+00:00,1737221400,UTC,FT,Match Finished,90,39,Premier League,England,Regular Season - 22,42,Arsenal,,66,Aston Villa,,2,2
1208236,2024,2025-01-19 14:00:00+00:00,1737295200,UTC,FT,Match Finished,90,39,Premier League,England,Regular Season - 22,45,Everton,,47,Tottenham,,3,2
1208239,2024,2025-01-19 14:00:00+00:00,1737295200,UTC,FT,Match Finished,90,39,Premier League,England,Regular Season - 22,33,Manchester United,,51,Brighton,,1,3
1208241,2024,2025-01-19 14:00:00+00:00,1737295200,UTC,FT,Match Finished,90,39,Premier League,England,Regular Season - 22,65,Nottingham Forest,,41,Southampton,,3,2
1208237,2024,2025-01-19 16:30:00+00:00,1737304200,UTC,FT,Match Finished,90,39,Premier League,England,Regular Season - 22,57,Ipswich,,50,Manchester City,,0,6
1208235,2024,2025-01-20 20:00:00+00:00,1737403200,UTC,FT,Match Finished,90,39,Premier League,England,Regular Season - 22,49,Chelsea,,39,Wolves,,3,1
1208243,2024,2025-01-25 15:00:00+00:00,1737817200,UTC,FT,Match Finished,90,39,Premier League,England,Regular Season - 23,35,Bournemouth,,65,Nottingham Forest,,5,0
1208245,2024,2025-01-25 15:00:00+00:00,1737817200,UTC,FT,Match Finished,90,39,Premier League,England,Regular Season - 23,51,Brighton,,45,Everton,,0,1
1208248,2024,2025-01-25 15:00:00+00:00,1737817200,UTC,FT,Match Finished,90,39,Premier League,England,Regular Season - 23,40,Liverpool,,57,Ipswich,,4,1
1208250,2024,2025-01-25 15:00:00+00:00,1737817200,UTC,FT,Match Finished,90,39,Premier League,England,Regular Season - 23,41,Southampton,,34,Newcastle,,1,3
1208252,2024,2025-01-25 15:00:00+00:00,1737817200,UTC,FT,Match Finished,90,39,Premier League,England,Regular Season - 23,39,Wolves,,42,Arsenal,,0,1
1208249,2024,2025-01-25 17:30:00+00:00,1737826200,UTC,FT,Match Finished,90,39,Premier League,England,Regular Season - 23,50,Manchester City,,49,Chelsea,,3,1
1208246,2024,2025-01-26 14:00:00+00:00,1737900000,UTC,FT,Match Finished,90,39,Premier League,England,Regular Season - 23,52,Crystal Palace,,55,Brentford,,1,2
1208251,2024,2025-01-26 14:00:00+00:00,1737900000,UTC,FT,Match Finished,90,39,Premier League,England,Regular Season - 23,47,Tottenham,,46,Leicester,,1,2
1208244,2024,2025-01-26 16:30:00+00:00,1737909000,UTC,FT,Match Finished,90,39,Premier League,England,Regular Season - 23,66,Aston Villa,,48,West Ham,,1,1
1208247,2024,2025-01-26 19:00:00+00:00,1737918000,UTC,FT,Match Finished,90,39,Premier League,England,Regular Season - 23,36,Fulham,,33,Manchester United,,0,1
1208261,2024,2025-02-01 12:30:00+00:00,1738413000,UTC,FT,Match Finished,90,39,Premier League,England,Regular Season - 24,65,Nottingham Forest,,51,Brighton,,7,0
1208253,2024,2025-02-01 15:00:00+00:00,1738422000,UTC,FT,Match Finished,90,39,Premier League,England,Regular Season - 24,35,Bournemouth,,40,Liverpool,,0,2
1208257,2024,2025-02-01 15:00:00+00:00,1738422000,UTC,FT,Match Finished,90,39,Premier League,England,Regular Season - 24,45,Everton,,46,Leicester,,4,0
1208258,2024,2025-02-01 15:00:00+00:00,1738422000,UTC,FT,Match Finished,90,39,Premier League,England,Regular Season - 24,57,Ipswich,,41,Southampton,,1,2
1208260,2024,2025-02-01 15:00:00+00:00,1738422000,UTC,FT,Match Finished,90,39,Premier League,England,Regular Season - 24,34,Newcastle,,36,Fulham,,1,2
1208262,2024,2025-02-01 17:30:00+00:00,1738431000,UTC,FT,Match Finished,90,39,Premier League,England,Regular Season - 24,39,Wolves,,66,Aston Villa,,2,0
1208255,2024,2025-02-02 14:00:00+00:00,1738504800,UTC,FT,Match Finished,90,39,Premier League,England,Regular Season - 24,55,Brentford,,47,Tottenham,,0,2
1208259,2024,2025-02-02 14:00:00+00:00,1738504800,UTC,FT,Match Finished,90,39,Premier League,England,Regular Season - 24,33,Manchester United,,52,Crystal Palace,,0,2
1208254,2024,2025-02-02 16:30:00+00:00,1738513800,UTC,FT,Match Finished,90,39,Premier League,England,Regular Season - 24,42,Arsenal,,50,Manchester City,,5,1
1208256,2024,2025-02-03 20:00:00+00:00,1738612800,UTC,FT,Match Finished,90,39,Premier League,England,Regular Season - 24,49,Chelsea,,48,West Ham,,2,1
1208166,2024,2025-02-12 19:30:00+00:00,1739388600,UTC,FT,Match Finished,90,39,Premier League,England,Regular Season - 15,45,Everton,,40,Liverpool,,2,2
1208264,2024,2025-02-14 20:00:00+00:00,1739563200,UTC,FT,Match Finished,90,39,Premier League,England,Regular Season - 25,51,Brighton,,49,Chelsea,,3,0
1208267,2024,2025-02-15 12:30:00+00:00,1739622600,UTC,FT,Match Finished,90,39,Premier League,England,Regular Season - 25,46,Leicester,,42,Arsenal,,0,2
1208263,2024,2025-02-15 15:00:00+00:00,1739631600,UTC,FT,Match Finished,90,39,Premier League,England,Regular Season - 25,66,Aston Villa,,57,Ipswich,,1,1
1208266,2024,2025-02-15 15:00:00+00:00,1739631600,UTC,FT,Match Finished,90,39,Premier League,England,Regular Season - 25,36,Fulham,,65,Nottingham Forest,,2,1
1208269,2024,2025-02-15 15:00:00+00:00,1739631600,UTC,FT,Match Finished,90,39,Premier League,England,Regular Season - 25,50,Manchester City,,34,Newcastle,,4,0
1208270,2024,2025-02-15 15:00:00+00:00,1739631600,UTC,FT,Match Finished,90,39,Premier League,England,Regular Season - 25,41,Southampton,,35,Bournemouth,,1,3
1208272,2024,2025-02-15 15:00:00+00:00,1739631600,UTC,FT,Match Finished,90,39,Premier League,England,Regular Season - 25,48,West Ham,,55,Brentford,,0,1
1208265,2024,2025-02-15 17:30:00+00:00,1739640600,UTC,FT,Match Finished,90,39,Premier League,England,Regular Season - 25,52,Crystal Palace,,45,Everton,,1,2
1208268,2024,2025-02-16 14:00:00+00:00,1739714400,UTC,FT,Match Finished,90,39,Premier League,England,Regular Season - 25,40,Liverpool,,39,Wolves,,2,1
1208271,2024,2025-02-16 16:30:00+00:00,1739723400,UTC,FT,Match Finished,90,39,Premier League,England,Regular Season - 25,47,Tottenham,,33,Manchester United,,1,0
1208305,2024,2025-02-19 19:30:00+00:00,1739993400,UTC,FT,Match Finished,90,39,Premier League,England,Regular Season - 29,66,Aston Villa,,40,Liverpool,,2,2
1208279,2024,2025-02-21 20:00:00+00:00,1740168000,UTC,FT,Match Finished,90,39,Premier League,England,Regular Season - 26,46,Leicester,,55,Brentford,,0,4
1208276,2024,2025-02-22 12:30:00+00:00,1740227400,UTC,FT,Match Finished,90,39,Premier League,England,Regular Season - 26,45,Everton,,33,Manchester United,,2,2
1208273,2024,2025-02-22 15:00:00+00:00,1740236400,UTC,FT,Match Finished,90,39,Premier League,England,Regular Season - 26,35,Bournemouth,,39,Wolves,,0,1
1208274,2024,2025-02-22 15:00:00+00:00,1740236400,UTC,FT,Match Finished,90,39,Premier League,England,Regular Season - 26,42,Arsenal,,48,West Ham,,0,1
1208277,2024,2025-02-22 15:00:00+00:00,1740236400,UTC,FT,Match Finished,90,39,Premier League,England,Regular Season - 26,36,Fulham,,52,Crystal Palace,,0,2
1208278,2024,2025-02-22 15:00:00+00:00,1740236400,UTC,FT,Match Finished,90,39,Premier League,England,Regular Season - 26,57,Ipswich,,47,Tottenham,,1,4
1208282,2024,2025-02-22 15:00:00+00:00,1740236400,UTC,FT,Match Finished,90,39,Premier League,England,Regular Season - 26,41,Southampton,,51,Brighton,,0,4
1208275,2024,2025-02-22 17:30:00+00:00,1740245400,UTC,FT,Match Finished,90,39,Premier League,England,Regular Season - 26,66,Aston Villa,,49,Chelsea,,2,1
1208281,2024,2025-02-23 14:00:00+00:00,1740319200,UTC,FT,Match Finished,90,39,Premier League,England,Regular Season - 26,34,Newcastle,,65,Nottingham Forest,,4,3
1208280,2024,2025-02-23 16:30:00+00:00,1740328200,UTC,FT,Match Finished,90,39,Premier League,England,Regular Season - 26,50,Manchester City,,40,Liverpool,,0,2
1208284,2024,2025-02-25 19:30:00+00:00,1740511800,UTC,FT,Match Finished,90,39,Premier League,England,Regular Season - 27,51,Brighton,,35,Bournemouth,,2,1
1208288,2024,2025-02-25 19:30:00+00:00,1740511800,UTC,FT,Match Finished,90,39,Premier League,England,Regular Season - 27,39,Wolves,,36,Fulham,,1,2
1208289,2024,2025-02-25 19:30:00+00:00,1740511800,UTC,FT,Match Finished,90,39,Premier League,England,Regular Season - 27,52,Crystal Palace,,66,Aston Villa,,4,1
1208290,2024,2025-02-25 20:15:00+00:00,1740514500,UTC,FT,Match Finished,90,39,Premier League,England,Regular Season - 27,49,Chelsea,,41,Southampton,,4,0
1208283,2024,2025-02-26 19:30:00+00:00,1740598200,UTC,FT,Match Finished,90,39,Premier League,England,Regular Season - 27,55,Brentford,,45,Everton,,1,1
1208285,2024,2025-02-26 19:30:00+00:00,1740598200,UTC,FT,Match Finished,90,39,Premier League,England,Regular Season - 27,65,Nottingham Forest,,42,Arsenal,,0,0
1208286,2024,2025-02-26 19:30:00+00:00,1740598200,UTC,FT,Match Finished,90,39,Premier League,England,Regular Season - 27,47,Tottenham,,50,Manchester City,,0,1
1208292,2024,2025-02-26 19:30:00+00:00,1740598200,UTC,FT,Match Finished,90,39,Premier League,England,Regular Season - 27,33,Manchester United,,57,Ipswich,,3,2
1208291,2024,2025-02-26 20:15:00+00:00,1740600900,UTC,FT,Match Finished,90,39,Premier League,England,Regular Season - 27,40,Liverpool,,34,Newcastle,,2,0
1208287,2024,2025-02-27 20:00:00+00:00,1740686400,UTC,FT,Match Finished,90,39,Premier League,England,Regular Season - 27,48,West Ham,,46,Leicester,,2,0
1208299,2024,2025-03-08 12:30:00+00:00,1741437000,UTC,FT,Match Finished,90,39,Premier League,England,Regular Season - 28,65,Nottingham Forest,,50,Manchester City,,1,0
1208294,2024,2025-03-08 15:00:00+00:00,1741446000,UTC,FT,Match Finished,90,39,Premier League,England,Regular Season - 28,51,Brighton,,36,Fulham,,2,1
1208296,2024,2025-03-08 15:00:00+00:00,1741446000,UTC,FT,Match Finished,90,39,Premier League,England,Regular Season - 28,52,Crystal Palace,,57,Ipswich,,1,0
1208297,2024,2025-03-08 15:00:00+00:00,1741446000,UTC,FT,Match Finished,90,39,Premier League,England,Regular Season - 28,40,Liverpool,,41,Southampton,,3,1
1208293,2024,2025-03-08 17:30:00+00:00,1741455000,UTC,FT,Match Finished,90,39,Premier League,England,Regular Season - 28,55,Brentford,,66,Aston Villa,,0,1
1208302,2024,2025-03-08 20:00:00+00:00,1741464000,UTC,FT,Match Finished,90,39,Premier League,England,Regular Season - 28,39,Wolves,,45,Everton,,1,1
1208295,2024,2025-03-09 14:00:00+00:00,1741528800,UTC,FT,Match Finished,90,39,Premier League,England,Regular Season - 28,49,Chelsea,,46,Leicester,,1,0
1208300,2024,2025-03-09 14:00:00+00:00,1741528800,UTC,FT,Match Finished,90,39,Premier League,England,Regular Season - 28,47,Tottenham,,35,Bournemouth,,2,2
1208298,2024,2025-03-09 16:30:00+00:00,1741537800,UTC,FT,Match Finished,90,39,Premier League,England,Regular Season - 28,33,Manchester United,,42,Arsenal,,1,1
1208301,2024,2025-03-10 20:00:00+00:00,1741636800,UTC,FT,Match Finished,90,39,Premier League,England,Regular Season - 28,48,West Ham,,34,Newcastle,,0,1
1208306,2024,2025-03-15 15:00:00+00:00,1742050800,UTC,FT,Match Finished,90,39,Premier League,England,Regular Season - 29,45,Everton,,48,West Ham,,1,1
1208308,2024,2025-03-15 15:00:00+00:00,1742050800,UTC,FT,Match Finished,90,39,Premier League,England,Regular Season - 29,57,Ipswich,,65,Nottingham Forest,,2,4
1208310,2024,2025-03-15 15:00:00+00:00,1742050800,UTC,FT,Match Finished,90,39,Premier League,England,Regular Season - 29,50,Manchester City,,51,Brighton,,2,2
1208312,2024,2025-03-15 15:00:00+00:00,1742050800,UTC,FT,Match Finished,90,39,Premier League,England,Regular Season - 29,41,Southampton,,39,Wolves,,1,2
1208303,2024,2025-03-15 17:30:00+00:00,1742059800,UTC,FT,Match Finished,90,39,Premier League,England,Regular Season - 29,35,Bournemouth,,55,Brentford,,1,2
1208304,2024,2025-03-16 13:30:00+00:00,1742131800,UTC,FT,Match Finished,90,39,Premier League,England,Regular Season - 29,42,Arsenal,,49,Chelsea,,1,0
1208307,2024,2025-03-16 13:30:00+00:00,1742131800,UTC,FT,Match Finished,90,39,Premier League,England,Regular Season - 29,36,Fulham,,47,Tottenham,,2,0
1208309,2024,2025-03-16 19:00:00+00:00,1742151600,UTC,FT,Match Finished,90,39,Premier League,England,Regular Season - 29,46,Leicester,,33,Manchester United,,0,3
1208314,2024,2025-04-01 18:45:00+00:00,1743533100,UTC,FT,Match Finished,90,39,Premier League,England,Regular Season - 30,42,Arsenal,,36,Fulham,,2,1
1208317,2024,2025-04-01 18:45:00+00:00,1743533100,UTC,FT,Match Finished,90,39,Premier League,England,Regular Season - 30,39,Wolves,,48,West Ham,,1,0
1208316,2024,2025-04-01 19:00:00+00:00,1743534000,UTC,FT,Match Finished,90,39,Premier League,England,Regular Season - 30,65,Nottingham Forest,,33,Manchester United,,1,0
1208313,2024,2025-04-02 18:45:00+00:00,1743619500,UTC,FT,Match Finished,90,39,Premier League,England,Regular Season - 30,35,Bournemouth,,57,Ipswich,,1,2
1208315,2024,2025-04-02 18:45:00+00:00,1743619500,UTC,FT,Match Finished,90,39,Premier League,England,Regular Season - 30,51,Brighton,,66,Aston Villa,,0,3
1208319,2024,2025-04-02 18:45:00+00:00,1743619500,UTC,FT,Match Finished,90,39,Premier League,England,Regular Season - 30,50,Manchester City,,46,Leicester,,2,0
1208320,2024,2025-04-02 18:45:00+00:00,1743619500,UTC,FT,Match Finished,90,39,Premier League,England,Regular Season - 30,34,Newcastle,,55,Brentford,,2,1
1208321,2024,2025-04-02 18:45:00+00:00,1743619500,UTC,FT,Match Finished,90,39,Premier League,England,Regular Season - 30,41,Southampton,,52,Crystal Palace,,1,1
1208322,2024,2025-04-02 19:00:00+00:00,1743620400,UTC,FT,Match Finished,90,39,Premier League,England,Regular Season - 30,40,Liverpool,,45,Everton,,1,0
1208318,2024,2025-04-03 19:00:00+00:00,1743706800,UTC,FT,Match Finished,90,39,Premier League,England,Regular Season - 30,49,Chelsea,,47,Tottenham,,1,0
1208326,2024,2025-04-05 11:30:00+00:00,1743852600,UTC,FT,Match Finished,90,39,Premier League,England,Regular Season - 31,45,Everton,,42,Arsenal,,1,1
1208325,2024,2025-04-05 14:00:00+00:00,1743861600,UTC,FT,Match Finished,90,39,Premier League,England,Regular Season - 31,52,Crystal Palace,,51,Brighton,,2,1
1208328,2024,2025-04-05 14:00:00+00:00,1743861600,UTC,FT,Match Finished,90,39,Premier League,England,Regular Season - 31,57,Ipswich,,39,Wolves,,1,2
1208332,2024,2025-04-05 14:00:00+00:00,1743861600,UTC,FT,Match Finished,90,39,Premier League,England,Regular Season - 31,48,West Ham,,35,Bournemouth,,2,2
1208323,2024,2025-04-05 16:30:00+00:00,1743870600,UTC,FT,Match Finished,90,39,Premier League,England,Regular Season - 31,66,Aston Villa,,65,Nottingham Forest,,2,1
1208324,2024,2025-04-06 13:00:00+00:00,1743944400,UTC,FT,Match Finished,90,39,Premier League,England,Regular Season - 31,55,Brentford,,49,Chelsea,,0,0
1208327,2024,2025-04-06 13:00:00+00:00,1743944400,UTC,FT,Match Finished,90,39,Premier League,England,Regular Season - 31,36,Fulham,,40,Liverpool,,3,2
1208331,2024,2025-04-06 13:00:00+00:00,1743944400,UTC,FT,Match Finished,90,39,Premier League,England,Regular Season - 31,47,Tottenham,,41,Southampton,,3,1
1208330,2024,2025-04-06 15:30:00+00:00,1743953400,UTC,FT,Match Finished,90,39,Premier League,England,Regular Season - 31,33,Manchester United,,50,Manchester City,,0,0
1208329,2024,2025-04-07 19:00:00+00:00,1744052400,UTC,FT,Match Finished,90,39,Premier League,England,Regular Season - 31,46,Leicester,,34,Newcastle,,0,3
1208338,2024,2025-04-12 11:30:00+00:00,1744457400,UTC,FT,Match Finished,90,39,Premier League,England,Regular Season - 32,50,Manchester City,,52,Crystal Palace,,5,2
1208335,2024,2025-04-12 14:00:00+00:00,1744466400,UTC,FT,Match Finished,90,39,Premier League,England,Regular Season - 32,51,Brighton,,46,Leicester,,2,2
1208340,2024,2025-04-12 14:00:00+00:00,1744466400,UTC,FT,Match Finished,90,39,Premier League,England,Regular Season - 32,65,Nottingham Forest,,45,Everton,,0,1
1208341,2024,2025-04-12 14:00:00+00:00,1744466400,UTC,FT,Match Finished,90,39,Premier League,England,Regular Season - 32,41,Southampton,,66,Aston Villa,,0,3
1208334,2024,2025-04-12 16:30:00+00:00,1744475400,UTC,FT,Match Finished,90,39,Premier League,England,Regular Season - 32,42,Arsenal,,55,Brentford,,1,1
1208336,2024,2025-04-13 13:00:00+00:00,1744549200,UTC,FT,Match Finished,90,39,Premier League,England,Regular Season - 32,49,Chelsea,,57,Ipswich,,2,2
1208337,2024,2025-04-13 13:00:00+00:00,1744549200,UTC,FT,Match Finished,90,39,Premier League,England,Regular Season - 32,40,Liverpool,,48,West Ham,,2,1
1208342,2024,2025-04-13 13:00:00+00:00,1744549200,UTC,FT,Match Finished,90,39,Premier League,England,Regular Season - 32,39,Wolves,,47,Tottenham,,4,2
1208339,2024,2025-04-13 15:30:00+00:00,1744558200,UTC,FT,Match Finished,90,39,Premier League,England,Regular Season - 32,34,Newcastle,,33,Manchester United,,4,1
1208333,2024,2025-04-14 19:00:00+00:00,1744657200,UTC,FT,Match Finished,90,39,Premier League,England,Regular Season - 32,35,Bournemouth,,36,Fulham,,1,0
1208311,2024,2025-04-16 18:30:00+00:00,1744828200,UTC,FT,Match Finished,90,39,Premier League,England,Regular Season - 29,34,Newcastle,,52,Crystal Palace,,5,0
1208344,2024,2025-04-19 14:00:00+00:00,1745071200,UTC,FT,Match Finished,90,39,Premier League,England,Regular Season - 33,55,Brentford,,51,Brighton,,4,2
1208345,2024,2025-04-19 14:00:00+00:00,1745071200,UTC,FT,Match Finished,90,39,Premier League,England,Regular Season - 33,52,Crystal Palace,,35,Bournemouth,,0,0
1208346,2024,2025-04-19 14:00:00+00:00,1745071200,UTC,FT,Match Finished,90,39,Premier League,England,Regular Season - 33,45,Everton,,50,Manchester City,,0,2
1208352,2024,2025-04-19 14:00:00+00:00,1745071200,UTC,FT,Match Finished,90,39,Premier League,England,Regular Season - 33,48,West Ham,,41,Southampton,,1,1
1208343,2024,2025-04-19 16:30:00+00:00,1745080200,UTC,FT,Match Finished,90,39,Premier League,England,Regular Season - 33,66,Aston Villa,,34,Newcastle,,4,1
1208347,2024,2025-04-20 13:00:00+00:00,1745154000,UTC,FT,Match Finished,90,39,Premier League,England,Regular Season - 33,36,Fulham,,49,Chelsea,,1,2
1208348,2024,2025-04-20 13:00:00+00:00,1745154000,UTC,FT,Match Finished,90,39,Premier League,England,Regular Season - 33,57,Ipswich,,42,Arsenal,,0,4
1208350,2024,2025-04-20 13:00:00+00:00,1745154000,UTC,FT,Match Finished,90,39,Premier League,England,Regular Season - 33,33,Manchester United,,39,Wolves,,0,1
1208349,2024,2025-04-20 15:30:00+00:00,1745163000,UTC,FT,Match Finished,90,39,Premier League,England,Regular Season - 33,46,Leicester,,40,Liverpool,,0,1
1208351,2024,2025-04-21 19:00:00+00:00,1745262000,UTC,FT,Match Finished,90,39,Premier League,England,Regular Season - 33,47,Tottenham,,65,Nottingham Forest,,1,2
1208358,2024,2025-04-22 19:00:00+00:00,1745348400,UTC,FT,Match Finished,90,39,Premier League,England,Regular Season - 34,50,Manchester City,,66,Aston Villa,,2,1
1208354,2024,2025-04-23 19:00:00+00:00,1745434800,UTC,FT,Match Finished,90,39,Premier League,England,Regular Season - 34,42,Arsenal,,52,Crystal Palace,,2,2
1208356,2024,2025-04-26 11:30:00+00:00,1745667000,UTC,FT,Match Finished,90,39,Premier League,England,Regular Season - 34,49,Chelsea,,45,Everton,,1,0
1208355,2024,2025-04-26 14:00:00+00:00,1745676000,UTC,FT,Match Finished,90,39,Premier League,England,Regular Season - 34,51,Brighton,,48,West Ham,,3,2
1208359,2024,2025-04-26 14:00:00+00:00,1745676000,UTC,FT,Match Finished,90,39,Premier League,England,Regular Season - 34,34,Newcastle,,57,Ipswich,,3,0
1208361,2024,2025-04-26 14:00:00+00:00,1745676000,UTC,FT,Match Finished,90,39,Premier League,England,Regular Season - 34,41,Southampton,,36,Fulham,,1,2
1208362,2024,2025-04-26 14:00:00+00:00,1745676000,UTC,FT,Match Finished,90,39,Premier League,England,Regular Season - 34,39,Wolves,,46,Leicester,,3,0
1208353,2024,2025-04-27 13:00:00+00:00,1745758800,UTC,FT,Match Finished,90,39,Premier League,England,Regular Season - 34,35,Bournemouth,,33,Manchester United,,1,1
1208357,2024,2025-04-27 15:30:00+00:00,1745767800,UTC,FT,Match Finished,90,39,Premier League,England,Regular Season - 34,40,Liverpool,,47,Tottenham,,5,1
1208360,2024,2025-05-01 18:30:00+00:00,1746124200,UTC,FT,Match Finished,90,39,Premier League,England,Regular Season - 34,65,Nottingham Forest,,55,Brentford,,0,2
1208371,2024,2025-05-02 19:00:00+00:00,1746212400,UTC,FT,Match Finished,90,39,Premier League,England,Regular Season - 35,50,Manchester City,,39,Wolves,,1,0
1208364,2024,2025-05-03 11:30:00+00:00,1746271800,UTC,FT,Match Finished,90,39,Premier League,England,Regular Season - 35,66,Aston Villa,,36,Fulham,,1,0
1208369,2024,2025-05-03 14:00:00+00:00,1746280800,UTC,FT,Match Finished,90,39,Premier League,England,Regular Season - 35,45,Everton,,57,Ipswich,,2,2
1208370,2024,2025-05-03 14:00:00+00:00,1746280800,UTC,FT,Match Finished,90,39,Premier League,England,Regular Season - 35,46,Leicester,,41,Southampton,,2,0
1208363,2024,2025-05-03 16:30:00+00:00,1746289800,UTC,FT,Match Finished,90,39,Premier League,England,Regular Season - 35,42,Arsenal,,35,Bournemouth,,1,2
1208365,2024,2025-05-04 13:00:00+00:00,1746363600,UTC,FT,Match Finished,90,39,Premier League,England,Regular Season - 35,55,Brentford,,33,Manchester United,,4,3
1208366,2024,2025-05-04 13:00:00+00:00,1746363600,UTC,FT,Match Finished,90,39,Premier League,England,Regular Season - 35,51,Brighton,,34,Newcastle,,1,1
1208372,2024,2025-05-04 13:00:00+00:00,1746363600,UTC,FT,Match Finished,90,39,Premier League,England,Regular Season - 35,48,West Ham,,47,Tottenham,,1,1
1208367,2024,2025-05-04 15:30:00+00:00,1746372600,UTC,FT,Match Finished,90,39,Premier League,England,Regular Season - 35,49,Chelsea,,40,Liverpool,,3,1
1208368,2024,2025-05-05 19:00:00+00:00,1746471600,UTC,FT,Match Finished,90,39,Premier League,England,Regular Season - 35,52,Crystal Palace,,65,Nottingham Forest,,1,1
1208374,2024,2025-05-10 14:00:00+00:00,1746885600,UTC,FT,Match Finished,90,39,Premier League,England,Regular Season - 36,36,Fulham,,45,Everton,,1,3
1208375,2024,2025-05-10 14:00:00+00:00,1746885600,UTC,FT,Match Finished,90,39,Premier League,England,Regular Season - 36,57,Ipswich,,55,Brentford,,0,1
1208380,2024,2025-05-10 14:00:00+00:00,1746885600,UTC,FT,Match Finished,90,39,Premier League,England,Regular Season - 36,41,Southampton,,50,Manchester City,,0,0
1208382,2024,2025-05-10 14:00:00+00:00,1746885600,UTC,FT,Match Finished,90,39,Premier League,England,Regular Season - 36,39,Wolves,,51,Brighton,,0,2
1208373,2024,2025-05-10 16:30:00+00:00,1746894600,UTC,FT,Match Finished,90,39,Premier League,England,Regular Season - 36,35,Bournemouth,,66,Aston Villa,,0,1
1208378,2024,2025-05-11 11:00:00+00:00,1746961200,UTC,FT,Match Finished,90,39,Premier League,England,Regular Season - 36,34,Newcastle,,49,Chelsea,,2,0
1208377,2024,2025-05-11 13:15:00+00:00,1746969300,UTC,FT,Match Finished,90,39,Premier League,England,Regular Season - 36,33,Manchester United,,48,West Ham,,0,2
1208379,2024,2025-05-11 13:15:00+00:00,1746969300,UTC,FT,Match Finished,90,39,Premier League,England,Regular Season - 36,65,Nottingham Forest,,46,Leicester,,2,2
1208381,2024,2025-05-11 13:15:00+00:00,1746969300,UTC,FT,Match Finished,90,39,Premier League,England,Regular Season - 36,47,Tottenham,,52,Crystal Palace,,0,2
1208376,2024,2025-05-11 15:30:00+00:00,1746977400,UTC,FT,Match Finished,90,39,Premier League,England,Regular Season - 36,40,Liverpool,,42,Arsenal,,2,2
1208384,2024,2025-05-16 18:30:00+00:00,1747420200,UTC,FT,Match Finished,90,39,Premier League,England,Regular Season - 37,66,Aston Villa,,47,Tottenham,,2,0
1208387,2024,2025-05-16 19:15:00+00:00,1747422900,UTC,FT,Match Finished,90,39,Premier League,England,Regular Season - 37,49,Chelsea,,33,Manchester United,,1,0
1208389,2024,2025-05-18 11:00:00+00:00,1747566000,UTC,FT,Match Finished,90,39,Premier League,England,Regular Season - 37,45,Everton,,41,Southampton,,2,0
1208392,2024,2025-05-18 13:15:00+00:00,1747574100,UTC,FT,Match Finished,90,39,Premier League,England,Regular Season - 37,48,West Ham,,65,Nottingham Forest,,1,2
1208385,2024,2025-05-18 14:00:00+00:00,1747576800,UTC,FT,Match Finished,90,39,Premier League,England,Regular Season - 37,55,Brentford,,36,Fulham,,2,3
1208390,2024,2025-05-18 14:00:00+00:00,1747576800,UTC,FT,Match Finished,90,39,Premier League,England,Regular Season - 37,46,Leicester,,57,Ipswich,,2,0
1208383,2024,2025-05-18 15:30:00+00:00,1747582200,UTC,FT,Match Finished,90,39,Premier League,England,Regular Season - 37,42,Arsenal,,34,Newcastle,,1,0
1208386,2024,2025-05-19 19:00:00+00:00,1747681200,UTC,FT,Match Finished,90,39,Premier League,England,Regular Season - 37,51,Brighton,,40,Liverpool,,3,2
1208388,2024,2025-05-20 19:00:00+00:00,1747767600,UTC,FT,Match Finished,90,39,Premier League,England,Regular Season - 37,52,Crystal Palace,,39,Wolves,,4,2
1208391,2024,2025-05-20 19:00:00+00:00,1747767600,UTC,FT,Match Finished,90,39,Premier League,England,Regular Season - 37,50,Manchester City,,35,Bournemouth,,3,1
1208393,2024,2025-05-25 15:00:00+00:00,1748185200,UTC,FT,Match Finished,90,39,Premier League,England,Regular Season - 38,35,Bournemouth,,46,Leicester,,2,0
1208394,2024,2025-05-25 15:00:00+00:00,1748185200,UTC,FT,Match Finished,90,39,Premier League,England,Regular Season - 38,36,Fulham,,50,Manchester City,,0,2
1208395,2024,2025-05-25 15:00:00+00:00,1748185200,UTC,FT,Match Finished,90,39,Premier League,England,Regular Season - 38,57,Ipswich,,48,West Ham,,1,3
1208396,2024,2025-05-25 15:00:00+00:00,1748185200,UTC,FT,Match Finished,90,39,Premier League,England,Regular Season - 38,40,Liverpool,,52,Crystal Palace,,1,1
1208397,2024,2025-05-25 15:00:00+00:00,1748185200,UTC,FT,Match Finished,90,39,Premier League,England,Regular Season - 38,33,Manchester United,,66,Aston Villa,,2,0
1208398,2024,2025-05-25 15:00:00+00:00,1748185200,UTC,FT,Match Finished,90,39,Premier League,England,Regular Season - 38,34,Newcastle,,45,Everton,,0,1
1208399,2024,2025-05-25 15:00:00+00:00,1748185200,UTC,FT,Match Finished,90,39,Premier League,England,Regular Season - 38,65,Nottingham Forest,,49,Chelsea,,0,1
1208400,2024,2025-05-25 15:00:00+00:00,1748185200,UTC,FT,Match Finished,90,39,Premier League,England,Regular Season - 38,41,Southampton,,42,Arsenal,,1,2
1208401,2024,2025-05-25 15:00:00+00:00,1748185200,UTC,FT,Match Finished,90,39,Premier League,England,Regular Season - 38,47,Tottenham,,51,Brighton,,1,4
1208402,2024,2025-05-25 15:00:00+00:00,1748185200,UTC,FT,Match Finished,90,39,Premier League,England,Regular Season - 38,39,Wolves,,55,Brentford,,1,1
