fixture_id,season,date,home_team_id,home_team_name,away_team_id,away_team_name,home_matches,home_wins,home_draws,home_losses,home_points,home_points_per_match,home_goals_for,home_goals_against,home_goals_for_per_match,home_goals_against_per_match,home_goal_difference,home_home_matches,home_home_wins,home_home_draws,home_home_losses,home_home_goals_for,home_home_goals_against,home_away_matches,home_away_wins,home_away_draws,home_away_losses,home_away_goals_for,home_away_goals_against,home_last10_matches,home_last10_wins,home_last10_draws,home_last10_losses,home_last10_points,home_last10_goals_for,home_last10_goals_against,home_last5_matches,home_last5_wins,home_last5_draws,home_last5_losses,home_last5_points,home_last5_goals_for,home_last5_goals_against,away_matches,away_wins,away_draws,away_losses,away_points,away_points_per_match,away_goals_for,away_goals_against,away_goals_for_per_match,away_goals_against_per_match,away_goal_difference,away_home_matches,away_home_wins,away_home_draws,away_home_losses,away_home_goals_for,away_home_goals_against,away_away_matches,away_away_wins,away_away_draws,away_away_losses,away_away_goals_for,away_away_goals_against,away_last10_matches,away_last10_wins,away_last10_draws,away_last10_losses,away_last10_points,away_last10_goals_for,away_last10_goals_against,away_last5_matches,away_last5_wins,away_last5_draws,away_last5_losses,away_last5_points,away_last5_goals_for,away_last5_goals_against,diff_points_per_match,diff_goals_for_per_match,diff_goals_against_per_match,diff_goal_difference,diff_last5_points,diff_last10_points,diff_last5_goals_for,diff_last10_goals_for,home_prior_matches,away_prior_matches,home_prior_points,away_prior_points,home_goals,away_goals,target,target_label
1035037,2023,2023-08-11 19:00:00+00:00,44,Burnley,50,Manchester City,0,0,0,0,0,0.0,0,0,0.0,0.0,0,0,0,0,0,0,0,0,0,0,0,0,0,0,0,0,0,0,0,0,0,0,0,0,0,0,0,0,0,0,0,0,0.0,0,0,0.0,0.0,0,0,0,0,0,0,0,0,0,0,0,0,0,0,0,0,0,0,0,0,0,0,0,0,0,0,0,0.0,0.0,0.0,0,0,0,0,0,0,0,0,0,0,3,2,away_win
1035038,2023,2023-08-12 11:30:00+00:00,42,Arsenal,65,Nottingham Forest,0,0,0,0,0,0.0,0,0,0.0,0.0,0,0,0,0,0,0,0,0,0,0,0,0,0,0,0,0,0,0,0,0,0,0,0,0,0,0,0,0,0,0,0,0,0.0,0,0,0.0,0.0,0,0,0,0,0,0,0,0,0,0,0,0,0,0,0,0,0,0,0,0,0,0,0,0,0,0,0,0.0,0.0,0.0,0,0,0,0,0,0,0,0,0,2,1,1,home_win
1035039,2023,2023-08-12 14:00:00+00:00,35,Bournemouth,48,West Ham,0,0,0,0,0,0.0,0,0,0.0,0.0,0,0,0,0,0,0,0,0,0,0,0,0,0,0,0,0,0,0,0,0,0,0,0,0,0,0,0,0,0,0,0,0,0.0,0,0,0.0,0.0,0,0,0,0,0,0,0,0,0,0,0,0,0,0,0,0,0,0,0,0,0,0,0,0,0,0,0,0.0,0.0,0.0,0,0,0,0,0,0,0,0,0,1,1,0,draw
1035040,2023,2023-08-12 14:00:00+00:00,51,Brighton,1359,Luton,0,0,0,0,0,0.0,0,0,0.0,0.0,0,0,0,0,0,0,0,0,0,0,0,0,0,0,0,0,0,0,0,0,0,0,0,0,0,0,0,0,0,0,0,0,0.0,0,0,0.0,0.0,0,0,0,0,0,0,0,0,0,0,0,0,0,0,0,0,0,0,0,0,0,0,0,0,0,0,0,0.0,0.0,0.0,0,0,0,0,0,0,0,0,0,4,1,1,home_win
1035041,2023,2023-08-12 14:00:00+00:00,45,Everton,36,Fulham,0,0,0,0,0,0.0,0,0,0.0,0.0,0,0,0,0,0,0,0,0,0,0,0,0,0,0,0,0,0,0,0,0,0,0,0,0,0,0,0,0,0,0,0,0,0.0,0,0,0.0,0.0,0,0,0,0,0,0,0,0,0,0,0,0,0,0,0,0,0,0,0,0,0,0,0,0,0,0,0,0.0,0.0,0.0,0,0,0,0,0,0,0,0,0,0,1,2,away_win
1035042,2023,2023-08-12 14:00:00+00:00,62,Sheffield Utd,52,Crystal Palace,0,0,0,0,0,0.0,0,0,0.0,0.0,0,0,0,0,0,0,0,0,0,0,0,0,0,0,0,0,0,0,0,0,0,0,0,0,0,0,0,0,0,0,0,0,0.0,0,0,0.0,0.0,0,0,0,0,0,0,0,0,0,0,0,0,0,0,0,0,0,0,0,0,0,0,0,0,0,0,0,0.0,0.0,0.0,0,0,0,0,0,0,0,0,0,0,1,2,away_win
1035043,2023,2023-08-12 16:30:00+00:00,34,Newcastle,66,Aston Villa,0,0,0,0,0,0.0,0,0,0.0,0.0,0,0,0,0,0,0,0,0,0,0,0,0,0,0,0,0,0,0,0,0,0,0,0,0,0,0,0,0,0,0,0,0,0.0,0,0,0.0,0.0,0,0,0,0,0,0,0,0,0,0,0,0,0,0,0,0,0,0,0,0,0,0,0,0,0,0,0,0.0,0.0,0.0,0,0,0,0,0,0,0,0,0,5,1,1,home_win
1035044,2023,2023-08-13 13:00:00+00:00,55,Brentford,47,Tottenham,0,0,0,0,0,0.0,0,0,0.0,0.0,0,0,0,0,0,0,0,0,0,0,0,0,0,0,0,0,0,0,0,0,0,0,0,0,0,0,0,0,0,0,0,0,0.0,0,0,0.0,0.0,0,0,0,0,0,0,0,0,0,0,0,0,0,0,0,0,0,0,0,0,0,0,0,0,0,0,0,0.0,0.0,0.0,0,0,0,0,0,0,0,0,0,2,2,0,draw
1035045,2023,2023-08-13 15:30:00+00:00,49,Chelsea,40,Liverpool,0,0,0,0,0,0.0,0,0,0.0,0.0,0,0,0,0,0,0,0,0,0,0,0,0,0,0,0,0,0,0,0,0,0,0,0,0,0,0,0,0,0,0,0,0,0.0,0,0,0.0,0.0,0,0,0,0,0,0,0,0,0,0,0,0,0,0,0,0,0,0,0,0,0,0,0,0,0,0,0,0.0,0.0,0.0,0,0,0,0,0,0,0,0,0,1,1,0,draw
1035046,2023,2023-08-14 19:00:00+00:00,33,Manchester United,39,Wolves,0,0,0,0,0,0.0,0,0,0.0,0.0,0,0,0,0,0,0,0,0,0,0,0,0,0,0,0,0,0,0,0,0,0,0,0,0,0,0,0,0,0,0,0,0,0.0,0,0,0.0,0.0,0,0,0,0,0,0,0,0,0,0,0,0,0,0,0,0,0,0,0,0,0,0,0,0,0,0,0,0.0,0.0,0.0,0,0,0,0,0,0,0,0,0,1,0,1,home_win
1035053,2023,2023-08-18 18:45:00+00:00,65,Nottingham Forest,62,Sheffield Utd,1,0,0,1,0,0.0,1,2,1.0,2.0,-1,0,0,0,0,0,0,1,0,0,1,1,2,1,0,0,1,0,1,2,1,0,0,1,0,1,2,1,0,0,1,0,0.0,0,1,0.0,1.0,-1,1,0,0,1,0,1,0,0,0,0,0,0,1,0,0,1,0,0,1,1,0,0,1,0,0,1,0.0,1.0,1.0,0,0,0,1,1,1,1,0,0,2,1,1,home_win
1035049,2023,2023-08-19 14:00:00+00:00,36,Fulham,55,Brentford,1,1,0,0,3,3.0,1,0,1.0,0.0,1,0,0,0,0,0,0,1,1,0,0,1,0,1,1,0,0,3,1,0,1,1,0,0,3,1,0,1,0,1,0,1,1.0,2,2,2.0,2.0,0,1,0,1,0,2,2,0,0,0,0,0,0,1,0,1,0,1,2,2,1,0,1,0,1,2,2,2.0,-1.0,-2.0,1,2,2,-1,-1,1,1,3,1,0,3,2,away_win
1035050,2023,2023-08-19 14:00:00+00:00,40,Liverpool,35,Bournemouth,1,0,1,0,1,1.0,1,1,1.0,1.0,0,0,0,0,0,0,0,1,0,1,0,1,1,1,0,1,0,1,1,1,1,0,1,0,1,1,1,1,0,1,0,1,1.0,1,1,1.0,1.0,0,1,0,1,0,1,1,0,0,0,0,0,0,1,0,1,0,1,1,1,1,0,1,0,1,1,1,0.0,0.0,0.0,0,0,0,0,0,1,1,1,1,3,1,1,home_win
1035056,2023,2023-08-19 14:00:00+00:00,39,Wolves,51,Brighton,1,0,0,1,0,0.0,0,1,0.0,1.0,-1,0,0,0,0,0,0,1,0,0,1,0,1,1,0,0,1,0,0,1,1,0,0,1,0,0,1,1,1,0,0,3,3.0,4,1,4.0,1.0,3,1,1,0,0,4,1,0,0,0,0,0,0,1,1,0,0,3,4,1,1,1,0,0,3,4,1,-3.0,-4.0,0.0,-4,-3,-3,-4,-4,1,1,0,3,1,4,2,away_win
1035054,2023,2023-08-19 16:30:00+00:00,47,Tottenham,33,Manchester United,1,0,1,0,1,1.0,2,2,2.0,2.0,0,0,0,0,0,0,0,1,0,1,0,2,2,1,0,1,0,1,2,2,1,0,1,0,1,2,2,1,1,0,0,3,3.0,1,0,1.0,0.0,1,1,1,0,0,1,0,0,0,0,0,0,0,1,1,0,0,3,1,0,1,1,0,0,3,1,0,-2.0,1.0,2.0,-1,-2,-2,1,1,1,1,1,3,2,0,1,home_win
1035052,2023,2023-08-19 19:00:00+00:00,50,Manchester City,34,Newcastle,1,1,0,0,3,3.0,3,0,3.0,0.0,3,0,0,0,0,0,0,1,1,0,0,3,0,1,1,0,0,3,3,0,1,1,0,0,3,3,0,1,1,0,0,3,3.0,5,1,5.0,1.0,4,1,1,0,0,5,1,0,0,0,0,0,0,1,1,0,0,3,5,1,1,1,0,0,3,5,1,0.0,-2.0,-1.0,-1,0,0,-2,-2,1,1,3,3,1,0,1,home_win
1035047,2023,2023-08-20 13:00:00+00:00,66,Aston Villa,45,Everton,1,0,0,1,0,0.0,1,5,1.0,5.0,-4,0,0,0,0,0,0,1,0,0,1,1,5,1,0,0,1,0,1,5,1,0,0,1,0,1,5,1,0,0,1,0,0.0,0,1,0.0,1.0,-1,1,0,0,1,0,1,0,0,0,0,0,0,1,0,0,1,0,0,1,1,0,0,1,0,0,1,0.0,1.0,4.0,-3,0,0,1,1,1,1,0,0,4,0,1,home_win
1035055,2023,2023-08-20 15:30:00+00:00,48,West Ham,49,Chelsea,1,0,1,0,1,1.0,1,1,1.0,1.0,0,0,0,0,0,0,0,1,0,1,0,1,1,1,0,1,0,1,1,1,1,0,1,0,1,1,1,1,0,1,0,1,1.0,1,1,1.0,1.0,0,1,0,1,0,1,1,0,0,0,0,0,0,1,0,1,0,1,1,1,1,0,1,0,1,1,1,0.0,0.0,0.0,0,0,0,0,0,1,1,1,1,3,1,1,home_win
1035048,2023,2023-08-21 19:00:00+00:00,52,Crystal Palace,42,Arsenal,1,1,0,0,3,3.0,1,0,1.0,0.0,1,0,0,0,0,0,0,1,1,0,0,1,0,1,1,0,0,3,1,0,1,1,0,0,3,1,0,1,1,0,0,3,3.0,2,1,2.0,1.0,1,1,1,0,0,2,1,0,0,0,0,0,0,1,1,0,0,3,2,1,1,1,0,0,3,2,1,0.0,-1.0,-1.0,0,0,0,-1,-1,1,1,3,3,0,1,2,away_win
1035062,2023,2023-08-25 19:00:00+00:00,49,Chelsea,1359,Luton,2,0,1,1,1,0.5,2,4,1.0,2.0,-2,1,0,1,0,1,1,1,0,0,1,1,3,2,0,1,1,1,2,4,2,0,1,1,1,2,4,1,0,0,1,0,0.0,1,4,1.0,4.0,-3,0,0,0,0,0,0,1,0,0,1,1,4,1,0,0,1,0,1,4,1,0,0,1,0,1,4,0.5,0.0,-2.0,1,1,1,1,1,2,1,1,0,3,0,1,home_win
1035057,2023,2023-08-26 11:30:00+00:00,35,Bournemouth,47,Tottenham,2,0,1,1,1,0.5,2,4,1.0,2.0,-2,1,0,1,0,1,1,1,0,0,1,1,3,2,0,1,1,1,2,4,2,0,1,1,1,2,4,2,1,1,0,4,2.0,4,2,2.0,1.0,2,1,1,0,0,2,0,1,0,1,0,2,2,2,1,1,0,4,4,2,2,1,1,0,4,4,2,-1.5,-1.0,1.0,-4,-3,-3,-2,-2,2,2,1,4,0,2,2,away_win
1035058,2023,2023-08-26 14:00:00+00:00,42,Arsenal,36,Fulham,2,2,0,0,6,3.0,3,1,1.5,0.5,2,1,1,0,0,2,1,1,1,0,0,1,0,2,2,0,0,6,3,1,2,2,0,0,6,3,1,2,1,0,1,3,1.5,1,3,0.5,1.5,-2,1,0,0,1,0,3,1,1,0,0,1,0,2,1,0,1,3,1,3,2,1,0,1,3,1,3,1.5,1.0,-1.0,4,3,3,2,2,2,2,6,3,2,2,0,draw
1035059,2023,2023-08-26 14:00:00+00:00,55,Brentford,52,Crystal Palace,2,1,1,0,4,2.0,5,2,2.5,1.0,3,1,0,1,0,2,2,1,1,0,0,3,0,2,1,1,0,4,5,2,2,1,1,0,4,5,2,2,1,0,1,3,1.5,1,1,0.5,0.5,0,1,0,0,1,0,1,1,1,0,0,1,0,2,1,0,1,3,1,1,2,1,0,1,3,1,1,0.5,2.0,0.5,3,1,1,4,4,2,2,4,3,1,1,0,draw
1035063,2023,2023-08-26 14:00:00+00:00,45,Everton,39,Wolves,2,0,0,2,0,0.0,0,5,0.0,2.5,-5,1,0,0,1,0,1,1,0,0,1,0,4,2,0,0,2,0,0,5,2,0,0,2,0,0,5,2,0,0,2,0,0.0,1,5,0.5,2.5,-4,1,0,0,1,1,4,1,0,0,1,0,1,2,0,0,2,0,1,5,2,0,0,2,0,1,5,0.0,-0.5,0.0,-1,0,0,-1,-1,2,2,0,0,0,1,2,away_win
1035064,2023,2023-08-26 14:00:00+00:00,33,Manchester United,65,Nottingham Forest,2,1,0,1,3,1.5,1,2,0.5,1.0,-1,1,1,0,0,1,0,1,0,0,1,0,2,2,1,0,1,3,1,2,2,1,0,1,3,1,2,2,1,0,1,3,1.5,3,3,1.5,1.5,0,1,1,0,0,2,1,1,0,0,1,1,2,2,1,0,1,3,3,3,2,1,0,1,3,3,3,0.0,-1.0,-0.5,-1,0,0,-2,-2,2,2,3,3,3,2,1,home_win
1035060,2023,2023-08-26 16:30:00+00:00,51,Brighton,48,West Ham,2,2,0,0,6,3.0,8,2,4.0,1.0,6,1,1,0,0,4,1,1,1,0,0,4,1,2,2,0,0,6,8,2,2,2,0,0,6,8,2,2,1,1,0,4,2.0,4,2,2.0,1.0,2,1,1,0,0,3,1,1,0,1,0,1,1,2,1,1,0,4,4,2,2,1,1,0,4,4,2,1.0,2.0,0.0,4,2,2,4,4,2,2,6,4,1,3,2,away_win
1035061,2023,2023-08-27 13:00:00+00:00,44,Burnley,66,Aston Villa,1,0,0,1,0,0.0,0,3,0.0,3.0,-3,1,0,0,1,0,3,0,0,0,0,0,0,1,0,0,1,0,0,3,1,0,0,1,0,0,3,2,1,0,1,3,1.5,5,5,2.5,2.5,0,1,1,0,0,4,0,1,0,0,1,1,5,2,1,0,1,3,5,5,2,1,0,1,3,5,5,-1.5,-2.5,0.5,-3,-3,-3,-5,-5,1,2,0,3,1,3,2,away_win
1035066,2023,2023-08-27 13:00:00+00:00,62,Sheffield Utd,50,Manchester City,2,0,0,2,0,0.0,1,3,0.5,1.5,-2,1,0,0,1,0,1,1,0,0,1,1,2,2,0,0,2,0,1,3,2,0,0,2,0,1,3,2,2,0,0,6,3.0,4,0,2.0,0.0,4,1,1,0,0,1,0,1,1,0,0,3,0,2,2,0,0,6,4,0,2,2,0,0,6,4,0,-3.0,-1.5,1.5,-6,-6,-6,-3,-3,2,2,0,6,1,2,2,away_win
1035065,2023,2023-08-27 15:30:00+00:00,34,Newcastle,40,Liverpool,2,1,0,1,3,1.5,5,2,2.5,1.0,3,1,1,0,0,5,1,1,0,0,1,0,1,2,1,0,1,3,5,2,2,1,0,1,3,5,2,2,1,1,0,4,2.0,4,2,2.0,1.0,2,1,1,0,0,3,1,1,0,1,0,1,1,2,1,1,0,4,4,2,2,1,1,0,4,4,2,-0.5,0.5,0.0,1,-1,-1,1,1,2,2,3,4,1,2,2,away_win
1035074,2023,2023-09-01 19:00:00+00:00,1359,Luton,48,West Ham,2,0,0,2,0,0.0,1,7,0.5,3.5,-6,0,0,0,0,0,0,2,0,0,2,1,7,2,0,0,2,0,1,7,2,0,0,2,0,1,7,3,2,1,0,7,2.3333333333333335,7,3,2.3333333333333335,1.0,4,1,1,0,0,3,1,2,1,1,0,4,2,3,2,1,0,7,7,3,3,2,1,0,7,7,3,-2.3333333333333335,-1.8333333333333335,2.5,-10,-7,-7,-6,-6,2,3,0,7,1,2,2,away_win
1035076,2023,2023-09-02 11:30:00+00:00,62,Sheffield Utd,45,Everton,3,0,0,3,0,0.0,2,5,0.6666666666666666,1.6666666666666667,-3,2,0,0,2,1,3,1,0,0,1,1,2,3,0,0,3,0,2,5,3,0,0,3,0,2,5,3,0,0,3,0,0.0,0,6,0.0,2.0,-6,2,0,0,2,0,2,1,0,0,1,0,4,3,0,0,3,0,0,6,3,0,0,3,0,0,6,0.0,0.6666666666666666,-0.33333333333333326,3,0,0,2,2,3,3,0,0,2,2,0,draw
1035068,2023,2023-09-02 14:00:00+00:00,55,Brentford,35,Bournemouth,3,1,2,0,5,1.6666666666666667,6,3,2.0,1.0,3,2,0,2,0,3,3,1,1,0,0,3,0,3,1,2,0,5,6,3,3,1,2,0,5,6,3,3,0,1,2,1,0.3333333333333333,2,6,0.6666666666666666,2.0,-4,2,0,1,1,1,3,1,0,0,1,1,3,3,0,1,2,1,2,6,3,0,1,2,1,2,6,1.3333333333333335,1.3333333333333335,-1.0,7,4,4,4,4,3,3,5,1,2,2,0,draw
1035070,2023,2023-09-02 14:00:00+00:00,44,Burnley,47,Tottenham,2,0,0,2,0,0.0,1,6,0.5,3.0,-5,2,0,0,2,1,6,0,0,0,0,0,0,2,0,0,2,0,1,6,2,0,0,2,0,1,6,3,2,1,0,7,2.3333333333333335,6,2,2.0,0.6666666666666666,4,1,1,0,0,2,0,2,1,1,0,4,2,3,2,1,0,7,6,2,3,2,1,0,7,6,2,-2.3333333333333335,-1.5,2.3333333333333335,-9,-7,-7,-5,-5,2,3,0,7,2,5,2,away_win
1035071,2023,2023-09-02 14:00:00+00:00,49,Chelsea,65,Nottingham Forest,3,1,1,1,4,1.3333333333333333,5,4,1.6666666666666667,1.3333333333333333,1,2,1,1,0,4,1,1,0,0,1,1,3,3,1,1,1,4,5,4,3,1,1,1,4,5,4,3,1,0,2,3,1.0,5,6,1.6666666666666667,2.0,-1,1,1,0,0,2,1,2,0,0,2,3,5,3,1,0,2,3,5,6,3,1,0,2,3,5,6,0.33333333333333326,0.0,-0.6666666666666667,2,1,1,0,0,3,3,4,3,0,1,2,away_win
1035075,2023,2023-09-02 14:00:00+00:00,50,Manchester City,36,Fulham,3,3,0,0,9,3.0,6,1,2.0,0.3333333333333333,5,1,1,0,0,1,0,2,2,0,0,5,1,3,3,0,0,9,6,1,3,3,0,0,9,6,1,3,1,1,1,4,1.3333333333333333,3,5,1.0,1.6666666666666667,-2,1,0,0,1,0,3,2,1,1,0,3,2,3,1,1,1,4,3,5,3,1,1,1,4,3,5,1.6666666666666667,1.0,-1.3333333333333335,7,5,5,3,3,3,3,9,4,5,1,1,home_win
1035069,2023,2023-09-02 16:30:00+00:00,51,Brighton,34,Newcastle,3,2,0,1,6,2.0,9,5,3.0,1.6666666666666667,4,2,1,0,1,5,4,1,1,0,0,4,1,3,2,0,1,6,9,5,3,2,0,1,6,9,5,3,1,0,2,3,1.0,6,4,2.0,1.3333333333333333,2,2,1,0,1,6,3,1,0,0,1,0,1,3,1,0,2,3,6,4,3,1,0,2,3,6,4,1.0,1.0,0.3333333333333335,2,3,3,3,3,3,3,6,3,3,1,1,home_win
1035072,2023,2023-09-03 13:00:00+00:00,52,Crystal Palace,39,Wolves,3,1,1,1,4,1.3333333333333333,2,2,0.6666666666666666,0.6666666666666666,0,1,0,0,1,0,1,2,1,1,0,2,1,3,1,1,1,4,2,2,3,1,1,1,4,2,2,3,1,0,2,3,1.0,2,5,0.6666666666666666,1.6666666666666667,-3,1,0,0,1,1,4,2,1,0,1,1,1,3,1,0,2,3,2,5,3,1,0,2,3,2,5,0.33333333333333326,0.0,-1.0,3,1,1,0,0,3,3,4,3,3,2,1,home_win
1035073,2023,2023-09-03 13:00:00+00:00,40,Liverpool,66,Aston Villa,3,2,1,0,7,2.3333333333333335,6,3,2.0,1.0,3,1,1,0,0,3,1,2,1,1,0,3,2,3,2,1,0,7,6,3,3,2,1,0,7,6,3,3,2,0,1,6,2.0,8,6,2.6666666666666665,2.0,2,1,1,0,0,4,0,2,1,0,1,4,6,3,2,0,1,6,8,6,3,2,0,1,6,8,6,0.3333333333333335,-0.6666666666666665,-1.0,1,1,1,-2,-2,3,3,7,6,3,0,1,home_win
1035067,2023,2023-09-03 15:30:00+00:00,42,Arsenal,33,Manchester United,3,2,1,0,7,2.3333333333333335,5,3,1.6666666666666667,1.0,2,2,1,1,0,4,3,1,1,0,0,1,0,3,2,1,0,7,5,3,3,2,1,0,7,5,3,3,2,0,1,6,2.0,4,4,1.3333333333333333,1.3333333333333333,0,2,2,0,0,4,2,1,0,0,1,0,2,3,2,0,1,6,4,4,3,2,0,1,6,4,4,0.3333333333333335,0.3333333333333335,-0.33333333333333326,2,1,1,1,1,3,3,7,6,3,1,1,home_win
1035086,2023,2023-09-16 11:30:00+00:00,39,Wolves,40,Liverpool,4,1,0,3,3,0.75,4,8,1.0,2.0,-4,1,0,0,1,1,4,3,1,0,2,3,4,4,1,0,3,3,4,8,4,1,0,3,3,4,8,4,3,1,0,10,2.5,9,3,2.25,0.75,6,2,2,0,0,6,1,2,1,1,0,3,2,4,3,1,0,10,9,3,4,3,1,0,10,9,3,-1.75,-1.25,1.25,-10,-7,-7,-5,-5,4,4,3,10,1,3,2,away_win
1035078,2023,2023-09-16 14:00:00+00:00,66,Aston Villa,52,Crystal Palace,4,2,0,2,6,1.5,8,9,2.0,2.25,-1,1,1,0,0,4,0,3,1,0,2,4,9,4,2,0,2,6,8,9,4,2,0,2,6,8,9,4,2,1,1,7,1.75,5,4,1.25,1.0,1,2,1,0,1,3,3,2,1,1,0,2,1,4,2,1,1,7,5,4,4,2,1,1,7,5,4,-0.25,0.75,1.25,-2,-1,-1,3,3,4,4,6,7,3,1,1,home_win
1035080,2023,2023-09-16 14:00:00+00:00,36,Fulham,1359,Luton,4,1,1,2,4,1.0,4,10,1.0,2.5,-6,1,0,0,1,0,3,3,1,1,1,4,7,4,1,1,2,4,4,10,4,1,1,2,4,4,10,3,0,0,3,0,0.0,2,9,0.6666666666666666,3.0,-7,1,0,0,1,1,2,2,0,0,2,1,7,3,0,0,3,0,2,9,3,0,0,3,0,2,9,1.0,0.33333333333333337,-0.5,1,4,4,2,2,4,3,4,0,1,0,1,home_win
1035081,2023,2023-09-16 14:00:00+00:00,33,Manchester United,51,Brighton,4,2,0,2,6,1.5,5,7,1.25,1.75,-2,2,2,0,0,4,2,2,0,0,2,1,5,4,2,0,2,6,5,7,4,2,0,2,6,5,7,4,3,0,1,9,2.25,12,6,3.0,1.5,6,3,2,0,1,8,5,1,1,0,0,4,1,4,3,0,1,9,12,6,4,3,0,1,9,12,6,-0.75,-1.75,0.25,-8,-3,-3,-7,-7,4,4,6,9,1,3,2,away_win
1035084,2023,2023-09-16 14:00:00+00:00,47,Tottenham,62,Sheffield Utd,4,3,1,0,10,2.5,11,4,2.75,1.0,7,1,1,0,0,2,0,3,2,1,0,9,4,4,3,1,0,10,11,4,4,3,1,0,10,11,4,4,0,1,3,1,0.25,4,7,1.0,1.75,-3,3,0,1,2,3,5,1,0,0,1,1,2,4,0,1,3,1,4,7,4,0,1,3,1,4,7,2.25,1.75,-0.75,10,9,9,7,7,4,4,10,1,2,1,1,home_win
1035085,2023,2023-09-16 14:00:00+00:00,48,West Ham,50,Manchester City,4,3,1,0,10,2.5,9,4,2.25,1.0,5,1,1,0,0,3,1,3,2,1,0,6,3,4,3,1,0,10,9,4,4,3,1,0,10,9,4,4,4,0,0,12,3.0,11,2,2.75,0.5,9,2,2,0,0,6,1,2,2,0,0,5,1,4,4,0,0,12,11,2,4,4,0,0,12,11,2,-0.5,-0.5,0.5,-4,-2,-2,-2,-2,4,4,10,12,1,3,2,away_win
1035082,2023,2023-09-16 16:30:00+00:00,34,Newcastle,55,Brentford,4,1,0,3,3,0.75,7,7,1.75,1.75,0,2,1,0,1,6,3,2,0,0,2,1,4,4,1,0,3,3,7,7,4,1,0,3,3,7,7,4,1,3,0,6,1.5,8,5,2.0,1.25,3,3,0,3,0,5,5,1,1,0,0,3,0,4,1,3,0,6,8,5,4,1,3,0,6,8,5,-0.75,-0.25,0.5,-3,-3,-3,-1,-1,4,4,3,6,1,0,1,home_win
1035077,2023,2023-09-17 13:00:00+00:00,35,Bournemouth,49,Chelsea,4,0,2,2,2,0.5,4,8,1.0,2.0,-4,2,0,1,1,1,3,2,0,1,1,3,5,4,0,2,2,2,4,8,4,0,2,2,2,4,8,4,1,1,2,4,1.0,5,5,1.25,1.25,0,3,1,1,1,4,2,1,0,0,1,1,3,4,1,1,2,4,5,5,4,1,1,2,4,5,5,-0.5,-0.25,0.75,-4,-2,-2,-1,-1,4,4,2,4,0,0,0,draw
1035079,2023,2023-09-17 15:30:00+00:00,45,Everton,42,Arsenal,4,0,1,3,1,0.25,2,8,0.5,2.0,-6,2,0,0,2,0,2,2,0,1,1,2,6,4,0,1,3,1,2,8,4,0,1,3,1,2,8,4,3,1,0,10,2.5,8,4,2.0,1.0,4,3,2,1,0,7,4,1,1,0,0,1,0,4,3,1,0,10,8,4,4,3,1,0,10,8,4,-2.25,-1.5,1.0,-10,-9,-9,-6,-6,4,4,1,10,0,1,2,away_win
1035083,2023,2023-09-18 18:45:00+00:00,65,Nottingham Forest,44,Burnley,4,2,0,2,6,1.5,6,6,1.5,1.5,0,1,1,0,0,2,1,3,1,0,2,4,5,4,2,0,2,6,6,6,4,2,0,2,6,6,6,3,0,0,3,0,0.0,3,11,1.0,3.6666666666666665,-8,3,0,0,3,3,11,0,0,0,0,0,0,3,0,0,3,0,3,11,3,0,0,3,0,3,11,1.5,0.5,-2.1666666666666665,8,6,6,3,3,4,3,6,0,1,1,0,draw
1035092,2023,2023-09-23 14:00:00+00:00,52,Crystal Palace,36,Fulham,5,2,1,2,7,1.4,6,7,1.2,1.4,-1,2,1,0,1,3,3,3,1,1,1,3,4,5,2,1,2,7,6,7,5,2,1,2,7,6,7,5,2,1,2,7,1.4,5,10,1.0,2.0,-5,2,1,0,1,1,3,3,1,1,1,4,7,5,2,1,2,7,5,10,5,2,1,2,7,5,10,0.0,0.19999999999999996,-0.6000000000000001,4,0,0,1,1,5,5,7,7,0,0,0,draw
1035094,2023,2023-09-23 14:00:00+00:00,1359,Luton,39,Wolves,4,0,0,4,0,0.0,2,10,0.5,2.5,-8,1,0,0,1,1,2,3,0,0,3,1,8,4,0,0,4,0,2,10,4,0,0,4,0,2,10,5,1,0,4,3,0.6,5,11,1.0,2.2,-6,2,0,0,2,2,7,3,1,0,2,3,4,5,1,0,4,3,5,11,5,1,0,4,3,5,11,-0.6,-0.5,0.2999999999999998,-2,-3,-3,-3,-3,4,5,0,3,1,1,0,draw
1035095,2023,2023-09-23 14:00:00+00:00,50,Manchester City,65,Nottingham Forest,5,5,0,0,15,3.0,14,3,2.8,0.6,11,2,2,0,0,6,1,3,3,0,0,8,2,5,5,0,0,15,14,3,5,5,0,0,15,14,3,5,2,1,2,7,1.4,7,7,1.4,1.4,0,2,1,1,0,3,2,3,1,0,2,4,5,5,2,1,2,7,7,7,5,2,1,2,7,7,7,1.6,1.4,-0.7999999999999999,11,8,8,7,7,5,5,15,7,2,0,1,home_win
1035088,2023,2023-09-23 16:30:00+00:00,55,Brentford,45,Everton,5,1,3,1,6,1.2,8,6,1.6,1.2,2,3,0,3,0,5,5,2,1,0,1,3,1,5,1,3,1,6,8,6,5,1,3,1,6,8,6,5,0,1,4,1,0.2,2,9,0.4,1.8,-7,3,0,0,3,0,3,2,0,1,1,2,6,5,0,1,4,1,2,9,5,0,1,4,1,2,9,1.0,1.2000000000000002,-0.6000000000000001,9,5,5,6,6,5,5,6,1,1,3,2,away_win
1035090,2023,2023-09-23 19:00:00+00:00,44,Burnley,33,Manchester United,4,0,1,3,1,0.25,4,12,1.0,3.0,-8,3,0,0,3,3,11,1,0,1,0,1,1,4,0,1,3,1,4,12,4,0,1,3,1,4,12,5,2,0,3,6,1.2,6,10,1.2,2.0,-4,3,2,0,1,5,5,2,0,0,2,1,5,5,2,0,3,6,6,10,5,2,0,3,6,6,10,-0.95,-0.19999999999999996,1.0,-4,-5,-5,-2,-2,4,5,1,6,0,1,2,away_win
1035087,2023,2023-09-24 13:00:00+00:00,42,Arsenal,47,Tottenham,5,4,1,0,13,2.6,9,4,1.8,0.8,5,3,2,1,0,7,4,2,2,0,0,2,0,5,4,1,0,13,9,4,5,4,1,0,13,9,4,5,4,1,0,13,2.6,13,5,2.6,1.0,8,2,2,0,0,4,1,3,2,1,0,9,4,5,4,1,0,13,13,5,5,4,1,0,13,13,5,0.0,-0.8,-0.19999999999999996,-3,0,0,-4,-4,5,5,13,13,2,2,0,draw
1035089,2023,2023-09-24 13:00:00+00:00,51,Brighton,35,Bournemouth,5,4,0,1,12,2.4,15,7,3.0,1.4,8,3,2,0,1,8,5,2,2,0,0,7,2,5,4,0,1,12,15,7,5,4,0,1,12,15,7,5,0,3,2,3,0.6,4,8,0.8,1.6,-4,3,0,2,1,1,3,2,0,1,1,3,5,5,0,3,2,3,4,8,5,0,3,2,3,4,8,1.7999999999999998,2.2,-0.20000000000000018,12,9,9,11,11,5,5,12,3,3,1,1,home_win
1035091,2023,2023-09-24 13:00:00+00:00,49,Chelsea,66,Aston Villa,5,1,2,2,5,1.0,5,5,1.0,1.0,0,3,1,1,1,4,2,2,0,1,1,1,3,5,1,2,2,5,5,5,5,1,2,2,5,5,5,5,3,0,2,9,1.8,11,10,2.2,2.0,1,2,2,0,0,7,1,3,1,0,2,4,9,5,3,0,2,9,11,10,5,3,0,2,9,11,10,-0.8,-1.2000000000000002,-1.0,-1,-4,-4,-6,-6,5,5,5,9,0,1,2,away_win
1035093,2023,2023-09-24 13:00:00+00:00,40,Liverpool,48,West Ham,5,4,1,0,13,2.6,12,4,2.4,0.8,8,2,2,0,0,6,1,3,2,1,0,6,3,5,4,1,0,13,12,4,5,4,1,0,13,12,4,5,3,1,1,10,2.0,10,7,2.0,1.4,3,2,1,0,1,4,4,3,2,1,0,6,3,5,3,1,1,10,10,7,5,3,1,1,10,10,7,0.6000000000000001,0.3999999999999999,-0.5999999999999999,5,3,3,2,2,5,5,13,10,3,1,1,home_win
1035096,2023,2023-09-24 15:30:00+00:00,62,Sheffield Utd,34,Newcastle,5,0,1,4,1,0.2,5,9,1.0,1.8,-4,3,0,1,2,3,5,2,0,0,2,2,4,5,0,1,4,1,5,9,5,0,1,4,1,5,9,5,2,0,3,6,1.2,8,7,1.6,1.4,1,3,2,0,1,7,3,2,0,0,2,1,4,5,2,0,3,6,8,7,5,2,0,3,6,8,7,-1.0,-0.6000000000000001,0.40000000000000013,-5,-5,-5,-3,-3,5,5,1,6,0,8,2,away_win
1035098,2023,2023-09-30 11:30:00+00:00,66,Aston Villa,51,Brighton,6,4,0,2,12,2.0,12,10,2.0,1.6666666666666667,2,2,2,0,0,7,1,4,2,0,2,5,9,6,4,0,2,12,12,10,5,4,0,1,12,11,5,6,5,0,1,15,2.5,18,8,3.0,1.3333333333333333,10,4,3,0,1,11,6,2,2,0,0,7,2,6,5,0,1,15,18,8,5,4,0,1,12,14,7,-0.5,-1.0,0.3333333333333335,-8,0,-3,-3,-6,6,6,12,15,6,1,1,home_win
1035097,2023,2023-09-30 14:00:00+00:00,35,Bournemouth,42,Arsenal,6,0,3,3,3,0.5,5,11,0.8333333333333334,1.8333333333333333,-6,3,0,2,1,1,3,3,0,1,2,4,8,6,0,3,3,3,5,11,5,0,2,3,2,4,10,6,4,2,0,14,2.3333333333333335,11,6,1.8333333333333333,1.0,5,4,2,2,0,9,6,2,2,0,0,2,0,6,4,2,0,14,11,6,5,3,2,0,11,9,5,-1.8333333333333335,-0.9999999999999999,0.8333333333333333,-11,-9,-11,-5,-6,6,6,3,14,0,4,2,away_win
1035099,2023,2023-09-30 14:00:00+00:00,45,Everton,1359,Luton,6,1,1,4,4,0.6666666666666666,5,10,0.8333333333333334,1.6666666666666667,-5,3,0,0,3,0,3,3,1,1,1,5,7,6,1,1,4,4,5,10,5,1,1,3,4,5,9,5,0,1,4,1,0.2,3,11,0.6,2.2,-8,2,0,1,1,2,3,3,0,0,3,1,8,5,0,1,4,1,3,11,5,0,1,4,1,3,11,0.4666666666666666,0.2333333333333334,-0.5333333333333334,3,3,3,2,2,6,5,4,1,1,2,2,away_win
1035101,2023,2023-09-30 14:00:00+00:00,33,Manchester United,52,Crystal Palace,6,3,0,3,9,1.5,7,10,1.1666666666666667,1.6666666666666667,-3,3,2,0,1,5,5,3,1,0,2,2,5,6,3,0,3,9,7,10,5,2,0,3,6,6,10,6,2,2,2,8,1.3333333333333333,6,7,1.0,1.1666666666666667,-1,3,1,1,1,3,3,3,1,1,1,3,4,6,2,2,2,8,6,7,5,1,2,2,5,5,7,0.16666666666666674,0.16666666666666674,0.5,-2,1,1,1,1,6,6,9,8,0,1,2,away_win
1035102,2023,2023-09-30 14:00:00+00:00,34,Newcastle,44,Burnley,6,3,0,3,9,1.5,16,7,2.6666666666666665,1.1666666666666667,9,3,2,0,1,7,3,3,1,0,2,9,4,6,3,0,3,9,16,7,5,2,0,3,6,11,6,5,0,1,4,1,0.2,4,13,0.8,2.6,-9,4,0,0,4,3,12,1,0,1,0,1,1,5,0,1,4,1,4,13,5,0,1,4,1,4,13,1.3,1.8666666666666665,-1.4333333333333333,18,5,8,7,12,6,5,9,1,2,0,1,home_win
1035105,2023,2023-09-30 14:00:00+00:00,48,West Ham,62,Sheffield Utd,6,3,1,2,10,1.6666666666666667,11,10,1.8333333333333333,1.6666666666666667,1,2,1,0,1,4,4,4,2,1,1,7,6,6,3,1,2,10,11,10,5,3,0,2,9,10,9,6,0,1,5,1,0.16666666666666666,5,17,0.8333333333333334,2.8333333333333335,-12,4,0,1,3,3,13,2,0,0,2,2,4,6,0,1,5,1,5,17,5,0,1,4,1,5,16,1.5,0.9999999999999999,-1.1666666666666667,13,8,9,5,6,6,6,10,1,2,0,1,home_win
1035106,2023,2023-09-30 14:00:00+00:00,39,Wolves,50,Manchester City,6,1,1,4,4,0.6666666666666666,6,12,1.0,2.0,-6,2,0,0,2,2,7,4,1,1,2,4,5,6,1,1,4,4,6,12,5,1,1,3,4,6,11,6,6,0,0,18,3.0,16,3,2.6666666666666665,0.5,13,3,3,0,0,8,1,3,3,0,0,8,2,6,6,0,0,18,16,3,5,5,0,0,15,13,3,-2.3333333333333335,-1.6666666666666665,1.5,-19,-11,-14,-7,-10,6,6,4,18,2,1,1,home_win
1035104,2023,2023-09-30 16:30:00+00:00,47,Tottenham,40,Liverpool,6,4,2,0,14,2.3333333333333335,15,7,2.5,1.1666666666666667,8,2,2,0,0,4,1,4,2,2,0,11,6,6,4,2,0,14,15,7,5,4,1,0,13,13,5,6,5,1,0,16,2.6666666666666665,15,5,2.5,0.8333333333333334,10,3,3,0,0,9,2,3,2,1,0,6,3,6,5,1,0,16,15,5,5,5,0,0,15,14,4,-0.33333333333333304,0.0,0.33333333333333337,-2,-2,-2,-1,0,6,6,14,16,2,1,1,home_win
1035103,2023,2023-10-01 13:00:00+00:00,65,Nottingham Forest,55,Brentford,6,2,1,3,7,1.1666666666666667,7,9,1.1666666666666667,1.5,-2,2,1,1,0,3,2,4,1,0,3,4,7,6,2,1,3,7,7,9,5,2,1,2,7,6,7,6,1,3,2,6,1.0,9,9,1.5,1.5,0,4,0,3,1,6,8,2,1,0,1,3,1,6,1,3,2,6,9,9,5,1,2,2,5,7,7,0.16666666666666674,-0.33333333333333326,0.0,-2,2,1,-1,-2,6,6,7,6,1,1,0,draw
1035100,2023,2023-10-02 19:00:00+00:00,36,Fulham,49,Chelsea,6,2,2,2,8,1.3333333333333333,5,10,0.8333333333333334,1.6666666666666667,-5,2,1,0,1,1,3,4,1,2,1,4,7,6,2,2,2,8,5,10,5,1,2,2,5,4,10,6,1,2,3,5,0.8333333333333334,5,6,0.8333333333333334,1.0,-1,4,1,1,2,4,3,2,0,1,1,1,3,6,1,2,3,5,5,6,5,1,1,3,4,4,5,0.4999999999999999,0.0,0.6666666666666667,-4,1,3,0,0,6,6,8,5,0,2,2,away_win
1035051,2023,2023-10-03 18:30:00+00:00,1359,Luton,44,Burnley,6,1,1,4,4,0.6666666666666666,5,12,0.8333333333333334,2.0,-7,2,0,1,1,2,3,4,1,0,3,3,9,6,1,1,4,4,5,12,5,1,1,3,4,4,8,6,0,1,5,1,0.16666666666666666,4,15,0.6666666666666666,2.5,-11,4,0,0,4,3,12,2,0,1,1,1,3,6,0,1,5,1,4,15,5,0,1,4,1,4,12,0.5,0.16666666666666674,-0.5,4,3,3,0,1,6,6,4,1,1,2,2,away_win
1035113,2023,2023-10-07 11:30:00+00:00,1359,Luton,47,Tottenham,7,1,1,5,4,0.5714285714285714,6,14,0.8571428571428571,2.0,-8,3,0,1,2,3,5,4,1,0,3,3,9,7,1,1,5,4,6,14,5,1,1,3,4,5,7,7,5,2,0,17,2.4285714285714284,17,8,2.4285714285714284,1.1428571428571428,9,3,3,0,0,6,2,4,2,2,0,11,6,7,5,2,0,17,17,8,5,4,1,0,13,13,6,-1.857142857142857,-1.5714285714285712,0.8571428571428572,-17,-9,-13,-8,-11,7,7,4,17,0,1,2,away_win
1035109,2023,2023-10-07 14:00:00+00:00,44,Burnley,49,Chelsea,7,1,1,5,4,0.5714285714285714,6,16,0.8571428571428571,2.2857142857142856,-10,4,0,0,4,3,12,3,1,1,1,3,4,7,1,1,5,4,6,16,5,1,1,3,4,5,10,7,2,2,3,8,1.1428571428571428,7,6,1.0,0.8571428571428571,1,4,1,1,2,4,3,3,1,1,1,3,3,7,2,2,3,8,7,6,5,2,1,2,7,5,2,-0.5714285714285714,-0.1428571428571429,1.4285714285714284,-11,-3,-4,0,-1,7,7,4,8,1,4,2,away_win
1035111,2023,2023-10-07 14:00:00+00:00,45,Everton,35,Bournemouth,7,1,1,5,4,0.5714285714285714,6,12,0.8571428571428571,1.7142857142857142,-6,4,0,0,4,1,5,3,1,1,1,5,7,7,1,1,5,4,6,12,5,1,1,3,4,6,7,7,0,3,4,3,0.42857142857142855,5,15,0.7142857142857143,2.142857142857143,-10,4,0,2,2,1,7,3,0,1,2,4,8,7,0,3,4,3,5,15,5,0,2,3,2,3,11,0.14285714285714285,0.1428571428571428,-0.4285714285714286,4,2,1,3,1,7,7,4,3,3,0,1,home_win
1035112,2023,2023-10-07 14:00:00+00:00,36,Fulham,62,Sheffield Utd,7,2,2,3,8,1.1428571428571428,5,12,0.7142857142857143,1.7142857142857142,-7,3,1,0,2,1,5,4,1,2,1,4,7,7,2,2,3,8,5,12,5,1,2,2,5,4,9,7,0,1,6,1,0.14285714285714285,5,19,0.7142857142857143,2.7142857142857144,-14,4,0,1,3,3,13,3,0,0,3,2,6,7,0,1,6,1,5,19,5,0,1,4,1,4,16,1.0,0.0,-1.0000000000000002,7,4,7,0,0,7,7,8,1,3,1,1,home_win
1035114,2023,2023-10-07 14:00:00+00:00,33,Manchester United,55,Brentford,7,3,0,4,9,1.2857142857142858,7,11,1.0,1.5714285714285714,-4,4,2,0,2,5,6,3,1,0,2,2,5,7,3,0,4,9,7,11,5,2,0,3,6,6,9,7,1,4,2,7,1.0,10,10,1.4285714285714286,1.4285714285714286,0,4,0,3,1,6,8,3,1,1,1,4,2,7,1,4,2,7,10,10,5,0,3,2,3,5,8,0.2857142857142858,-0.4285714285714286,0.1428571428571428,-4,3,2,1,-3,7,7,9,7,2,1,1,home_win
1035110,2023,2023-10-07 16:30:00+00:00,52,Crystal Palace,65,Nottingham Forest,7,3,2,2,11,1.5714285714285714,7,7,1.0,1.0,0,3,1,1,1,3,3,4,2,1,1,4,4,7,3,2,2,11,7,7,5,2,2,1,8,6,6,7,2,2,3,8,1.1428571428571428,8,10,1.1428571428571428,1.4285714285714286,-2,3,1,2,0,4,3,4,1,0,3,4,7,7,2,2,3,8,8,10,5,1,2,2,5,5,7,0.4285714285714286,-0.1428571428571428,-0.4285714285714286,2,3,3,1,-1,7,7,11,8,0,0,0,draw
1035108,2023,2023-10-08 13:00:00+00:00,51,Brighton,40,Liverpool,7,5,0,2,15,2.142857142857143,19,14,2.7142857142857144,2.0,5,4,3,0,1,11,6,3,2,0,1,8,8,7,5,0,2,15,19,14,5,3,0,2,9,11,12,7,5,1,1,16,2.2857142857142856,16,7,2.2857142857142856,1.0,9,3,3,0,0,9,2,4,2,1,1,7,5,7,5,1,1,16,16,7,5,4,0,1,12,12,5,-0.1428571428571428,0.4285714285714288,1.0,-4,-3,-1,-1,3,7,7,15,16,2,2,0,draw
1035115,2023,2023-10-08 13:00:00+00:00,48,West Ham,34,Newcastle,7,4,1,2,13,1.8571428571428572,13,10,1.8571428571428572,1.4285714285714286,3,3,2,0,1,6,4,4,2,1,1,7,6,7,4,1,2,13,13,10,5,3,0,2,9,9,8,7,4,0,3,12,1.7142857142857142,18,7,2.5714285714285716,1.0,11,4,3,0,1,9,3,3,1,0,2,9,4,7,4,0,3,12,18,7,5,3,0,2,9,13,5,0.14285714285714302,-0.7142857142857144,0.4285714285714286,-8,0,1,-4,-5,7,7,13,12,2,2,0,draw
1035116,2023,2023-10-08 13:00:00+00:00,39,Wolves,66,Aston Villa,7,2,1,4,7,1.0,8,13,1.1428571428571428,1.8571428571428572,-5,3,1,0,2,4,8,4,1,1,2,4,5,7,2,1,4,7,8,13,5,2,1,2,7,7,8,7,5,0,2,15,2.142857142857143,18,11,2.5714285714285716,1.5714285714285714,7,3,3,0,0,13,2,4,2,0,2,5,9,7,5,0,2,15,18,11,5,4,0,1,12,13,6,-1.1428571428571428,-1.4285714285714288,0.2857142857142858,-12,-5,-8,-6,-10,7,7,7,15,1,1,0,draw
1035107,2023,2023-10-08 15:30:00+00:00,42,Arsenal,50,Manchester City,7,5,2,0,17,2.4285714285714284,15,6,2.142857142857143,0.8571428571428571,9,4,2,2,0,9,6,3,3,0,0,6,0,7,5,2,0,17,15,6,5,3,2,0,11,12,5,7,6,0,1,18,2.5714285714285716,17,5,2.4285714285714284,0.7142857142857143,12,3,3,0,0,8,1,4,3,0,1,9,4,7,6,0,1,18,17,5,5,4,0,1,12,13,5,-0.14285714285714324,-0.2857142857142856,0.1428571428571428,-3,-1,-1,-1,-2,7,7,17,18,1,0,1,home_win
1035121,2023,2023-10-21 11:30:00+00:00,40,Liverpool,45,Everton,8,5,2,1,17,2.125,18,9,2.25,1.125,9,3,3,0,0,9,2,5,2,2,1,9,7,8,5,2,1,17,18,9,5,3,1,1,10,12,6,8,2,1,5,7,0.875,9,12,1.125,1.5,-3,5,1,0,4,4,5,3,1,1,1,5,7,8,2,1,5,7,9,12,5,2,1,2,7,9,6,1.25,1.125,-0.375,12,3,10,3,9,8,8,17,7,2,0,1,home_win
1035117,2023,2023-10-21 14:00:00+00:00,35,Bournemouth,39,Wolves,8,0,3,5,3,0.375,5,18,0.625,2.25,-13,4,0,2,2,1,7,4,0,1,3,4,11,8,0,3,5,3,5,18,5,0,2,3,2,3,12,8,2,2,4,8,1.0,9,14,1.125,1.75,-5,4,1,1,2,5,9,4,1,1,2,4,5,8,2,2,4,8,9,14,5,1,2,2,5,7,9,-0.625,-0.5,0.5,-8,-3,-5,-4,-4,8,8,3,8,1,2,2,away_win
1035119,2023,2023-10-21 14:00:00+00:00,55,Brentford,44,Burnley,8,1,4,3,7,0.875,11,12,1.375,1.5,-1,4,0,3,1,6,8,4,1,1,2,5,4,8,1,4,3,7,11,12,5,0,2,3,2,5,9,8,1,1,6,4,0.5,7,20,0.875,2.5,-13,5,0,0,5,4,16,3,1,1,1,3,4,8,1,1,6,4,7,20,5,1,1,3,4,4,9,0.375,0.5,-1.0,12,-2,3,1,4,8,8,7,4,3,0,1,home_win
1035122,2023,2023-10-21 14:00:00+00:00,50,Manchester City,51,Brighton,8,6,0,2,18,2.25,17,6,2.125,0.75,11,3,3,0,0,8,1,5,3,0,2,9,5,8,6,0,2,18,17,6,5,3,0,2,9,11,5,8,5,1,2,16,2.0,21,16,2.625,2.0,5,5,3,1,1,13,8,3,2,0,1,8,8,8,5,1,2,16,21,16,5,3,1,1,10,12,11,0.25,-0.5,-1.25,6,-1,2,-1,-4,8,8,18,16,2,1,1,home_win
1035123,2023,2023-10-21 14:00:00+00:00,34,Newcastle,52,Crystal Palace,8,4,1,3,13,1.625,20,9,2.5,1.125,11,4,3,0,1,9,3,4,1,1,2,11,6,8,4,1,3,13,20,9,5,3,1,1,10,14,5,8,3,3,2,12,1.5,7,7,0.875,0.875,0,4,1,2,1,3,3,4,2,1,1,4,4,8,3,3,2,12,7,7,5,2,2,1,8,5,5,0.125,1.625,0.25,11,2,1,9,13,8,8,13,12,4,0,1,home_win
1035124,2023,2023-10-21 14:00:00+00:00,65,Nottingham Forest,1359,Luton,8,2,3,3,9,1.125,8,10,1.0,1.25,-2,3,1,2,0,4,3,5,1,1,3,4,7,8,2,3,3,9,8,10,5,1,3,1,6,3,4,8,1,1,6,4,0.5,6,15,0.75,1.875,-9,4,0,1,3,3,6,4,1,0,3,3,9,8,1,1,6,4,6,15,5,1,1,3,4,4,6,0.625,0.25,-0.625,7,2,5,-1,2,8,8,9,4,2,2,0,draw
1035120,2023,2023-10-21 16:30:00+00:00,49,Chelsea,42,Arsenal,8,3,2,3,11,1.375,11,7,1.375,0.875,4,4,1,1,2,4,3,4,2,1,1,7,4,8,3,2,3,11,11,7,5,2,1,2,7,6,3,8,6,2,0,20,2.5,16,6,2.0,0.75,10,5,3,2,0,10,6,3,3,0,0,6,0,8,6,2,0,20,16,6,5,4,1,0,13,11,3,-1.125,-0.625,0.125,-6,-6,-9,-5,-5,8,8,11,20,2,2,0,draw
1035125,2023,2023-10-21 19:00:00+00:00,62,Sheffield Utd,33,Manchester United,8,0,1,7,1,0.125,6,22,0.75,2.75,-16,4,0,1,3,3,13,4,0,0,4,3,9,8,0,1,7,1,6,22,5,0,1,4,1,4,17,8,4,0,4,12,1.5,9,12,1.125,1.5,-3,5,3,0,2,7,7,3,1,0,2,2,5,8,4,0,4,12,9,12,5,2,0,3,6,5,8,-1.375,-0.375,1.25,-13,-5,-11,-1,-3,8,8,1,12,1,2,2,away_win
1035118,2023,2023-10-22 15:30:00+00:00,66,Aston Villa,48,West Ham,8,5,1,2,16,2.0,19,12,2.375,1.5,7,3,3,0,0,13,2,5,2,1,2,6,10,8,5,1,2,16,19,12,5,3,1,1,10,11,6,8,4,2,2,14,1.75,15,12,1.875,1.5,3,4,2,1,1,8,6,4,2,1,1,7,6,8,4,2,2,14,15,12,5,2,1,2,7,8,9,0.25,0.5,0.0,4,3,2,3,4,8,8,16,14,4,1,1,home_win
1035126,2023,2023-10-23 19:00:00+00:00,47,Tottenham,36,Fulham,8,6,2,0,20,2.5,18,8,2.25,1.0,10,3,3,0,0,6,2,5,3,2,0,12,6,8,6,2,0,20,18,8,5,4,1,0,13,12,6,8,3,2,3,11,1.375,8,13,1.0,1.625,-5,4,2,0,2,4,6,4,1,2,1,4,7,8,3,2,3,11,8,13,5,2,1,2,7,5,8,1.125,1.25,-0.625,15,6,9,7,10,8,8,20,11,2,0,1,home_win
1035132,2023,2023-10-27 19:00:00+00:00,52,Crystal Palace,47,Tottenham,9,3,3,3,12,1.3333333333333333,7,11,0.7777777777777778,1.2222222222222223,-4,4,1,2,1,3,3,5,2,1,2,4,8,9,3,3,3,12,7,11,5,1,2,2,5,2,7,9,7,2,0,23,2.5555555555555554,20,8,2.2222222222222223,0.8888888888888888,12,4,4,0,0,8,2,5,3,2,0,12,6,9,7,2,0,23,20,8,5,4,1,0,13,9,4,-1.222222222222222,-1.4444444444444446,0.3333333333333335,-16,-8,-11,-7,-13,9,9,12,23,1,2,2,away_win
1035131,2023,2023-10-28 11:30:00+00:00,49,Chelsea,55,Brentford,9,3,3,3,12,1.3333333333333333,13,9,1.4444444444444444,1.0,4,5,1,2,2,6,5,4,2,1,1,7,4,9,3,3,3,12,13,9,5,2,2,1,8,8,4,9,2,4,3,10,1.1111111111111112,14,12,1.5555555555555556,1.3333333333333333,2,5,1,3,1,9,8,4,1,1,2,5,4,9,2,4,3,10,14,12,5,1,1,3,4,6,7,0.2222222222222221,-0.11111111111111116,-0.33333333333333326,2,4,2,2,-1,9,9,12,10,0,2,2,away_win
1035127,2023,2023-10-28 14:00:00+00:00,35,Bournemouth,44,Burnley,9,0,3,6,3,0.3333333333333333,6,20,0.6666666666666666,2.2222222222222223,-14,5,0,2,3,2,9,4,0,1,3,4,11,9,0,3,6,3,6,20,5,0,1,4,1,2,12,9,1,1,7,4,0.4444444444444444,7,23,0.7777777777777778,2.5555555555555554,-16,5,0,0,5,4,16,4,1,1,2,3,7,9,1,1,7,4,7,23,5,1,0,4,3,3,11,-0.1111111111111111,-0.11111111111111116,-0.33333333333333304,2,-2,-1,-1,-1,9,9,3,4,2,1,1,home_win
1035128,2023,2023-10-28 14:00:00+00:00,42,Arsenal,62,Sheffield Utd,9,6,3,0,21,2.3333333333333335,18,8,2.0,0.8888888888888888,10,5,3,2,0,10,6,4,3,1,0,8,2,9,6,3,0,21,18,8,5,3,2,0,11,10,4,9,0,1,8,1,0.1111111111111111,7,24,0.7777777777777778,2.6666666666666665,-17,5,0,1,4,4,15,4,0,0,4,3,9,9,0,1,8,1,7,24,5,0,0,5,0,3,17,2.2222222222222223,1.2222222222222223,-1.7777777777777777,27,11,20,7,11,9,9,21,1,5,0,1,home_win
1035136,2023,2023-10-28 16:30:00+00:00,39,Wolves,34,Newcastle,9,3,2,4,11,1.2222222222222223,11,15,1.2222222222222223,1.6666666666666667,-4,4,1,1,2,5,9,5,2,1,2,6,6,9,3,2,4,11,11,15,5,2,2,1,8,7,7,9,5,1,3,16,1.7777777777777777,24,9,2.6666666666666665,1.0,15,5,4,0,1,13,3,4,1,1,2,11,6,9,5,1,3,16,24,9,5,4,1,0,13,17,2,-0.5555555555555554,-1.4444444444444442,0.6666666666666667,-19,-5,-5,-10,-13,9,9,11,16,2,2,0,draw
1035135,2023,2023-10-29 13:00:00+00:00,48,West Ham,45,Everton,9,4,2,3,14,1.5555555555555556,16,16,1.7777777777777777,1.7777777777777777,0,4,2,1,1,8,6,5,2,1,2,8,10,9,4,2,3,14,16,16,5,1,1,3,4,7,12,9,2,1,6,7,0.7777777777777778,9,14,1.0,1.5555555555555556,-5,5,1,0,4,4,5,4,1,1,2,5,9,9,2,1,6,7,9,14,5,2,0,3,6,7,6,0.7777777777777778,0.7777777777777777,0.2222222222222221,5,-2,7,0,7,9,9,14,7,0,1,2,away_win
1035129,2023,2023-10-29 14:00:00+00:00,66,Aston Villa,1359,Luton,9,6,1,2,19,2.111111111111111,23,13,2.5555555555555554,1.4444444444444444,10,4,4,0,0,17,3,5,2,1,2,6,10,9,6,1,2,19,23,13,5,4,1,0,13,15,4,9,1,2,6,5,0.5555555555555556,8,17,0.8888888888888888,1.8888888888888888,-9,4,0,1,3,3,6,5,1,1,3,5,11,9,1,2,6,5,8,17,5,1,2,2,5,6,7,1.5555555555555556,1.6666666666666665,-0.4444444444444444,19,8,14,9,15,9,9,19,5,3,1,1,home_win
1035130,2023,2023-10-29 14:00:00+00:00,51,Brighton,36,Fulham,9,5,1,3,16,1.7777777777777777,22,18,2.4444444444444446,2.0,4,5,3,1,1,13,8,4,2,0,2,9,10,9,5,1,3,16,22,18,5,2,1,2,7,10,12,9,3,2,4,11,1.2222222222222223,8,15,0.8888888888888888,1.6666666666666667,-7,4,2,0,2,4,6,5,1,2,2,4,9,9,3,2,4,11,8,15,5,2,1,2,7,4,5,0.5555555555555554,1.5555555555555558,0.33333333333333326,11,0,5,6,14,9,9,16,11,1,1,0,draw
1035133,2023,2023-10-29 14:00:00+00:00,40,Liverpool,65,Nottingham Forest,9,6,2,1,20,2.2222222222222223,20,9,2.2222222222222223,1.0,11,4,4,0,0,11,2,5,2,2,1,9,7,9,6,2,1,20,20,9,5,3,1,1,10,11,6,9,2,4,3,10,1.1111111111111112,10,12,1.1111111111111112,1.3333333333333333,-2,4,1,3,0,6,5,5,1,1,3,4,7,9,2,4,3,10,10,12,5,0,4,1,4,4,6,1.1111111111111112,1.1111111111111112,-0.33333333333333326,13,6,10,7,10,9,9,20,10,3,0,1,home_win
1035134,2023,2023-10-29 15:30:00+00:00,33,Manchester United,50,Manchester City,9,5,0,4,15,1.6666666666666667,11,13,1.2222222222222223,1.4444444444444444,-2,5,3,0,2,7,7,4,2,0,2,4,6,9,5,0,4,15,11,13,5,3,0,2,9,6,6,9,7,0,2,21,2.3333333333333335,19,7,2.111111111111111,0.7777777777777778,12,4,4,0,0,10,2,5,3,0,2,9,5,9,7,0,2,21,19,7,5,3,0,2,9,8,5,-0.6666666666666667,-0.8888888888888888,0.6666666666666666,-14,0,-6,-2,-8,9,9,15,21,0,3,2,away_win
1035140,2023,2023-11-04 12:30:00+00:00,36,Fulham,33,Manchester United,10,3,3,4,12,1.2,9,16,0.9,1.6,-7,4,2,0,2,4,6,6,1,3,2,5,10,10,3,3,4,12,9,16,5,1,2,2,5,4,6,10,5,0,5,15,1.5,11,16,1.1,1.6,-5,6,3,0,3,7,10,4,2,0,2,4,6,10,5,0,5,15,11,16,5,3,0,2,9,5,6,-0.30000000000000004,-0.20000000000000007,0.0,-2,-4,-3,-1,-2,10,10,12,15,0,1,2,away_win
1035137,2023,2023-11-04 15:00:00+00:00,55,Brentford,48,West Ham,10,3,4,3,13,1.3,16,12,1.6,1.2,4,5,1,3,1,9,8,5,2,1,2,7,4,10,3,4,3,13,16,12,5,2,1,2,7,8,6,10,4,2,4,14,1.4,16,17,1.6,1.7,-1,5,2,1,2,8,7,5,2,1,2,8,10,10,4,2,4,14,16,17,5,1,1,3,4,6,10,-0.09999999999999987,0.0,-0.5,5,3,-1,2,0,10,10,13,14,3,2,1,home_win
1035138,2023,2023-11-04 15:00:00+00:00,44,Burnley,52,Crystal Palace,10,1,1,8,4,0.4,8,25,0.8,2.5,-17,5,0,0,5,4,16,5,1,1,3,4,9,10,1,1,8,4,8,25,5,1,0,4,3,4,12,10,3,3,4,12,1.2,8,13,0.8,1.3,-5,5,1,2,2,4,5,5,2,1,2,4,8,10,3,3,4,12,8,13,5,1,2,2,5,2,6,-0.7999999999999999,0.0,1.2,-12,-2,-8,2,0,10,10,4,12,0,2,2,away_win
1035139,2023,2023-11-04 15:00:00+00:00,45,Everton,51,Brighton,10,3,1,6,10,1.0,10,14,1.0,1.4,-4,5,1,0,4,4,5,5,2,1,2,6,9,10,3,1,6,10,10,14,5,3,0,2,9,8,5,10,5,2,3,17,1.7,23,19,2.3,1.9,4,6,3,2,1,14,9,4,2,0,2,9,10,10,5,2,3,17,23,19,5,1,2,2,5,8,12,-0.7,-1.2999999999999998,-0.5,-8,4,-7,0,-13,10,10,10,17,1,1,0,draw
1035142,2023,2023-11-04 15:00:00+00:00,50,Manchester City,35,Bournemouth,10,8,0,2,24,2.4,22,7,2.2,0.7,15,4,4,0,0,10,2,6,4,0,2,12,5,10,8,0,2,24,22,7,5,3,0,2,9,8,4,10,1,3,6,6,0.6,8,21,0.8,2.1,-13,6,1,2,3,4,10,4,0,1,3,4,11,10,1,3,6,6,8,21,5,1,0,4,3,4,13,1.7999999999999998,1.4000000000000001,-1.4000000000000001,28,6,18,4,14,10,10,24,6,6,1,1,home_win
1035145,2023,2023-11-04 15:00:00+00:00,62,Sheffield Utd,39,Wolves,10,0,1,9,1,0.1,7,29,0.7,2.9,-22,5,0,1,4,4,15,5,0,0,5,3,14,10,0,1,9,1,7,29,5,0,0,5,0,2,20,10,3,3,4,12,1.2,13,17,1.3,1.7,-4,5,1,2,2,7,11,5,2,1,2,6,6,10,3,3,4,12,13,17,5,2,3,0,9,8,6,-1.0999999999999999,-0.6000000000000001,1.2,-18,-9,-11,-6,-6,10,10,1,12,2,1,1,home_win
1035143,2023,2023-11-04 17:30:00+00:00,34,Newcastle,42,Arsenal,10,5,2,3,17,1.7,26,11,2.6,1.1,15,5,4,0,1,13,3,5,1,2,2,13,8,10,5,2,3,17,26,11,5,3,2,0,11,18,4,10,7,3,0,24,2.4,23,8,2.3,0.8,15,6,4,2,0,15,6,4,3,1,0,8,2,10,7,3,0,24,23,8,5,3,2,0,11,14,4,-0.7,0.30000000000000027,0.30000000000000004,0,0,-7,4,3,10,10,17,24,1,0,1,home_win
1035144,2023,2023-11-05 14:00:00+00:00,65,Nottingham Forest,66,Aston Villa,10,2,4,4,10,1.0,10,15,1.0,1.5,-5,4,1,3,0,6,5,6,1,1,4,4,10,10,2,4,4,10,10,15,5,0,3,2,3,3,8,10,7,1,2,22,2.2,26,14,2.6,1.4,12,5,5,0,0,20,4,5,2,1,2,6,10,10,7,1,2,22,26,14,5,4,1,0,13,15,4,-1.2000000000000002,-1.6,0.10000000000000009,-17,-10,-12,-12,-16,10,10,10,22,2,0,1,home_win
1035141,2023,2023-11-05 16:30:00+00:00,1359,Luton,40,Liverpool,10,1,2,7,5,0.5,9,20,0.9,2.0,-11,4,0,1,3,3,6,6,1,1,4,6,14,10,1,2,7,5,9,20,5,1,1,3,4,6,9,10,7,2,1,23,2.3,23,9,2.3,0.9,14,5,5,0,0,14,2,5,2,2,1,9,7,10,7,2,1,23,23,9,5,3,1,1,10,11,5,-1.7999999999999998,-1.4,1.1,-25,-6,-18,-5,-14,10,10,5,23,1,1,0,draw
1035146,2023,2023-11-06 20:00:00+00:00,47,Tottenham,49,Chelsea,10,8,2,0,26,2.6,22,9,2.2,0.9,13,4,4,0,0,8,2,6,4,2,0,14,7,10,8,2,0,26,22,9,5,4,1,0,13,9,4,10,3,3,4,12,1.2,13,11,1.3,1.1,2,6,1,2,3,6,7,4,2,1,1,7,4,10,3,3,4,12,13,11,5,2,1,2,7,8,6,1.4000000000000001,0.9000000000000001,-0.20000000000000007,11,6,14,1,9,10,10,26,12,1,4,2,away_win
1035156,2023,2023-11-11 12:30:00+00:00,39,Wolves,47,Tottenham,11,3,3,5,12,1.0909090909090908,14,19,1.2727272727272727,1.7272727272727273,-5,5,1,2,2,7,11,6,2,1,3,7,8,10,3,3,4,12,14,18,5,2,2,1,8,8,7,11,8,2,1,26,2.3636363636363638,23,13,2.090909090909091,1.1818181818181819,10,5,4,0,1,9,6,6,4,2,0,14,7,10,8,1,1,25,21,11,5,4,0,1,12,8,6,-1.272727272727273,-0.8181818181818181,0.5454545454545454,-15,-4,-13,0,-7,11,11,12,26,2,1,1,home_win
1035148,2023,2023-11-11 15:00:00+00:00,42,Arsenal,44,Burnley,11,7,3,1,24,2.1818181818181817,23,9,2.090909090909091,0.8181818181818182,14,6,4,2,0,15,6,5,3,1,1,8,3,10,6,3,1,21,21,8,5,3,1,1,10,12,3,11,1,1,9,4,0.36363636363636365,8,27,0.7272727272727273,2.4545454545454546,-19,6,0,0,6,4,18,5,1,1,3,4,9,10,1,1,8,4,8,24,5,1,0,4,3,4,12,1.818181818181818,1.3636363636363635,-1.6363636363636362,33,7,17,8,13,11,11,24,4,3,1,1,home_win
1035152,2023,2023-11-11 15:00:00+00:00,52,Crystal Palace,45,Everton,11,4,3,4,15,1.3636363636363635,10,13,0.9090909090909091,1.1818181818181819,-3,5,1,2,2,4,5,6,3,1,2,6,8,10,3,3,4,12,9,13,5,2,1,2,7,4,6,11,3,2,6,11,1.0,11,15,1.0,1.3636363636363635,-4,6,1,1,4,5,6,5,2,1,2,6,9,10,3,2,5,11,11,14,5,2,1,2,7,6,5,0.36363636363636354,-0.09090909090909094,-0.18181818181818166,1,0,1,-2,-2,11,11,15,11,2,3,2,away_win
1035154,2023,2023-11-11 15:00:00+00:00,33,Manchester United,1359,Luton,11,6,0,5,18,1.6363636363636365,12,16,1.0909090909090908,1.4545454545454546,-4,6,3,0,3,7,10,5,3,0,2,5,6,10,5,0,5,15,11,16,5,3,0,2,9,5,6,11,1,3,7,6,0.5454545454545454,10,21,0.9090909090909091,1.9090909090909092,-11,5,0,2,3,4,7,6,1,1,4,6,14,10,1,3,6,6,9,17,5,0,2,3,2,5,9,1.090909090909091,0.18181818181818177,-0.4545454545454546,7,7,9,0,2,11,11,18,6,1,0,1,home_win
1035147,2023,2023-11-11 17:30:00+00:00,35,Bournemouth,34,Newcastle,11,1,3,7,6,0.5454545454545454,9,27,0.8181818181818182,2.4545454545454546,-18,6,1,2,3,4,10,5,0,1,4,5,17,10,1,2,7,5,8,26,5,1,0,4,3,4,16,11,6,2,3,20,1.8181818181818181,27,11,2.4545454545454546,1.0,16,6,5,0,1,14,3,5,1,2,2,13,8,10,5,2,3,17,22,10,5,3,2,0,11,11,4,-1.2727272727272727,-1.6363636363636362,1.4545454545454546,-34,-8,-12,-7,-14,11,11,6,20,2,0,1,home_win
1035149,2023,2023-11-12 14:00:00+00:00,66,Aston Villa,36,Fulham,11,7,1,3,22,2.0,26,16,2.3636363636363638,1.4545454545454546,10,5,5,0,0,20,4,6,2,1,3,6,12,10,7,1,2,22,25,11,5,3,1,1,10,14,6,11,3,3,5,12,1.0909090909090908,9,17,0.8181818181818182,1.5454545454545454,-8,5,2,0,3,4,7,6,1,3,2,5,10,10,2,3,5,9,8,17,5,1,1,3,4,4,7,0.9090909090909092,1.5454545454545454,-0.09090909090909083,18,6,13,10,17,11,11,22,12,3,1,1,home_win
1035150,2023,2023-11-12 14:00:00+00:00,51,Brighton,62,Sheffield Utd,11,5,3,3,18,1.6363636363636365,24,20,2.1818181818181817,1.8181818181818181,4,6,3,2,1,14,9,5,2,1,2,10,11,10,4,3,3,15,20,19,5,0,3,2,3,6,12,11,1,1,9,4,0.36363636363636365,9,30,0.8181818181818182,2.727272727272727,-21,6,1,1,4,6,16,5,0,0,5,3,14,10,1,1,8,4,9,29,5,1,0,4,3,4,13,1.272727272727273,1.3636363636363633,-0.909090909090909,25,0,11,2,11,11,11,18,4,1,1,0,draw
1035153,2023,2023-11-12 14:00:00+00:00,40,Liverpool,55,Brentford,11,7,3,1,24,2.1818181818181817,24,10,2.1818181818181817,0.9090909090909091,14,5,5,0,0,14,2,6,2,3,1,10,8,10,7,2,1,23,23,9,5,2,2,1,8,9,5,11,4,4,3,16,1.4545454545454546,19,14,1.7272727272727273,1.2727272727272727,5,6,2,3,1,12,10,5,2,1,2,7,4,10,4,3,3,15,17,12,5,3,1,1,10,10,5,0.7272727272727271,0.45454545454545436,-0.36363636363636365,9,-2,8,-1,6,11,11,24,16,3,0,1,home_win
1035155,2023,2023-11-12 14:00:00+00:00,48,West Ham,65,Nottingham Forest,11,4,2,5,14,1.2727272727272727,18,20,1.6363636363636365,1.8181818181818181,-2,5,2,1,2,8,7,6,2,1,3,10,13,10,4,1,5,13,17,19,5,1,1,3,4,7,10,11,3,4,4,13,1.1818181818181819,12,15,1.0909090909090908,1.3636363636363635,-3,5,2,3,0,8,5,6,1,1,4,4,10,10,3,4,3,13,11,13,5,1,3,1,6,5,6,0.09090909090909083,0.5454545454545456,0.4545454545454546,1,-2,0,2,6,11,11,14,13,3,2,1,home_win
1035151,2023,2023-11-12 16:30:00+00:00,49,Chelsea,50,Manchester City,11,4,3,4,15,1.3636363636363635,17,12,1.5454545454545454,1.0909090909090908,5,6,1,2,3,6,7,5,3,1,1,11,5,10,4,2,4,14,16,11,5,3,1,1,10,12,6,11,9,0,2,27,2.4545454545454546,28,8,2.5454545454545454,0.7272727272727273,20,5,5,0,0,16,3,6,4,0,2,12,5,10,8,0,2,24,25,8,5,3,0,2,9,12,5,-1.090909090909091,-1.0,0.36363636363636354,-15,1,-10,0,-9,11,11,15,27,4,4,0,draw
1035299,2023,2023-11-25 12:30:00+00:00,50,Manchester City,40,Liverpool,12,9,1,2,28,2.3333333333333335,32,12,2.6666666666666665,1.0,20,5,5,0,0,16,3,7,4,1,2,16,9,10,7,1,2,22,28,12,5,3,1,1,10,15,7,12,8,3,1,27,2.25,27,10,2.25,0.8333333333333334,17,6,6,0,0,17,2,6,2,3,1,10,8,10,7,2,1,23,23,8,5,3,2,0,11,11,3,0.08333333333333348,0.4166666666666665,0.16666666666666663,3,-1,-1,4,5,12,12,28,27,1,1,0,draw
1035295,2023,2023-11-25 15:00:00+00:00,44,Burnley,48,West Ham,12,1,1,10,4,0.3333333333333333,9,30,0.75,2.5,-21,6,0,0,6,4,18,6,1,1,4,5,12,10,1,1,8,4,8,24,5,0,0,5,0,3,14,12,5,2,5,17,1.4166666666666667,21,22,1.75,1.8333333333333333,-1,6,3,1,2,11,9,6,2,1,3,10,13,10,4,1,5,13,17,20,5,1,1,3,4,8,12,-1.0833333333333335,-1.0,0.6666666666666667,-20,-4,-9,-5,-9,12,12,4,17,1,2,2,away_win
1035298,2023,2023-11-25 15:00:00+00:00,1359,Luton,52,Crystal Palace,12,1,3,8,6,0.5,10,22,0.8333333333333334,1.8333333333333333,-12,5,0,2,3,4,7,7,1,1,5,6,15,10,1,3,6,6,9,15,5,0,2,3,2,4,8,12,4,3,5,15,1.25,12,16,1.0,1.3333333333333333,-4,6,1,2,3,6,8,6,3,1,2,6,8,10,3,3,4,12,11,15,5,1,1,3,4,5,9,-0.75,-0.16666666666666663,0.5,-8,-2,-6,-1,-2,12,12,6,15,2,1,1,home_win
1035300,2023,2023-11-25 15:00:00+00:00,34,Newcastle,49,Chelsea,12,6,2,4,20,1.6666666666666667,27,13,2.25,1.0833333333333333,14,6,5,0,1,14,3,6,1,2,3,13,10,10,5,2,3,17,22,11,5,2,2,1,8,9,6,12,4,4,4,16,1.3333333333333333,21,16,1.75,1.3333333333333333,5,7,1,3,3,10,11,5,3,1,1,11,5,10,4,3,3,15,19,12,5,2,2,1,8,14,10,0.3333333333333335,0.5,-0.25,9,0,2,-5,3,12,12,20,16,4,1,1,home_win
1035301,2023,2023-11-25 15:00:00+00:00,65,Nottingham Forest,51,Brighton,12,3,4,5,13,1.0833333333333333,14,18,1.1666666666666667,1.5,-4,5,2,3,0,8,5,7,1,1,5,6,13,10,2,4,4,10,11,15,5,1,2,2,5,6,8,12,5,4,3,19,1.5833333333333333,25,21,2.0833333333333335,1.75,4,7,3,3,1,15,10,5,2,1,2,10,11,10,3,4,3,13,17,19,5,0,4,1,4,6,7,-0.5,-0.9166666666666667,-0.25,-8,1,-3,0,-6,12,12,13,19,2,3,2,away_win
1035302,2023,2023-11-25 15:00:00+00:00,62,Sheffield Utd,35,Bournemouth,12,1,2,9,5,0.4166666666666667,10,31,0.8333333333333334,2.5833333333333335,-21,6,1,1,4,6,16,6,0,1,5,4,15,10,1,2,7,5,9,28,5,1,1,3,4,5,12,12,2,3,7,9,0.75,11,27,0.9166666666666666,2.25,-16,7,2,2,3,6,10,5,0,1,4,5,17,10,2,2,6,8,9,23,5,2,0,3,6,6,12,-0.3333333333333333,-0.08333333333333326,0.3333333333333335,-5,-2,-3,-1,0,12,12,5,9,1,3,2,away_win
1035294,2023,2023-11-25 17:30:00+00:00,55,Brentford,42,Arsenal,12,4,4,4,16,1.3333333333333333,19,17,1.5833333333333333,1.4166666666666667,2,6,2,3,1,12,10,6,2,1,3,7,7,10,3,3,4,12,14,15,5,3,0,2,9,9,7,12,8,3,1,27,2.25,26,10,2.1666666666666665,0.8333333333333334,16,7,5,2,0,18,7,5,3,1,1,8,3,10,6,3,1,21,23,9,5,3,1,1,10,11,4,-0.9166666666666667,-0.5833333333333333,0.5833333333333334,-14,-1,-9,-2,-9,12,12,16,27,0,1,2,away_win
1035303,2023,2023-11-26 14:00:00+00:00,47,Tottenham,66,Aston Villa,12,8,2,2,26,2.1666666666666665,24,15,2.0,1.25,9,5,4,0,1,9,6,7,4,2,1,15,9,10,7,1,2,22,20,13,5,3,0,2,9,7,7,12,8,1,3,25,2.0833333333333335,29,17,2.4166666666666665,1.4166666666666667,12,6,6,0,0,23,5,6,2,1,3,6,12,10,7,1,2,22,24,12,5,3,1,1,10,11,6,0.08333333333333304,-0.4166666666666665,-0.16666666666666674,-3,-1,0,-4,-4,12,12,26,25,1,2,2,away_win
1035296,2023,2023-11-26 16:30:00+00:00,45,Everton,33,Manchester United,12,4,2,6,14,1.1666666666666667,14,17,1.1666666666666667,1.4166666666666667,-3,6,1,1,4,5,6,6,3,1,2,9,11,10,4,2,4,14,14,12,5,3,1,1,10,8,5,12,7,0,5,21,1.75,13,16,1.0833333333333333,1.3333333333333333,-3,7,4,0,3,8,10,5,3,0,2,5,6,10,6,0,4,18,12,14,5,4,0,1,12,6,5,-0.5833333333333333,0.08333333333333348,0.08333333333333348,0,-2,-4,2,2,12,12,14,21,0,3,2,away_win
1035297,2023,2023-11-27 20:00:00+00:00,36,Fulham,39,Wolves,12,3,3,6,12,1.0,10,20,0.8333333333333334,1.6666666666666667,-10,5,2,0,3,4,7,7,1,3,3,6,13,10,2,3,5,9,9,17,5,1,1,3,4,5,8,12,4,3,5,15,1.25,16,20,1.3333333333333333,1.6666666666666667,-4,6,2,2,2,9,12,6,2,1,3,7,8,10,4,3,3,15,15,15,5,2,2,1,8,8,7,-0.25,-0.4999999999999999,0.0,-6,-4,-6,-3,-6,12,12,12,15,3,2,1,home_win
1035305,2023,2023-12-02 15:00:00+00:00,42,Arsenal,39,Wolves,13,9,3,1,30,2.3076923076923075,27,10,2.076923076923077,0.7692307692307693,17,7,5,2,0,18,7,6,4,1,1,9,3,10,7,2,1,23,22,7,5,3,1,1,10,11,4,13,4,3,6,15,1.1538461538461537,18,23,1.3846153846153846,1.7692307692307692,-5,6,2,2,2,9,12,7,2,1,4,9,11,10,3,3,4,12,16,18,5,2,1,2,7,9,9,1.1538461538461537,0.6923076923076925,-0.9999999999999999,22,3,11,2,6,13,13,30,15,2,1,1,home_win
1035306,2023,2023-12-02 15:00:00+00:00,55,Brentford,1359,Luton,13,4,4,5,16,1.2307692307692308,19,18,1.4615384615384615,1.3846153846153846,1,7,2,3,2,12,11,6,2,1,3,7,7,10,3,2,5,11,13,15,5,3,0,2,9,8,6,13,2,3,8,9,0.6923076923076923,12,23,0.9230769230769231,1.7692307692307692,-11,6,1,2,3,6,8,7,1,1,5,6,15,10,2,3,5,9,10,14,5,1,2,2,5,6,8,0.5384615384615385,0.5384615384615383,-0.3846153846153846,12,4,2,2,3,13,13,16,9,3,1,1,home_win
1035307,2023,2023-12-02 15:00:00+00:00,44,Burnley,62,Sheffield Utd,13,1,1,11,4,0.3076923076923077,10,32,0.7692307692307693,2.4615384615384617,-22,7,0,0,7,5,20,6,1,1,4,5,12,10,1,1,8,4,7,21,5,0,0,5,0,3,12,13,1,2,10,5,0.38461538461538464,11,34,0.8461538461538461,2.6153846153846154,-23,7,1,1,5,7,19,6,0,1,5,4,15,10,1,2,7,5,9,29,5,1,1,3,4,5,12,-0.07692307692307693,-0.07692307692307687,-0.15384615384615374,1,-4,-1,-2,-2,13,13,4,5,5,0,1,home_win
1035312,2023,2023-12-02 17:30:00+00:00,65,Nottingham Forest,45,Everton,13,3,4,6,13,1.0,16,21,1.2307692307692308,1.6153846153846154,-5,6,2,3,1,10,8,7,1,1,5,6,13,10,2,4,4,10,11,15,5,1,1,3,4,8,11,13,4,2,7,14,1.0769230769230769,14,20,1.0769230769230769,1.5384615384615385,-6,7,1,1,5,5,9,6,3,1,2,9,11,10,4,2,4,14,14,14,5,2,1,2,7,5,8,-0.07692307692307687,0.15384615384615397,0.07692307692307687,1,-3,-4,3,-3,13,13,13,14,0,1,2,away_win
1035311,2023,2023-12-02 20:00:00+00:00,34,Newcastle,33,Manchester United,13,7,2,4,23,1.7692307692307692,31,14,2.3846153846153846,1.0769230769230769,17,7,6,0,1,18,4,6,1,2,3,13,10,10,6,2,2,20,25,10,5,3,1,1,10,11,5,13,8,0,5,24,1.8461538461538463,16,16,1.2307692307692308,1.2307692307692308,0,7,4,0,3,8,10,6,4,0,2,8,6,10,6,0,4,18,12,12,5,4,0,1,12,7,4,-0.0769230769230771,1.1538461538461537,-0.15384615384615397,17,-2,2,4,13,13,13,23,24,1,0,1,home_win
1035304,2023,2023-12-03 14:00:00+00:00,35,Bournemouth,66,Aston Villa,13,3,3,7,12,0.9230769230769231,14,28,1.0769230769230769,2.1538461538461537,-14,7,2,2,3,6,10,6,1,1,4,8,18,10,3,2,5,11,12,22,5,3,0,2,9,9,10,13,9,1,3,28,2.1538461538461537,31,18,2.3846153846153846,1.3846153846153846,13,6,6,0,0,23,5,7,3,1,3,8,13,10,7,1,2,22,23,12,5,4,0,1,12,12,6,-1.2307692307692306,-1.3076923076923077,0.7692307692307692,-27,-3,-11,-3,-11,13,13,12,28,2,2,0,draw
1035308,2023,2023-12-03 14:00:00+00:00,49,Chelsea,51,Brighton,13,4,4,5,16,1.2307692307692308,22,20,1.6923076923076923,1.5384615384615385,2,7,1,3,3,10,11,6,3,1,2,12,9,10,3,3,4,12,17,16,5,1,2,2,5,11,13,13,6,4,3,22,1.6923076923076923,28,23,2.1538461538461537,1.7692307692307692,5,7,3,3,1,15,10,6,3,1,2,13,13,10,4,4,2,16,19,18,5,1,3,1,6,7,7,-0.46153846153846145,-0.46153846153846145,-0.23076923076923062,-3,-1,-4,4,-2,13,13,16,22,3,2,1,home_win
1035309,2023,2023-12-03 14:00:00+00:00,40,Liverpool,36,Fulham,13,8,4,1,28,2.1538461538461537,28,11,2.1538461538461537,0.8461538461538461,17,6,6,0,0,17,2,7,2,4,1,11,9,10,6,3,1,21,22,8,5,3,2,0,11,10,2,13,4,3,6,15,1.1538461538461537,13,22,1.0,1.6923076923076923,-9,6,3,0,3,7,9,7,1,3,3,6,13,10,3,2,5,11,10,17,5,1,1,3,4,5,9,1.0,1.1538461538461537,-0.8461538461538461,26,7,10,5,12,13,13,28,15,4,3,1,home_win
1035313,2023,2023-12-03 14:00:00+00:00,48,West Ham,52,Crystal Palace,13,6,2,5,20,1.5384615384615385,23,23,1.7692307692307692,1.7692307692307692,0,6,3,1,2,11,9,7,3,1,3,12,14,10,4,1,5,13,16,20,5,2,0,3,6,8,11,13,4,3,6,15,1.1538461538461537,13,18,1.0,1.3846153846153846,-5,6,1,2,3,6,8,7,3,1,3,7,10,10,3,2,5,11,11,16,5,1,0,4,3,6,11,0.3846153846153848,0.7692307692307692,0.3846153846153846,5,3,2,2,5,13,13,20,15,1,1,0,draw
1035310,2023,2023-12-03 16:30:00+00:00,50,Manchester City,47,Tottenham,13,9,2,2,29,2.230769230769231,33,13,2.5384615384615383,1.0,20,6,5,1,0,17,4,7,4,1,2,16,9,10,6,2,2,20,27,12,5,3,2,0,11,16,7,13,8,2,3,26,2.0,25,17,1.9230769230769231,1.3076923076923077,8,6,4,0,2,10,8,7,4,2,1,15,9,10,6,1,3,19,19,15,5,2,0,3,6,7,9,0.23076923076923084,0.6153846153846152,-0.3076923076923077,12,5,1,9,8,13,13,29,26,3,3,0,draw
1035321,2023,2023-12-05 19:30:00+00:00,39,Wolves,44,Burnley,14,4,3,7,15,1.0714285714285714,19,25,1.3571428571428572,1.7857142857142858,-6,6,2,2,2,9,12,8,2,1,5,10,13,10,3,3,4,12,15,17,5,1,1,3,4,8,10,14,2,1,11,7,0.5,15,32,1.0714285714285714,2.2857142857142856,-17,8,1,0,7,10,20,6,1,1,4,5,12,10,2,0,8,6,11,20,5,1,0,4,3,8,9,0.5714285714285714,0.2857142857142858,-0.4999999999999998,11,1,6,0,4,14,14,15,7,1,0,1,home_win
1035318,2023,2023-12-05 20:15:00+00:00,1359,Luton,42,Arsenal,14,2,3,9,9,0.6428571428571429,13,26,0.9285714285714286,1.8571428571428572,-13,6,1,2,3,6,8,8,1,1,6,7,18,10,2,3,5,9,11,16,5,1,1,3,4,5,9,14,10,3,1,33,2.357142857142857,29,11,2.0714285714285716,0.7857142857142857,18,8,6,2,0,20,8,6,4,1,1,9,3,10,7,2,1,23,21,7,5,4,0,1,12,11,3,-1.7142857142857144,-1.142857142857143,1.0714285714285716,-31,-8,-14,-6,-10,14,14,9,33,3,4,2,away_win
1035315,2023,2023-12-06 19:30:00+00:00,51,Brighton,55,Brentford,14,6,4,4,22,1.5714285714285714,30,26,2.142857142857143,1.8571428571428572,4,7,3,3,1,15,10,7,3,1,3,15,16,10,3,4,3,13,18,20,5,1,3,1,6,8,8,14,5,4,5,19,1.3571428571428572,22,19,1.5714285714285714,1.3571428571428572,3,8,3,3,2,15,12,6,2,1,3,7,7,10,4,1,5,13,14,14,5,3,0,2,9,8,7,0.2142857142857142,0.5714285714285714,0.5,1,-3,0,0,4,14,14,22,19,2,1,1,home_win
1035317,2023,2023-12-06 19:30:00+00:00,36,Fulham,65,Nottingham Forest,14,4,3,7,15,1.0714285714285714,16,26,1.1428571428571428,1.8571428571428572,-10,6,3,0,3,7,9,8,1,3,4,9,17,10,3,2,5,11,12,16,5,1,1,3,4,8,11,14,3,4,7,13,0.9285714285714286,16,22,1.1428571428571428,1.5714285714285714,-6,7,2,3,2,10,9,7,1,1,5,6,13,10,1,4,5,7,10,16,5,1,0,4,3,6,10,0.1428571428571428,0.0,0.2857142857142858,-4,1,4,2,2,14,14,15,13,5,0,1,home_win
1035319,2023,2023-12-06 19:30:00+00:00,62,Sheffield Utd,40,Liverpool,14,1,2,11,5,0.35714285714285715,11,39,0.7857142857142857,2.7857142857142856,-28,7,1,1,5,7,19,7,0,1,6,4,20,10,1,1,8,4,7,32,5,1,1,3,4,4,15,14,9,4,1,31,2.2142857142857144,32,14,2.2857142857142856,1.0,18,7,7,0,0,21,5,7,2,4,1,11,9,10,6,3,1,21,23,11,5,3,2,0,11,12,5,-1.8571428571428572,-1.5,1.7857142857142856,-46,-7,-17,-8,-16,14,14,5,31,0,2,2,away_win
1035322,2023,2023-12-06 19:30:00+00:00,52,Crystal Palace,35,Bournemouth,14,4,4,6,16,1.1428571428571428,14,19,1.0,1.3571428571428572,-5,6,1,2,3,6,8,8,3,2,3,8,11,10,2,3,5,9,9,15,5,1,1,3,4,7,8,14,3,4,7,13,0.9285714285714286,16,30,1.1428571428571428,2.142857142857143,-14,8,2,3,3,8,12,6,1,1,4,8,18,10,3,2,5,11,12,22,5,3,1,1,10,10,10,0.2142857142857142,-0.1428571428571428,-0.7857142857142856,9,-6,-2,-3,-3,14,14,16,13,0,2,2,away_win
1035314,2023,2023-12-06 20:15:00+00:00,66,Aston Villa,50,Manchester City,14,9,2,3,29,2.0714285714285716,33,20,2.357142857142857,1.4285714285714286,13,6,6,0,0,23,5,8,3,2,3,10,15,10,7,2,1,23,25,11,5,3,1,1,10,10,7,14,9,3,2,30,2.142857142857143,36,16,2.5714285714285716,1.1428571428571428,20,7,5,2,0,20,7,7,4,1,2,16,9,10,5,3,2,18,25,14,5,2,3,0,9,17,9,-0.07142857142857117,-0.2142857142857144,0.2857142857142858,-7,1,5,-7,0,14,14,29,30,1,0,1,home_win
1035323,2023,2023-12-06 20:15:00+00:00,33,Manchester United,49,Chelsea,14,8,0,6,24,1.7142857142857142,16,17,1.1428571428571428,1.2142857142857142,-1,7,4,0,3,8,10,7,4,0,3,8,7,10,6,0,4,18,11,10,5,3,0,2,9,5,4,14,5,4,5,19,1.3571428571428572,25,22,1.7857142857142858,1.5714285714285714,3,8,2,3,3,13,13,6,3,1,2,12,9,10,4,3,3,15,20,17,5,2,1,2,7,12,13,0.357142857142857,-0.642857142857143,-0.3571428571428572,-4,2,3,-7,-9,14,14,24,19,2,1,1,home_win
1035316,2023,2023-12-07 19:30:00+00:00,45,Everton,34,Newcastle,14,5,2,7,17,1.2142857142857142,15,20,1.0714285714285714,1.4285714285714286,-5,7,1,1,5,5,9,7,4,1,2,10,11,10,5,1,4,16,13,12,5,3,1,1,10,6,6,14,8,2,4,26,1.8571428571428572,32,14,2.2857142857142856,1.0,18,8,7,0,1,19,4,6,1,2,3,13,10,10,7,2,1,23,25,7,5,3,1,1,10,8,5,-0.642857142857143,-1.2142857142857142,0.4285714285714286,-23,0,-7,-2,-12,14,14,17,26,3,0,1,home_win
1035320,2023,2023-12-07 20:15:00+00:00,47,Tottenham,48,West Ham,14,8,3,3,27,1.9285714285714286,28,20,2.0,1.4285714285714286,8,6,4,0,2,10,8,8,4,3,1,18,12,10,5,2,3,17,17,16,5,1,1,3,4,8,12,14,6,3,5,21,1.5,24,24,1.7142857142857142,1.7142857142857142,0,7,3,2,2,12,10,7,3,1,3,12,14,10,3,2,5,11,15,20,5,2,1,2,7,8,8,0.4285714285714286,0.2857142857142858,-0.2857142857142856,8,-3,6,0,2,14,14,27,21,1,2,2,away_win
1035326,2023,2023-12-09 12:30:00+00:00,52,Crystal Palace,40,Liverpool,15,4,4,7,16,1.0666666666666667,14,21,0.9333333333333333,1.4,-7,7,1,2,4,6,10,8,3,2,3,8,11,10,2,3,5,9,8,14,5,1,1,3,4,6,8,15,10,4,1,34,2.2666666666666666,34,14,2.2666666666666666,0.9333333333333333,20,7,7,0,0,21,5,8,3,4,1,13,9,10,6,3,1,21,22,10,5,3,2,0,11,11,5,-1.2,-1.3333333333333333,0.46666666666666656,-27,-7,-12,-5,-14,15,15,16,34,1,2,2,away_win
1035325,2023,2023-12-09 15:00:00+00:00,51,Brighton,44,Burnley,15,7,4,4,25,1.6666666666666667,32,27,2.1333333333333333,1.8,5,8,4,3,1,17,11,7,3,1,3,15,16,10,3,4,3,13,17,20,5,2,2,1,8,9,8,15,2,1,12,7,0.4666666666666667,15,33,1.0,2.2,-18,8,1,0,7,10,20,7,1,1,5,5,13,10,2,0,8,6,11,20,5,1,0,4,3,7,8,1.2000000000000002,1.1333333333333333,-0.40000000000000013,23,5,7,2,6,15,15,25,7,1,1,0,draw
1035330,2023,2023-12-09 15:00:00+00:00,33,Manchester United,35,Bournemouth,15,9,0,6,27,1.8,18,18,1.2,1.2,0,8,5,0,3,10,11,7,4,0,3,8,7,10,7,0,3,21,12,8,5,4,0,1,12,7,2,15,4,4,7,16,1.0666666666666667,18,30,1.2,2.0,-12,8,2,3,3,8,12,7,2,1,4,10,18,10,4,1,5,13,14,22,5,3,1,1,10,10,9,0.7333333333333334,0.0,-0.8,12,2,8,-3,-2,15,15,27,16,0,3,2,away_win
1035331,2023,2023-12-09 15:00:00+00:00,62,Sheffield Utd,55,Brentford,15,1,2,12,5,0.3333333333333333,11,41,0.7333333333333333,2.7333333333333334,-30,8,1,1,6,7,21,7,0,1,6,4,20,10,1,1,8,4,6,32,5,1,1,3,4,4,12,15,5,4,6,19,1.2666666666666666,23,21,1.5333333333333334,1.4,2,8,3,3,2,15,12,7,2,1,4,8,9,10,4,1,5,13,15,15,5,2,0,3,6,7,9,-0.9333333333333333,-0.8000000000000002,1.3333333333333335,-32,-2,-9,-3,-9,15,15,5,19,1,0,1,home_win
1035333,2023,2023-12-09 15:00:00+00:00,39,Wolves,65,Nottingham Forest,15,5,3,7,18,1.2,20,25,1.3333333333333333,1.6666666666666667,-5,7,3,2,2,10,12,8,2,1,5,10,13,10,4,3,3,15,15,14,5,2,0,3,6,7,8,15,3,4,8,13,0.8666666666666667,16,27,1.0666666666666667,1.8,-11,7,2,3,2,10,9,8,1,1,6,6,18,10,1,3,6,6,9,20,5,1,0,4,3,6,12,0.33333333333333326,0.2666666666666666,-0.1333333333333333,6,3,9,1,6,15,15,18,13,1,1,0,draw
1035324,2023,2023-12-09 17:30:00+00:00,66,Aston Villa,42,Arsenal,15,10,2,3,32,2.1333333333333333,34,20,2.2666666666666666,1.3333333333333333,14,7,7,0,0,24,5,8,3,2,3,10,15,10,7,2,1,23,23,10,5,3,1,1,10,8,6,15,11,3,1,36,2.4,33,14,2.2,0.9333333333333333,19,8,6,2,0,20,8,7,5,1,1,13,6,10,7,2,1,23,24,10,5,4,0,1,12,10,6,-0.2666666666666666,0.06666666666666643,0.3999999999999999,-5,-2,0,-2,-1,15,15,32,36,1,0,1,home_win
1035327,2023,2023-12-10 14:00:00+00:00,45,Everton,49,Chelsea,15,6,2,7,20,1.3333333333333333,18,20,1.2,1.3333333333333333,-2,8,2,1,5,8,9,7,4,1,2,10,11,10,6,1,3,19,16,11,5,3,1,1,10,8,6,15,5,4,6,19,1.2666666666666666,26,24,1.7333333333333334,1.6,2,8,2,3,3,13,13,7,3,1,3,13,11,10,4,2,4,14,21,19,5,2,1,2,7,13,13,0.06666666666666665,-0.5333333333333334,-0.26666666666666683,-4,3,5,-5,-5,15,15,20,19,2,0,1,home_win
1035328,2023,2023-12-10 14:00:00+00:00,36,Fulham,48,West Ham,15,5,3,7,18,1.2,21,26,1.4,1.7333333333333334,-5,7,4,0,3,12,9,8,1,3,4,9,17,10,3,2,5,11,16,16,5,2,0,3,6,12,10,15,7,3,5,24,1.6,26,25,1.7333333333333334,1.6666666666666667,1,7,3,2,2,12,10,8,4,1,3,14,15,10,4,2,4,14,16,18,5,3,1,1,10,10,8,-0.40000000000000013,-0.3333333333333335,0.06666666666666665,-6,-4,-3,2,0,15,15,18,24,5,0,1,home_win
1035329,2023,2023-12-10 14:00:00+00:00,1359,Luton,50,Manchester City,15,2,3,10,9,0.6,16,30,1.0666666666666667,2.0,-14,7,1,2,4,9,12,8,1,1,6,7,18,10,2,2,6,8,13,19,5,1,1,3,4,7,10,15,9,3,3,30,2.0,36,17,2.4,1.1333333333333333,19,7,5,2,0,20,7,8,4,1,3,16,10,10,4,3,3,15,22,14,5,1,3,1,6,14,10,-1.4,-1.3333333333333333,0.8666666666666667,-33,-2,-7,-7,-9,15,15,9,30,1,2,2,away_win
1035332,2023,2023-12-10 16:30:00+00:00,47,Tottenham,34,Newcastle,15,8,3,4,27,1.8,29,22,1.9333333333333333,1.4666666666666666,7,7,4,0,3,11,10,8,4,3,1,18,12,10,4,2,4,14,16,17,5,0,1,4,1,7,13,15,8,2,5,26,1.7333333333333334,32,17,2.1333333333333333,1.1333333333333333,15,8,7,0,1,19,4,7,1,2,4,13,13,10,6,2,2,20,24,10,5,3,0,2,9,6,6,0.06666666666666665,-0.19999999999999996,0.33333333333333326,-8,-8,-6,1,-8,15,15,27,26,4,1,1,home_win
1035342,2023,2023-12-15 20:00:00+00:00,65,Nottingham Forest,47,Tottenham,16,3,5,8,14,0.875,17,28,1.0625,1.75,-11,7,2,3,2,10,9,9,1,2,6,7,19,10,1,4,5,7,10,19,5,0,1,4,1,5,13,16,9,3,4,30,1.875,33,23,2.0625,1.4375,10,8,5,0,3,15,11,8,4,3,1,18,12,10,5,1,4,16,18,16,5,1,1,3,4,10,10,-1.0,-1.0,0.3125,-21,-3,-9,-5,-8,16,16,14,30,0,2,2,away_win
1035338,2023,2023-12-16 15:00:00+00:00,49,Chelsea,62,Sheffield Utd,16,5,4,7,19,1.1875,26,26,1.625,1.625,0,8,2,3,3,13,13,8,3,1,4,13,13,10,4,2,4,14,21,20,5,1,1,3,4,9,14,16,2,2,12,8,0.5,12,41,0.75,2.5625,-29,9,2,1,6,8,21,7,0,1,6,4,20,10,2,1,7,7,7,24,5,1,1,3,4,3,11,0.6875,0.875,-0.9375,29,0,7,6,14,16,16,19,8,2,0,1,home_win
1035340,2023,2023-12-16 15:00:00+00:00,50,Manchester City,52,Crystal Palace,16,10,3,3,33,2.0625,38,18,2.375,1.125,20,7,5,2,0,20,7,9,5,1,3,18,11,10,4,3,3,15,22,15,5,1,3,1,6,10,10,16,4,4,8,16,1.0,15,23,0.9375,1.4375,-8,8,1,2,5,7,12,8,3,2,3,8,11,10,2,2,6,8,9,16,5,0,1,4,1,5,10,1.0625,1.4375,-0.3125,28,5,7,5,13,16,16,33,16,2,2,0,draw
1035341,2023,2023-12-16 15:00:00+00:00,34,Newcastle,36,Fulham,16,8,2,6,26,1.625,33,21,2.0625,1.3125,12,8,7,0,1,19,4,8,1,2,5,14,17,10,5,2,3,17,17,14,5,2,0,3,6,6,10,16,6,3,7,21,1.3125,26,26,1.625,1.625,0,8,5,0,3,17,9,8,1,3,4,9,17,10,4,1,5,13,21,16,5,3,0,2,9,17,9,0.3125,0.4375,-0.3125,12,-3,4,-11,-4,16,16,26,21,3,0,1,home_win
1035337,2023,2023-12-16 17:30:00+00:00,44,Burnley,45,Everton,16,2,2,12,8,0.5,16,34,1.0,2.125,-18,8,1,0,7,10,20,8,1,2,5,6,14,10,2,1,7,7,12,19,5,1,1,3,4,8,7,16,7,2,7,23,1.4375,20,20,1.25,1.25,0,9,3,1,5,10,9,7,4,1,2,10,11,10,6,1,3,19,15,10,5,4,0,1,12,9,5,-0.9375,-0.25,0.875,-18,-8,-12,-1,-3,16,16,8,23,0,2,2,away_win
1035335,2023,2023-12-17 14:00:00+00:00,42,Arsenal,51,Brighton,16,11,3,2,36,2.25,33,15,2.0625,0.9375,18,8,6,2,0,20,8,8,5,1,2,13,7,10,7,1,2,22,22,9,5,4,0,1,12,10,6,16,7,5,4,26,1.625,33,28,2.0625,1.75,5,9,4,4,1,18,12,7,3,1,3,15,16,10,2,5,3,11,15,20,5,2,2,1,8,9,8,0.625,0.0,-0.8125,13,4,11,1,7,16,16,36,26,2,0,1,home_win
1035336,2023,2023-12-17 14:00:00+00:00,55,Brentford,66,Aston Villa,16,5,4,7,19,1.1875,23,22,1.4375,1.375,1,8,3,3,2,15,12,8,2,1,5,8,10,10,4,1,5,13,14,13,5,1,0,4,3,4,8,16,11,2,3,35,2.1875,35,20,2.1875,1.25,15,8,8,0,0,25,5,8,3,2,3,10,15,10,7,2,1,23,23,10,5,4,1,0,13,9,4,-1.0,-0.75,0.125,-14,-10,-10,-5,-9,16,16,19,35,1,2,2,away_win
1035343,2023,2023-12-17 14:00:00+00:00,48,West Ham,39,Wolves,16,7,3,6,24,1.5,26,30,1.625,1.875,-4,7,3,2,2,12,10,9,4,1,4,14,20,10,4,2,4,14,15,20,5,3,1,1,10,8,10,16,5,4,7,19,1.1875,21,26,1.3125,1.625,-5,8,3,3,2,11,13,8,2,1,5,10,13,10,4,3,3,15,15,14,5,2,1,2,7,7,7,0.3125,0.3125,0.25,1,3,-1,1,0,16,16,24,19,3,0,1,home_win
1035339,2023,2023-12-17 16:30:00+00:00,40,Liverpool,33,Manchester United,16,11,4,1,37,2.3125,36,15,2.25,0.9375,21,7,7,0,0,21,5,9,4,4,1,15,10,10,6,3,1,21,21,10,5,4,1,0,13,12,5,16,9,0,7,27,1.6875,18,21,1.125,1.3125,-3,9,5,0,4,10,14,7,4,0,3,8,7,10,6,0,4,18,11,11,5,3,0,2,9,6,5,0.625,1.125,-0.375,24,4,3,6,10,16,16,37,27,0,0,0,draw
1035345,2023,2023-12-21 20:00:00+00:00,52,Crystal Palace,51,Brighton,17,4,5,8,17,1.0,17,25,1.0,1.4705882352941178,-8,8,1,2,5,7,12,9,3,3,3,10,13,10,1,3,6,6,10,18,5,0,2,3,2,5,9,17,7,5,5,26,1.5294117647058822,33,30,1.9411764705882353,1.7647058823529411,3,9,4,4,1,18,12,8,3,1,4,15,18,10,2,5,3,11,14,16,5,2,1,2,7,8,9,-0.5294117647058822,-0.9411764705882353,-0.2941176470588234,-11,-5,-5,-3,-4,17,17,17,26,1,1,0,draw
1035344,2023,2023-12-22 20:00:00+00:00,66,Aston Villa,62,Sheffield Utd,17,12,2,3,38,2.235294117647059,37,21,2.176470588235294,1.2352941176470589,16,8,8,0,0,25,5,9,4,2,3,12,16,10,7,2,1,23,19,10,5,4,1,0,13,8,4,17,2,2,13,8,0.47058823529411764,12,43,0.7058823529411765,2.5294117647058822,-31,9,2,1,6,8,21,8,0,1,7,4,22,10,2,1,7,7,7,24,5,1,0,4,3,2,12,1.7647058823529411,1.4705882352941173,-1.2941176470588234,47,10,16,6,12,17,17,38,8,1,1,0,draw
1035352,2023,2023-12-23 12:30:00+00:00,48,West Ham,33,Manchester United,17,8,3,6,27,1.588235294117647,29,30,1.7058823529411764,1.7647058823529411,-1,8,4,2,2,15,10,9,4,1,4,14,20,10,4,2,4,14,16,20,5,3,1,1,10,8,8,17,9,1,7,28,1.6470588235294117,18,21,1.0588235294117647,1.2352941176470589,-3,9,5,0,4,10,14,8,4,1,3,8,7,10,6,1,3,19,11,10,5,2,1,2,7,5,5,-0.05882352941176472,0.6470588235294117,0.5294117647058822,2,3,-5,3,5,17,17,27,28,2,0,1,home_win
1035346,2023,2023-12-23 15:00:00+00:00,36,Fulham,44,Burnley,17,6,3,8,21,1.2352941176470589,26,29,1.5294117647058822,1.7058823529411764,-3,8,5,0,3,17,9,9,1,3,5,9,20,10,4,1,5,13,21,17,5,3,0,2,9,16,9,17,2,2,13,8,0.47058823529411764,16,36,0.9411764705882353,2.1176470588235294,-20,9,1,0,8,10,22,8,1,2,5,6,14,10,1,1,8,4,10,20,5,1,1,3,4,7,6,0.7647058823529412,0.588235294117647,-0.41176470588235303,17,5,9,9,11,17,17,21,8,0,2,2,away_win
1035348,2023,2023-12-23 15:00:00+00:00,1359,Luton,34,Newcastle,16,2,3,11,9,0.5625,17,32,1.0625,2.0,-15,8,1,2,5,10,14,8,1,1,6,7,18,10,1,2,7,5,12,20,5,1,0,4,3,7,11,17,9,2,6,29,1.7058823529411764,36,21,2.1176470588235294,1.2352941176470589,15,9,8,0,1,22,4,8,1,2,5,14,17,10,5,2,3,17,18,14,5,3,0,2,9,9,8,-1.1433823529411764,-1.0551470588235294,0.7647058823529411,-30,-6,-12,-2,-6,16,17,9,29,1,0,1,home_win
1035350,2023,2023-12-23 15:00:00+00:00,65,Nottingham Forest,35,Bournemouth,17,3,5,9,14,0.8235294117647058,17,30,1.0,1.7647058823529411,-13,8,2,3,3,10,11,9,1,2,6,7,19,10,1,3,6,6,9,20,5,0,1,4,1,3,12,16,5,4,7,19,1.1875,21,30,1.3125,1.875,-9,8,2,3,3,8,12,8,3,1,4,13,18,10,5,1,4,16,16,19,5,4,1,0,13,12,3,-0.36397058823529416,-0.3125,-0.11029411764705888,-4,-12,-10,-9,-7,17,16,14,19,2,3,2,away_win
1035351,2023,2023-12-23 15:00:00+00:00,47,Tottenham,45,Everton,17,10,3,4,33,1.9411764705882353,35,23,2.0588235294117645,1.3529411764705883,12,8,5,0,3,15,11,9,5,3,1,20,12,10,5,1,4,16,18,15,5,2,1,2,7,11,8,17,8,2,7,26,1.5294117647058822,22,20,1.2941176470588236,1.1764705882352942,2,9,3,1,5,10,9,8,5,1,2,12,11,10,7,1,2,22,16,8,5,4,0,1,12,8,3,0.41176470588235303,0.7647058823529409,0.17647058823529416,10,-5,-6,3,2,17,17,33,26,2,1,1,home_win
1035347,2023,2023-12-23 17:30:00+00:00,40,Liverpool,42,Arsenal,17,11,5,1,38,2.235294117647059,36,15,2.1176470588235294,0.8823529411764706,21,8,7,1,0,21,5,9,4,4,1,15,10,10,6,4,0,22,20,8,5,3,2,0,11,9,5,17,12,3,2,39,2.2941176470588234,35,15,2.0588235294117645,0.8823529411764706,20,9,7,2,0,22,8,8,5,1,2,13,7,10,7,1,2,22,20,9,5,4,0,1,12,9,5,-0.0588235294117645,0.05882352941176494,0.0,1,-1,0,0,0,17,17,38,39,1,1,0,draw
1035353,2023,2023-12-24 13:00:00+00:00,39,Wolves,49,Chelsea,17,5,4,8,19,1.1176470588235294,21,29,1.2352941176470589,1.7058823529411764,-8,8,3,3,2,11,13,9,2,1,6,10,16,10,3,3,4,12,13,16,5,1,1,3,4,5,9,17,6,4,7,22,1.2941176470588236,28,26,1.6470588235294117,1.5294117647058822,2,9,3,3,3,15,13,8,3,1,4,13,13,10,4,2,4,14,21,20,5,2,0,3,6,7,10,-0.17647058823529416,-0.4117647058823528,0.17647058823529416,-10,-2,-2,-2,-8,17,17,19,22,2,1,1,home_win
1035362,2023,2023-12-26 12:30:00+00:00,34,Newcastle,65,Nottingham Forest,18,9,2,7,29,1.6111111111111112,36,22,2.0,1.2222222222222223,14,9,8,0,1,22,4,9,1,2,6,14,18,10,5,1,4,16,16,13,5,2,0,3,6,5,8,18,3,5,10,14,0.7777777777777778,19,33,1.0555555555555556,1.8333333333333333,-14,9,2,3,4,12,14,9,1,2,6,7,19,10,1,2,7,5,11,23,5,0,1,4,1,3,12,0.8333333333333334,0.9444444444444444,-0.6111111111111109,28,5,11,2,5,18,18,29,14,1,3,2,away_win
1035354,2023,2023-12-26 15:00:00+00:00,35,Bournemouth,36,Fulham,17,6,4,7,22,1.2941176470588236,24,32,1.411764705882353,1.8823529411764706,-8,8,2,3,3,8,12,9,4,1,4,16,20,10,6,1,3,19,19,17,5,4,1,0,13,13,5,18,6,3,9,21,1.1666666666666667,26,31,1.4444444444444444,1.7222222222222223,-5,9,5,0,4,17,11,9,1,3,5,9,20,10,3,1,6,10,18,18,5,2,0,3,6,13,9,0.12745098039215685,-0.03267973856209139,0.16013071895424824,-3,7,9,0,1,17,18,22,21,3,0,1,home_win
1035363,2023,2023-12-26 15:00:00+00:00,62,Sheffield Utd,1359,Luton,18,2,3,13,9,0.5,13,44,0.7222222222222222,2.4444444444444446,-31,9,2,1,6,8,21,9,0,2,7,5,23,10,2,2,6,8,7,22,5,1,1,3,4,2,10,17,3,3,11,12,0.7058823529411765,18,32,1.0588235294117647,1.8823529411764706,-14,9,2,2,5,11,14,8,1,1,6,7,18,10,2,2,6,8,12,18,5,2,0,3,6,8,10,-0.20588235294117652,-0.3366013071895425,0.5620915032679741,-17,-2,0,-6,-5,18,17,9,12,2,3,2,away_win
1035358,2023,2023-12-26 17:30:00+00:00,44,Burnley,40,Liverpool,18,3,2,13,11,0.6111111111111112,18,36,1.0,2.0,-18,9,1,0,8,10,22,9,2,2,5,8,14,10,2,1,7,7,11,16,5,2,1,2,7,8,4,18,11,6,1,39,2.1666666666666665,37,16,2.0555555555555554,0.8888888888888888,21,9,7,2,0,22,6,9,4,4,1,15,10,10,6,4,0,22,19,7,5,3,2,0,11,9,5,-1.5555555555555554,-1.0555555555555554,1.1111111111111112,-39,-4,-15,-1,-8,18,18,11,39,0,2,2,away_win
1035361,2023,2023-12-26 20:00:00+00:00,33,Manchester United,66,Aston Villa,18,9,1,8,28,1.5555555555555556,18,23,1.0,1.2777777777777777,-5,9,5,0,4,10,14,9,4,1,4,8,9,10,5,1,4,16,9,11,5,1,1,3,4,2,7,18,12,3,3,39,2.1666666666666665,38,22,2.111111111111111,1.2222222222222223,16,9,8,1,0,26,6,9,4,2,3,12,16,10,7,2,1,23,19,10,5,3,2,0,11,7,4,-0.6111111111111109,-1.1111111111111112,0.05555555555555536,-21,-7,-7,-5,-10,18,18,28,39,3,2,1,home_win
1035356,2023,2023-12-27 19:30:00+00:00,55,Brentford,39,Wolves,17,5,4,8,19,1.1176470588235294,24,24,1.411764705882353,1.411764705882353,0,9,3,3,3,16,14,8,2,1,5,8,10,10,4,0,6,12,14,14,5,1,0,4,3,5,7,18,6,4,8,22,1.2222222222222223,23,30,1.2777777777777777,1.6666666666666667,-7,9,4,3,2,13,14,9,2,1,6,10,16,10,4,2,4,14,14,16,5,2,1,2,7,5,7,-0.10457516339869288,0.13398692810457535,-0.2549019607843137,7,-4,-2,0,0,17,18,19,22,1,4,2,away_win
1035359,2023,2023-12-27 19:30:00+00:00,49,Chelsea,52,Crystal Palace,18,6,4,8,22,1.2222222222222223,29,28,1.6111111111111112,1.5555555555555556,1,9,3,3,3,15,13,9,3,1,5,14,15,10,3,2,5,11,18,21,5,2,0,3,6,7,8,18,4,6,8,18,1.0,18,26,1.0,1.4444444444444444,-8,9,1,3,5,8,13,9,3,3,3,10,13,10,1,3,6,6,11,19,5,0,3,2,3,5,8,0.22222222222222232,0.6111111111111112,0.11111111111111116,9,3,5,2,7,18,18,22,18,2,1,1,home_win
1035360,2023,2023-12-27 20:15:00+00:00,45,Everton,50,Manchester City,18,8,2,8,26,1.4444444444444444,23,22,1.2777777777777777,1.2222222222222223,1,9,3,1,5,10,9,9,5,1,3,13,13,10,6,1,3,19,14,10,5,4,0,1,12,9,2,17,10,4,3,34,2.0,40,20,2.3529411764705883,1.1764705882352942,20,8,5,3,0,22,9,9,5,1,3,18,11,10,4,4,2,16,23,15,5,1,3,1,6,8,8,-0.5555555555555556,-1.0751633986928106,0.045751633986928164,-19,6,3,1,-9,18,17,26,34,1,3,2,away_win
1035357,2023,2023-12-28 19:30:00+00:00,51,Brighton,47,Tottenham,18,7,6,5,27,1.5,34,31,1.8888888888888888,1.7222222222222223,3,9,4,4,1,18,12,9,3,2,4,16,19,10,2,5,3,11,13,15,5,1,2,2,5,6,8,18,11,3,4,36,2.0,37,24,2.0555555555555554,1.3333333333333333,13,9,6,0,3,17,12,9,5,3,1,20,12,10,5,1,4,16,19,16,5,3,1,1,10,12,7,-0.5,-0.16666666666666652,0.38888888888888906,-10,-5,-5,-6,-6,18,18,27,36,4,2,1,home_win
1035355,2023,2023-12-28 20:15:00+00:00,42,Arsenal,48,West Ham,18,12,4,2,40,2.2222222222222223,36,16,2.0,0.8888888888888888,20,9,7,2,0,22,8,9,5,2,2,14,8,10,6,2,2,20,20,10,5,3,1,1,10,9,6,18,9,3,6,30,1.6666666666666667,31,30,1.7222222222222223,1.6666666666666667,1,9,5,2,2,17,10,9,4,1,4,14,20,10,5,1,4,16,16,18,5,3,1,1,10,8,7,0.5555555555555556,0.2777777777777777,-0.7777777777777779,19,0,4,1,4,18,18,40,30,0,2,2,away_win
1035368,2023,2023-12-30 12:30:00+00:00,1359,Luton,49,Chelsea,18,4,3,11,15,0.8333333333333334,21,34,1.1666666666666667,1.8888888888888888,-13,9,2,2,5,11,14,9,2,1,6,10,20,10,3,2,5,11,15,19,5,2,0,3,6,9,11,19,7,4,8,25,1.3157894736842106,31,29,1.631578947368421,1.5263157894736843,2,10,4,3,3,17,14,9,3,1,5,14,15,10,4,1,5,13,18,20,5,2,0,3,6,6,7,-0.48245614035087725,-0.4649122807017543,0.36257309941520455,-15,0,-2,3,-3,18,19,15,25,2,3,2,away_win
1035364,2023,2023-12-30 15:00:00+00:00,66,Aston Villa,44,Burnley,19,12,3,4,39,2.0526315789473686,40,25,2.1052631578947367,1.3157894736842106,15,9,8,1,0,26,6,10,4,2,4,14,19,10,6,2,2,20,17,12,5,3,1,1,10,7,5,19,3,2,14,11,0.5789473684210527,18,38,0.9473684210526315,2.0,-20,10,1,0,9,10,24,9,2,2,5,8,14,10,2,1,7,7,11,15,5,1,1,3,4,3,6,1.473684210526316,1.1578947368421053,-0.6842105263157894,35,6,13,4,6,19,19,39,11,3,2,1,home_win
1035365,2023,2023-12-30 15:00:00+00:00,52,Crystal Palace,55,Brentford,19,4,6,9,18,0.9473684210526315,19,28,1.0,1.4736842105263157,-9,9,1,3,5,8,13,10,3,3,4,11,15,10,1,3,6,6,12,17,5,0,2,3,2,5,9,18,5,4,9,19,1.0555555555555556,25,28,1.3888888888888888,1.5555555555555556,-3,10,3,3,4,17,18,8,2,1,5,8,10,10,4,0,6,12,14,16,5,1,0,4,3,6,10,-0.10818713450292405,-0.38888888888888884,-0.08187134502923987,-6,-1,-6,-1,-2,19,18,18,19,3,1,1,home_win
1035369,2023,2023-12-30 15:00:00+00:00,50,Manchester City,62,Sheffield Utd,18,11,4,3,37,2.0555555555555554,43,21,2.388888888888889,1.1666666666666667,22,8,5,3,0,22,9,10,6,1,3,21,12,10,5,4,1,19,26,15,5,2,2,1,8,10,8,19,2,3,14,9,0.47368421052631576,15,47,0.7894736842105263,2.473684210526316,-32,10,2,1,7,10,24,9,0,2,7,5,23,10,2,2,6,8,8,23,5,1,1,3,4,4,8,1.5818713450292397,1.5994152046783625,-1.3070175438596492,54,4,11,6,18,18,19,37,9,2,0,1,home_win
1035373,2023,2023-12-30 15:00:00+00:00,39,Wolves,45,Everton,19,7,4,8,25,1.3157894736842106,27,31,1.4210526315789473,1.631578947368421,-4,9,4,3,2,13,14,10,3,1,6,14,17,10,4,2,4,14,16,16,5,3,1,1,10,8,6,19,8,2,9,26,1.368421052631579,24,25,1.263157894736842,1.3157894736842106,-1,10,3,1,6,11,12,9,5,1,3,13,13,10,6,1,3,19,15,11,5,3,0,2,9,9,5,-0.05263157894736836,0.1578947368421053,0.3157894736842104,-3,1,-5,-1,1,19,19,25,26,3,0,1,home_win
1035370,2023,2023-12-30 17:30:00+00:00,65,Nottingham Forest,33,Manchester United,19,4,5,10,17,0.8947368421052632,22,34,1.1578947368421053,1.7894736842105263,-12,9,2,3,4,12,14,10,2,2,6,10,20,10,2,1,7,7,12,22,5,1,1,3,4,6,12,19,10,1,8,31,1.631578947368421,21,25,1.105263157894737,1.3157894736842106,-4,10,6,0,4,13,16,9,4,1,4,8,9,10,5,1,4,16,10,12,5,2,1,2,7,5,8,-0.7368421052631579,0.05263157894736836,0.4736842105263157,-8,-3,-9,1,2,19,19,17,31,2,1,1,home_win
1035366,2023,2023-12-31 14:00:00+00:00,36,Fulham,42,Arsenal,19,6,3,10,21,1.105263157894737,26,34,1.368421052631579,1.7894736842105263,-8,9,5,0,4,17,11,10,1,3,6,9,23,10,3,1,6,10,18,19,5,2,0,3,6,10,8,19,12,4,3,40,2.1052631578947367,36,18,1.894736842105263,0.9473684210526315,18,10,7,2,1,22,10,9,5,2,2,14,8,10,6,1,3,19,18,10,5,2,1,2,7,7,7,-0.9999999999999998,-0.5263157894736841,0.8421052631578948,-26,-1,-9,3,0,19,19,21,40,2,1,1,home_win
1035371,2023,2023-12-31 14:00:00+00:00,47,Tottenham,35,Bournemouth,19,11,3,5,36,1.894736842105263,39,28,2.0526315789473686,1.4736842105263157,11,9,6,0,3,17,12,10,5,3,2,22,16,10,4,1,5,13,19,20,5,3,0,2,9,11,8,18,7,4,7,25,1.3888888888888888,27,32,1.5,1.7777777777777777,-5,9,3,3,3,11,12,9,4,1,4,16,20,10,7,1,2,22,22,14,5,4,1,0,13,13,4,0.5058479532163742,0.5526315789473686,-0.30409356725146197,16,-4,-9,-2,-3,19,18,36,25,3,1,1,home_win
1035367,2023,2024-01-01 20:00:00+00:00,40,Liverpool,34,Newcastle,19,12,6,1,42,2.210526315789474,39,16,2.0526315789473686,0.8421052631578947,23,9,7,2,0,22,6,10,5,4,1,17,10,10,6,4,0,22,19,7,5,3,2,0,11,7,2,19,9,2,8,29,1.5263157894736843,37,25,1.9473684210526316,1.3157894736842106,12,10,8,0,2,23,7,9,1,2,6,14,18,10,4,1,5,13,13,16,5,1,0,4,3,5,11,0.6842105263157896,0.10526315789473695,-0.47368421052631593,11,8,9,2,6,19,19,42,29,4,2,1,home_win
1035372,2023,2024-01-02 19:30:00+00:00,48,West Ham,51,Brighton,19,10,3,6,33,1.736842105263158,33,30,1.736842105263158,1.5789473684210527,3,9,5,2,2,17,10,10,5,1,4,16,20,10,6,1,3,19,17,14,5,4,0,1,12,9,6,19,8,6,5,30,1.5789473684210527,38,33,2.0,1.736842105263158,5,10,5,4,1,22,14,9,3,2,4,16,19,10,3,5,2,14,16,15,5,2,2,1,8,8,7,0.1578947368421053,-0.26315789473684204,-0.1578947368421053,-2,4,5,1,1,19,19,33,30,0,0,0,draw
1035378,2023,2024-01-12 19:45:00+00:00,44,Burnley,1359,Luton,20,3,2,15,11,0.55,20,41,1.0,2.05,-21,10,1,0,9,10,24,10,2,2,6,10,17,10,2,1,7,7,12,16,5,1,1,3,4,5,8,19,4,3,12,15,0.7894736842105263,23,37,1.2105263157894737,1.9473684210526316,-14,10,2,2,6,13,17,9,2,1,6,10,20,10,3,1,6,10,15,20,5,2,0,3,6,10,11,-0.23947368421052628,-0.21052631578947367,0.10263157894736818,-7,-2,-3,-5,-3,20,19,11,15,1,1,0,draw
1035379,2023,2024-01-13 12:30:00+00:00,49,Chelsea,36,Fulham,20,8,4,8,28,1.4,34,31,1.7,1.55,3,10,4,3,3,17,14,10,4,1,5,17,17,10,5,1,4,16,21,20,5,3,0,2,9,8,7,20,7,3,10,24,1.2,28,35,1.4,1.75,-7,10,6,0,4,19,12,10,1,3,6,9,23,10,4,0,6,12,19,19,5,2,0,3,6,7,9,0.19999999999999996,0.30000000000000004,-0.19999999999999996,10,3,4,1,2,20,20,28,24,1,0,1,home_win
1035382,2023,2024-01-13 17:30:00+00:00,34,Newcastle,50,Manchester City,20,9,2,9,29,1.45,39,29,1.95,1.45,10,10,8,0,2,23,7,10,1,2,7,16,22,10,4,0,6,12,13,18,5,1,0,4,3,7,12,19,12,4,3,40,2.1052631578947367,45,21,2.3684210526315788,1.105263157894737,24,9,6,3,0,24,9,10,6,1,3,21,12,10,5,4,1,19,26,14,5,3,1,1,10,9,5,-0.6552631578947368,-0.4184210526315788,0.344736842105263,-14,-7,-7,-2,-13,20,19,29,40,2,3,2,away_win
1035380,2023,2024-01-14 14:00:00+00:00,45,Everton,66,Aston Villa,20,8,2,10,26,1.3,24,28,1.2,1.4,-4,10,3,1,6,11,12,10,5,1,4,13,16,10,5,1,4,16,14,14,5,2,0,3,6,6,8,20,13,3,4,42,2.1,43,27,2.15,1.35,16,10,9,1,0,29,8,10,4,2,4,14,19,10,6,2,2,20,17,13,5,3,1,1,10,9,7,-0.8,-0.95,0.04999999999999982,-20,-4,-4,-3,-3,20,20,26,42,0,0,0,draw
1035381,2023,2024-01-14 16:30:00+00:00,33,Manchester United,47,Tottenham,20,10,1,9,31,1.55,22,27,1.1,1.35,-5,10,6,0,4,13,16,10,4,1,5,9,11,10,5,1,4,16,11,11,5,1,1,3,4,4,9,20,12,3,5,39,1.95,42,29,2.1,1.45,13,10,7,0,3,20,13,10,5,3,2,22,16,10,4,1,5,13,20,20,5,4,0,1,12,13,7,-0.3999999999999999,-1.0,-0.09999999999999987,-18,-8,3,-9,-9,20,20,31,39,2,2,0,draw
1035375,2023,2024-01-20 12:30:00+00:00,42,Arsenal,52,Crystal Palace,20,12,4,4,40,2.0,37,20,1.85,1.0,17,10,7,2,1,22,10,10,5,2,3,15,10,10,5,1,4,16,14,12,5,1,1,3,4,4,6,20,5,6,9,21,1.05,22,29,1.1,1.45,-7,10,2,3,5,11,14,10,3,3,4,11,15,10,2,3,5,9,14,16,5,1,2,2,5,8,8,0.95,0.75,-0.44999999999999996,24,-1,7,-4,0,20,20,40,21,5,0,1,home_win
1035376,2023,2024-01-20 17:30:00+00:00,55,Brentford,65,Nottingham Forest,19,5,4,10,19,1.0,26,31,1.368421052631579,1.631578947368421,-5,10,3,3,4,17,18,9,2,1,6,9,13,10,3,0,7,9,12,19,5,0,0,5,0,4,12,20,5,5,10,20,1.0,24,35,1.2,1.75,-11,10,3,3,4,14,15,10,2,2,6,10,20,10,3,1,6,10,14,20,5,2,1,2,7,8,8,0.0,0.16842105263157903,-0.11842105263157898,6,-7,-1,-4,-2,19,20,19,20,3,2,1,home_win
1035383,2023,2024-01-21 14:00:00+00:00,62,Sheffield Utd,48,West Ham,20,2,3,15,9,0.45,15,49,0.75,2.45,-34,10,2,1,7,10,24,10,0,2,8,5,25,10,2,2,6,8,8,20,5,1,1,3,4,4,8,20,10,4,6,34,1.7,33,30,1.65,1.5,3,10,5,3,2,17,10,10,5,1,4,16,20,10,6,2,2,20,17,13,5,3,1,1,10,7,5,-1.25,-0.8999999999999999,0.9500000000000002,-37,-6,-12,-3,-9,20,20,9,34,2,2,0,draw
1035374,2023,2024-01-21 16:30:00+00:00,35,Bournemouth,40,Liverpool,19,7,4,8,25,1.3157894736842106,28,35,1.4736842105263157,1.8421052631578947,-7,9,3,3,3,11,12,10,4,1,5,17,23,10,7,1,2,22,22,15,5,4,0,1,12,12,5,20,13,6,1,45,2.25,43,18,2.15,0.9,25,10,8,2,0,26,8,10,5,4,1,17,10,10,6,4,0,22,20,9,5,3,2,0,11,9,4,-0.9342105263157894,-0.6763157894736842,0.9421052631578947,-32,1,0,3,2,19,20,25,45,0,4,2,away_win
1035377,2023,2024-01-22 19:45:00+00:00,51,Brighton,39,Wolves,20,8,7,5,31,1.55,38,33,1.9,1.65,5,10,5,4,1,22,14,10,3,3,4,16,19,10,3,5,2,14,15,14,5,1,3,1,6,6,6,20,8,4,8,28,1.4,30,31,1.5,1.55,-1,10,5,3,2,16,14,10,3,1,6,14,17,10,5,1,4,16,17,14,5,3,1,1,10,10,6,0.15000000000000013,0.3999999999999999,0.09999999999999987,6,-4,-2,-4,-2,20,20,31,28,0,0,0,draw
1035387,2023,2024-01-30 19:30:00+00:00,65,Nottingham Forest,42,Arsenal,21,5,5,11,20,0.9523809523809523,26,38,1.2380952380952381,1.8095238095238095,-12,10,3,3,4,14,15,11,2,2,7,12,23,10,2,1,7,7,14,23,5,2,0,3,6,9,10,21,13,4,4,43,2.0476190476190474,42,20,2.0,0.9523809523809523,22,11,8,2,1,27,10,10,5,2,3,15,10,10,6,1,3,19,19,11,5,2,1,2,7,9,5,-1.0952380952380951,-0.7619047619047619,0.8571428571428572,-34,-1,-12,0,-5,21,21,20,43,1,2,2,away_win
1035385,2023,2024-01-30 19:45:00+00:00,36,Fulham,45,Everton,21,7,3,11,24,1.1428571428571428,28,36,1.3333333333333333,1.7142857142857142,-8,10,6,0,4,19,12,11,1,3,7,9,24,10,4,0,6,12,19,19,5,1,0,4,3,2,10,21,8,3,10,27,1.2857142857142858,24,28,1.1428571428571428,1.3333333333333333,-4,11,3,2,6,11,12,10,5,1,4,13,16,10,5,1,4,16,13,13,5,1,1,3,4,4,8,-0.14285714285714302,0.19047619047619047,0.38095238095238093,-4,-1,-4,-2,6,21,21,24,27,0,0,0,draw
1035386,2023,2024-01-30 19:45:00+00:00,1359,Luton,51,Brighton,20,4,4,12,16,0.8,24,38,1.2,1.9,-14,10,2,2,6,13,17,10,2,2,6,11,21,10,3,2,5,11,15,18,5,2,1,2,7,8,8,21,8,8,5,32,1.5238095238095237,38,33,1.8095238095238095,1.5714285714285714,5,11,5,5,1,22,14,10,3,3,4,16,19,10,3,5,2,14,14,13,5,1,3,1,6,5,5,-0.7238095238095237,-0.6095238095238096,0.3285714285714285,-19,1,-3,3,1,20,21,16,32,4,0,1,home_win
1035391,2023,2024-01-30 20:00:00+00:00,52,Crystal Palace,62,Sheffield Utd,21,5,6,10,21,1.0,22,34,1.0476190476190477,1.619047619047619,-12,10,2,3,5,11,14,11,3,3,5,11,20,10,1,3,6,6,12,21,5,1,2,2,5,7,11,21,2,4,15,10,0.47619047619047616,17,51,0.8095238095238095,2.4285714285714284,-34,11,2,2,7,12,26,10,0,2,8,5,25,10,1,3,6,6,8,21,5,0,2,3,2,5,10,0.5238095238095238,0.23809523809523814,-0.8095238095238093,22,3,0,2,4,21,21,21,10,3,2,1,home_win
1035384,2023,2024-01-30 20:15:00+00:00,66,Aston Villa,34,Newcastle,21,13,4,4,43,2.0476190476190474,43,27,2.0476190476190474,1.2857142857142858,16,10,9,1,0,29,8,11,4,3,4,14,19,10,6,3,1,21,17,11,5,2,2,1,8,8,7,21,9,2,10,29,1.380952380952381,41,32,1.9523809523809523,1.5238095238095237,9,11,8,0,3,25,10,10,1,2,7,16,22,10,3,0,7,9,14,21,5,1,0,4,3,8,11,0.6666666666666665,0.09523809523809512,-0.23809523809523792,7,5,12,0,3,21,21,43,29,1,3,2,away_win
1035388,2023,2024-01-31 19:30:00+00:00,47,Tottenham,55,Brentford,21,12,4,5,40,1.9047619047619047,44,31,2.0952380952380953,1.4761904761904763,13,10,7,0,3,20,13,11,5,4,2,24,18,10,4,2,4,14,21,18,5,3,1,1,10,11,8,20,6,4,10,22,1.1,29,33,1.45,1.65,-4,11,4,3,4,20,20,9,2,1,6,9,13,10,3,0,7,9,13,21,5,1,0,4,3,6,12,0.8047619047619046,0.6452380952380954,-0.17380952380952364,17,7,5,5,8,21,20,40,22,3,2,1,home_win
1035393,2023,2024-01-31 19:30:00+00:00,50,Manchester City,44,Burnley,20,13,4,3,43,2.15,48,23,2.4,1.15,25,9,6,3,0,24,9,11,7,1,3,24,14,10,5,4,1,19,26,16,5,4,1,0,13,12,6,21,3,3,15,12,0.5714285714285714,21,42,1.0,2.0,-21,11,1,1,9,11,25,10,2,2,6,10,17,10,2,2,6,8,13,15,5,1,1,3,4,5,8,1.5785714285714285,1.4,-0.8500000000000001,46,9,11,7,13,20,21,43,12,3,1,1,home_win
1035392,2023,2024-01-31 20:15:00+00:00,40,Liverpool,49,Chelsea,21,14,6,1,48,2.2857142857142856,47,18,2.238095238095238,0.8571428571428571,29,10,8,2,0,26,8,11,6,4,1,21,10,10,7,3,0,24,23,8,5,3,2,0,11,11,3,21,9,4,8,31,1.4761904761904763,35,31,1.6666666666666667,1.4761904761904763,4,11,5,3,3,18,14,10,4,1,5,17,17,10,5,1,4,16,18,19,5,4,0,1,12,9,5,0.8095238095238093,0.5714285714285714,-0.6190476190476192,25,-1,8,2,5,21,21,48,31,4,1,1,home_win
1035389,2023,2024-02-01 19:30:00+00:00,48,West Ham,35,Bournemouth,21,10,5,6,35,1.6666666666666667,35,32,1.6666666666666667,1.5238095238095237,3,10,5,3,2,17,10,11,5,2,4,18,22,10,6,3,1,21,17,12,5,3,2,0,11,9,2,20,7,4,9,25,1.25,28,39,1.4,1.95,-11,10,3,3,4,11,16,10,4,1,5,17,23,10,6,1,3,19,20,18,5,3,0,2,9,10,9,0.41666666666666674,0.26666666666666683,-0.42619047619047623,14,2,2,-1,-3,21,20,35,25,1,1,0,draw
1035390,2023,2024-02-01 20:15:00+00:00,39,Wolves,33,Manchester United,21,8,5,8,29,1.380952380952381,30,31,1.4285714285714286,1.4761904761904763,-1,10,5,3,2,16,14,11,3,2,6,14,17,10,5,2,3,17,16,12,5,3,1,1,10,9,5,21,10,2,9,32,1.5238095238095237,24,29,1.1428571428571428,1.380952380952381,-5,11,6,1,4,15,18,10,4,1,5,9,11,10,4,2,4,14,12,13,5,1,2,2,5,6,8,-0.1428571428571428,0.2857142857142858,0.09523809523809534,4,5,3,3,4,21,21,29,32,3,4,2,away_win
1035400,2023,2024-02-03 12:30:00+00:00,45,Everton,47,Tottenham,22,8,4,10,28,1.2727272727272727,24,28,1.0909090909090908,1.2727272727272727,-4,11,3,2,6,11,12,11,5,2,4,13,16,10,4,2,4,14,10,11,5,0,2,3,2,2,8,22,13,4,5,43,1.9545454545454546,47,33,2.1363636363636362,1.5,14,11,8,0,3,23,15,11,5,4,2,24,18,10,5,2,3,17,23,18,5,3,1,1,10,12,10,-0.6818181818181819,-1.0454545454545454,-0.2272727272727273,-18,-8,-3,-10,-13,22,22,28,43,2,2,0,draw
1035397,2023,2024-02-03 15:00:00+00:00,51,Brighton,52,Crystal Palace,22,8,8,6,32,1.4545454545454546,38,37,1.7272727272727273,1.6818181818181819,1,11,5,5,1,22,14,11,3,3,5,16,23,10,3,4,3,13,13,16,5,1,3,1,6,5,7,22,6,6,10,24,1.0909090909090908,25,36,1.1363636363636365,1.6363636363636365,-11,11,3,3,5,14,16,11,3,3,5,11,20,10,2,3,5,9,13,20,5,2,1,2,7,8,11,0.36363636363636376,0.5909090909090908,0.045454545454545414,12,-1,4,-3,0,22,22,32,24,4,1,1,home_win
1035398,2023,2024-02-03 15:00:00+00:00,44,Burnley,36,Fulham,22,3,3,16,12,0.5454545454545454,22,45,1.0,2.0454545454545454,-23,11,1,1,9,11,25,11,2,2,7,11,20,10,2,2,6,8,13,15,5,1,1,3,4,6,9,22,7,4,11,25,1.1363636363636365,28,36,1.2727272727272727,1.6363636363636365,-8,11,6,1,4,19,12,11,1,3,7,9,24,10,4,1,5,13,18,16,5,1,1,3,4,2,7,-0.590909090909091,-0.2727272727272727,0.40909090909090895,-15,0,-5,4,-5,22,22,12,25,2,2,0,draw
1035402,2023,2024-02-03 15:00:00+00:00,34,Newcastle,1359,Luton,22,10,2,10,32,1.4545454545454546,44,33,2.0,1.5,11,11,8,0,3,25,10,11,2,2,7,19,23,10,4,0,6,12,17,20,5,1,0,4,3,8,12,21,5,4,12,19,0.9047619047619048,28,38,1.3333333333333333,1.8095238095238095,-10,11,3,2,6,17,17,10,2,2,6,11,21,10,4,1,5,13,18,17,5,3,1,1,10,11,6,0.5497835497835498,0.6666666666666667,-0.30952380952380953,21,-7,-1,-3,-1,22,21,32,19,4,4,0,draw
1035403,2023,2024-02-03 17:30:00+00:00,62,Sheffield Utd,66,Aston Villa,22,2,4,16,10,0.45454545454545453,19,54,0.8636363636363636,2.4545454545454546,-35,11,2,2,7,12,26,11,0,2,9,7,28,10,1,2,7,5,9,23,5,0,2,3,2,7,11,22,13,4,5,43,1.9545454545454546,44,30,2.0,1.3636363636363635,14,11,9,1,1,30,11,11,4,3,4,14,19,10,5,3,2,18,15,13,5,1,2,2,5,7,9,-1.5,-1.1363636363636362,1.090909090909091,-49,-3,-13,0,-6,22,22,10,43,0,5,2,away_win
1035394,2023,2024-02-04 14:00:00+00:00,35,Bournemouth,65,Nottingham Forest,21,7,5,9,26,1.2380952380952381,29,40,1.380952380952381,1.9047619047619047,-11,10,3,3,4,11,16,11,4,2,5,18,24,10,6,2,2,20,20,13,5,2,1,2,7,8,10,22,5,5,12,20,0.9090909090909091,27,40,1.2272727272727273,1.8181818181818181,-13,11,3,3,5,15,17,11,2,2,7,12,23,10,2,1,7,7,13,22,5,2,0,3,6,10,10,0.3290043290043291,0.15367965367965364,0.08658008658008653,2,1,13,-2,7,21,22,26,20,1,1,0,draw
1035399,2023,2024-02-04 14:00:00+00:00,49,Chelsea,39,Wolves,22,9,4,9,31,1.4090909090909092,36,35,1.6363636363636365,1.5909090909090908,1,11,5,3,3,18,14,11,4,1,6,18,21,10,5,0,5,15,15,19,5,3,0,2,9,8,9,22,8,5,9,29,1.3181818181818181,33,35,1.5,1.5909090909090908,-2,11,5,3,3,19,18,11,3,2,6,14,17,10,4,2,4,14,17,15,5,3,1,1,10,12,6,0.09090909090909105,0.13636363636363646,0.0,3,-1,1,-4,-2,22,22,31,29,2,4,2,away_win
1035401,2023,2024-02-04 14:00:00+00:00,33,Manchester United,48,West Ham,22,11,2,9,35,1.5909090909090908,28,32,1.2727272727272727,1.4545454545454546,-4,11,6,1,4,15,18,11,5,1,5,13,14,10,4,2,4,14,15,16,5,2,1,2,7,10,11,22,10,6,6,36,1.6363636363636365,36,33,1.6363636363636365,1.5,3,11,5,4,2,18,11,11,5,2,4,18,22,10,5,4,1,19,15,11,5,2,3,0,9,7,3,-0.045454545454545636,-0.36363636363636376,-0.045454545454545414,-7,-2,-5,3,0,22,22,35,36,3,0,1,home_win
1035395,2023,2024-02-04 16:30:00+00:00,42,Arsenal,40,Liverpool,22,14,4,4,46,2.090909090909091,44,21,2.0,0.9545454545454546,23,11,8,2,1,27,10,11,6,2,3,17,11,10,6,1,3,19,18,11,5,2,1,2,7,9,6,22,15,6,1,51,2.3181818181818183,51,19,2.3181818181818183,0.8636363636363636,32,11,9,2,0,30,9,11,6,4,1,21,10,10,7,3,0,24,24,9,5,4,1,0,13,15,4,-0.22727272727272751,-0.31818181818181834,0.09090909090909094,-9,-6,-5,-6,-6,22,22,46,51,3,1,1,home_win
1035396,2023,2024-02-05 20:00:00+00:00,55,Brentford,50,Manchester City,21,6,4,11,22,1.0476190476190477,31,36,1.4761904761904763,1.7142857142857142,-5,11,4,3,4,20,20,10,2,1,7,11,16,10,2,0,8,6,12,22,5,1,0,4,3,8,14,21,14,4,3,46,2.1904761904761907,51,24,2.4285714285714284,1.1428571428571428,27,10,7,3,0,27,10,11,7,1,3,24,14,10,5,4,1,19,23,16,5,4,1,0,13,13,6,-1.142857142857143,-0.9523809523809521,0.5714285714285714,-32,-10,-13,-5,-11,21,21,22,46,1,3,2,away_win
1035409,2023,2024-02-10 12:30:00+00:00,50,Manchester City,45,Everton,22,15,4,3,49,2.227272727272727,54,25,2.4545454545454546,1.1363636363636365,29,10,7,3,0,27,10,12,8,1,3,27,15,10,6,3,1,21,22,13,5,5,0,0,15,14,5,23,8,5,10,29,1.2608695652173914,26,30,1.1304347826086956,1.3043478260869565,-4,12,3,3,6,13,14,11,5,2,4,13,16,10,4,3,3,15,12,10,5,0,3,2,3,3,8,0.9664031620553357,1.324110671936759,-0.16798418972332008,33,12,6,11,10,22,23,49,29,2,0,1,home_win
1035406,2023,2024-02-10 15:00:00+00:00,36,Fulham,35,Bournemouth,23,7,5,11,26,1.1304347826086956,30,38,1.3043478260869565,1.6521739130434783,-8,11,6,1,4,19,12,12,1,4,7,11,26,10,3,2,5,11,17,16,5,1,2,2,5,4,7,22,7,6,9,27,1.2272727272727273,30,41,1.3636363636363635,1.8636363636363635,-11,11,3,4,4,12,17,11,4,2,5,18,24,10,5,3,2,18,19,14,5,1,2,2,5,6,9,-0.09683794466403173,-0.059288537549406994,-0.21146245059288526,3,0,-7,-2,-2,23,22,26,27,3,1,1,home_win
1035407,2023,2024-02-10 15:00:00+00:00,40,Liverpool,44,Burnley,23,15,6,2,51,2.217391304347826,52,22,2.260869565217391,0.9565217391304348,30,11,9,2,0,30,9,12,6,4,2,22,13,10,7,2,1,23,24,11,5,4,0,1,12,15,6,23,3,4,16,13,0.5652173913043478,24,47,1.0434782608695652,2.0434782608695654,-23,12,1,2,9,13,27,11,2,2,7,11,20,10,2,3,5,9,14,15,5,0,2,3,2,6,11,1.6521739130434785,1.217391304347826,-1.0869565217391306,53,10,14,9,10,23,23,51,13,3,1,1,home_win
1035408,2023,2024-02-10 15:00:00+00:00,1359,Luton,62,Sheffield Utd,22,5,5,12,20,0.9090909090909091,32,42,1.4545454545454546,1.9090909090909092,-10,11,3,2,6,17,17,11,2,3,6,15,25,10,4,2,4,14,22,20,5,2,2,1,8,14,10,23,2,4,17,10,0.43478260869565216,19,59,0.8260869565217391,2.5652173913043477,-40,12,2,2,8,12,31,11,0,2,9,7,28,10,1,2,7,5,8,25,5,0,1,4,1,6,15,0.4743083003952569,0.6284584980237155,-0.6561264822134385,30,7,9,8,14,22,23,20,10,1,3,2,away_win
1035411,2023,2024-02-10 15:00:00+00:00,47,Tottenham,51,Brighton,23,13,5,5,44,1.9130434782608696,49,35,2.130434782608696,1.5217391304347827,14,11,8,0,3,23,15,12,5,5,2,26,20,10,5,3,2,18,24,18,5,2,2,1,8,12,11,23,9,8,6,35,1.5217391304347827,42,38,1.826086956521739,1.6521739130434783,4,12,6,5,1,26,15,11,3,3,5,16,23,10,3,4,3,13,14,15,5,2,2,1,8,8,7,0.3913043478260869,0.30434782608695676,-0.13043478260869557,10,0,5,4,10,23,23,44,35,2,1,1,home_win
1035413,2023,2024-02-10 15:00:00+00:00,39,Wolves,55,Brentford,23,9,5,9,32,1.391304347826087,37,37,1.608695652173913,1.608695652173913,0,11,5,3,3,19,18,12,4,2,6,18,19,10,5,2,3,17,19,14,5,3,1,1,10,14,7,22,6,4,12,22,1.0,32,39,1.4545454545454546,1.7727272727272727,-7,12,4,3,5,21,23,10,2,1,7,11,16,10,2,0,8,6,13,22,5,1,0,4,3,8,15,0.3913043478260869,0.1541501976284585,-0.16403162055335962,7,7,11,6,6,23,22,32,22,0,2,2,away_win
1035410,2023,2024-02-10 17:30:00+00:00,65,Nottingham Forest,34,Newcastle,23,5,6,12,21,0.9130434782608695,28,41,1.2173913043478262,1.7826086956521738,-13,11,3,3,5,15,17,12,2,3,7,13,24,10,2,2,6,8,12,20,5,2,1,2,7,9,8,23,10,3,10,33,1.434782608695652,48,37,2.0869565217391304,1.608695652173913,11,12,8,1,3,29,14,11,2,2,7,19,23,10,3,1,6,10,17,23,5,1,1,3,4,12,15,-0.5217391304347826,-0.8695652173913042,0.17391304347826075,-24,3,-2,-3,-5,23,23,21,33,2,3,2,away_win
1035412,2023,2024-02-11 14:00:00+00:00,48,West Ham,42,Arsenal,23,10,6,7,36,1.565217391304348,36,36,1.565217391304348,1.565217391304348,0,11,5,4,2,18,11,12,5,2,5,18,25,10,4,4,2,16,13,13,5,1,3,1,6,5,6,23,15,4,4,49,2.130434782608696,47,22,2.0434782608695654,0.9565217391304348,25,12,9,2,1,30,11,11,6,2,3,17,11,10,6,1,3,19,20,12,5,3,0,2,9,11,6,-0.5652173913043479,-0.4782608695652175,0.6086956521739131,-25,-3,-3,-6,-7,23,23,36,49,0,6,2,away_win
1035404,2023,2024-02-11 16:30:00+00:00,66,Aston Villa,33,Manchester United,23,14,4,5,46,2.0,49,30,2.130434782608696,1.3043478260869565,19,11,9,1,1,30,11,12,5,3,4,19,19,10,5,3,2,18,18,12,5,2,1,2,7,11,8,23,12,2,9,38,1.6521739130434783,31,32,1.3478260869565217,1.391304347826087,-1,12,7,1,4,18,18,11,5,1,5,13,14,10,4,2,4,14,15,16,5,3,1,1,10,13,9,0.34782608695652173,0.7826086956521741,-0.08695652173913038,20,-3,4,-2,3,23,23,46,38,1,2,2,away_win
1035405,2023,2024-02-12 20:00:00+00:00,52,Crystal Palace,49,Chelsea,23,6,6,11,24,1.0434782608695652,26,40,1.1304347826086956,1.7391304347826086,-14,11,3,3,5,14,16,12,3,3,6,12,24,10,2,3,5,9,13,22,5,2,0,3,6,8,14,23,9,4,10,31,1.3478260869565217,38,39,1.6521739130434783,1.6956521739130435,-1,12,5,3,4,20,18,11,4,1,6,18,21,10,5,0,5,15,16,19,5,3,0,2,9,9,11,-0.30434782608695654,-0.5217391304347827,0.04347826086956519,-13,-3,-6,-1,-3,23,23,24,31,1,3,2,away_win
1035414,2023,2024-02-17 12:30:00+00:00,55,Brentford,40,Liverpool,23,7,4,12,25,1.0869565217391304,34,39,1.4782608695652173,1.6956521739130435,-5,12,4,3,5,21,23,11,3,1,7,13,16,10,3,0,7,9,15,21,5,2,0,3,6,9,11,24,16,6,2,54,2.25,55,23,2.2916666666666665,0.9583333333333334,32,12,10,2,0,33,10,12,6,4,2,22,13,10,7,2,1,23,23,9,5,4,0,1,12,16,7,-1.1630434782608696,-0.8134057971014492,0.7373188405797101,-37,-6,-14,-7,-8,23,24,25,54,1,4,2,away_win
1035415,2023,2024-02-17 15:00:00+00:00,44,Burnley,42,Arsenal,24,3,4,17,13,0.5416666666666666,25,50,1.0416666666666667,2.0833333333333335,-25,12,1,2,9,13,27,12,2,2,8,12,23,10,1,3,6,6,10,18,5,0,2,3,2,7,12,24,16,4,4,52,2.1666666666666665,53,22,2.2083333333333335,0.9166666666666666,31,12,9,2,1,30,11,12,7,2,3,23,11,10,6,1,3,19,24,11,5,4,0,1,12,17,4,-1.625,-1.1666666666666667,1.166666666666667,-56,-10,-13,-10,-14,24,24,13,52,0,5,2,away_win
1035417,2023,2024-02-17 15:00:00+00:00,36,Fulham,66,Aston Villa,24,8,5,11,29,1.2083333333333333,33,39,1.375,1.625,-6,12,7,1,4,22,13,12,1,4,7,11,26,10,4,2,4,14,17,13,5,2,2,1,8,7,5,24,14,4,6,46,1.9166666666666667,50,32,2.0833333333333335,1.3333333333333333,18,12,9,1,2,31,13,12,5,3,4,19,19,10,5,2,3,17,17,12,5,2,1,2,7,10,7,-0.7083333333333335,-0.7083333333333335,0.29166666666666674,-24,1,-3,-3,0,24,24,29,46,1,2,2,away_win
1035420,2023,2024-02-17 15:00:00+00:00,34,Newcastle,35,Bournemouth,24,11,3,10,36,1.5,51,39,2.125,1.625,12,12,8,1,3,29,14,12,3,2,7,22,25,10,3,1,6,10,19,25,5,2,1,2,7,14,14,23,7,6,10,27,1.173913043478261,31,44,1.3478260869565217,1.9130434782608696,-13,11,3,4,4,12,17,12,4,2,6,19,27,10,4,3,3,15,17,16,5,0,2,3,2,4,12,0.326086956521739,0.7771739130434783,-0.2880434782608696,25,5,-5,10,2,24,23,36,27,2,2,0,draw
1035421,2023,2024-02-17 15:00:00+00:00,65,Nottingham Forest,48,West Ham,24,5,6,13,21,0.875,30,44,1.25,1.8333333333333333,-14,12,3,3,6,17,20,12,2,3,7,13,24,10,2,2,6,8,14,22,5,1,1,3,4,8,10,24,10,6,8,36,1.5,36,42,1.5,1.75,-6,12,5,4,3,18,17,12,5,2,5,18,25,10,4,3,3,15,12,18,5,0,3,2,3,3,12,-0.625,-0.25,0.08333333333333326,-8,1,-7,5,2,24,24,21,36,2,0,1,home_win
1035423,2023,2024-02-17 15:00:00+00:00,47,Tottenham,39,Wolves,24,14,5,5,47,1.9583333333333333,51,36,2.125,1.5,15,12,9,0,3,25,16,12,5,5,2,26,20,10,6,2,2,20,23,16,5,3,2,0,11,12,8,24,9,5,10,32,1.3333333333333333,37,39,1.5416666666666667,1.625,-2,12,5,3,4,19,20,12,4,2,6,18,19,10,5,2,3,17,18,14,5,2,1,2,7,10,8,0.625,0.5833333333333333,-0.125,17,4,3,2,5,24,24,47,32,1,2,2,away_win
1035419,2023,2024-02-17 17:30:00+00:00,50,Manchester City,49,Chelsea,23,16,4,3,52,2.260869565217391,56,25,2.4347826086956523,1.0869565217391304,31,11,8,3,0,29,10,12,8,1,3,27,15,10,7,2,1,23,23,12,5,5,0,0,15,13,4,24,10,4,10,34,1.4166666666666667,41,40,1.7083333333333333,1.6666666666666667,1,12,5,3,4,20,18,12,5,1,6,21,22,10,5,0,5,15,16,18,5,3,0,2,9,10,11,0.8442028985507244,0.7264492753623191,-0.5797101449275364,30,6,8,3,7,23,24,52,34,1,1,0,draw
1035422,2023,2024-02-18 14:00:00+00:00,62,Sheffield Utd,51,Brighton,24,3,4,17,13,0.5416666666666666,22,60,0.9166666666666666,2.5,-38,12,2,2,8,12,31,12,1,2,9,10,29,10,2,2,6,8,11,21,5,1,1,3,4,7,13,24,9,8,7,35,1.4583333333333333,43,40,1.7916666666666667,1.6666666666666667,3,12,6,5,1,26,15,12,3,3,6,17,25,10,3,4,3,13,13,14,5,1,2,2,5,5,7,-0.9166666666666666,-0.8750000000000001,0.8333333333333333,-41,-1,-5,2,-2,24,24,13,35,0,5,2,away_win
1035418,2023,2024-02-18 16:30:00+00:00,1359,Luton,33,Manchester United,23,5,5,13,20,0.8695652173913043,33,45,1.434782608695652,1.9565217391304348,-12,12,3,2,7,18,20,11,2,3,6,15,25,10,3,2,5,11,21,22,5,1,2,2,5,12,11,24,13,2,9,41,1.7083333333333333,33,33,1.375,1.375,0,12,7,1,4,18,18,12,6,1,5,15,15,10,5,2,3,17,17,16,5,3,1,1,10,12,8,-0.8387681159420289,0.059782608695652106,0.5815217391304348,-12,-5,-6,0,4,23,24,20,41,1,2,2,away_win
1035416,2023,2024-02-19 20:00:00+00:00,45,Everton,52,Crystal Palace,24,8,5,11,29,1.2083333333333333,26,32,1.0833333333333333,1.3333333333333333,-6,12,3,3,6,13,14,12,5,2,5,13,18,10,3,3,4,12,11,12,5,0,3,2,3,2,7,24,6,6,12,24,1.0,27,43,1.125,1.7916666666666667,-16,12,3,3,6,15,19,12,3,3,6,12,24,10,2,2,6,8,13,24,5,2,0,3,6,8,15,0.20833333333333326,-0.04166666666666674,-0.4583333333333335,10,-3,4,-6,-2,24,24,29,24,1,1,0,draw
1035349,2023,2024-02-20 19:30:00+00:00,50,Manchester City,55,Brentford,24,16,5,3,53,2.2083333333333335,57,26,2.375,1.0833333333333333,31,12,8,4,0,30,11,12,8,1,3,27,15,10,7,2,1,23,21,10,5,4,1,0,13,12,5,24,7,4,13,25,1.0416666666666667,35,43,1.4583333333333333,1.7916666666666667,-8,13,4,3,6,22,27,11,3,1,7,13,16,10,2,0,8,6,13,24,5,2,0,3,6,9,12,1.1666666666666667,0.9166666666666667,-0.7083333333333335,39,7,17,3,8,24,24,53,25,1,0,1,home_win
1035430,2023,2024-02-21 19:30:00+00:00,40,Liverpool,1359,Luton,25,17,6,2,57,2.28,59,24,2.36,0.96,35,12,10,2,0,33,10,13,7,4,2,26,14,10,7,2,1,23,25,10,5,4,0,1,12,16,6,24,5,5,14,20,0.8333333333333334,34,47,1.4166666666666667,1.9583333333333333,-13,13,3,2,8,19,22,11,2,3,6,15,25,10,3,2,5,11,21,21,5,1,2,2,5,11,10,1.4466666666666663,0.9433333333333331,-0.9983333333333333,48,7,12,5,4,25,24,57,20,4,1,1,home_win
1035426,2023,2024-02-24 15:00:00+00:00,66,Aston Villa,65,Nottingham Forest,25,15,4,6,49,1.96,52,33,2.08,1.32,19,12,9,1,2,31,13,13,6,3,4,21,20,10,5,2,3,17,18,13,5,2,1,2,7,9,6,25,6,6,13,24,0.96,32,44,1.28,1.76,-12,13,4,3,6,19,20,12,2,3,7,13,24,10,3,2,5,11,16,17,5,1,1,3,4,8,9,1.0,0.8,-0.43999999999999995,31,3,6,1,2,25,25,49,24,4,2,1,home_win
1035427,2023,2024-02-24 15:00:00+00:00,51,Brighton,45,Everton,25,10,8,7,38,1.52,48,40,1.92,1.6,8,12,6,5,1,26,15,13,4,3,6,22,25,10,3,4,3,13,16,13,5,2,1,2,7,10,7,25,8,6,11,30,1.2,27,33,1.08,1.32,-6,13,3,4,6,14,15,12,5,2,5,13,18,10,2,4,4,10,9,13,5,0,4,1,4,3,5,0.32000000000000006,0.8399999999999999,0.28,14,3,3,7,7,25,25,38,30,1,1,0,draw
1035429,2023,2024-02-24 15:00:00+00:00,52,Crystal Palace,44,Burnley,25,6,7,12,25,1.0,28,44,1.12,1.76,-16,12,3,3,6,15,19,13,3,4,6,13,25,10,2,3,5,9,14,23,5,1,1,3,4,6,15,25,3,4,18,13,0.52,25,55,1.0,2.2,-30,13,1,2,10,13,32,12,2,2,8,12,23,10,1,3,6,6,10,22,5,0,2,3,2,5,14,0.48,0.1200000000000001,-0.44000000000000017,14,2,3,1,4,25,25,25,13,3,0,1,home_win
1035431,2023,2024-02-24 15:00:00+00:00,33,Manchester United,36,Fulham,25,14,2,9,44,1.76,35,34,1.4,1.36,1,12,7,1,4,18,18,13,7,1,5,17,16,10,5,2,3,17,17,16,5,4,1,0,13,13,7,25,8,5,12,29,1.16,34,41,1.36,1.64,-7,13,7,1,5,23,15,12,1,4,7,11,26,10,3,2,5,11,13,15,5,1,2,2,5,6,6,0.6000000000000001,0.039999999999999813,-0.2799999999999998,8,8,6,7,4,25,25,44,29,1,2,2,away_win
1035424,2023,2024-02-24 17:30:00+00:00,35,Bournemouth,50,Manchester City,24,7,7,10,28,1.1666666666666667,33,46,1.375,1.9166666666666667,-13,11,3,4,4,12,17,13,4,3,6,21,29,10,4,3,3,15,17,16,5,0,3,2,3,5,11,25,17,5,3,56,2.24,58,26,2.32,1.04,32,13,9,4,0,31,11,12,8,1,3,27,15,10,8,2,0,26,22,9,5,4,1,0,13,10,3,-1.0733333333333335,-0.9449999999999998,0.8766666666666667,-45,-10,-11,-5,-5,24,25,28,56,0,1,2,away_win
1035425,2023,2024-02-24 20:00:00+00:00,42,Arsenal,34,Newcastle,25,17,4,4,55,2.2,58,22,2.32,0.88,36,12,9,2,1,30,11,13,8,2,3,28,11,10,6,1,3,19,25,8,5,5,0,0,15,21,2,25,11,4,10,37,1.48,53,41,2.12,1.64,12,13,8,2,3,31,16,12,3,2,7,22,25,10,3,2,5,11,21,24,5,2,2,1,8,14,12,0.7200000000000002,0.19999999999999973,-0.7599999999999999,24,7,8,7,4,25,25,55,37,4,1,1,home_win
1035433,2023,2024-02-25 13:30:00+00:00,39,Wolves,62,Sheffield Utd,25,10,5,10,35,1.4,39,40,1.56,1.6,-1,12,5,3,4,19,20,13,5,2,6,20,20,10,5,2,3,17,19,15,5,2,1,2,7,9,9,25,3,4,18,13,0.52,22,65,0.88,2.6,-43,13,2,2,9,12,36,12,1,2,9,10,29,10,2,2,6,8,11,24,5,1,1,3,4,7,16,0.8799999999999999,0.68,-1.0,42,3,9,2,8,25,25,35,13,1,0,1,home_win
1035432,2023,2024-02-26 20:00:00+00:00,48,West Ham,55,Brentford,25,10,6,9,36,1.44,36,44,1.44,1.76,-8,12,5,4,3,18,17,13,5,2,6,18,27,10,3,3,4,12,10,19,5,0,2,3,2,3,14,25,7,4,14,25,1.0,35,44,1.4,1.76,-9,13,4,3,6,22,27,12,3,1,8,13,17,10,2,0,8,6,12,23,5,1,0,4,3,6,11,0.43999999999999995,0.040000000000000036,0.0,1,-1,6,-3,-2,25,25,36,25,4,2,1,home_win
1035434,2023,2024-03-02 15:00:00+00:00,55,Brentford,49,Chelsea,26,7,4,15,25,0.9615384615384616,37,48,1.4230769230769231,1.8461538461538463,-11,13,4,3,6,22,27,13,3,1,9,15,21,10,2,0,8,6,14,26,5,1,0,4,3,6,12,25,10,5,10,35,1.4,42,41,1.68,1.64,1,12,5,3,4,20,18,13,5,2,6,22,23,10,5,1,4,16,16,17,5,2,1,2,7,8,10,-0.43846153846153835,-0.2569230769230768,0.20615384615384635,-12,-4,-10,-2,-2,26,25,25,35,2,2,0,draw
1035436,2023,2024-03-02 15:00:00+00:00,45,Everton,48,West Ham,26,8,7,11,31,1.1923076923076923,28,34,1.0769230769230769,1.3076923076923077,-6,13,3,4,6,14,15,13,5,3,5,14,19,10,1,5,4,8,8,14,5,0,4,1,4,4,6,26,11,6,9,39,1.5,40,46,1.5384615384615385,1.7692307692307692,-6,13,6,4,3,22,19,13,5,2,6,18,27,10,4,3,3,15,14,16,5,1,1,3,4,5,14,-0.3076923076923077,-0.4615384615384617,-0.46153846153846145,0,0,-7,-1,-6,26,26,31,39,1,3,2,away_win
1035437,2023,2024-03-02 15:00:00+00:00,36,Fulham,51,Brighton,26,9,5,12,32,1.2307692307692308,36,42,1.3846153846153846,1.6153846153846154,-6,13,7,1,5,23,15,13,2,4,7,13,27,10,3,2,5,11,10,16,5,2,2,1,8,8,6,26,10,9,7,39,1.5,49,41,1.8846153846153846,1.5769230769230769,8,13,6,6,1,27,16,13,4,3,6,22,25,10,3,4,3,13,16,13,5,2,1,2,7,11,8,-0.26923076923076916,-0.5,0.03846153846153855,-14,1,-2,-3,-6,26,26,32,39,3,0,1,home_win
1035440,2023,2024-03-02 15:00:00+00:00,34,Newcastle,39,Wolves,26,11,4,11,37,1.4230769230769231,54,45,2.076923076923077,1.7307692307692308,9,13,8,2,3,31,16,13,3,2,8,23,29,10,3,2,5,11,21,24,5,2,2,1,8,13,13,26,11,5,10,38,1.4615384615384615,40,40,1.5384615384615385,1.5384615384615385,0,13,6,3,4,20,20,13,5,2,6,20,20,10,6,1,3,19,19,14,5,3,0,2,9,10,9,-0.038461538461538325,0.5384615384615385,0.1923076923076923,9,-1,-8,3,2,26,26,37,38,3,0,1,home_win
1035441,2023,2024-03-02 15:00:00+00:00,65,Nottingham Forest,40,Liverpool,26,6,6,14,24,0.9230769230769231,34,48,1.3076923076923077,1.8461538461538463,-14,13,4,3,6,19,20,13,2,3,8,15,28,10,3,1,6,10,17,20,5,1,1,3,4,8,10,26,18,6,2,60,2.3076923076923075,63,25,2.423076923076923,0.9615384615384616,38,13,11,2,0,37,11,13,7,4,2,26,14,10,7,2,1,23,27,10,5,4,0,1,12,16,7,-1.3846153846153844,-1.1153846153846152,0.8846153846153847,-52,-8,-13,-8,-10,26,26,24,60,0,1,2,away_win
1035443,2023,2024-03-02 15:00:00+00:00,47,Tottenham,52,Crystal Palace,25,14,5,6,47,1.88,52,38,2.08,1.52,14,13,9,0,4,26,18,12,5,5,2,26,20,10,6,2,2,20,23,16,5,2,2,1,8,10,9,26,7,7,12,28,1.0769230769230769,31,44,1.1923076923076923,1.6923076923076923,-13,13,4,3,6,18,19,13,3,4,6,13,25,10,3,3,4,12,16,21,5,2,1,2,7,9,10,0.803076923076923,0.8876923076923078,-0.17230769230769227,27,1,8,1,7,25,26,47,28,3,1,1,home_win
1035438,2023,2024-03-02 17:30:00+00:00,1359,Luton,66,Aston Villa,25,5,5,15,20,0.8,35,51,1.4,2.04,-16,13,3,2,8,19,22,12,2,3,7,16,29,10,3,2,5,11,19,21,5,1,1,3,4,11,13,26,16,4,6,52,2.0,56,35,2.1538461538461537,1.3461538461538463,21,13,10,1,2,35,15,13,6,3,4,21,20,10,5,2,3,17,21,15,5,3,0,2,9,13,8,-1.2,-0.7538461538461538,0.6938461538461538,-37,-5,-6,-2,-2,25,26,20,52,2,3,2,away_win
1035435,2023,2024-03-03 13:00:00+00:00,44,Burnley,35,Bournemouth,26,3,4,19,13,0.5,25,58,0.9615384615384616,2.230769230769231,-33,13,1,2,10,13,32,13,2,2,9,12,26,10,1,2,7,5,9,24,5,0,1,4,1,4,16,25,7,7,11,28,1.12,33,47,1.32,1.88,-14,12,3,4,5,12,18,13,4,3,6,21,29,10,3,3,4,12,15,17,5,0,3,2,3,5,8,-0.6200000000000001,-0.3584615384615385,0.35076923076923094,-19,-2,-7,-1,-6,26,25,13,28,0,2,2,away_win
1035439,2023,2024-03-03 15:30:00+00:00,50,Manchester City,33,Manchester United,26,18,5,3,59,2.269230769230769,59,26,2.269230769230769,1.0,33,13,9,4,0,31,11,13,9,1,3,28,15,10,8,2,0,26,21,8,5,4,1,0,13,8,2,26,14,2,10,44,1.6923076923076923,36,36,1.3846153846153846,1.3846153846153846,0,13,7,1,5,19,20,13,7,1,5,17,16,10,5,2,3,17,18,15,5,4,0,1,12,12,7,0.5769230769230769,0.8846153846153846,-0.3846153846153846,33,1,9,-4,3,26,26,59,44,3,1,1,home_win
1035442,2023,2024-03-04 20:00:00+00:00,62,Sheffield Utd,42,Arsenal,26,3,4,19,13,0.5,22,66,0.8461538461538461,2.5384615384615383,-44,13,2,2,9,12,36,13,1,2,10,10,30,10,1,2,7,5,10,25,5,1,0,4,3,5,15,26,18,4,4,58,2.230769230769231,62,23,2.3846153846153846,0.8846153846153846,39,13,10,2,1,34,12,13,8,2,3,28,11,10,7,1,2,22,29,8,5,5,0,0,15,20,3,-1.7307692307692308,-1.5384615384615383,1.6538461538461537,-83,-12,-17,-15,-19,26,26,13,58,0,6,2,away_win
1035451,2023,2024-03-09 12:30:00+00:00,33,Manchester United,45,Everton,27,14,2,11,44,1.6296296296296295,37,39,1.3703703703703705,1.4444444444444444,-2,13,7,1,5,19,20,14,7,1,6,18,19,10,5,1,4,16,19,18,5,3,0,2,9,9,7,27,8,7,12,31,1.1481481481481481,29,37,1.0740740740740742,1.3703703703703705,-8,14,3,4,7,15,18,13,5,3,5,14,19,10,0,5,5,5,7,17,5,0,3,2,3,5,9,0.4814814814814814,0.2962962962962963,0.07407407407407396,6,6,11,4,12,27,27,44,31,2,0,1,home_win
1035444,2023,2024-03-09 15:00:00+00:00,35,Bournemouth,62,Sheffield Utd,26,8,7,11,31,1.1923076923076923,35,47,1.3461538461538463,1.8076923076923077,-12,12,3,4,5,12,18,14,5,3,6,23,29,10,3,3,4,12,14,17,5,1,2,2,5,6,7,27,3,4,20,13,0.48148148148148145,22,72,0.8148148148148148,2.6666666666666665,-50,14,2,2,10,12,42,13,1,2,10,10,30,10,1,2,7,5,10,29,5,1,0,4,3,3,18,0.7108262108262109,0.5313390313390315,-0.8589743589743588,38,2,7,3,4,26,27,31,13,2,2,0,draw
1035449,2023,2024-03-09 15:00:00+00:00,52,Crystal Palace,1359,Luton,27,7,7,13,28,1.037037037037037,32,47,1.1851851851851851,1.7407407407407407,-15,13,4,3,6,18,19,14,3,4,7,14,28,10,3,2,5,11,15,22,5,1,1,3,4,7,11,26,5,5,16,20,0.7692307692307693,37,54,1.4230769230769231,2.076923076923077,-17,14,3,2,9,21,25,12,2,3,7,16,29,10,3,2,5,11,20,22,5,0,1,4,1,9,16,0.2678062678062677,-0.237891737891738,-0.3361823361823364,2,3,0,-2,-5,27,26,28,20,1,1,0,draw
1035453,2023,2024-03-09 15:00:00+00:00,39,Wolves,36,Fulham,27,11,5,11,38,1.4074074074074074,40,43,1.4814814814814814,1.5925925925925926,-3,13,6,3,4,20,20,14,5,2,7,20,23,10,6,1,3,19,19,14,5,3,0,2,9,7,8,27,10,5,12,35,1.2962962962962963,39,42,1.4444444444444444,1.5555555555555556,-3,14,8,1,5,26,15,13,2,4,7,13,27,10,4,2,4,14,13,13,5,3,1,1,10,11,6,0.11111111111111116,0.03703703703703698,0.03703703703703698,0,-1,5,-4,6,27,27,38,35,2,1,1,home_win
1035445,2023,2024-03-09 17:30:00+00:00,42,Arsenal,55,Brentford,27,19,4,4,61,2.259259259259259,68,23,2.5185185185185186,0.8518518518518519,45,13,10,2,1,34,12,14,9,2,3,34,11,10,7,1,2,22,33,8,5,5,0,0,15,24,2,27,7,5,15,26,0.9629629629629629,39,50,1.4444444444444444,1.8518518518518519,-11,14,4,4,6,24,29,13,3,1,9,15,21,10,2,1,7,7,15,26,5,1,1,3,4,7,11,1.2962962962962963,1.0740740740740742,-1.0,56,11,15,17,18,27,27,61,26,2,1,1,home_win
1035446,2023,2024-03-10 13:00:00+00:00,66,Aston Villa,47,Tottenham,27,17,4,6,55,2.037037037037037,59,37,2.185185185185185,1.3703703703703705,22,13,10,1,2,35,15,14,7,3,4,24,22,10,5,2,3,17,22,16,5,4,0,1,12,15,7,26,15,5,6,50,1.9230769230769231,55,39,2.1153846153846154,1.5,16,14,10,0,4,29,19,12,5,5,2,26,20,10,6,2,2,20,22,16,5,3,1,1,10,11,8,0.11396011396011407,0.0698005698005697,-0.12962962962962954,6,2,-3,4,0,27,26,55,50,0,4,2,away_win
1035447,2023,2024-03-10 14:00:00+00:00,51,Brighton,65,Nottingham Forest,27,10,9,8,39,1.4444444444444444,49,44,1.8148148148148149,1.6296296296296295,5,13,6,6,1,27,16,14,4,3,7,22,28,10,3,4,3,13,16,14,5,2,1,2,7,11,7,27,6,6,15,24,0.8888888888888888,34,49,1.2592592592592593,1.8148148148148149,-15,14,4,3,7,19,21,13,2,3,8,15,28,10,3,1,6,10,17,19,5,1,1,3,4,7,9,0.5555555555555556,0.5555555555555556,-0.18518518518518534,20,3,3,4,-1,27,27,39,24,1,0,1,home_win
1035452,2023,2024-03-10 14:00:00+00:00,48,West Ham,44,Burnley,27,12,6,9,42,1.5555555555555556,43,47,1.5925925925925926,1.7407407407407407,-4,13,6,4,3,22,19,14,6,2,6,21,28,10,4,3,3,15,14,17,5,2,0,3,6,7,14,27,3,4,20,13,0.48148148148148145,25,60,0.9259259259259259,2.2222222222222223,-35,14,1,2,11,13,34,13,2,2,9,12,26,10,1,2,7,5,9,24,5,0,1,4,1,3,15,1.0740740740740742,0.6666666666666666,-0.4814814814814816,31,5,10,4,5,27,27,42,13,2,2,0,draw
1035450,2023,2024-03-10 15:45:00+00:00,40,Liverpool,50,Manchester City,27,19,6,2,63,2.3333333333333335,64,25,2.3703703703703702,0.9259259259259259,39,13,11,2,0,37,11,14,8,4,2,27,14,10,8,1,1,25,28,10,5,4,0,1,12,13,6,27,19,5,3,62,2.2962962962962963,62,27,2.2962962962962963,1.0,35,14,10,4,0,34,12,13,9,1,3,28,15,10,9,1,0,28,22,7,5,4,1,0,13,8,2,0.0370370370370372,0.07407407407407396,-0.07407407407407407,4,-1,-3,5,6,27,27,63,62,1,1,0,draw
1035448,2023,2024-03-11 20:00:00+00:00,49,Chelsea,34,Newcastle,26,10,6,10,36,1.3846153846153846,44,43,1.6923076923076923,1.6538461538461537,1,12,5,3,4,20,18,14,5,3,6,24,25,10,5,2,3,17,18,17,5,1,2,2,5,9,12,27,12,4,11,40,1.4814814814814814,57,45,2.111111111111111,1.6666666666666667,12,14,9,2,3,34,16,13,3,2,8,23,29,10,3,2,5,11,21,24,5,2,2,1,8,13,12,-0.09686609686609682,-0.41880341880341887,-0.012820512820512997,-11,-3,6,-4,-3,26,27,36,40,3,2,1,home_win
1035334,2023,2024-03-13 19:30:00+00:00,35,Bournemouth,1359,Luton,27,8,8,11,32,1.1851851851851851,37,49,1.3703703703703705,1.8148148148148149,-12,13,3,5,5,14,20,14,5,3,6,23,29,10,2,4,4,10,13,17,5,1,2,2,5,7,8,27,5,6,16,21,0.7777777777777778,38,55,1.4074074074074074,2.037037037037037,-17,14,3,2,9,21,25,13,2,4,7,17,30,10,2,3,5,9,20,23,5,0,1,4,1,6,13,0.40740740740740733,-0.03703703703703698,-0.22222222222222232,5,4,1,1,-7,27,27,32,21,4,3,1,home_win
1035456,2023,2024-03-16 15:00:00+00:00,44,Burnley,55,Brentford,28,3,5,20,14,0.5,27,62,0.9642857142857143,2.2142857142857144,-35,14,1,2,11,13,34,14,2,3,9,14,28,10,0,3,7,3,9,26,5,0,1,4,1,3,15,28,7,5,16,26,0.9285714285714286,40,52,1.4285714285714286,1.8571428571428572,-12,14,4,4,6,24,29,14,3,1,10,16,23,10,2,1,7,7,15,24,5,0,1,4,1,6,13,-0.4285714285714286,-0.4642857142857143,0.3571428571428572,-23,0,-4,-3,-6,28,28,14,26,2,1,1,home_win
1035460,2023,2024-03-16 15:00:00+00:00,1359,Luton,65,Nottingham Forest,28,5,6,17,21,0.75,41,59,1.4642857142857142,2.107142857142857,-18,14,3,2,9,21,25,14,2,4,8,20,34,10,1,3,6,6,20,25,5,0,1,4,1,8,14,28,6,6,16,24,0.8571428571428571,34,50,1.2142857142857142,1.7857142857142858,-16,14,4,3,7,19,21,14,2,3,9,15,29,10,3,1,6,10,15,17,5,1,0,4,3,6,9,-0.1071428571428571,0.25,0.3214285714285714,-2,-2,-4,2,5,28,28,21,24,1,1,0,draw
1035459,2023,2024-03-16 17:30:00+00:00,36,Fulham,47,Tottenham,28,10,5,13,35,1.25,40,44,1.4285714285714286,1.5714285714285714,-4,14,8,1,5,26,15,14,2,4,8,14,29,10,4,2,4,14,14,13,5,3,0,2,9,10,6,27,16,5,6,53,1.962962962962963,59,39,2.185185185185185,1.4444444444444444,20,14,10,0,4,29,19,13,6,5,2,30,20,10,6,2,2,20,24,16,5,3,1,1,10,12,6,-0.712962962962963,-0.7566137566137565,0.12698412698412698,-24,-1,-6,-2,-10,28,27,35,53,3,0,1,home_win
1035462,2023,2024-03-17 14:00:00+00:00,48,West Ham,66,Aston Villa,28,12,7,9,43,1.5357142857142858,45,49,1.6071428571428572,1.75,-4,14,6,5,3,24,21,14,6,2,6,21,28,10,3,4,3,13,14,19,5,2,1,2,7,9,13,28,17,4,7,55,1.9642857142857142,59,41,2.107142857142857,1.4642857142857142,18,14,10,1,3,35,19,14,7,3,4,24,22,10,5,1,4,16,21,19,5,3,0,2,9,10,11,-0.4285714285714284,-0.5,0.2857142857142858,-22,-2,-3,-1,-7,28,28,43,55,1,1,0,draw
1035470,2023,2024-03-30 12:30:00+00:00,34,Newcastle,48,West Ham,28,12,4,12,40,1.4285714285714286,59,48,2.107142857142857,1.7142857142857142,11,14,9,2,3,34,16,14,3,2,9,25,32,10,3,2,5,11,23,26,5,2,1,2,7,11,11,29,12,8,9,44,1.5172413793103448,46,50,1.5862068965517242,1.7241379310344827,-4,15,6,6,3,25,22,14,6,2,6,21,28,10,2,5,3,11,13,20,5,2,2,1,8,10,8,-0.08866995073891615,0.520935960591133,-0.009852216748768461,15,-1,0,1,10,28,29,40,44,4,3,1,home_win
1035464,2023,2024-03-30 15:00:00+00:00,35,Bournemouth,45,Everton,28,9,8,11,35,1.25,41,52,1.4642857142857142,1.8571428571428572,-11,14,4,5,5,18,23,14,5,3,6,23,29,10,2,4,4,10,14,20,5,2,2,1,8,10,8,28,8,7,13,31,1.1071428571428572,29,39,1.0357142857142858,1.3928571428571428,-10,14,3,4,7,15,18,14,5,3,6,14,21,10,0,5,5,5,6,17,5,0,2,3,2,3,9,0.1428571428571428,0.4285714285714284,0.4642857142857144,-1,6,5,7,8,28,28,35,31,2,1,1,home_win
1035467,2023,2024-03-30 15:00:00+00:00,49,Chelsea,44,Burnley,27,11,6,10,39,1.4444444444444444,47,45,1.7407407407407407,1.6666666666666667,2,13,6,3,4,23,20,14,5,3,6,24,25,10,5,2,3,17,19,19,5,2,2,1,8,11,10,29,4,5,20,17,0.5862068965517241,29,63,1.0,2.1724137931034484,-34,15,2,2,11,15,35,14,2,3,9,14,28,10,1,3,6,6,11,25,5,1,1,3,4,4,13,0.8582375478927203,0.7407407407407407,-0.5057471264367817,36,4,11,7,8,27,29,39,17,2,2,0,draw
1035471,2023,2024-03-30 15:00:00+00:00,65,Nottingham Forest,52,Crystal Palace,29,6,7,16,25,0.8620689655172413,35,51,1.206896551724138,1.7586206896551724,-16,14,4,3,7,19,21,15,2,4,9,16,30,10,2,2,6,8,13,17,5,1,1,3,4,5,7,28,7,8,13,29,1.0357142857142858,33,48,1.1785714285714286,1.7142857142857142,-15,14,4,4,6,19,20,14,3,4,7,14,28,10,3,2,5,11,15,22,5,1,2,2,5,7,8,-0.17364532019704448,0.028325123152709297,0.044334975369458185,-1,-1,-3,-2,-2,29,28,25,29,1,1,0,draw
1035472,2023,2024-03-30 15:00:00+00:00,62,Sheffield Utd,36,Fulham,28,3,5,20,14,0.5,24,74,0.8571428571428571,2.642857142857143,-50,14,2,2,10,12,42,14,1,3,10,12,32,10,1,2,7,5,11,30,5,1,1,3,4,5,15,29,11,5,13,38,1.3103448275862069,43,44,1.4827586206896552,1.5172413793103448,-1,15,9,1,5,29,15,14,2,4,8,14,29,10,5,2,3,17,17,10,5,3,0,2,9,10,5,-0.8103448275862069,-0.6256157635467982,1.125615763546798,-49,-5,-12,-5,-6,28,29,14,38,3,3,0,draw
1035473,2023,2024-03-30 15:00:00+00:00,47,Tottenham,1359,Luton,28,16,5,7,53,1.8928571428571428,59,42,2.107142857142857,1.5,17,14,10,0,4,29,19,14,6,5,3,30,23,10,5,2,3,17,22,18,5,3,0,2,9,10,7,29,5,7,17,22,0.7586206896551724,42,60,1.4482758620689655,2.0689655172413794,-18,15,3,3,9,22,26,14,2,4,8,20,34,10,1,4,5,7,19,23,5,0,2,3,2,8,13,1.1342364532019704,0.6588669950738917,-0.5689655172413794,35,7,10,2,3,28,29,53,22,2,1,1,home_win
1035465,2023,2024-03-30 17:30:00+00:00,66,Aston Villa,39,Wolves,29,17,5,7,56,1.9310344827586208,60,42,2.0689655172413794,1.4482758620689655,18,14,10,1,3,35,19,15,7,4,4,25,23,10,5,2,3,17,20,17,5,3,1,1,10,10,10,28,12,5,11,41,1.4642857142857142,42,44,1.5,1.5714285714285714,-2,14,7,3,4,22,21,14,5,2,7,20,23,10,6,1,3,19,19,14,5,3,0,2,9,5,7,0.4667487684729066,0.5689655172413794,-0.12315270935960587,20,1,-2,5,1,29,28,56,41,2,0,1,home_win
1035466,2023,2024-03-30 20:00:00+00:00,55,Brentford,33,Manchester United,29,7,5,17,26,0.896551724137931,41,54,1.4137931034482758,1.8620689655172413,-13,14,4,4,6,24,29,15,3,1,11,17,25,10,2,1,7,7,15,23,5,0,1,4,1,6,11,28,15,2,11,47,1.6785714285714286,39,39,1.3928571428571428,1.3928571428571428,0,14,8,1,5,21,20,14,7,1,6,18,19,10,6,1,3,19,21,16,5,3,0,2,9,8,7,-0.7820197044334976,0.020935960591133007,0.46921182266009853,-13,-8,-12,-2,-6,29,28,26,47,1,1,0,draw
1035468,2023,2024-03-31 13:00:00+00:00,40,Liverpool,51,Brighton,28,19,7,2,64,2.2857142857142856,65,26,2.3214285714285716,0.9285714285714286,39,14,11,3,0,38,12,14,8,4,2,27,14,10,8,1,1,25,28,10,5,4,1,0,13,13,4,28,11,9,8,42,1.5,50,44,1.7857142857142858,1.5714285714285714,6,14,7,6,1,28,16,14,4,3,7,22,28,10,4,3,3,15,16,13,5,2,1,2,7,8,6,0.7857142857142856,0.5357142857142858,-0.6428571428571428,33,6,10,5,12,28,28,64,42,2,1,1,home_win
1035469,2023,2024-03-31 15:30:00+00:00,50,Manchester City,42,Arsenal,28,19,6,3,63,2.25,63,28,2.25,1.0,35,14,10,4,0,34,12,14,9,2,3,29,16,10,8,2,0,26,20,7,5,3,2,0,11,7,3,28,20,4,4,64,2.2857142857142856,70,24,2.5,0.8571428571428571,46,14,11,2,1,36,13,14,9,2,3,34,11,10,8,0,2,24,34,8,5,5,0,0,15,23,2,-0.03571428571428559,-0.25,0.1428571428571429,-11,-4,2,-16,-14,28,28,63,64,0,0,0,draw
1035478,2023,2024-04-02 18:30:00+00:00,65,Nottingham Forest,36,Fulham,30,6,8,16,26,0.8666666666666667,36,52,1.2,1.7333333333333334,-16,15,4,4,7,20,22,15,2,4,9,16,30,10,1,3,6,6,12,17,5,0,2,3,2,4,8,30,11,6,13,39,1.3,46,47,1.5333333333333334,1.5666666666666667,-1,15,9,1,5,29,15,15,2,5,8,17,32,10,4,3,3,15,18,12,5,3,1,1,10,12,6,-0.43333333333333335,-0.3333333333333335,0.16666666666666674,-15,-8,-9,-8,-6,30,30,26,39,3,1,1,home_win
1035481,2023,2024-04-02 18:30:00+00:00,34,Newcastle,45,Everton,29,13,4,12,43,1.4827586206896552,63,51,2.1724137931034484,1.7586206896551724,12,15,10,2,3,38,19,14,3,2,9,25,32,10,4,2,4,14,26,26,5,2,1,2,7,12,12,29,8,7,14,31,1.0689655172413792,30,41,1.0344827586206897,1.4137931034482758,-11,14,3,4,7,15,18,15,5,3,7,15,23,10,0,5,5,5,6,16,5,0,2,3,2,4,9,0.413793103448276,1.1379310344827587,0.3448275862068966,23,5,9,8,20,29,29,43,31,1,1,0,draw
1035474,2023,2024-04-02 18:45:00+00:00,35,Bournemouth,52,Crystal Palace,29,10,8,11,38,1.3103448275862069,43,53,1.4827586206896552,1.8275862068965518,-10,15,5,5,5,20,24,14,5,3,6,23,29,10,3,4,3,13,15,18,5,3,1,1,10,10,7,29,7,9,13,30,1.0344827586206897,34,49,1.1724137931034482,1.6896551724137931,-15,14,4,4,6,19,20,15,3,5,7,15,29,10,3,3,4,12,15,21,5,1,3,1,6,7,6,0.2758620689655171,0.3103448275862071,0.13793103448275867,5,4,1,3,0,29,29,38,30,1,0,1,home_win
1035477,2023,2024-04-02 18:45:00+00:00,44,Burnley,39,Wolves,30,4,6,20,18,0.6,31,65,1.0333333333333334,2.1666666666666665,-34,15,2,2,11,15,35,15,2,4,9,16,30,10,1,4,5,7,11,24,5,1,2,2,5,6,10,29,12,5,12,41,1.4137931034482758,42,46,1.4482758620689655,1.5862068965517242,-4,14,7,3,4,22,21,15,5,2,8,20,25,10,5,1,4,16,15,15,5,3,0,2,9,5,7,-0.8137931034482758,-0.4149425287356321,0.5804597701149423,-30,-4,-9,1,-4,30,29,18,41,1,1,0,draw
1035479,2023,2024-04-02 19:15:00+00:00,48,West Ham,47,Tottenham,30,12,8,10,44,1.4666666666666666,49,54,1.6333333333333333,1.8,-5,15,6,6,3,25,22,15,6,2,7,24,32,10,2,4,4,10,16,24,5,2,2,1,8,13,10,29,17,5,7,56,1.9310344827586208,61,43,2.103448275862069,1.4827586206896552,18,15,11,0,4,31,20,14,6,5,3,30,23,10,6,2,2,20,22,15,5,3,0,2,9,10,7,-0.4643678160919542,-0.47011494252873565,0.3172413793103448,-23,-1,-10,3,-6,30,29,44,56,1,1,0,draw
1035475,2023,2024-04-03 18:30:00+00:00,42,Arsenal,1359,Luton,29,20,5,4,65,2.2413793103448274,70,24,2.413793103448276,0.8275862068965517,46,14,11,2,1,36,13,15,9,3,3,34,11,10,8,1,1,25,34,6,5,4,1,0,13,17,2,30,5,7,18,22,0.7333333333333333,43,62,1.4333333333333333,2.066666666666667,-19,15,3,3,9,22,26,15,2,4,9,21,36,10,1,3,6,6,19,24,5,0,2,3,2,8,11,1.508045977011494,0.9804597701149425,-1.2390804597701153,65,11,19,9,15,29,30,65,22,2,0,1,home_win
1035476,2023,2024-04-03 18:30:00+00:00,55,Brentford,51,Brighton,30,7,6,17,27,0.9,42,55,1.4,1.8333333333333333,-13,15,4,5,6,25,30,15,3,1,11,17,25,10,1,2,7,5,13,22,5,0,2,3,2,7,11,29,11,9,9,42,1.4482758620689655,51,46,1.7586206896551724,1.5862068965517242,5,14,7,6,1,28,16,15,4,3,8,23,30,10,3,3,4,12,13,13,5,2,1,2,7,8,6,-0.5482758620689655,-0.35862068965517246,0.24712643678160906,-18,-5,-7,-1,0,30,29,27,42,0,0,0,draw
1035483,2023,2024-04-03 19:15:00+00:00,50,Manchester City,66,Aston Villa,29,19,7,3,64,2.206896551724138,63,28,2.1724137931034484,0.9655172413793104,35,15,10,5,0,34,12,14,9,2,3,29,16,10,7,3,0,24,18,7,5,3,2,0,11,6,2,30,18,5,7,59,1.9666666666666666,62,42,2.066666666666667,1.4,20,15,11,1,3,37,19,15,7,4,4,25,23,10,5,2,3,17,19,15,5,3,1,1,10,10,9,0.24022988505747134,0.10574712643678152,-0.4344827586206895,15,1,7,-4,-1,29,30,64,59,4,1,1,home_win
1035482,2023,2024-04-04 18:30:00+00:00,40,Liverpool,62,Sheffield Utd,29,20,7,2,67,2.310344827586207,67,27,2.310344827586207,0.9310344827586207,40,15,12,3,0,40,13,14,8,4,2,27,14,10,8,1,1,25,28,11,5,4,1,0,13,12,4,29,3,6,20,15,0.5172413793103449,27,77,0.9310344827586207,2.6551724137931036,-50,15,2,3,10,15,45,14,1,3,10,12,32,10,1,3,6,6,12,30,5,0,2,3,2,5,17,1.793103448275862,1.3793103448275863,-1.724137931034483,90,11,19,7,16,29,29,67,15,3,1,1,home_win
1035480,2023,2024-04-04 19:15:00+00:00,49,Chelsea,33,Manchester United,28,11,7,10,40,1.4285714285714286,49,47,1.75,1.6785714285714286,2,14,6,4,4,25,22,14,5,3,6,24,25,10,5,3,2,18,20,19,5,2,3,0,9,11,8,29,15,3,11,48,1.6551724137931034,40,40,1.3793103448275863,1.3793103448275863,0,14,8,1,5,21,20,15,7,2,6,19,20,10,5,2,3,17,19,15,5,2,1,2,7,7,7,-0.22660098522167482,0.3706896551724137,0.2992610837438423,2,2,1,4,1,28,29,40,48,4,3,1,home_win
1035486,2023,2024-04-06 11:30:00+00:00,52,Crystal Palace,50,Manchester City,30,7,9,14,30,1.0,34,50,1.1333333333333333,1.6666666666666667,-16,14,4,4,6,19,20,16,3,5,8,15,30,10,2,3,5,9,12,21,5,1,2,2,5,6,6,30,20,7,3,67,2.2333333333333334,67,29,2.2333333333333334,0.9666666666666667,38,16,11,5,0,38,13,14,9,2,3,29,16,10,7,3,0,24,19,6,5,3,2,0,11,9,3,-1.2333333333333334,-1.1,0.7000000000000001,-54,-6,-15,-3,-7,30,30,30,67,2,4,2,away_win
1035484,2023,2024-04-06 14:00:00+00:00,66,Aston Villa,55,Brentford,31,18,5,8,59,1.903225806451613,63,46,2.032258064516129,1.4838709677419355,17,15,11,1,3,37,19,16,7,4,5,26,27,10,5,1,4,16,20,19,5,2,1,2,7,7,11,31,7,7,17,28,0.9032258064516129,42,55,1.3548387096774193,1.7741935483870968,-13,16,4,6,6,25,30,15,3,1,11,17,25,10,1,3,6,6,11,19,5,0,3,2,3,5,7,1.0,0.6774193548387097,-0.29032258064516125,30,4,10,2,9,31,31,59,28,3,3,0,draw
1035487,2023,2024-04-06 14:00:00+00:00,45,Everton,44,Burnley,30,8,8,14,32,1.0666666666666667,31,42,1.0333333333333334,1.4,-11,14,3,4,7,15,18,16,5,4,7,16,24,10,0,6,4,6,7,14,5,0,2,3,2,4,9,31,4,7,20,19,0.6129032258064516,32,66,1.032258064516129,2.129032258064516,-34,16,2,3,11,16,36,15,2,4,9,16,30,10,1,4,5,7,11,24,5,1,3,1,6,7,8,0.45376344086021503,0.0010752688172044333,-0.7290322580645161,23,-4,-1,-3,-4,30,31,32,19,1,0,1,home_win
1035488,2023,2024-04-06 14:00:00+00:00,36,Fulham,34,Newcastle,31,11,6,14,39,1.2580645161290323,47,50,1.5161290322580645,1.6129032258064515,-3,15,9,1,5,29,15,16,2,5,9,18,35,10,4,3,3,15,19,14,5,2,1,2,7,11,8,30,13,5,12,44,1.4666666666666666,64,52,2.1333333333333333,1.7333333333333334,12,16,10,3,3,39,20,14,3,2,9,25,32,10,4,3,3,15,25,23,5,2,1,2,7,11,11,-0.2086021505376343,-0.6172043010752688,-0.12043010752688188,-15,0,0,0,-6,31,30,39,44,0,1,2,away_win
1035489,2023,2024-04-06 14:00:00+00:00,1359,Luton,35,Bournemouth,31,5,7,19,22,0.7096774193548387,43,64,1.3870967741935485,2.064516129032258,-21,15,3,3,9,22,26,16,2,4,10,21,38,10,0,3,7,3,15,26,5,0,2,3,2,6,10,30,11,8,11,41,1.3666666666666667,44,53,1.4666666666666666,1.7666666666666666,-9,16,6,5,5,21,24,14,5,3,6,23,29,10,4,4,2,16,16,14,5,4,1,0,13,11,6,-0.656989247311828,-0.07956989247311808,0.2978494623655914,-12,-11,-13,-5,-1,31,30,22,41,2,1,1,home_win
1035493,2023,2024-04-06 14:00:00+00:00,39,Wolves,48,West Ham,30,12,6,12,42,1.4,43,47,1.4333333333333333,1.5666666666666667,-4,14,7,3,4,22,21,16,5,3,8,21,26,10,4,2,4,14,13,16,5,2,1,2,7,4,7,31,12,9,10,45,1.4516129032258065,50,55,1.6129032258064515,1.7741935483870968,-5,16,6,7,3,26,23,15,6,2,7,24,32,10,2,4,4,10,15,23,5,1,3,1,6,10,9,-0.05161290322580658,-0.17956989247311816,-0.2075268817204301,1,1,4,-6,-2,30,31,42,45,1,2,2,away_win
1035485,2023,2024-04-06 16:30:00+00:00,51,Brighton,42,Arsenal,30,11,10,9,43,1.4333333333333333,51,46,1.7,1.5333333333333334,5,14,7,6,1,28,16,16,4,4,8,23,30,10,3,3,4,12,13,13,5,1,2,2,5,3,6,30,21,5,4,68,2.2666666666666666,72,24,2.4,0.8,48,15,12,2,1,38,13,15,9,3,3,34,11,10,9,1,0,28,35,4,5,4,1,0,13,14,2,-0.8333333333333333,-0.7,0.7333333333333334,-43,-8,-16,-11,-22,30,30,43,68,0,3,2,away_win
1035490,2023,2024-04-07 14:30:00+00:00,33,Manchester United,40,Liverpool,30,15,3,12,48,1.6,43,44,1.4333333333333333,1.4666666666666666,-1,14,8,1,5,21,20,16,7,2,7,22,24,10,5,2,3,17,21,17,5,1,1,3,4,8,10,30,21,7,2,70,2.3333333333333335,70,28,2.3333333333333335,0.9333333333333333,42,16,13,3,0,43,14,14,8,4,2,27,14,10,8,1,1,25,27,10,5,4,1,0,13,11,4,-0.7333333333333334,-0.9000000000000001,0.5333333333333332,-43,-9,-8,-3,-6,30,30,48,70,2,2,0,draw
1035491,2023,2024-04-07 16:30:00+00:00,62,Sheffield Utd,49,Chelsea,30,3,6,21,15,0.5,28,80,0.9333333333333333,2.6666666666666665,-52,15,2,3,10,15,45,15,1,3,11,13,35,10,1,3,6,6,13,31,5,0,2,3,2,6,15,29,12,7,10,43,1.4827586206896552,53,50,1.8275862068965518,1.7241379310344827,3,15,7,4,4,29,25,14,5,3,6,24,25,10,5,3,2,18,22,21,5,2,3,0,9,12,10,-0.9827586206896552,-0.8942528735632185,0.9425287356321839,-55,-7,-12,-6,-9,30,29,15,43,2,2,0,draw
1035492,2023,2024-04-07 17:00:00+00:00,47,Tottenham,65,Nottingham Forest,30,17,6,7,57,1.9,62,44,2.066666666666667,1.4666666666666666,18,15,11,0,4,31,20,15,6,6,3,31,24,10,5,3,2,18,20,15,5,3,1,1,10,10,6,31,7,8,16,29,0.9354838709677419,39,53,1.2580645161290323,1.7096774193548387,-14,16,5,4,7,23,23,15,2,4,9,16,30,10,2,3,5,9,13,15,5,1,2,2,5,5,5,0.964516129032258,0.8086021505376346,-0.24301075268817218,32,5,9,5,7,30,31,57,29,3,1,1,home_win
1035501,2023,2024-04-13 11:30:00+00:00,34,Newcastle,47,Tottenham,31,14,5,12,47,1.5161290322580645,65,52,2.096774193548387,1.6774193548387097,13,16,10,3,3,39,20,15,4,2,9,26,32,10,5,3,2,18,24,20,5,3,1,1,10,11,7,31,18,6,7,60,1.935483870967742,65,45,2.096774193548387,1.4516129032258065,20,16,12,0,4,34,21,15,6,6,3,31,24,10,6,2,2,20,21,14,5,3,1,1,10,10,6,-0.4193548387096775,0.0,0.22580645161290325,-7,0,-2,1,3,31,31,47,60,4,0,1,home_win
1035496,2023,2024-04-13 14:00:00+00:00,55,Brentford,62,Sheffield Utd,32,7,8,17,29,0.90625,45,58,1.40625,1.8125,-13,16,4,6,6,25,30,16,3,2,11,20,28,10,1,4,5,7,13,19,5,0,3,2,3,6,8,31,3,7,21,16,0.5161290322580645,30,82,0.967741935483871,2.6451612903225805,-52,16,2,4,10,17,47,15,1,3,11,13,35,10,1,3,6,6,13,31,5,0,3,2,3,8,16,0.3901209677419355,0.438508064516129,-0.8326612903225805,39,0,1,-2,0,32,31,29,16,2,0,1,home_win
1035497,2023,2024-04-13 14:00:00+00:00,44,Burnley,51,Brighton,32,4,7,21,19,0.59375,32,67,1.0,2.09375,-35,16,2,3,11,16,36,16,2,4,10,16,31,10,1,4,5,7,10,22,5,1,3,1,6,7,7,31,11,10,10,43,1.3870967741935485,51,49,1.6451612903225807,1.5806451612903225,2,15,7,6,2,28,19,16,4,4,8,23,30,10,3,2,5,11,13,16,5,1,1,3,4,2,8,-0.7933467741935485,-0.6451612903225807,0.5131048387096775,-37,2,-4,5,-3,32,31,19,43,1,1,0,draw
1035500,2023,2024-04-13 14:00:00+00:00,50,Manchester City,1359,Luton,31,21,7,3,70,2.2580645161290325,71,31,2.2903225806451615,1.0,40,16,11,5,0,38,13,15,10,2,3,33,18,10,7,3,0,24,20,7,5,3,2,0,11,12,5,32,6,7,19,25,0.78125,45,65,1.40625,2.03125,-20,16,4,3,9,24,27,16,2,4,10,21,38,10,1,2,7,5,13,23,5,1,1,3,4,7,10,1.4768145161290325,0.8840725806451615,-1.03125,60,7,19,5,7,31,32,70,25,5,1,1,home_win
1035502,2023,2024-04-13 14:00:00+00:00,65,Nottingham Forest,39,Wolves,32,7,8,17,29,0.90625,40,56,1.25,1.75,-16,16,5,4,7,23,23,16,2,4,10,17,33,10,2,3,5,9,13,16,5,1,2,2,5,6,7,31,12,6,13,42,1.3548387096774193,44,49,1.4193548387096775,1.5806451612903225,-5,15,7,3,5,23,23,16,5,3,8,21,26,10,4,1,5,13,14,18,5,1,1,3,4,4,9,-0.44858870967741926,-0.1693548387096775,0.1693548387096775,-11,1,-4,2,-1,32,31,29,42,2,2,0,draw
1035494,2023,2024-04-13 16:30:00+00:00,35,Bournemouth,33,Manchester United,31,11,8,12,41,1.3225806451612903,45,55,1.4516129032258065,1.7741935483870968,-10,16,6,5,5,21,24,15,5,3,7,24,31,10,4,3,3,15,16,15,5,3,1,1,10,10,8,31,15,4,12,49,1.5806451612903225,45,46,1.4516129032258065,1.4838709677419355,-1,15,8,2,5,23,22,16,7,2,7,22,24,10,5,2,3,17,21,17,5,1,2,2,5,9,10,-0.25806451612903225,0.0,0.29032258064516125,-9,5,-2,1,-5,31,31,41,49,2,2,0,draw
1035499,2023,2024-04-14 13:00:00+00:00,40,Liverpool,52,Crystal Palace,31,21,8,2,71,2.2903225806451615,72,30,2.3225806451612905,0.967741935483871,42,16,13,3,0,43,14,15,8,5,2,29,16,10,7,2,1,23,25,12,5,3,2,0,11,9,5,31,7,9,15,30,0.967741935483871,36,54,1.1612903225806452,1.7419354838709677,-18,15,4,4,7,21,24,16,3,5,8,15,30,10,2,3,5,9,14,20,5,0,2,3,2,5,10,1.3225806451612905,1.1612903225806452,-0.7741935483870968,60,9,14,4,11,31,31,71,30,0,1,2,away_win
1035503,2023,2024-04-14 13:00:00+00:00,48,West Ham,36,Fulham,32,13,9,10,48,1.5,52,56,1.625,1.75,-4,16,6,7,3,26,23,16,7,2,7,26,33,10,3,3,4,12,16,23,5,1,3,1,6,9,9,32,11,6,15,39,1.21875,47,51,1.46875,1.59375,-4,16,9,1,6,29,16,16,2,5,9,18,35,10,4,2,4,14,19,15,5,1,1,3,4,8,9,0.28125,0.15625,0.15625,0,2,-2,1,-3,32,32,48,39,0,2,2,away_win
1035495,2023,2024-04-14 15:30:00+00:00,42,Arsenal,66,Aston Villa,31,22,5,4,71,2.2903225806451615,75,24,2.4193548387096775,0.7741935483870968,51,15,12,2,1,38,13,16,10,3,3,37,11,10,9,1,0,28,33,4,5,4,1,0,13,13,1,32,18,6,8,60,1.875,66,49,2.0625,1.53125,17,16,11,2,3,40,22,16,7,4,5,26,27,10,5,2,3,17,22,19,5,1,2,2,5,7,12,0.4153225806451615,0.3568548387096775,-0.7570564516129032,34,8,11,6,11,31,32,71,60,0,2,2,away_win
1035498,2023,2024-04-15 19:00:00+00:00,49,Chelsea,45,Everton,30,12,8,10,44,1.4666666666666666,55,52,1.8333333333333333,1.7333333333333334,3,15,7,4,4,29,25,15,5,4,6,26,27,10,4,4,2,16,21,21,5,2,3,0,9,13,11,31,9,8,14,35,1.1290322580645162,32,42,1.032258064516129,1.3548387096774193,-10,15,4,4,7,16,18,16,5,4,7,16,24,10,1,5,4,8,8,14,5,1,1,3,4,4,8,0.3376344086021503,0.8010752688172043,0.37849462365591413,13,5,8,9,13,30,31,44,35,6,0,1,home_win
1035509,2023,2024-04-20 14:00:00+00:00,1359,Luton,55,Brentford,33,6,7,20,25,0.7575757575757576,46,70,1.393939393939394,2.121212121212121,-24,16,4,3,9,24,27,17,2,4,11,22,43,10,1,2,7,5,13,25,5,1,1,3,4,5,11,33,8,8,17,32,0.9696969696969697,47,58,1.4242424242424243,1.7575757575757576,-11,17,5,6,6,27,30,16,3,2,11,20,28,10,1,4,5,7,13,19,5,1,3,1,6,7,6,-0.21212121212121215,-0.030303030303030276,0.36363636363636354,-13,-2,-2,-2,0,33,33,25,32,1,5,2,away_win
1035511,2023,2024-04-20 14:00:00+00:00,62,Sheffield Utd,44,Burnley,32,3,7,22,16,0.5,30,84,0.9375,2.625,-54,16,2,4,10,17,47,16,1,3,12,13,37,10,1,3,6,6,11,30,5,0,3,2,3,8,12,33,4,8,21,20,0.6060606060606061,33,68,1.0,2.0606060606060606,-35,17,2,4,11,17,37,16,2,4,10,16,31,10,1,4,5,7,9,21,5,1,3,1,6,6,6,-0.10606060606060608,-0.0625,0.5643939393939394,-19,-3,-1,2,2,32,33,16,20,1,4,2,away_win
1035513,2023,2024-04-20 18:30:00+00:00,39,Wolves,42,Arsenal,32,12,7,13,43,1.34375,46,51,1.4375,1.59375,-5,15,7,3,5,23,23,17,5,4,8,23,28,10,4,2,4,14,13,16,5,1,2,2,5,6,8,32,22,5,5,71,2.21875,75,26,2.34375,0.8125,49,16,12,2,2,38,15,16,10,3,3,37,11,10,8,1,1,25,31,5,5,3,1,1,10,7,3,-0.875,-0.90625,0.78125,-54,-5,-11,-1,-18,32,32,43,71,0,2,2,away_win
1035507,2023,2024-04-21 12:30:00+00:00,45,Everton,65,Nottingham Forest,32,9,8,15,35,1.09375,32,48,1.0,1.5,-16,15,4,4,7,16,18,17,5,4,8,16,30,10,1,4,5,7,8,20,5,1,1,3,4,3,11,33,7,9,17,30,0.9090909090909091,42,58,1.2727272727272727,1.7575757575757576,-16,17,5,5,7,25,25,16,2,4,10,17,33,10,2,3,5,9,14,17,5,1,3,1,6,8,8,0.18465909090909094,-0.2727272727272727,-0.25757575757575757,0,-2,-2,-5,-6,32,33,35,30,2,0,1,home_win
1035504,2023,2024-04-21 14:00:00+00:00,66,Aston Villa,35,Bournemouth,33,19,6,8,63,1.9090909090909092,68,49,2.0606060606060606,1.4848484848484849,19,16,11,2,3,40,22,17,8,4,5,28,27,10,5,2,3,17,19,19,5,2,2,1,8,9,8,32,11,9,12,42,1.3125,47,57,1.46875,1.78125,-10,17,6,6,5,23,26,15,5,3,7,24,31,10,4,3,3,15,17,16,5,3,1,1,10,10,8,0.5965909090909092,0.5918560606060606,-0.29640151515151514,29,-2,2,-1,2,33,32,63,42,3,1,1,home_win
1035506,2023,2024-04-21 14:00:00+00:00,52,Crystal Palace,48,West Ham,32,8,9,15,33,1.03125,37,54,1.15625,1.6875,-17,15,4,4,7,21,24,17,4,5,8,16,30,10,2,3,5,9,12,18,5,1,2,2,5,5,7,33,13,9,11,48,1.4545454545454546,52,58,1.5757575757575757,1.7575757575757576,-6,17,6,7,4,26,25,16,7,2,7,26,33,10,3,3,4,12,16,22,5,1,2,2,5,7,9,-0.4232954545454546,-0.4195075757575757,-0.07007575757575757,-11,0,-3,-2,-4,32,33,33,48,5,2,1,home_win
1035508,2023,2024-04-21 15:30:00+00:00,36,Fulham,40,Liverpool,33,12,6,15,42,1.2727272727272727,49,51,1.4848484848484849,1.5454545454545454,-2,16,9,1,6,29,16,17,3,5,9,20,35,10,5,1,4,16,19,13,5,2,1,2,7,9,7,32,21,8,3,71,2.21875,72,31,2.25,0.96875,41,17,13,3,1,43,15,15,8,5,2,29,16,10,6,2,2,20,21,12,5,2,2,1,8,8,6,-0.9460227272727273,-0.7651515151515151,0.5767045454545454,-43,-1,-4,1,-2,33,32,42,71,1,3,2,away_win
1035454,2023,2024-04-23 19:00:00+00:00,42,Arsenal,49,Chelsea,33,23,5,5,74,2.242424242424242,77,26,2.3333333333333335,0.7878787878787878,51,16,12,2,2,38,15,17,11,3,3,39,11,10,8,1,1,25,30,4,5,3,1,1,10,7,2,31,13,8,10,47,1.5161290322580645,61,52,1.967741935483871,1.6774193548387097,9,16,8,4,4,35,25,15,5,4,6,26,27,10,4,4,2,16,26,21,5,3,2,0,11,17,9,0.7262952101661777,0.3655913978494625,-0.8895405669599219,42,-1,9,-10,4,33,31,74,47,5,0,1,home_win
1035463,2023,2024-04-24 18:45:00+00:00,39,Wolves,35,Bournemouth,33,12,7,14,43,1.303030303030303,46,53,1.393939393939394,1.606060606060606,-7,16,7,3,6,23,25,17,5,4,8,23,28,10,3,2,5,11,9,16,5,0,2,3,2,4,9,33,11,9,13,42,1.2727272727272727,48,60,1.4545454545454546,1.8181818181818181,-12,17,6,6,5,23,26,16,5,3,8,25,34,10,4,3,3,15,17,16,5,2,1,2,7,7,8,0.030303030303030276,-0.06060606060606055,-0.21212121212121215,5,-5,-4,-3,-8,33,33,43,42,0,1,2,away_win
1035457,2023,2024-04-24 19:00:00+00:00,52,Crystal Palace,34,Newcastle,33,9,9,15,36,1.0909090909090908,42,56,1.2727272727272727,1.696969696969697,-14,16,5,4,7,26,26,17,4,5,8,16,30,10,3,3,4,12,16,16,5,2,1,2,7,9,8,32,15,5,12,50,1.5625,69,52,2.15625,1.625,17,17,11,3,3,43,20,15,4,2,9,26,32,10,5,3,2,18,25,19,5,3,1,1,10,12,7,-0.47159090909090917,-0.8835227272727273,0.07196969696969702,-31,-3,-6,-3,-9,33,32,36,50,2,0,1,home_win
1035458,2023,2024-04-24 19:00:00+00:00,45,Everton,40,Liverpool,33,10,8,15,38,1.1515151515151516,34,48,1.0303030303030303,1.4545454545454546,-14,16,5,4,7,18,18,17,5,4,8,16,30,10,2,3,5,9,8,18,5,2,1,2,7,5,9,33,22,8,3,74,2.242424242424242,75,32,2.272727272727273,0.9696969696969697,43,17,13,3,1,43,15,16,9,5,2,32,17,10,7,2,1,23,23,10,5,3,1,1,10,10,6,-1.0909090909090906,-1.2424242424242427,0.48484848484848486,-57,-3,-14,-5,-15,33,33,38,74,2,0,1,home_win
1035461,2023,2024-04-24 19:00:00+00:00,33,Manchester United,62,Sheffield Utd,32,15,5,12,50,1.5625,47,48,1.46875,1.5,-1,15,8,2,5,23,22,17,7,3,7,24,26,10,4,3,3,15,19,16,5,1,3,1,6,10,9,33,3,7,23,16,0.48484848484848486,31,88,0.9393939393939394,2.6666666666666665,-57,17,2,4,11,18,51,16,1,3,12,13,37,10,1,3,6,6,12,29,5,0,2,3,2,7,14,1.0776515151515151,0.5293560606060606,-1.1666666666666665,56,4,9,3,7,32,33,50,16,4,2,1,home_win
1035455,2023,2024-04-25 19:00:00+00:00,51,Brighton,50,Manchester City,32,11,11,10,44,1.375,52,50,1.625,1.5625,2,15,7,6,2,28,19,17,4,5,8,24,31,10,3,3,4,12,14,13,5,1,2,2,5,3,6,32,22,7,3,73,2.28125,76,32,2.375,1.0,44,17,12,5,0,43,14,15,10,2,3,33,18,10,7,3,0,24,22,7,5,3,2,0,11,14,5,-0.90625,-0.75,0.5625,-42,-6,-12,-11,-8,32,32,44,73,0,4,2,away_win
1035522,2023,2024-04-27 11:30:00+00:00,48,West Ham,40,Liverpool,34,13,9,12,48,1.411764705882353,54,63,1.588235294117647,1.8529411764705883,-9,17,6,7,4,26,25,17,7,2,8,28,38,10,3,3,4,12,18,21,5,1,1,3,4,8,13,34,22,8,4,74,2.176470588235294,75,34,2.2058823529411766,1.0,41,17,13,3,1,43,15,17,9,5,3,32,19,10,6,2,2,20,20,11,5,2,1,2,7,8,7,-0.7647058823529409,-0.6176470588235297,0.8529411764705883,-50,-3,-8,0,-2,34,34,48,74,2,2,0,draw
1035517,2023,2024-04-27 14:00:00+00:00,36,Fulham,52,Crystal Palace,34,12,6,16,42,1.2352941176470589,50,54,1.4705882352941178,1.588235294117647,-4,17,9,1,7,30,19,17,3,5,9,20,35,10,4,1,5,13,17,15,5,1,1,3,4,7,10,34,10,9,15,39,1.1470588235294117,44,56,1.2941176470588236,1.6470588235294117,-12,17,6,4,7,28,26,17,4,5,8,16,30,10,4,3,3,15,17,13,5,3,0,2,9,10,7,0.08823529411764719,0.17647058823529416,-0.05882352941176472,8,-5,-2,-3,0,34,34,42,39,1,1,0,draw
1035518,2023,2024-04-27 14:00:00+00:00,33,Manchester United,44,Burnley,33,16,5,12,53,1.606060606060606,51,50,1.5454545454545454,1.5151515151515151,1,16,9,2,5,27,24,17,7,3,7,24,26,10,4,3,3,15,20,18,5,1,3,1,6,12,11,34,5,8,21,23,0.6764705882352942,37,69,1.088235294117647,2.0294117647058822,-32,17,2,4,11,17,37,17,3,4,10,20,32,10,2,4,4,10,12,19,5,1,3,1,6,8,6,0.9295900178253118,0.45721925133689845,-0.5142602495543671,33,0,5,4,8,33,34,53,23,1,1,0,draw
1035519,2023,2024-04-27 14:00:00+00:00,34,Newcastle,62,Sheffield Utd,33,15,5,13,50,1.5151515151515151,69,54,2.090909090909091,1.6363636363636365,15,17,11,3,3,43,20,16,4,2,10,26,34,10,5,2,3,17,21,17,5,3,1,1,10,10,6,34,3,7,24,16,0.47058823529411764,33,92,0.9705882352941176,2.7058823529411766,-59,17,2,4,11,18,51,17,1,3,13,15,41,10,0,3,7,3,11,32,5,0,1,4,1,6,15,1.0445632798573974,1.120320855614973,-1.0695187165775402,74,9,14,4,10,33,34,50,16,5,1,1,home_win
1035523,2023,2024-04-27 14:00:00+00:00,39,Wolves,1359,Luton,34,12,7,15,43,1.2647058823529411,46,54,1.3529411764705883,1.588235294117647,-8,17,7,3,7,23,26,17,5,4,8,23,28,10,3,2,5,11,9,15,5,0,2,3,2,4,8,34,6,7,21,25,0.7352941176470589,47,75,1.3823529411764706,2.2058823529411766,-28,17,4,3,10,25,32,17,2,4,11,22,43,10,1,2,7,5,13,28,5,1,0,4,3,5,15,0.5294117647058822,-0.02941176470588225,-0.6176470588235297,20,-1,6,-1,-4,34,34,43,25,2,1,1,home_win
1035516,2023,2024-04-27 16:30:00+00:00,45,Everton,55,Brentford,34,11,8,15,41,1.2058823529411764,36,48,1.0588235294117647,1.411764705882353,-12,17,6,4,7,20,18,17,5,4,8,16,30,10,3,3,4,12,10,16,5,3,1,1,10,6,7,34,9,8,17,35,1.0294117647058822,52,59,1.5294117647058822,1.7352941176470589,-7,17,5,6,6,27,30,17,4,2,11,25,29,10,2,4,4,10,17,16,5,2,3,0,9,11,5,0.17647058823529416,-0.47058823529411753,-0.32352941176470584,-5,1,2,-5,-7,34,34,41,35,1,0,1,home_win
1035515,2023,2024-04-27 19:00:00+00:00,66,Aston Villa,49,Chelsea,34,20,6,8,66,1.9411764705882353,71,50,2.088235294117647,1.4705882352941178,21,17,12,2,3,43,23,17,8,4,5,28,27,10,6,2,2,20,21,18,5,3,1,1,10,11,8,32,13,8,11,47,1.46875,61,57,1.90625,1.78125,4,16,8,4,4,35,25,16,5,4,7,26,32,10,4,4,2,16,25,22,5,2,2,1,8,14,12,0.4724264705882353,0.1819852941176472,-0.31066176470588225,17,2,4,-3,-4,34,32,66,47,2,2,0,draw
1035514,2023,2024-04-28 13:00:00+00:00,35,Bournemouth,51,Brighton,34,12,9,13,45,1.3235294117647058,49,60,1.4411764705882353,1.7647058823529411,-11,17,6,6,5,23,26,17,6,3,8,26,34,10,5,2,3,17,16,14,5,2,1,2,7,6,7,33,11,11,11,44,1.3333333333333333,52,54,1.5757575757575757,1.6363636363636365,-2,16,7,6,3,28,23,17,4,5,8,24,31,10,2,3,5,9,10,16,5,0,2,3,2,2,10,-0.009803921568627416,-0.1345811051693404,0.12834224598930466,-9,5,8,4,6,34,33,45,44,3,0,1,home_win
1035521,2023,2024-04-28 13:00:00+00:00,47,Tottenham,42,Arsenal,32,18,6,8,60,1.875,65,49,2.03125,1.53125,16,16,12,0,4,34,21,16,6,6,4,31,28,10,5,2,3,17,18,16,5,2,1,2,7,6,10,34,24,5,5,77,2.264705882352941,82,26,2.411764705882353,0.7647058823529411,56,17,13,2,2,43,15,17,11,3,3,39,11,10,8,1,1,25,29,4,5,4,0,1,12,12,2,-0.3897058823529411,-0.3805147058823528,0.7665441176470589,-40,-5,-8,-6,-11,32,34,60,77,2,3,2,away_win
1035520,2023,2024-04-28 15:30:00+00:00,65,Nottingham Forest,50,Manchester City,34,7,9,18,30,0.8823529411764706,42,60,1.2352941176470589,1.7647058823529411,-18,17,5,5,7,25,25,17,2,4,11,17,35,10,2,3,5,9,12,16,5,1,2,2,5,7,9,33,23,7,3,76,2.303030303030303,80,32,2.4242424242424243,0.9696969696969697,48,17,12,5,0,43,14,16,11,2,3,37,18,10,7,3,0,24,24,7,5,4,1,0,13,17,4,-1.4206773618538326,-1.1889483065953654,0.7950089126559714,-66,-8,-15,-10,-12,34,33,30,76,0,2,2,away_win
1035428,2023,2024-05-02 18:30:00+00:00,49,Chelsea,47,Tottenham,33,13,9,11,48,1.4545454545454546,63,59,1.9090909090909092,1.7878787878787878,4,16,8,4,4,35,25,17,5,5,7,28,34,10,4,5,1,17,25,20,5,2,2,1,8,14,12,33,18,6,9,60,1.8181818181818181,67,52,2.0303030303030303,1.5757575757575757,15,17,12,0,5,36,24,16,6,6,4,31,28,10,5,1,4,16,18,17,5,2,1,2,7,8,10,-0.36363636363636354,-0.1212121212121211,0.21212121212121215,-11,1,1,6,7,33,33,48,60,2,0,1,home_win
1035531,2023,2024-05-03 19:00:00+00:00,1359,Luton,45,Everton,35,6,7,22,25,0.7142857142857143,48,77,1.3714285714285714,2.2,-29,17,4,3,10,25,32,18,2,4,12,23,45,10,1,2,7,5,13,26,5,1,0,4,3,5,15,35,12,8,15,44,1.2571428571428571,37,48,1.0571428571428572,1.3714285714285714,-11,18,7,4,7,21,18,17,5,4,8,16,30,10,4,2,4,14,10,15,5,4,0,1,12,6,6,-0.5428571428571428,0.3142857142857143,0.8285714285714287,-18,-9,-9,-1,3,35,35,25,44,1,1,0,draw
1035524,2023,2024-05-04 11:30:00+00:00,42,Arsenal,35,Bournemouth,35,25,5,5,80,2.2857142857142856,85,28,2.4285714285714284,0.8,57,17,13,2,2,43,15,18,12,3,3,42,13,10,8,1,1,25,27,6,5,4,0,1,12,13,4,35,13,9,13,48,1.3714285714285714,52,60,1.4857142857142858,1.7142857142857142,-8,18,7,6,5,26,26,17,6,3,8,26,34,10,6,2,2,20,19,13,5,2,1,2,7,8,7,0.9142857142857141,0.9428571428571426,-0.9142857142857141,65,5,5,5,8,35,35,80,48,3,0,1,home_win
1035525,2023,2024-05-04 14:00:00+00:00,55,Brentford,36,Fulham,35,9,8,18,35,1.0,52,60,1.4857142857142858,1.7142857142857142,-8,17,5,6,6,27,30,18,4,2,12,25,30,10,2,4,4,10,17,16,5,2,2,1,8,10,5,35,12,7,16,43,1.2285714285714286,51,55,1.457142857142857,1.5714285714285714,-4,18,9,2,7,31,20,17,3,5,9,20,35,10,4,2,4,14,17,14,5,1,1,3,4,5,8,-0.22857142857142865,0.028571428571428692,0.1428571428571428,-4,4,-4,5,0,35,35,35,43,0,0,0,draw
1035527,2023,2024-05-04 14:00:00+00:00,44,Burnley,34,Newcastle,35,5,9,21,24,0.6857142857142857,38,70,1.0857142857142856,2.0,-32,17,2,4,11,17,37,18,3,5,10,21,33,10,2,5,3,11,13,15,5,1,3,1,6,7,5,34,16,5,13,53,1.5588235294117647,74,55,2.176470588235294,1.6176470588235294,19,18,12,3,3,48,21,16,4,2,10,26,34,10,5,2,3,17,23,16,5,3,1,1,10,11,4,-0.873109243697479,-1.0907563025210083,0.38235294117647056,-51,-4,-6,-4,-10,35,34,24,53,1,4,2,away_win
1035533,2023,2024-05-04 14:00:00+00:00,62,Sheffield Utd,65,Nottingham Forest,35,3,7,25,16,0.45714285714285713,34,97,0.9714285714285714,2.7714285714285714,-63,17,2,4,11,18,51,18,1,3,14,16,46,10,0,3,7,3,12,32,5,0,1,4,1,6,17,35,7,9,19,30,0.8571428571428571,42,62,1.2,1.7714285714285714,-20,18,5,5,8,25,27,17,2,4,11,17,35,10,1,3,6,6,10,18,5,1,1,3,4,6,10,-0.39999999999999997,-0.22857142857142854,1.0,-43,-3,-3,0,2,35,35,16,30,1,3,2,away_win
1035532,2023,2024-05-04 16:30:00+00:00,50,Manchester City,39,Wolves,34,24,7,3,79,2.323529411764706,82,32,2.411764705882353,0.9411764705882353,50,17,12,5,0,43,14,17,12,2,3,39,18,10,8,2,0,26,25,6,5,5,0,0,15,19,4,35,13,7,15,46,1.3142857142857143,48,55,1.3714285714285714,1.5714285714285714,-7,18,8,3,7,25,27,17,5,4,8,23,28,10,3,2,5,11,9,15,5,1,1,3,4,5,8,1.0092436974789918,1.0403361344537814,-0.6302521008403361,57,11,15,14,16,34,35,79,46,5,1,1,home_win
1035526,2023,2024-05-05 13:00:00+00:00,51,Brighton,66,Aston Villa,34,11,11,12,44,1.2941176470588236,52,57,1.5294117647058822,1.6764705882352942,-5,16,7,6,3,28,23,18,4,5,9,24,34,10,2,3,5,9,9,17,5,0,2,3,2,1,11,35,20,7,8,67,1.9142857142857144,73,52,2.085714285714286,1.4857142857142858,21,18,12,3,3,45,25,17,8,4,5,28,27,10,5,3,2,18,21,19,5,2,2,1,8,11,10,-0.6201680672268908,-0.5563025210084036,0.1907563025210084,-26,-6,-9,-10,-12,34,35,44,67,1,0,1,home_win
1035528,2023,2024-05-05 13:00:00+00:00,49,Chelsea,48,West Ham,34,14,9,11,51,1.5,65,59,1.911764705882353,1.7352941176470589,6,17,9,4,4,37,25,17,5,5,7,28,34,10,4,5,1,17,24,19,5,2,2,1,8,12,9,35,13,10,12,49,1.4,56,65,1.6,1.8571428571428572,-9,18,6,8,4,28,27,17,7,2,8,28,38,10,3,4,3,13,20,21,5,1,2,2,5,7,11,0.10000000000000009,0.31176470588235294,-0.12184873949579833,15,3,4,5,4,34,35,51,49,5,0,1,home_win
1035530,2023,2024-05-05 15:30:00+00:00,40,Liverpool,47,Tottenham,35,22,9,4,75,2.142857142857143,77,36,2.2,1.0285714285714285,41,17,13,3,1,43,15,18,9,6,3,34,21,10,5,3,2,18,18,12,5,1,2,2,5,7,8,34,18,6,10,60,1.7647058823529411,67,54,1.9705882352941178,1.588235294117647,13,17,12,0,5,36,24,17,6,6,5,31,30,10,4,1,5,13,16,18,5,1,1,3,4,6,11,0.37815126050420167,0.22941176470588243,-0.5596638655462185,28,1,5,1,2,35,34,75,60,4,2,1,home_win
1035529,2023,2024-05-06 19:00:00+00:00,52,Crystal Palace,33,Manchester United,35,10,10,15,40,1.1428571428571428,45,57,1.2857142857142858,1.6285714285714286,-12,17,6,4,7,28,26,18,4,6,8,17,31,10,4,3,3,15,17,13,5,3,1,1,10,11,7,34,16,6,12,54,1.588235294117647,52,51,1.5294117647058822,1.5,1,17,9,3,5,28,25,17,7,3,7,24,26,10,3,4,3,13,19,18,5,1,3,1,6,12,11,-0.4453781512605042,-0.24369747899159644,0.12857142857142856,-13,4,2,-1,-2,35,34,40,54,4,0,1,home_win
1035537,2023,2024-05-11 11:30:00+00:00,36,Fulham,50,Manchester City,36,12,8,16,44,1.2222222222222223,51,55,1.4166666666666667,1.5277777777777777,-4,18,9,2,7,31,20,18,3,6,9,20,35,10,3,3,4,12,15,13,5,1,2,2,5,4,5,35,25,7,3,82,2.342857142857143,87,33,2.4857142857142858,0.9428571428571428,54,18,13,5,0,48,15,17,12,2,3,39,18,10,8,2,0,26,29,7,5,5,0,0,15,20,4,-1.1206349206349207,-1.069047619047619,0.5849206349206348,-58,-10,-14,-16,-14,36,35,44,82,0,4,2,away_win
1035534,2023,2024-05-11 14:00:00+00:00,35,Bournemouth,55,Brentford,36,13,9,14,48,1.3333333333333333,52,63,1.4444444444444444,1.75,-11,18,7,6,5,26,26,18,6,3,9,26,37,10,5,2,3,17,17,16,5,2,1,2,7,7,8,36,9,9,18,36,1.0,52,60,1.4444444444444444,1.6666666666666667,-8,18,5,7,6,27,30,18,4,2,12,25,30,10,2,5,3,11,15,12,5,2,2,1,8,10,5,0.33333333333333326,0.0,0.08333333333333326,-3,-1,6,-3,2,36,36,48,36,1,2,2,away_win
1035536,2023,2024-05-11 14:00:00+00:00,45,Everton,62,Sheffield Utd,36,12,9,15,45,1.25,38,49,1.0555555555555556,1.3611111111111112,-11,18,7,4,7,21,18,18,5,5,8,17,31,10,4,2,4,14,10,15,5,3,1,1,10,6,7,36,3,7,26,16,0.4444444444444444,35,100,0.9722222222222222,2.7777777777777777,-65,18,2,4,12,19,54,18,1,3,14,16,46,10,0,3,7,3,13,34,5,0,0,5,0,5,18,0.8055555555555556,0.08333333333333337,-1.4166666666666665,54,10,11,1,-3,36,36,45,16,1,0,1,home_win
1035539,2023,2024-05-11 14:00:00+00:00,34,Newcastle,51,Brighton,35,17,5,13,56,1.6,78,56,2.2285714285714286,1.6,22,18,12,3,3,48,21,17,5,2,10,30,35,10,6,1,3,19,25,15,5,4,0,1,12,14,4,35,12,11,12,47,1.3428571428571427,53,57,1.5142857142857142,1.6285714285714286,-4,17,8,6,3,29,23,18,4,5,9,24,34,10,2,3,5,9,5,17,5,1,1,3,4,2,11,0.25714285714285734,0.7142857142857144,-0.02857142857142847,26,8,10,12,20,35,35,56,47,1,1,0,draw
1035541,2023,2024-05-11 14:00:00+00:00,47,Tottenham,44,Burnley,35,18,6,11,60,1.7142857142857142,69,58,1.9714285714285715,1.6571428571428573,11,17,12,0,5,36,24,18,6,6,6,33,34,10,4,1,5,13,17,20,5,1,0,4,3,7,14,36,5,9,22,24,0.6666666666666666,39,74,1.0833333333333333,2.0555555555555554,-35,18,2,4,12,18,41,18,3,5,10,21,33,10,2,5,3,11,14,16,5,1,2,2,5,7,8,1.0476190476190474,0.8880952380952383,-0.3984126984126981,46,-2,2,0,3,35,36,60,24,2,1,1,home_win
1035542,2023,2024-05-11 14:00:00+00:00,48,West Ham,1359,Luton,36,13,10,13,49,1.3611111111111112,56,70,1.5555555555555556,1.9444444444444444,-14,18,6,8,4,28,27,18,7,2,9,28,43,10,2,4,4,10,16,24,5,1,1,3,4,6,15,36,6,8,22,26,0.7222222222222222,49,78,1.3611111111111112,2.1666666666666665,-29,18,4,4,10,26,33,18,2,4,12,23,45,10,1,3,6,6,12,24,5,1,1,3,4,6,14,0.638888888888889,0.19444444444444442,-0.2222222222222221,15,0,4,0,4,36,36,49,26,3,1,1,home_win
1035543,2023,2024-05-11 14:00:00+00:00,39,Wolves,52,Crystal Palace,36,13,7,16,46,1.2777777777777777,49,60,1.3611111111111112,1.6666666666666667,-11,18,8,3,7,25,27,18,5,4,9,24,33,10,2,2,6,8,9,20,5,1,1,3,4,5,11,36,11,10,15,43,1.1944444444444444,49,57,1.3611111111111112,1.5833333333333333,-8,18,7,4,7,32,26,18,4,6,8,17,31,10,4,3,3,15,18,13,5,4,1,0,13,13,3,0.08333333333333326,0.0,0.08333333333333348,-3,-9,-7,-8,-9,36,36,46,43,1,3,2,away_win
1035540,2023,2024-05-11 16:30:00+00:00,65,Nottingham Forest,49,Chelsea,36,8,9,19,33,0.9166666666666666,45,63,1.25,1.75,-18,18,5,5,8,25,27,18,3,4,11,20,36,10,2,3,5,9,11,15,5,1,1,3,4,6,10,35,15,9,11,54,1.542857142857143,70,59,2.0,1.6857142857142857,11,18,10,4,4,42,25,17,5,5,7,28,34,10,5,4,1,19,28,18,5,3,1,1,10,15,7,-0.6261904761904763,-0.75,0.06428571428571428,-29,-6,-10,-9,-17,36,35,33,54,2,3,2,away_win
1035538,2023,2024-05-12 15:30:00+00:00,33,Manchester United,42,Arsenal,35,16,6,13,54,1.542857142857143,52,55,1.4857142857142858,1.5714285714285714,-3,17,9,3,5,28,25,18,7,3,8,24,30,10,2,4,4,10,17,21,5,1,3,1,6,9,11,36,26,5,5,83,2.3055555555555554,88,28,2.4444444444444446,0.7777777777777778,60,18,14,2,2,46,15,18,12,3,3,42,13,10,8,1,1,25,26,5,5,4,0,1,12,13,4,-0.7626984126984124,-0.9587301587301589,0.7936507936507936,-63,-6,-15,-4,-9,35,36,54,83,0,1,2,away_win
1035535,2023,2024-05-13 19:00:00+00:00,66,Aston Villa,40,Liverpool,36,20,7,9,67,1.8611111111111112,73,53,2.0277777777777777,1.4722222222222223,20,18,12,3,3,45,25,18,8,4,6,28,28,10,4,3,3,15,17,18,5,2,2,1,8,10,7,36,23,9,4,78,2.1666666666666665,81,38,2.25,1.0555555555555556,43,18,14,3,1,47,17,18,9,6,3,34,21,10,5,3,2,18,18,13,5,2,1,2,7,9,8,-0.30555555555555536,-0.22222222222222232,0.41666666666666674,-23,1,-3,1,-1,36,36,67,78,3,3,0,draw
1035512,2023,2024-05-14 19:00:00+00:00,47,Tottenham,50,Manchester City,36,19,6,11,63,1.75,71,59,1.9722222222222223,1.6388888888888888,12,18,13,0,5,38,25,18,6,6,6,33,34,10,4,1,5,13,16,20,5,1,0,4,3,6,14,36,26,7,3,85,2.361111111111111,91,33,2.5277777777777777,0.9166666666666666,58,18,13,5,0,48,15,18,13,2,3,43,18,10,8,2,0,26,32,7,5,5,0,0,15,20,2,-0.6111111111111112,-0.5555555555555554,0.7222222222222222,-46,-12,-13,-14,-16,36,36,63,85,0,2,2,away_win
1035505,2023,2024-05-15 18:45:00+00:00,51,Brighton,49,Chelsea,36,12,12,12,48,1.3333333333333333,54,58,1.5,1.6111111111111112,-4,17,8,6,3,29,23,19,4,6,9,25,35,10,2,3,5,9,5,17,5,1,2,2,5,3,9,36,16,9,11,57,1.5833333333333333,73,61,2.0277777777777777,1.6944444444444444,12,18,10,4,4,42,25,18,6,5,7,31,36,10,6,3,1,21,29,18,5,3,1,1,10,12,9,-0.25,-0.5277777777777777,-0.08333333333333326,-16,-5,-12,-9,-24,36,36,48,57,1,2,2,away_win
1035510,2023,2024-05-15 19:00:00+00:00,33,Manchester United,34,Newcastle,36,16,6,14,54,1.5,52,56,1.4444444444444444,1.5555555555555556,-4,18,9,3,6,28,26,18,7,3,8,24,30,10,2,4,4,10,16,20,5,1,2,2,5,7,10,36,17,6,13,57,1.5833333333333333,79,57,2.1944444444444446,1.5833333333333333,22,19,12,4,3,49,22,17,5,2,10,30,35,10,6,2,2,20,25,12,5,3,1,1,10,14,5,-0.08333333333333326,-0.7500000000000002,-0.02777777777777768,-26,-5,-10,-7,-9,36,36,54,57,3,2,1,home_win
1035544,2023,2024-05-19 15:00:00+00:00,42,Arsenal,45,Everton,37,27,5,5,86,2.324324324324324,89,28,2.4054054054054053,0.7567567567567568,61,18,14,2,2,46,15,19,13,3,3,43,13,10,8,1,1,25,21,5,5,5,0,0,15,14,2,37,13,9,15,48,1.2972972972972974,39,49,1.054054054054054,1.3243243243243243,-10,19,8,4,7,22,18,18,5,5,8,17,31,10,5,2,3,17,10,12,5,4,1,0,13,7,1,1.0270270270270268,1.3513513513513513,-0.5675675675675675,71,2,8,7,11,37,37,86,48,2,1,1,home_win
1035545,2023,2024-05-19 15:00:00+00:00,55,Brentford,34,Newcastle,37,10,9,18,39,1.054054054054054,54,61,1.4594594594594594,1.6486486486486487,-7,18,5,7,6,27,30,19,5,2,12,27,31,10,3,4,3,13,15,11,5,3,1,1,10,9,3,37,17,6,14,57,1.5405405405405406,81,60,2.189189189189189,1.6216216216216217,21,19,12,4,3,49,22,18,5,2,11,32,38,10,5,2,3,17,24,15,5,2,1,2,7,12,8,-0.4864864864864866,-0.7297297297297296,0.027027027027026973,-28,3,-4,-3,-9,37,37,39,57,2,4,2,away_win
1035546,2023,2024-05-19 15:00:00+00:00,51,Brighton,33,Manchester United,37,12,12,13,48,1.2972972972972974,55,60,1.4864864864864864,1.6216216216216217,-5,18,8,6,4,30,25,19,4,6,9,25,35,10,2,3,5,9,6,16,5,1,1,3,4,3,10,37,17,6,14,57,1.5405405405405406,55,58,1.4864864864864864,1.5675675675675675,-3,19,10,3,6,31,28,18,7,3,8,24,30,10,3,4,3,13,18,19,5,2,1,2,7,8,10,-0.2432432432432432,0.0,0.05405405405405417,-2,-3,-4,-5,-12,37,37,48,57,0,2,2,away_win
1035547,2023,2024-05-19 15:00:00+00:00,44,Burnley,65,Nottingham Forest,37,5,9,23,24,0.6486486486486487,40,76,1.0810810810810811,2.054054054054054,-36,18,2,4,12,18,41,19,3,5,11,22,35,10,2,5,3,11,15,16,5,1,2,2,5,8,9,37,8,9,20,33,0.8918918918918919,47,66,1.2702702702702702,1.7837837837837838,-19,19,5,5,9,27,30,18,3,4,11,20,36,10,2,3,5,9,13,17,5,1,1,3,4,7,10,-0.2432432432432432,-0.18918918918918903,0.2702702702702702,-17,1,2,1,2,37,37,24,33,1,2,2,away_win
1035548,2023,2024-05-19 15:00:00+00:00,49,Chelsea,35,Bournemouth,37,17,9,11,60,1.6216216216216217,75,62,2.027027027027027,1.6756756756756757,13,18,10,4,4,42,25,19,7,5,7,33,37,10,6,3,1,21,28,17,5,4,1,0,13,14,5,37,13,9,15,48,1.2972972972972974,53,65,1.4324324324324325,1.7567567567567568,-12,19,7,6,6,27,28,18,6,3,9,26,37,10,5,1,4,16,16,16,5,2,0,3,6,6,8,0.32432432432432434,0.5945945945945947,-0.08108108108108114,25,7,5,8,12,37,37,60,48,2,1,1,home_win
1035549,2023,2024-05-19 15:00:00+00:00,52,Crystal Palace,66,Aston Villa,37,12,10,15,46,1.2432432432432432,52,58,1.4054054054054055,1.5675675675675675,-6,18,7,4,7,32,26,19,5,6,8,20,32,10,5,3,2,18,20,11,5,4,1,0,13,15,4,37,20,8,9,68,1.837837837837838,76,56,2.054054054054054,1.5135135135135136,20,19,12,4,3,48,28,18,8,4,6,28,28,10,3,4,3,13,17,19,5,2,2,1,8,10,7,-0.5945945945945947,-0.6486486486486485,0.054054054054053946,-26,5,5,5,3,37,37,46,68,5,0,1,home_win
1035550,2023,2024-05-19 15:00:00+00:00,40,Liverpool,39,Wolves,37,23,10,4,79,2.135135135135135,84,41,2.27027027027027,1.1081081081081081,43,18,14,3,1,47,17,19,9,7,3,37,24,10,4,4,2,16,20,16,5,2,2,1,8,12,10,37,13,7,17,46,1.2432432432432432,50,63,1.3513513513513513,1.7027027027027026,-13,19,8,3,8,26,30,18,5,4,9,24,33,10,2,2,6,8,10,20,5,1,0,4,3,4,12,0.8918918918918919,0.9189189189189189,-0.5945945945945945,56,5,8,8,10,37,37,79,46,2,0,1,home_win
1035551,2023,2024-05-19 15:00:00+00:00,1359,Luton,36,Fulham,37,6,8,23,26,0.7027027027027027,50,81,1.3513513513513513,2.189189189189189,-31,18,4,4,10,26,33,19,2,4,13,24,48,10,1,2,7,5,12,26,5,0,1,4,1,5,16,37,12,8,17,44,1.1891891891891893,51,59,1.3783783783783783,1.5945945945945945,-8,19,9,2,8,31,24,18,3,6,9,20,35,10,2,3,5,9,12,17,5,1,2,2,5,4,8,-0.4864864864864865,-0.027027027027026973,0.5945945945945945,-23,-4,-4,1,0,37,37,26,44,2,4,2,away_win
1035552,2023,2024-05-19 15:00:00+00:00,50,Manchester City,48,West Ham,37,27,7,3,88,2.3783783783783785,93,33,2.5135135135135136,0.8918918918918919,60,18,13,5,0,48,15,19,14,2,3,45,18,10,8,2,0,26,31,6,5,5,0,0,15,17,1,37,14,10,13,52,1.4054054054054055,59,71,1.5945945945945945,1.9189189189189189,-12,19,7,8,4,31,28,18,7,2,9,28,43,10,2,4,4,10,16,24,5,1,1,3,4,7,15,0.972972972972973,0.9189189189189191,-1.027027027027027,72,11,16,10,15,37,37,88,52,3,1,1,home_win
1035553,2023,2024-05-19 15:00:00+00:00,62,Sheffield Utd,47,Tottenham,37,3,7,27,16,0.43243243243243246,35,101,0.9459459459459459,2.72972972972973,-66,18,2,4,12,19,54,19,1,3,15,16,47,10,0,3,7,3,13,29,5,0,0,5,0,5,17,37,19,6,12,63,1.7027027027027026,71,61,1.9189189189189189,1.6486486486486487,10,19,13,0,6,38,27,18,6,6,6,33,34,10,3,1,6,10,12,22,5,1,0,4,3,6,12,-1.2702702702702702,-0.9729729729729729,1.0810810810810811,-76,-3,-7,-1,1,37,37,16,63,0,3,2,away_win
1208021,2024,2024-08-16 19:00:00+00:00,33,Manchester United,36,Fulham,38,18,6,14,60,1.5789473684210527,57,58,1.5,1.5263157894736843,-1,19,10,3,6,31,28,19,8,3,8,26,30,10,3,4,3,13,18,19,5,2,1,2,7,6,8,38,13,8,17,47,1.236842105263158,55,61,1.4473684210526316,1.605263157894737,-6,19,9,2,8,31,24,19,4,6,9,24,37,10,3,3,4,12,15,17,5,1,2,2,5,6,10,0.3421052631578947,0.05263157894736836,-0.07894736842105265,5,2,1,0,3,38,38,60,47,1,0,1,home_win
1208022,2024,2024-08-17 11:30:00+00:00,57,Ipswich,40,Liverpool,0,0,0,0,0,0.0,0,0,0.0,0.0,0,0,0,0,0,0,0,0,0,0,0,0,0,0,0,0,0,0,0,0,0,0,0,0,0,0,0,38,24,10,4,82,2.1578947368421053,86,41,2.263157894736842,1.0789473684210527,45,19,15,3,1,49,17,19,9,7,3,37,24,10,5,3,2,18,21,15,5,2,2,1,8,11,9,-2.1578947368421053,-2.263157894736842,-1.0789473684210527,-45,-8,-18,-11,-21,0,38,0,82,0,2,2,away_win
1208023,2024,2024-08-17 14:00:00+00:00,42,Arsenal,39,Wolves,38,28,5,5,89,2.3421052631578947,91,29,2.3947368421052633,0.7631578947368421,62,19,15,2,2,48,16,19,13,3,3,43,13,10,8,1,1,25,21,5,5,5,0,0,15,14,3,38,13,7,18,46,1.2105263157894737,50,65,1.3157894736842106,1.7105263157894737,-15,19,8,3,8,26,30,19,5,4,10,24,35,10,1,2,7,5,8,21,5,1,0,4,3,4,12,1.131578947368421,1.0789473684210527,-0.9473684210526315,77,12,20,10,13,38,38,89,46,2,0,1,home_win
1208024,2024,2024-08-17 14:00:00+00:00,45,Everton,51,Brighton,38,13,9,16,48,1.263157894736842,40,51,1.0526315789473684,1.3421052631578947,-11,19,8,4,7,22,18,19,5,5,9,18,33,10,5,2,3,17,11,12,5,3,1,1,10,6,3,38,12,12,14,48,1.263157894736842,55,62,1.4473684210526316,1.631578947368421,-7,19,8,6,5,30,27,19,4,6,9,25,35,10,1,3,6,6,5,18,5,1,1,3,4,3,8,0.0,-0.3947368421052633,-0.2894736842105263,-4,6,11,3,6,38,38,48,48,0,3,2,away_win
1208025,2024,2024-08-17 14:00:00+00:00,34,Newcastle,41,Southampton,38,18,6,14,60,1.5789473684210527,85,62,2.236842105263158,1.631578947368421,23,19,12,4,3,49,22,19,6,2,11,36,40,10,6,2,2,20,26,14,5,3,1,1,10,16,8,0,0,0,0,0,0.0,0,0,0.0,0.0,0,0,0,0,0,0,0,0,0,0,0,0,0,0,0,0,0,0,0,0,0,0,0,0,0,0,0,1.5789473684210527,2.236842105263158,1.631578947368421,23,10,20,16,26,38,0,60,0,1,0,1,home_win
1208026,2024,2024-08-17 14:00:00+00:00,65,Nottingham Forest,35,Bournemouth,38,9,9,20,36,0.9473684210526315,49,67,1.2894736842105263,1.763157894736842,-18,19,5,5,9,27,30,19,4,4,11,22,37,10,3,3,4,12,15,17,5,2,0,3,6,7,9,38,13,9,16,48,1.263157894736842,54,67,1.4210526315789473,1.763157894736842,-13,19,7,6,6,27,28,19,6,3,10,27,39,10,4,1,5,13,13,15,5,2,0,3,6,6,7,-0.3157894736842105,-0.13157894736842102,0.0,-5,0,-1,1,2,38,38,36,48,1,1,0,draw
1208027,2024,2024-08-17 16:30:00+00:00,48,West Ham,66,Aston Villa,38,14,10,14,52,1.368421052631579,60,74,1.5789473684210527,1.9473684210526316,-14,19,7,8,4,31,28,19,7,2,10,29,46,10,2,3,5,9,15,25,5,1,1,3,4,8,16,38,20,8,10,68,1.7894736842105263,76,61,2.0,1.605263157894737,15,19,12,4,3,48,28,19,8,4,7,28,33,10,3,4,3,13,17,20,5,1,2,2,5,8,12,-0.42105263157894735,-0.42105263157894735,0.3421052631578947,-29,-1,-4,0,-2,38,38,52,68,1,2,2,away_win
1208028,2024,2024-08-18 13:00:00+00:00,55,Brentford,52,Crystal Palace,38,10,9,19,39,1.0263157894736843,56,65,1.4736842105263157,1.7105263157894737,-9,19,5,7,7,29,34,19,5,2,12,27,31,10,3,4,3,13,16,13,5,2,1,2,7,9,7,38,13,10,15,49,1.2894736842105263,57,58,1.5,1.5263157894736843,-1,19,8,4,7,37,26,19,5,6,8,20,32,10,6,2,2,20,24,10,5,4,1,0,13,15,2,-0.26315789473684204,-0.026315789473684292,0.18421052631578938,-8,-6,-7,-6,-8,38,38,39,49,2,1,1,home_win
1208029,2024,2024-08-18 15:30:00+00:00,49,Chelsea,50,Manchester City,38,18,9,11,63,1.6578947368421053,77,63,2.026315789473684,1.6578947368421053,14,19,11,4,4,44,26,19,7,5,7,33,37,10,7,2,1,23,28,16,5,5,0,0,15,14,4,38,28,7,3,91,2.3947368421052633,96,34,2.526315789473684,0.8947368421052632,62,19,14,5,0,51,16,19,14,2,3,45,18,10,9,1,0,28,33,6,5,5,0,0,15,16,2,-0.736842105263158,-0.5,0.7631578947368421,-48,0,-5,-2,-5,38,38,63,91,0,2,2,away_win
1208030,2024,2024-08-19 19:00:00+00:00,46,Leicester,47,Tottenham,0,0,0,0,0,0.0,0,0,0.0,0.0,0,0,0,0,0,0,0,0,0,0,0,0,0,0,0,0,0,0,0,0,0,0,0,0,0,0,0,38,20,6,12,66,1.736842105263158,74,61,1.9473684210526316,1.605263157894737,13,19,13,0,6,38,27,19,7,6,6,36,34,10,4,1,5,13,15,19,5,2,0,3,6,7,9,-1.736842105263158,-1.9473684210526316,-1.605263157894737,-13,-6,-13,-7,-15,0,38,0,66,1,1,0,draw
1208033,2024,2024-08-24 11:30:00+00:00,51,Brighton,33,Manchester United,39,13,12,14,51,1.3076923076923077,58,62,1.4871794871794872,1.5897435897435896,-4,19,8,6,5,30,27,20,5,6,9,28,35,10,2,3,5,9,7,16,5,2,1,2,7,6,5,39,19,6,14,63,1.6153846153846154,58,58,1.4871794871794872,1.4871794871794872,0,20,11,3,6,32,28,19,8,3,8,26,30,10,4,3,3,15,18,18,5,3,0,2,9,6,7,-0.3076923076923077,0.0,0.10256410256410242,-4,-2,-6,0,-11,39,39,51,63,2,1,1,home_win
1208034,2024,2024-08-24 14:00:00+00:00,52,Crystal Palace,48,West Ham,39,13,10,16,49,1.2564102564102564,58,60,1.4871794871794872,1.5384615384615385,-2,19,8,4,7,37,26,20,5,6,9,21,34,10,6,1,3,19,24,11,5,3,1,1,10,14,4,39,14,10,15,52,1.3333333333333333,61,76,1.564102564102564,1.9487179487179487,-15,20,7,8,5,32,30,19,7,2,10,29,46,10,2,2,6,8,15,26,5,1,1,3,4,7,13,-0.07692307692307687,-0.07692307692307687,-0.41025641025641013,13,6,11,7,9,39,39,49,52,0,2,2,away_win
1208035,2024,2024-08-24 14:00:00+00:00,36,Fulham,46,Leicester,39,13,8,18,47,1.205128205128205,55,62,1.4102564102564104,1.5897435897435896,-7,19,9,2,8,31,24,20,4,6,10,24,38,10,2,3,5,9,12,18,5,1,2,2,5,5,8,1,0,1,0,1,1.0,1,1,1.0,1.0,0,1,0,1,0,1,1,0,0,0,0,0,0,1,0,1,0,1,1,1,1,0,1,0,1,1,1,0.20512820512820507,0.41025641025641035,0.5897435897435896,-7,4,8,4,11,39,1,47,1,2,1,1,home_win
1208037,2024,2024-08-24 14:00:00+00:00,50,Manchester City,57,Ipswich,39,29,7,3,94,2.41025641025641,98,34,2.5128205128205128,0.8717948717948718,64,19,14,5,0,51,16,20,15,2,3,47,18,10,10,0,0,30,35,6,5,5,0,0,15,16,2,1,0,0,1,0,0.0,0,2,0.0,2.0,-2,1,0,0,1,0,2,0,0,0,0,0,0,1,0,0,1,0,0,2,1,0,0,1,0,0,2,2.41025641025641,2.5128205128205128,-1.1282051282051282,66,15,30,16,35,39,1,94,0,4,1,1,home_win
1208038,2024,2024-08-24 14:00:00+00:00,41,Southampton,65,Nottingham Forest,1,0,0,1,0,0.0,0,1,0.0,1.0,-1,0,0,0,0,0,0,1,0,0,1,0,1,1,0,0,1,0,0,1,1,0,0,1,0,0,1,39,9,10,20,37,0.9487179487179487,50,68,1.2820512820512822,1.7435897435897436,-18,20,5,6,9,28,31,19,4,4,11,22,37,10,3,3,4,12,15,17,5,2,1,2,7,8,8,-0.9487179487179487,-1.2820512820512822,-0.7435897435897436,17,-7,-12,-8,-15,1,39,0,37,0,1,2,away_win
1208039,2024,2024-08-24 14:00:00+00:00,47,Tottenham,45,Everton,39,20,7,12,67,1.7179487179487178,75,62,1.9230769230769231,1.5897435897435896,13,19,13,0,6,38,27,20,7,7,6,37,35,10,3,2,5,11,14,19,5,2,1,2,7,8,8,39,13,9,17,48,1.2307692307692308,40,54,1.0256410256410255,1.3846153846153846,-14,20,8,4,8,22,21,19,5,5,9,18,33,10,5,2,3,17,10,13,5,2,1,2,7,4,6,0.487179487179487,0.8974358974358976,0.20512820512820507,27,0,-6,4,4,39,39,67,48,4,0,1,home_win
1208032,2024,2024-08-24 16:30:00+00:00,66,Aston Villa,42,Arsenal,39,21,8,10,71,1.8205128205128205,78,62,2.0,1.5897435897435896,16,19,12,4,3,48,28,20,9,4,7,30,34,10,4,3,3,15,18,20,5,1,2,2,5,7,12,39,29,5,5,92,2.358974358974359,93,29,2.3846153846153846,0.7435897435897436,64,20,16,2,2,50,16,19,13,3,3,43,13,10,9,0,1,27,23,5,5,5,0,0,15,11,3,-0.5384615384615385,-0.3846153846153846,0.846153846153846,-48,-10,-12,-4,-5,39,39,71,92,0,2,2,away_win
1208031,2024,2024-08-25 13:00:00+00:00,35,Bournemouth,34,Newcastle,39,13,10,16,49,1.2564102564102564,55,68,1.4102564102564104,1.7435897435897436,-13,19,7,6,6,27,28,20,6,4,10,28,40,10,3,2,5,11,12,15,5,1,1,3,4,6,8,39,19,6,14,63,1.6153846153846154,86,62,2.2051282051282053,1.5897435897435896,24,20,13,4,3,50,22,19,6,2,11,36,40,10,6,2,2,20,23,11,5,3,1,1,10,12,7,-0.35897435897435903,-0.7948717948717949,0.15384615384615397,-37,-6,-9,-6,-11,39,39,49,63,1,1,0,draw
1208040,2024,2024-08-25 13:00:00+00:00,39,Wolves,49,Chelsea,39,13,7,19,46,1.1794871794871795,50,67,1.2820512820512822,1.7179487179487178,-17,19,8,3,8,26,30,20,5,4,11,24,37,10,1,2,7,5,8,21,5,1,0,4,3,4,13,39,18,9,12,63,1.6153846153846154,77,65,1.9743589743589745,1.6666666666666667,12,20,11,4,5,44,28,19,7,5,7,33,37,10,6,2,2,20,24,15,5,4,0,1,12,12,6,-0.4358974358974359,-0.6923076923076923,0.0512820512820511,-29,-9,-15,-8,-16,39,39,46,63,2,6,2,away_win
1208036,2024,2024-08-25 15:30:00+00:00,40,Liverpool,55,Brentford,39,25,10,4,85,2.1794871794871793,88,41,2.2564102564102564,1.0512820512820513,47,19,15,3,1,49,17,20,10,7,3,39,24,10,5,3,2,18,21,14,5,3,2,0,11,13,7,39,11,9,19,42,1.0769230769230769,58,66,1.4871794871794872,1.6923076923076923,-8,20,6,7,7,31,35,19,5,2,12,27,31,10,4,4,2,16,17,12,5,2,1,2,7,6,7,1.1025641025641024,0.7692307692307692,-0.641025641025641,55,4,2,7,4,39,39,85,42,2,0,1,home_win
1208041,2024,2024-08-31 11:30:00+00:00,42,Arsenal,51,Brighton,40,30,5,5,95,2.375,95,29,2.375,0.725,66,20,16,2,2,50,16,20,14,3,3,45,13,10,9,0,1,27,23,5,5,5,0,0,15,10,1,40,14,12,14,54,1.35,60,63,1.5,1.575,-3,20,9,6,5,32,28,20,5,6,9,28,35,10,3,2,5,11,9,17,5,2,1,2,7,7,6,1.025,0.875,-0.85,69,8,16,3,14,40,40,95,54,1,1,0,draw
1208042,2024,2024-08-31 14:00:00+00:00,55,Brentford,41,Southampton,40,11,9,20,42,1.05,58,68,1.45,1.7,-10,20,6,7,7,31,35,20,5,2,13,27,33,10,4,3,3,15,16,13,5,2,1,2,7,6,8,2,0,0,2,0,0.0,0,2,0.0,1.0,-2,1,0,0,1,0,1,1,0,0,1,0,1,2,0,0,2,0,0,2,2,0,0,2,0,0,2,1.05,1.45,0.7,-8,7,15,6,16,40,2,42,0,3,1,1,home_win
1208044,2024,2024-08-31 14:00:00+00:00,45,Everton,35,Bournemouth,40,13,9,18,48,1.2,40,58,1.0,1.45,-18,20,8,4,8,22,21,20,5,5,10,18,37,10,5,1,4,16,9,16,5,1,1,3,4,3,10,40,13,11,16,50,1.25,56,69,1.4,1.725,-13,20,7,7,6,28,29,20,6,4,10,28,40,10,2,3,5,9,12,16,5,0,2,3,2,4,9,-0.050000000000000044,-0.3999999999999999,-0.27500000000000013,-5,2,7,-1,-3,40,40,48,50,2,3,2,away_win
1208045,2024,2024-08-31 14:00:00+00:00,57,Ipswich,36,Fulham,2,0,0,2,0,0.0,1,6,0.5,3.0,-5,1,0,0,1,0,2,1,0,0,1,1,4,2,0,0,2,0,1,6,2,0,0,2,0,1,6,40,14,8,18,50,1.25,57,63,1.425,1.575,-6,20,10,2,8,33,25,20,4,6,10,24,38,10,3,2,5,11,11,16,5,2,1,2,7,6,8,-1.25,-0.925,1.425,1,-7,-11,-5,-10,2,40,0,50,1,1,0,draw
1208046,2024,2024-08-31 14:00:00+00:00,46,Leicester,66,Aston Villa,2,0,1,1,1,0.5,2,3,1.0,1.5,-1,1,0,1,0,1,1,1,0,0,1,1,2,2,0,1,1,1,2,3,2,0,1,1,1,2,3,40,21,8,11,71,1.775,78,64,1.95,1.6,14,20,12,4,4,48,30,20,9,4,7,30,34,10,3,3,4,12,16,22,5,1,1,3,4,5,12,-1.275,-0.95,-0.10000000000000009,-15,-3,-11,-3,-14,2,40,1,71,1,2,2,away_win
1208049,2024,2024-08-31 14:00:00+00:00,65,Nottingham Forest,39,Wolves,40,10,10,20,40,1.0,51,68,1.275,1.7,-17,20,5,6,9,28,31,20,5,4,11,23,37,10,4,2,4,14,15,16,5,3,1,1,10,9,6,40,13,7,20,46,1.15,52,73,1.3,1.825,-21,20,8,3,9,28,36,20,5,4,11,24,37,10,1,1,8,4,9,26,5,0,0,5,0,4,18,-0.1499999999999999,-0.025000000000000133,-0.125,4,10,10,5,6,40,40,40,46,1,1,0,draw
1208050,2024,2024-08-31 16:30:00+00:00,48,West Ham,50,Manchester City,40,15,10,15,55,1.375,63,76,1.575,1.9,-13,20,7,8,5,32,30,20,8,2,10,31,46,10,3,2,5,11,14,22,5,2,0,3,6,7,11,40,30,7,3,97,2.425,102,35,2.55,0.875,67,20,15,5,0,55,17,20,15,2,3,47,18,10,10,0,0,30,35,6,5,5,0,0,15,15,2,-1.0499999999999998,-0.9749999999999999,1.025,-80,-9,-19,-8,-21,40,40,55,97,1,3,2,away_win
1208043,2024,2024-09-01 12:30:00+00:00,49,Chelsea,52,Crystal Palace,40,19,9,12,66,1.65,83,67,2.075,1.675,16,20,11,4,5,44,28,20,8,5,7,39,39,10,7,1,2,22,28,15,5,4,0,1,12,13,8,40,13,10,17,49,1.225,58,62,1.45,1.55,-4,20,8,4,8,37,28,20,5,6,9,21,34,10,6,1,3,19,24,12,5,3,0,2,9,13,5,0.4249999999999998,0.6250000000000002,0.125,20,3,3,0,4,40,40,66,49,1,1,0,draw
1208048,2024,2024-09-01 12:30:00+00:00,34,Newcastle,47,Tottenham,40,19,7,14,64,1.6,87,63,2.175,1.575,24,20,13,4,3,50,22,20,6,3,11,37,41,10,6,2,2,20,23,11,5,2,2,1,8,9,7,40,21,7,12,70,1.75,79,62,1.975,1.55,17,20,14,0,6,42,27,20,7,7,6,37,35,10,4,1,5,13,17,18,5,3,1,1,10,10,4,-0.1499999999999999,0.19999999999999973,0.02499999999999991,7,-2,7,-1,6,40,40,64,70,2,1,1,home_win
1208047,2024,2024-09-01 15:00:00+00:00,33,Manchester United,40,Liverpool,40,19,6,15,63,1.575,59,60,1.475,1.5,-1,20,11,3,6,32,28,20,8,3,9,27,32,10,4,3,3,15,16,16,5,3,0,2,9,7,5,40,26,10,4,88,2.2,90,41,2.25,1.025,49,20,16,3,1,51,17,20,10,7,3,39,24,10,5,3,2,18,20,13,5,4,1,0,13,13,5,-0.6250000000000002,-0.7749999999999999,0.4750000000000001,-50,-4,-3,-6,-4,40,40,63,88,0,3,2,away_win
1208058,2024,2024-09-14 11:30:00+00:00,41,Southampton,33,Manchester United,3,0,0,3,0,0.0,1,5,0.3333333333333333,1.6666666666666667,-4,1,0,0,1,0,1,2,0,0,2,1,4,3,0,0,3,0,1,5,3,0,0,3,0,1,5,41,19,6,16,63,1.5365853658536586,59,63,1.4390243902439024,1.5365853658536586,-4,21,11,3,7,32,31,20,8,3,9,27,32,10,4,2,4,14,14,17,5,3,0,2,9,7,7,-1.5365853658536586,-1.1056910569105691,0.13008130081300817,0,-9,-14,-6,-13,3,41,0,63,0,3,2,away_win
1208053,2024,2024-09-14 14:00:00+00:00,51,Brighton,57,Ipswich,41,14,13,14,55,1.3414634146341464,61,64,1.4878048780487805,1.5609756097560976,-3,20,9,6,5,32,28,21,5,7,9,29,36,10,3,3,4,12,10,15,5,2,1,2,7,7,6,3,0,1,2,1,0.3333333333333333,2,7,0.6666666666666666,2.3333333333333335,-5,2,0,1,1,1,3,1,0,0,1,1,4,3,0,1,2,1,2,7,3,0,1,2,1,2,7,1.0081300813008132,0.8211382113821138,-0.7723577235772359,2,6,11,5,8,41,3,55,1,0,0,0,draw
1208054,2024,2024-09-14 14:00:00+00:00,52,Crystal Palace,46,Leicester,41,13,11,17,50,1.2195121951219512,59,63,1.4390243902439024,1.5365853658536586,-4,20,8,4,8,37,28,21,5,7,9,22,35,10,6,2,2,20,23,9,5,2,1,2,7,10,6,3,0,1,2,1,0.3333333333333333,3,5,1.0,1.6666666666666667,-2,2,0,1,1,2,3,1,0,0,1,1,2,3,0,1,2,1,3,5,3,0,1,2,1,3,5,0.8861788617886179,0.4390243902439024,-0.13008130081300817,-2,6,19,7,20,41,3,50,1,2,2,0,draw
1208055,2024,2024-09-14 14:00:00+00:00,36,Fulham,48,West Ham,41,14,9,18,51,1.2439024390243902,58,64,1.4146341463414633,1.5609756097560976,-6,20,10,2,8,33,25,21,4,7,10,25,39,10,3,3,4,12,11,14,5,2,1,2,7,7,9,41,15,10,16,55,1.3414634146341464,64,79,1.5609756097560976,1.9268292682926829,-15,21,7,8,6,33,33,20,8,2,10,31,46,10,3,1,6,10,14,24,5,2,0,3,6,8,9,-0.09756097560975618,-0.14634146341463428,-0.36585365853658525,9,1,2,-1,-3,41,41,51,55,1,1,0,draw
1208056,2024,2024-09-14 14:00:00+00:00,40,Liverpool,65,Nottingham Forest,41,27,10,4,91,2.2195121951219514,93,41,2.268292682926829,1.0,52,20,16,3,1,51,17,21,11,7,3,42,24,10,6,2,2,20,21,11,5,4,1,0,13,12,3,41,10,11,20,41,1.0,52,69,1.2682926829268293,1.6829268292682926,-17,21,5,7,9,29,32,20,5,4,11,23,37,10,3,3,4,12,13,16,5,2,2,1,8,7,6,1.2195121951219514,0.9999999999999998,-0.6829268292682926,69,5,8,5,8,41,41,91,41,0,1,2,away_win
1208057,2024,2024-09-14 14:00:00+00:00,50,Manchester City,55,Brentford,41,31,7,3,100,2.4390243902439024,105,36,2.5609756097560976,0.8780487804878049,69,20,15,5,0,55,17,21,16,2,3,50,19,10,10,0,0,30,34,5,5,5,0,0,15,14,3,41,12,9,20,45,1.0975609756097562,61,69,1.4878048780487805,1.6829268292682926,-8,21,7,7,7,34,36,20,5,2,13,27,33,10,5,2,3,17,19,14,5,3,0,2,9,9,9,1.3414634146341462,1.0731707317073171,-0.8048780487804877,77,6,13,5,15,41,41,100,45,2,1,1,home_win
1208052,2024,2024-09-14 16:30:00+00:00,66,Aston Villa,45,Everton,41,22,8,11,74,1.8048780487804879,80,65,1.951219512195122,1.5853658536585367,15,20,12,4,4,48,30,21,10,4,7,32,35,10,4,3,3,15,17,19,5,2,1,2,7,7,12,41,13,9,19,48,1.170731707317073,42,61,1.024390243902439,1.4878048780487805,-19,21,8,4,9,24,24,20,5,5,10,18,37,10,4,1,5,13,10,19,5,1,0,4,3,4,12,0.6341463414634148,0.9268292682926829,0.09756097560975618,34,4,2,3,7,41,41,74,48,3,2,1,home_win
1208051,2024,2024-09-14 19:00:00+00:00,35,Bournemouth,49,Chelsea,41,14,11,16,53,1.2926829268292683,59,71,1.4390243902439024,1.7317073170731707,-12,20,7,7,6,28,29,21,7,4,10,31,42,10,3,3,4,12,14,16,5,1,2,2,5,7,8,41,19,10,12,67,1.6341463414634145,84,68,2.048780487804878,1.6585365853658536,16,21,11,5,5,45,29,20,8,5,7,39,39,10,6,2,2,20,23,16,5,3,1,1,10,11,7,-0.3414634146341462,-0.6097560975609757,0.07317073170731714,-28,-5,-8,-4,-9,41,41,53,67,0,1,2,away_win
1208059,2024,2024-09-15 13:00:00+00:00,47,Tottenham,42,Arsenal,41,21,7,13,70,1.7073170731707317,80,64,1.951219512195122,1.5609756097560976,16,20,14,0,6,42,27,21,7,7,7,38,37,10,3,1,6,10,15,19,5,2,1,2,7,9,5,41,30,6,5,96,2.341463414634146,96,30,2.341463414634146,0.7317073170731707,66,21,16,3,2,51,17,20,14,3,3,45,13,10,8,1,1,25,21,6,5,4,1,0,13,8,2,-0.6341463414634145,-0.3902439024390243,0.8292682926829269,-50,-6,-15,1,-6,41,41,70,96,0,1,2,away_win
1208060,2024,2024-09-15 15:30:00+00:00,39,Wolves,34,Newcastle,41,13,8,20,47,1.146341463414634,53,74,1.2926829268292683,1.8048780487804879,-21,20,8,3,9,28,36,21,5,5,11,25,38,10,1,2,7,5,9,25,5,0,1,4,1,4,14,41,20,7,14,67,1.6341463414634145,89,64,2.1707317073170733,1.5609756097560976,25,21,14,4,3,52,23,20,6,3,11,37,41,10,6,2,2,20,24,12,5,3,1,1,10,10,7,-0.4878048780487805,-0.878048780487805,0.24390243902439024,-46,-9,-15,-6,-15,41,41,47,67,1,2,2,away_win
1208070,2024,2024-09-21 11:30:00+00:00,48,West Ham,49,Chelsea,42,15,11,16,56,1.3333333333333333,65,80,1.5476190476190477,1.9047619047619047,-15,21,7,8,6,33,33,21,8,3,10,32,47,10,2,2,6,8,13,24,5,1,1,3,4,6,9,42,20,10,12,70,1.6666666666666667,85,68,2.0238095238095237,1.619047619047619,17,21,11,5,5,45,29,21,9,5,7,40,39,10,7,2,1,23,24,11,5,3,1,1,10,10,6,-0.3333333333333335,-0.47619047619047605,0.2857142857142856,-32,-6,-15,-4,-11,42,42,56,70,0,3,2,away_win
1208061,2024,2024-09-21 14:00:00+00:00,66,Aston Villa,39,Wolves,42,23,8,11,77,1.8333333333333333,83,67,1.9761904761904763,1.5952380952380953,16,21,13,4,4,51,32,21,10,4,7,32,35,10,5,2,3,17,17,18,5,3,0,2,9,7,11,42,13,8,21,47,1.119047619047619,54,76,1.2857142857142858,1.8095238095238095,-22,21,8,3,10,29,38,21,5,5,11,25,38,10,1,1,8,4,8,25,5,0,1,4,1,4,13,0.7142857142857142,0.6904761904761905,-0.2142857142857142,38,8,13,3,9,42,42,77,47,3,1,1,home_win
1208064,2024,2024-09-21 14:00:00+00:00,36,Fulham,34,Newcastle,42,14,10,18,52,1.2380952380952381,59,65,1.4047619047619047,1.5476190476190477,-6,21,10,3,8,34,26,21,4,7,10,25,39,10,3,4,3,13,12,14,5,2,2,1,8,8,6,42,21,7,14,70,1.6666666666666667,91,65,2.1666666666666665,1.5476190476190477,26,21,14,4,3,52,23,21,7,3,11,39,42,10,6,2,2,20,22,13,5,4,1,0,13,10,5,-0.4285714285714286,-0.7619047619047619,0.0,-32,-5,-7,-2,-10,42,42,52,70,3,1,1,home_win
1208065,2024,2024-09-21 14:00:00+00:00,46,Leicester,45,Everton,4,0,2,2,2,0.5,5,7,1.25,1.75,-2,2,0,1,1,2,3,2,0,1,1,3,4,4,0,2,2,2,5,7,4,0,2,2,2,5,7,42,13,9,20,48,1.1428571428571428,44,64,1.0476190476190477,1.5238095238095237,-20,21,8,4,9,24,24,21,5,5,11,20,40,10,4,1,5,13,12,16,5,0,0,5,0,5,15,-0.6428571428571428,0.20238095238095233,0.22619047619047628,18,2,-11,0,-7,4,42,2,48,1,1,0,draw
1208066,2024,2024-09-21 14:00:00+00:00,40,Liverpool,35,Bournemouth,42,27,10,5,91,2.1666666666666665,93,42,2.2142857142857144,1.0,51,21,16,3,2,51,18,21,11,7,3,42,24,10,6,2,2,20,21,11,5,4,0,1,12,9,1,42,14,11,17,53,1.2619047619047619,59,72,1.4047619047619047,1.7142857142857142,-13,21,7,7,7,28,30,21,7,4,10,31,42,10,3,2,5,11,12,15,5,1,2,2,5,6,7,0.9047619047619047,0.8095238095238098,-0.7142857142857142,64,7,9,3,9,42,42,91,53,3,0,1,home_win
1208068,2024,2024-09-21 14:00:00+00:00,41,Southampton,57,Ipswich,4,0,0,4,0,0.0,1,8,0.25,2.0,-7,2,0,0,2,0,4,2,0,0,2,1,4,4,0,0,4,0,1,8,4,0,0,4,0,1,8,4,0,2,2,2,0.5,2,7,0.5,1.75,-5,2,0,1,1,1,3,2,0,1,1,1,4,4,0,2,2,2,2,7,4,0,2,2,2,2,7,-0.5,-0.25,0.25,-2,-2,-2,-1,-1,4,4,0,2,1,1,0,draw
1208069,2024,2024-09-21 14:00:00+00:00,47,Tottenham,55,Brentford,42,21,7,14,70,1.6666666666666667,80,65,1.9047619047619047,1.5476190476190477,15,21,14,0,7,42,28,21,7,7,7,38,37,10,3,1,6,10,15,16,5,2,1,2,7,9,4,42,12,9,21,45,1.0714285714285714,62,71,1.4761904761904763,1.6904761904761905,-9,21,7,7,7,34,36,21,5,2,14,28,35,10,5,1,4,16,17,13,5,2,0,3,6,8,10,0.5952380952380953,0.4285714285714284,-0.1428571428571428,24,1,-6,1,-2,42,42,70,45,3,1,1,home_win
1208063,2024,2024-09-21 16:30:00+00:00,52,Crystal Palace,33,Manchester United,42,13,12,17,51,1.2142857142857142,61,65,1.4523809523809523,1.5476190476190477,-4,21,8,5,8,39,30,21,5,7,9,22,35,10,5,3,2,18,24,11,5,1,2,2,5,9,7,42,20,6,16,66,1.5714285714285714,62,63,1.4761904761904763,1.5,-1,21,11,3,7,32,31,21,9,3,9,30,32,10,5,1,4,16,15,15,5,3,0,2,9,7,5,-0.3571428571428572,-0.023809523809523947,0.04761904761904767,-3,-4,2,2,9,42,42,51,66,0,0,0,draw
1208062,2024,2024-09-22 13:00:00+00:00,51,Brighton,65,Nottingham Forest,42,14,14,14,56,1.3333333333333333,61,64,1.4523809523809523,1.5238095238095237,-3,21,9,7,5,32,28,21,5,7,9,29,36,10,3,3,4,12,9,14,5,2,2,1,8,6,4,42,11,11,20,44,1.0476190476190477,53,69,1.2619047619047619,1.6428571428571428,-16,21,5,7,9,29,32,21,6,4,11,24,37,10,4,3,3,15,13,13,5,3,2,0,11,6,3,0.2857142857142856,0.19047619047619047,-0.11904761904761907,13,-3,-3,0,-4,42,42,56,44,2,2,0,draw
1208067,2024,2024-09-22 15:30:00+00:00,50,Manchester City,42,Arsenal,42,32,7,3,103,2.4523809523809526,107,37,2.5476190476190474,0.8809523809523809,70,21,16,5,0,57,18,21,16,2,3,50,19,10,10,0,0,30,31,5,5,5,0,0,15,14,4,42,31,6,5,99,2.357142857142857,97,30,2.3095238095238093,0.7142857142857143,67,21,16,3,2,51,17,21,15,3,3,46,13,10,9,1,0,28,22,4,5,4,1,0,13,8,2,0.09523809523809534,0.23809523809523814,0.16666666666666663,3,2,2,6,9,42,42,103,99,2,2,0,draw
1208078,2024,2024-09-28 11:30:00+00:00,34,Newcastle,50,Manchester City,43,21,7,15,70,1.627906976744186,92,68,2.13953488372093,1.5813953488372092,24,21,14,4,3,52,23,22,7,3,12,40,45,10,6,2,2,20,23,14,5,3,1,1,10,7,6,43,32,8,3,104,2.4186046511627906,109,39,2.5348837209302326,0.9069767441860465,70,22,16,6,0,59,20,21,16,2,3,50,19,10,9,1,0,28,29,7,5,4,1,0,13,13,5,-0.7906976744186045,-0.3953488372093026,0.6744186046511628,-46,-3,-8,-6,-6,43,43,70,104,1,1,0,draw
1208072,2024,2024-09-28 14:00:00+00:00,42,Arsenal,46,Leicester,43,31,7,5,100,2.3255813953488373,99,32,2.302325581395349,0.7441860465116279,67,21,16,3,2,51,17,22,15,4,3,48,15,10,8,2,0,26,22,6,5,3,2,0,11,8,3,5,0,3,2,3,0.6,6,8,1.2,1.6,-2,3,0,2,1,3,4,2,0,1,1,3,4,5,0,3,2,3,6,8,5,0,3,2,3,6,8,1.7255813953488373,1.102325581395349,-0.8558139534883722,69,8,23,2,16,43,5,100,3,4,2,1,home_win
1208073,2024,2024-09-28 14:00:00+00:00,55,Brentford,48,West Ham,43,12,9,22,45,1.0465116279069768,63,74,1.4651162790697674,1.7209302325581395,-11,21,7,7,7,34,36,22,5,2,15,29,38,10,4,1,5,13,16,16,5,2,0,3,6,7,9,43,15,11,17,56,1.302325581395349,65,83,1.5116279069767442,1.930232558139535,-18,22,7,8,7,33,36,21,8,3,10,32,47,10,2,2,6,8,13,25,5,1,1,3,4,5,9,-0.2558139534883721,-0.04651162790697683,-0.2093023255813955,7,2,5,2,3,43,43,45,56,1,1,0,draw
1208074,2024,2024-09-28 14:00:00+00:00,49,Chelsea,51,Brighton,43,21,10,12,73,1.697674418604651,88,68,2.046511627906977,1.5813953488372092,20,21,11,5,5,45,29,22,10,5,7,43,39,10,8,1,1,25,25,9,5,3,1,1,10,11,5,43,14,15,14,57,1.3255813953488371,63,66,1.4651162790697674,1.5348837209302326,-3,22,9,8,5,34,30,21,5,7,9,29,36,10,3,4,3,13,11,12,5,2,3,0,9,8,4,0.37209302325581395,0.5813953488372094,0.046511627906976605,23,1,12,3,14,43,43,73,57,4,2,1,home_win
1208075,2024,2024-09-28 14:00:00+00:00,45,Everton,52,Crystal Palace,43,13,10,20,49,1.1395348837209303,45,65,1.0465116279069768,1.5116279069767442,-20,21,8,4,9,24,24,22,5,6,11,21,41,10,3,2,5,11,11,17,5,0,1,4,1,5,14,43,13,13,17,52,1.2093023255813953,61,65,1.4186046511627908,1.5116279069767442,-4,22,8,6,8,39,30,21,5,7,9,22,35,10,4,4,2,16,19,9,5,0,3,2,3,4,7,-0.06976744186046502,-0.37209302325581395,0.0,-16,-2,-5,1,-8,43,43,49,52,2,1,1,home_win
1208079,2024,2024-09-28 14:00:00+00:00,65,Nottingham Forest,36,Fulham,43,11,12,20,45,1.0465116279069768,55,71,1.2790697674418605,1.6511627906976745,-16,21,5,7,9,29,32,22,6,5,11,26,39,10,4,3,3,15,13,13,5,2,3,0,9,6,4,43,15,10,18,55,1.2790697674418605,62,66,1.441860465116279,1.5348837209302326,-4,22,11,3,8,37,27,21,4,7,10,25,39,10,3,4,3,13,13,15,5,2,2,1,8,7,5,-0.2325581395348837,-0.16279069767441845,0.11627906976744184,-12,1,2,-1,0,43,43,45,55,0,1,2,away_win
1208080,2024,2024-09-28 16:30:00+00:00,39,Wolves,40,Liverpool,43,13,8,22,47,1.0930232558139534,55,79,1.2790697674418605,1.8372093023255813,-24,21,8,3,10,29,38,22,5,5,12,26,41,10,1,1,8,4,9,26,5,0,1,4,1,5,14,43,28,10,5,94,2.186046511627907,96,42,2.2325581395348837,0.9767441860465116,54,22,17,3,2,54,18,21,11,7,3,42,24,10,6,2,2,20,21,10,5,4,0,1,12,10,1,-1.0930232558139534,-0.9534883720930232,0.8604651162790697,-78,-11,-16,-5,-12,43,43,47,94,1,2,2,away_win
1208076,2024,2024-09-29 13:00:00+00:00,57,Ipswich,66,Aston Villa,5,0,3,2,3,0.6,3,8,0.6,1.6,-5,2,0,1,1,1,3,3,0,2,1,2,5,5,0,3,2,3,3,8,5,0,3,2,3,3,8,43,24,8,11,80,1.8604651162790697,86,68,2.0,1.5813953488372092,18,22,14,4,4,54,33,21,10,4,7,32,35,10,5,2,3,17,18,19,5,4,0,1,12,10,7,-1.2604651162790699,-1.4,0.018604651162790864,-23,-9,-14,-7,-15,5,43,3,80,2,2,0,draw
1208077,2024,2024-09-29 15:30:00+00:00,33,Manchester United,47,Tottenham,43,20,7,16,67,1.558139534883721,62,63,1.441860465116279,1.4651162790697674,-1,21,11,3,7,32,31,22,9,4,9,30,32,10,4,2,4,14,11,13,5,2,1,2,7,5,5,43,22,7,14,73,1.697674418604651,83,66,1.930232558139535,1.5348837209302326,17,22,15,0,7,45,29,21,7,7,7,38,37,10,4,1,5,13,16,14,5,2,1,2,7,9,5,-0.13953488372093004,-0.488372093023256,-0.06976744186046524,-18,0,1,-4,-5,43,43,67,73,0,3,2,away_win
1208071,2024,2024-09-30 19:00:00+00:00,35,Bournemouth,41,Southampton,43,14,11,18,53,1.2325581395348837,59,75,1.372093023255814,1.744186046511628,-16,21,7,7,7,28,30,22,7,4,11,31,45,10,3,2,5,11,11,15,5,1,2,2,5,5,8,5,0,1,4,1,0.2,2,9,0.4,1.8,-7,3,0,1,2,1,5,2,0,0,2,1,4,5,0,1,4,1,2,9,5,0,1,4,1,2,9,1.0325581395348837,0.9720930232558139,-0.05581395348837215,-9,4,10,3,9,43,5,53,1,3,1,1,home_win
1208086,2024,2024-10-05 11:30:00+00:00,52,Crystal Palace,40,Liverpool,44,13,13,18,52,1.1818181818181819,62,67,1.4090909090909092,1.5227272727272727,-5,22,8,6,8,39,30,22,5,7,10,23,37,10,3,4,3,13,18,11,5,0,3,2,3,4,7,44,29,10,5,97,2.2045454545454546,98,43,2.227272727272727,0.9772727272727273,55,22,17,3,2,54,18,22,12,7,3,44,25,10,7,2,1,23,23,9,5,4,0,1,12,10,2,-1.0227272727272727,-0.8181818181818179,0.5454545454545454,-60,-9,-10,-6,-5,44,44,52,97,0,1,2,away_win
1208081,2024,2024-10-05 14:00:00+00:00,42,Arsenal,41,Southampton,44,32,7,5,103,2.340909090909091,103,34,2.340909090909091,0.7727272727272727,69,22,17,3,2,55,19,22,15,4,3,48,15,10,8,2,0,26,21,8,5,3,2,0,11,10,5,6,0,1,5,1,0.16666666666666666,3,12,0.5,2.0,-9,3,0,1,2,1,5,3,0,0,3,2,7,6,0,1,5,1,3,12,5,0,1,4,1,3,11,2.1742424242424243,1.8409090909090908,-1.2272727272727273,78,10,25,7,18,44,6,103,1,3,1,1,home_win
1208083,2024,2024-10-05 14:00:00+00:00,55,Brentford,39,Wolves,44,12,10,22,46,1.0454545454545454,64,75,1.4545454545454546,1.7045454545454546,-11,22,7,8,7,35,37,22,5,2,15,29,38,10,3,2,5,11,12,16,5,1,1,3,4,6,9,44,13,8,23,47,1.0681818181818181,56,81,1.2727272727272727,1.8409090909090908,-25,22,8,3,11,30,40,22,5,5,12,26,41,10,1,1,8,4,10,27,5,0,1,4,1,6,14,-0.022727272727272707,0.18181818181818188,-0.13636363636363624,14,3,7,0,2,44,44,46,47,5,3,1,home_win
1208088,2024,2024-10-05 14:00:00+00:00,46,Leicester,35,Bournemouth,6,0,3,3,3,0.5,8,12,1.3333333333333333,2.0,-4,3,0,2,1,3,4,3,0,1,2,5,8,6,0,3,3,3,8,12,5,0,2,3,2,7,11,44,15,11,18,56,1.2727272727272727,62,76,1.4090909090909092,1.7272727272727273,-14,22,8,7,7,31,31,22,7,4,11,31,45,10,3,2,5,11,13,16,5,2,1,2,7,7,8,-0.7727272727272727,-0.07575757575757591,0.2727272727272727,10,-5,-8,0,-5,6,44,3,56,1,0,1,home_win
1208089,2024,2024-10-05 14:00:00+00:00,50,Manchester City,36,Fulham,44,32,9,3,105,2.3863636363636362,110,40,2.5,0.9090909090909091,70,22,16,6,0,59,20,22,16,3,3,51,20,10,8,2,0,26,28,8,5,3,2,0,11,12,6,44,16,10,18,58,1.3181818181818181,63,66,1.4318181818181819,1.5,-3,22,11,3,8,37,27,22,5,7,10,26,39,10,4,4,2,16,13,12,5,3,2,0,11,8,4,1.0681818181818181,1.0681818181818181,-0.5909090909090909,73,0,10,4,15,44,44,105,58,3,2,1,home_win
1208090,2024,2024-10-05 14:00:00+00:00,48,West Ham,57,Ipswich,44,15,12,17,57,1.2954545454545454,66,84,1.5,1.9090909090909092,-18,22,7,8,7,33,36,22,8,4,10,33,48,10,2,3,5,9,12,21,5,1,2,2,5,5,8,6,0,4,2,4,0.6666666666666666,5,10,0.8333333333333334,1.6666666666666667,-5,3,0,2,1,3,5,3,0,2,1,2,5,6,0,4,2,4,5,10,5,0,4,1,4,5,8,0.6287878787878788,0.6666666666666666,0.24242424242424243,-13,1,5,0,7,44,6,57,4,4,1,1,home_win
1208087,2024,2024-10-05 16:30:00+00:00,45,Everton,34,Newcastle,44,14,10,20,52,1.1818181818181819,47,66,1.0681818181818181,1.5,-19,22,9,4,9,26,25,22,5,6,11,21,41,10,3,2,5,11,11,18,5,1,1,3,4,7,12,44,21,8,15,71,1.6136363636363635,93,69,2.1136363636363638,1.5681818181818181,24,22,14,5,3,53,24,22,7,3,12,40,45,10,5,3,2,18,19,14,5,2,2,1,8,7,7,-0.43181818181818166,-1.0454545454545456,-0.06818181818181812,-43,-4,-7,0,-8,44,44,52,71,0,0,0,draw
1208082,2024,2024-10-06 13:00:00+00:00,66,Aston Villa,33,Manchester United,44,24,9,11,81,1.8409090909090908,88,70,2.0,1.5909090909090908,18,22,14,4,4,54,33,22,10,5,7,34,37,10,4,3,3,15,17,20,5,3,1,1,10,10,8,44,20,7,17,67,1.5227272727272727,62,66,1.4090909090909092,1.5,-4,22,11,3,8,32,34,22,9,4,9,30,32,10,4,1,5,13,10,15,5,1,1,3,4,4,8,0.3181818181818181,0.5909090909090908,0.09090909090909083,22,6,2,6,7,44,44,81,67,0,0,0,draw
1208085,2024,2024-10-06 13:00:00+00:00,49,Chelsea,65,Nottingham Forest,44,22,10,12,76,1.7272727272727273,92,70,2.090909090909091,1.5909090909090908,22,22,12,5,5,49,31,22,10,5,7,43,39,10,8,1,1,25,27,11,5,4,1,0,13,15,5,44,11,12,21,45,1.0227272727272727,55,72,1.25,1.6363636363636365,-17,22,5,7,10,29,33,22,6,5,11,26,39,10,4,3,3,15,13,12,5,2,2,1,8,5,4,0.7045454545454546,0.8409090909090908,-0.045454545454545636,39,5,10,10,14,44,44,76,45,1,1,0,draw
1208084,2024,2024-10-06 15:30:00+00:00,51,Brighton,47,Tottenham,44,14,15,15,57,1.2954545454545454,65,70,1.4772727272727273,1.5909090909090908,-5,22,9,8,5,34,30,22,5,7,10,31,40,10,3,4,3,13,13,13,5,1,3,1,6,7,8,44,23,7,14,76,1.7272727272727273,86,66,1.9545454545454546,1.5,20,22,15,0,7,45,29,22,8,7,7,41,37,10,5,1,4,16,19,12,5,3,0,2,9,11,4,-0.4318181818181819,-0.4772727272727273,0.09090909090909083,-25,-3,-3,-4,-6,44,44,57,76,3,2,1,home_win
1208099,2024,2024-10-19 11:30:00+00:00,47,Tottenham,48,West Ham,45,23,7,15,76,1.6888888888888889,88,69,1.9555555555555555,1.5333333333333334,19,22,15,0,7,45,29,23,8,7,8,43,40,10,5,1,4,16,19,11,5,2,0,3,6,9,7,45,16,12,17,60,1.3333333333333333,70,85,1.5555555555555556,1.8888888888888888,-15,23,8,8,7,37,37,22,8,4,10,33,48,10,3,2,5,11,14,20,5,1,2,2,5,7,9,0.3555555555555556,0.3999999999999999,-0.3555555555555554,34,1,5,2,5,45,45,76,60,4,1,1,home_win
1208092,2024,2024-10-19 14:00:00+00:00,36,Fulham,66,Aston Villa,45,16,10,19,58,1.288888888888889,65,69,1.4444444444444444,1.5333333333333334,-4,22,11,3,8,37,27,23,5,7,11,28,42,10,4,3,3,15,14,14,5,2,2,1,8,8,6,45,24,10,11,82,1.8222222222222222,88,70,1.9555555555555555,1.5555555555555556,18,23,14,5,4,54,33,22,10,5,7,34,37,10,4,3,3,15,15,18,5,3,2,0,11,10,6,-0.5333333333333332,-0.5111111111111111,-0.022222222222222143,-22,-3,0,-2,-1,45,45,58,82,1,3,2,away_win
1208093,2024,2024-10-19 14:00:00+00:00,57,Ipswich,45,Everton,7,0,4,3,4,0.5714285714285714,6,14,0.8571428571428571,2.0,-8,3,0,2,1,3,5,4,0,2,2,3,9,7,0,4,3,4,6,14,5,0,4,1,4,5,8,45,14,11,20,53,1.1777777777777778,47,66,1.0444444444444445,1.4666666666666666,-19,23,9,5,9,26,25,22,5,6,11,21,41,10,2,3,5,9,10,18,5,1,2,2,5,7,8,-0.6063492063492064,-0.1873015873015874,0.5333333333333334,11,-1,-5,-2,-4,7,45,4,53,0,2,2,away_win
1208095,2024,2024-10-19 14:00:00+00:00,33,Manchester United,55,Brentford,45,20,8,17,68,1.511111111111111,62,66,1.3777777777777778,1.4666666666666666,-4,22,11,3,8,32,34,23,9,5,9,30,32,10,4,2,4,14,10,11,5,1,2,2,5,3,6,45,13,10,22,49,1.0888888888888888,69,78,1.5333333333333334,1.7333333333333334,-9,23,8,8,7,40,40,22,5,2,15,29,38,10,4,2,4,14,17,18,5,2,1,2,7,11,10,0.4222222222222223,-0.15555555555555567,-0.26666666666666683,5,-2,0,-8,-7,45,45,68,49,2,1,1,home_win
1208096,2024,2024-10-19 14:00:00+00:00,34,Newcastle,51,Brighton,45,21,9,15,72,1.6,93,69,2.066666666666667,1.5333333333333334,24,22,14,5,3,53,24,23,7,4,12,40,45,10,4,4,2,16,15,13,5,2,2,1,8,6,6,45,15,15,15,60,1.3333333333333333,68,72,1.511111111111111,1.6,-4,23,10,8,5,37,32,22,5,7,10,31,40,10,3,4,3,13,15,15,5,1,3,1,6,8,9,0.26666666666666683,0.5555555555555558,-0.06666666666666665,28,2,3,-2,0,45,45,72,60,0,1,2,away_win
1208098,2024,2024-10-19 14:00:00+00:00,41,Southampton,46,Leicester,7,0,1,6,1,0.14285714285714285,4,15,0.5714285714285714,2.142857142857143,-11,3,0,1,2,1,5,4,0,0,4,3,10,7,0,1,6,1,4,15,5,0,1,4,1,4,13,7,1,3,3,6,0.8571428571428571,9,12,1.2857142857142858,1.7142857142857142,-3,4,1,2,1,4,4,3,0,1,2,5,8,7,1,3,3,6,9,12,5,1,2,2,5,7,9,-0.7142857142857142,-0.7142857142857144,0.4285714285714286,-8,-4,-5,-3,-5,7,7,1,6,2,3,2,away_win
1208091,2024,2024-10-19 16:30:00+00:00,35,Bournemouth,42,Arsenal,45,15,11,19,56,1.2444444444444445,62,77,1.3777777777777778,1.711111111111111,-15,22,8,7,7,31,31,23,7,4,12,31,46,10,2,2,6,8,10,17,5,2,0,3,6,6,8,45,33,7,5,106,2.3555555555555556,106,35,2.3555555555555556,0.7777777777777778,71,23,18,3,2,58,20,22,15,4,3,48,15,10,8,2,0,26,21,7,5,3,2,0,11,11,6,-1.1111111111111112,-0.9777777777777779,0.9333333333333332,-86,-5,-18,-5,-11,45,45,56,106,2,0,1,home_win
1208100,2024,2024-10-20 13:00:00+00:00,39,Wolves,50,Manchester City,45,13,8,24,47,1.0444444444444445,59,86,1.3111111111111111,1.9111111111111112,-27,22,8,3,11,30,40,23,5,5,13,29,46,10,0,1,9,1,11,31,5,0,1,4,1,7,13,45,33,9,3,108,2.4,113,42,2.511111111111111,0.9333333333333333,71,23,17,6,0,62,22,22,16,3,3,51,20,10,8,2,0,26,26,9,5,3,2,0,11,11,7,-1.3555555555555554,-1.2,0.9777777777777779,-98,-10,-25,-4,-15,45,45,47,108,1,2,2,away_win
1208094,2024,2024-10-20 15:30:00+00:00,40,Liverpool,49,Chelsea,45,30,10,5,100,2.2222222222222223,99,43,2.2,0.9555555555555556,56,22,17,3,2,54,18,23,13,7,3,45,25,10,8,1,1,25,22,7,5,4,0,1,12,9,2,45,22,11,12,77,1.711111111111111,93,71,2.066666666666667,1.5777777777777777,22,23,12,6,5,50,32,22,10,5,7,43,39,10,7,2,1,23,23,12,5,3,2,0,11,10,4,0.5111111111111113,0.1333333333333333,-0.6222222222222221,34,1,2,-1,-1,45,45,100,77,2,1,1,home_win
1208097,2024,2024-10-21 19:00:00+00:00,65,Nottingham Forest,52,Crystal Palace,45,11,13,21,46,1.0222222222222221,56,73,1.2444444444444445,1.6222222222222222,-17,22,5,7,10,29,33,23,6,6,11,27,40,10,4,4,2,16,14,11,5,1,3,1,6,5,5,45,13,13,19,52,1.1555555555555554,62,68,1.3777777777777778,1.511111111111111,-6,23,8,6,9,39,31,22,5,7,10,23,37,10,3,3,4,12,17,11,5,0,3,2,3,4,6,-0.1333333333333333,-0.1333333333333333,0.11111111111111116,-11,3,4,1,-3,45,45,46,52,1,0,1,home_win
1208110,2024,2024-10-25 19:00:00+00:00,46,Leicester,65,Nottingham Forest,8,2,3,3,9,1.125,12,14,1.5,1.75,-2,4,1,2,1,4,4,4,1,1,2,8,10,8,2,3,3,9,12,14,5,2,2,1,8,9,9,46,12,13,21,49,1.065217391304348,57,73,1.2391304347826086,1.5869565217391304,-16,23,6,7,10,30,33,23,6,6,11,27,40,10,4,4,2,16,12,10,5,2,2,1,8,5,4,0.059782608695652106,0.26086956521739135,0.16304347826086962,14,0,-7,4,0,8,46,9,49,1,3,2,away_win
1208104,2024,2024-10-26 14:00:00+00:00,66,Aston Villa,35,Bournemouth,46,25,10,11,85,1.8478260869565217,91,71,1.9782608695652173,1.5434782608695652,20,23,14,5,4,54,33,23,11,5,7,37,38,10,5,3,2,18,18,18,5,3,2,0,11,11,6,46,16,11,19,59,1.2826086956521738,64,77,1.391304347826087,1.673913043478261,-13,23,9,7,7,33,31,23,7,4,12,31,46,10,3,2,5,11,12,14,5,2,0,3,6,5,6,0.5652173913043479,0.5869565217391304,-0.1304347826086958,33,5,7,6,6,46,46,85,59,1,1,0,draw
1208105,2024,2024-10-26 14:00:00+00:00,55,Brentford,57,Ipswich,46,13,10,23,49,1.065217391304348,70,80,1.5217391304347827,1.7391304347826086,-10,23,8,8,7,40,40,23,5,2,16,30,40,10,4,1,5,13,18,20,5,1,1,3,4,9,11,8,0,4,4,4,0.5,6,16,0.75,2.0,-10,4,0,2,2,3,7,4,0,2,2,3,9,8,0,4,4,4,6,16,5,0,3,2,3,4,9,0.5652173913043479,0.7717391304347827,-0.26086956521739135,0,1,9,5,12,46,8,49,4,4,3,1,home_win
1208106,2024,2024-10-26 14:00:00+00:00,51,Brighton,39,Wolves,46,16,15,15,63,1.3695652173913044,69,72,1.5,1.565217391304348,-3,23,10,8,5,37,32,23,6,7,10,32,40,10,4,3,3,15,15,14,5,2,2,1,8,8,8,46,13,8,25,47,1.0217391304347827,60,88,1.3043478260869565,1.9130434782608696,-28,23,8,3,12,31,42,23,5,5,13,29,46,10,0,1,9,1,11,28,5,0,0,5,0,7,14,0.34782608695652173,0.19565217391304346,-0.34782608695652173,25,8,14,1,4,46,46,63,47,2,2,0,draw
1208111,2024,2024-10-26 14:00:00+00:00,50,Manchester City,41,Southampton,46,34,9,3,111,2.4130434782608696,115,43,2.5,0.9347826086956522,72,23,17,6,0,62,22,23,17,3,3,53,21,10,8,2,0,26,24,10,5,3,2,0,11,10,7,8,0,1,7,1,0.125,6,18,0.75,2.25,-12,4,0,1,3,3,8,4,0,0,4,3,10,8,0,1,7,1,6,18,5,0,1,4,1,5,13,2.2880434782608696,1.75,-1.3152173913043477,84,10,25,5,18,46,8,111,1,1,0,1,home_win
1208109,2024,2024-10-26 16:30:00+00:00,45,Everton,36,Fulham,46,15,11,20,56,1.2173913043478262,49,66,1.065217391304348,1.434782608695652,-17,23,9,5,9,26,25,23,6,6,11,23,41,10,3,2,5,11,11,17,5,2,2,1,8,7,5,46,16,10,20,58,1.2608695652173914,66,72,1.434782608695652,1.565217391304348,-6,23,11,3,9,38,30,23,5,7,11,28,42,10,4,2,4,14,15,17,5,2,1,2,7,8,8,-0.04347826086956519,-0.3695652173913042,-0.1304347826086958,-11,1,-3,-1,-4,46,46,56,58,1,1,0,draw
1208107,2024,2024-10-27 13:00:00+00:00,49,Chelsea,34,Newcastle,46,22,11,13,77,1.673913043478261,94,73,2.0434782608695654,1.5869565217391304,21,23,12,6,5,50,32,23,10,5,8,44,41,10,6,2,2,20,21,12,5,3,1,1,10,10,5,46,21,9,16,72,1.565217391304348,93,70,2.0217391304347827,1.5217391304347827,23,23,14,5,4,53,25,23,7,4,12,40,45,10,4,3,3,15,14,13,5,1,2,2,5,4,6,0.10869565217391308,0.021739130434782705,0.06521739130434767,-2,5,5,6,7,46,46,77,72,2,1,1,home_win
1208108,2024,2024-10-27 13:00:00+00:00,52,Crystal Palace,47,Tottenham,46,13,13,20,52,1.1304347826086956,62,69,1.3478260869565217,1.5,-7,23,8,6,9,39,31,23,5,7,11,23,38,10,2,3,5,9,13,12,5,0,2,3,2,3,6,46,24,7,15,79,1.7173913043478262,92,70,2.0,1.5217391304347827,22,23,16,0,7,49,30,23,8,7,8,43,40,10,5,1,4,16,21,11,5,3,0,2,9,12,6,-0.5869565217391306,-0.6521739130434783,-0.021739130434782705,-29,-7,-7,-9,-8,46,46,52,79,1,0,1,home_win
1208112,2024,2024-10-27 13:00:00+00:00,48,West Ham,33,Manchester United,46,16,12,18,60,1.3043478260869565,71,89,1.5434782608695652,1.934782608695652,-18,23,8,8,7,37,37,23,8,4,11,34,52,10,3,2,5,11,15,19,5,1,2,2,5,7,10,46,21,8,17,71,1.5434782608695652,64,67,1.391304347826087,1.4565217391304348,-3,23,12,3,8,34,35,23,9,5,9,30,32,10,5,2,3,17,12,11,5,2,2,1,8,5,4,-0.23913043478260865,0.15217391304347827,0.4782608695652173,-15,-3,-6,2,3,46,46,60,71,2,1,1,home_win
1208103,2024,2024-10-27 15:30:00+00:00,42,Arsenal,40,Liverpool,46,33,7,6,106,2.3043478260869565,106,37,2.3043478260869565,0.8043478260869565,69,23,18,3,2,58,20,23,15,4,4,48,17,10,7,2,1,23,18,9,5,3,1,1,10,10,7,46,31,10,5,103,2.239130434782609,101,44,2.1956521739130435,0.9565217391304348,57,23,18,3,2,56,19,23,13,7,3,45,25,10,8,1,1,25,20,6,5,4,0,1,12,8,3,0.06521739130434767,0.10869565217391308,-0.15217391304347827,12,-2,-2,2,-2,46,46,106,103,2,2,0,draw
1208118,2024,2024-11-02 12:30:00+00:00,34,Newcastle,42,Arsenal,47,21,9,17,72,1.5319148936170213,94,72,2.0,1.5319148936170213,22,23,14,5,4,53,25,24,7,4,13,41,47,10,4,3,3,15,13,12,5,0,2,3,2,3,7,47,33,8,6,107,2.276595744680851,108,39,2.297872340425532,0.8297872340425532,69,24,18,4,2,60,22,23,15,4,4,48,17,10,6,3,1,21,19,11,5,2,2,1,8,11,9,-0.7446808510638299,-0.2978723404255321,0.7021276595744681,-47,-6,-6,-8,-6,47,47,72,107,1,0,1,home_win
1208113,2024,2024-11-02 15:00:00+00:00,35,Bournemouth,50,Manchester City,47,16,12,19,60,1.2765957446808511,65,78,1.3829787234042554,1.6595744680851063,-13,23,9,7,7,33,31,24,7,5,12,32,47,10,3,3,4,12,12,13,5,2,1,2,7,6,6,47,35,9,3,114,2.425531914893617,116,43,2.4680851063829787,0.9148936170212766,73,24,18,6,0,63,22,23,17,3,3,53,21,10,8,2,0,26,23,10,5,3,2,0,11,9,6,-1.148936170212766,-1.0851063829787233,0.7446808510638298,-86,-4,-14,-3,-11,47,47,60,114,2,1,1,home_win
1208115,2024,2024-11-02 15:00:00+00:00,57,Ipswich,46,Leicester,9,0,4,5,4,0.4444444444444444,9,20,1.0,2.2222222222222223,-11,4,0,2,2,3,7,5,0,2,3,6,13,9,0,4,5,4,9,20,5,0,2,3,2,7,13,9,2,3,4,9,1.0,13,17,1.4444444444444444,1.8888888888888888,-4,5,1,2,2,5,7,4,1,1,2,8,10,9,2,3,4,9,13,17,5,2,1,2,7,8,10,-0.5555555555555556,-0.4444444444444444,0.3333333333333335,-7,-5,-5,-1,-4,9,9,4,9,1,1,0,draw
1208116,2024,2024-11-02 15:00:00+00:00,40,Liverpool,51,Brighton,47,31,11,5,104,2.2127659574468086,103,46,2.1914893617021276,0.9787234042553191,57,23,18,3,2,56,19,24,13,8,3,47,27,10,8,1,1,25,19,5,5,4,1,0,13,10,4,47,16,16,15,64,1.3617021276595744,71,74,1.5106382978723405,1.574468085106383,-3,24,10,9,5,39,34,23,6,7,10,32,40,10,4,4,2,16,16,14,5,2,2,1,8,10,10,0.8510638297872342,0.6808510638297871,-0.5957446808510639,60,5,9,0,3,47,47,104,64,2,1,1,home_win
1208119,2024,2024-11-02 15:00:00+00:00,65,Nottingham Forest,48,West Ham,47,13,13,21,52,1.1063829787234043,60,74,1.2765957446808511,1.574468085106383,-14,23,6,7,10,30,33,24,7,6,11,30,41,10,5,4,1,19,13,8,5,2,2,1,8,7,5,47,17,12,18,63,1.3404255319148937,73,90,1.553191489361702,1.9148936170212767,-17,24,9,8,7,39,38,23,8,4,11,34,52,10,3,2,5,11,14,19,5,2,1,2,7,8,10,-0.23404255319148937,-0.2765957446808509,-0.34042553191489366,3,1,8,-1,-1,47,47,52,63,3,0,1,home_win
1208120,2024,2024-11-02 15:00:00+00:00,41,Southampton,45,Everton,9,0,1,8,1,0.1111111111111111,6,19,0.6666666666666666,2.111111111111111,-13,4,0,1,3,3,8,5,0,0,5,3,11,9,0,1,8,1,6,19,5,0,1,4,1,5,11,47,15,12,20,57,1.2127659574468086,50,67,1.0638297872340425,1.425531914893617,-17,24,9,6,9,27,26,23,6,6,11,23,41,10,2,3,5,9,11,18,5,2,3,0,9,6,3,-1.1016548463356974,-0.3971631205673759,0.6855791962174942,4,-8,-8,-1,-5,9,47,1,57,1,0,1,home_win
1208122,2024,2024-11-02 17:30:00+00:00,39,Wolves,52,Crystal Palace,47,13,9,25,48,1.0212765957446808,62,90,1.3191489361702127,1.9148936170212767,-28,23,8,3,12,31,42,24,5,6,13,31,48,10,0,2,8,2,12,27,5,0,1,4,1,8,14,47,14,13,20,55,1.1702127659574468,63,69,1.3404255319148937,1.4680851063829787,-6,24,9,6,9,40,31,23,5,7,11,23,38,10,2,3,5,9,11,11,5,1,1,3,4,2,4,-0.14893617021276606,-0.021276595744680993,0.44680851063829796,-22,-3,-7,6,1,47,47,48,55,2,2,0,draw
1208121,2024,2024-11-03 14:00:00+00:00,47,Tottenham,66,Aston Villa,47,24,7,16,79,1.6808510638297873,92,71,1.9574468085106382,1.5106382978723405,21,23,16,0,7,49,30,24,8,7,9,43,41,10,5,1,4,16,21,10,5,3,0,2,9,12,6,47,25,11,11,86,1.8297872340425532,92,72,1.9574468085106382,1.5319148936170213,20,24,14,6,4,55,34,23,11,5,7,37,38,10,5,3,2,18,16,16,5,2,3,0,9,9,5,-0.14893617021276584,0.0,-0.02127659574468077,1,0,-2,3,5,47,47,79,86,4,1,1,home_win
1208117,2024,2024-11-03 16:30:00+00:00,33,Manchester United,49,Chelsea,47,21,8,18,71,1.5106382978723405,65,69,1.3829787234042554,1.4680851063829787,-4,23,12,3,8,34,35,24,9,5,10,31,34,10,4,2,4,14,10,11,5,1,2,2,5,3,6,47,23,11,13,80,1.702127659574468,96,74,2.0425531914893615,1.574468085106383,22,24,13,6,5,52,33,23,10,5,8,44,41,10,6,2,2,20,21,12,5,3,1,1,10,11,6,-0.1914893617021276,-0.6595744680851061,-0.1063829787234043,-26,-5,-6,-8,-11,47,47,71,80,1,1,0,draw
1208114,2024,2024-11-04 20:00:00+00:00,36,Fulham,55,Brentford,47,16,11,20,59,1.2553191489361701,67,73,1.425531914893617,1.553191489361702,-6,23,11,3,9,38,30,24,5,8,11,29,43,10,4,3,3,15,16,14,5,2,1,2,7,8,8,47,14,10,23,52,1.1063829787234043,74,83,1.574468085106383,1.7659574468085106,-9,24,9,8,7,44,43,23,5,2,16,30,40,10,4,1,5,13,20,22,5,2,1,2,7,12,12,0.14893617021276584,-0.14893617021276606,-0.2127659574468086,3,0,2,-4,-4,47,47,59,52,2,1,1,home_win
1208123,2024,2024-11-09 15:00:00+00:00,55,Brentford,35,Bournemouth,48,14,10,24,52,1.0833333333333333,75,85,1.5625,1.7708333333333333,-10,24,9,8,7,44,43,24,5,2,17,31,42,10,4,1,5,13,19,20,5,2,1,2,7,12,11,48,17,12,19,63,1.3125,67,79,1.3958333333333333,1.6458333333333333,-12,24,10,7,7,35,32,24,7,5,12,32,47,10,4,3,3,15,13,12,5,3,1,1,10,8,4,-0.22916666666666674,0.16666666666666674,0.125,2,-3,-2,4,6,48,48,52,63,3,2,1,home_win
1208126,2024,2024-11-09 15:00:00+00:00,52,Crystal Palace,36,Fulham,48,14,14,20,56,1.1666666666666667,65,71,1.3541666666666667,1.4791666666666667,-6,24,9,6,9,40,31,24,5,8,11,25,40,10,1,4,5,7,8,13,5,1,1,3,4,4,6,48,17,11,20,62,1.2916666666666667,69,74,1.4375,1.5416666666666667,-5,24,12,3,9,40,31,24,5,8,11,29,43,10,4,3,3,15,14,13,5,2,1,2,7,7,8,-0.125,-0.08333333333333326,-0.0625,-1,-3,-8,-3,-6,48,48,56,62,0,2,2,away_win
1208131,2024,2024-11-09 15:00:00+00:00,48,West Ham,45,Everton,48,17,12,19,63,1.3125,73,93,1.5208333333333333,1.9375,-20,24,9,8,7,39,38,24,8,4,12,34,55,10,3,2,5,11,13,19,5,2,1,2,7,8,10,48,15,12,21,57,1.1875,50,68,1.0416666666666667,1.4166666666666667,-18,24,9,6,9,27,26,24,6,6,12,23,42,10,2,3,5,9,10,17,5,2,2,1,8,5,3,0.125,0.4791666666666665,0.5208333333333333,-2,-1,2,3,3,48,48,63,57,0,0,0,draw
1208132,2024,2024-11-09 15:00:00+00:00,39,Wolves,41,Southampton,48,13,10,25,49,1.0208333333333333,64,92,1.3333333333333333,1.9166666666666667,-28,24,8,4,12,33,44,24,5,6,13,31,48,10,0,3,7,3,14,27,5,0,2,3,2,9,13,10,1,1,8,4,0.4,7,19,0.7,1.9,-12,5,1,1,3,4,8,5,0,0,5,3,11,10,1,1,8,4,7,19,5,1,0,4,3,5,10,0.6208333333333332,0.6333333333333333,0.01666666666666683,-16,-1,-1,4,7,48,10,49,4,2,0,1,home_win
1208124,2024,2024-11-09 17:30:00+00:00,51,Brighton,50,Manchester City,48,16,16,16,64,1.3333333333333333,72,76,1.5,1.5833333333333333,-4,24,10,9,5,39,34,24,6,7,11,33,42,10,4,4,2,16,17,14,5,2,1,2,7,9,10,48,35,9,4,114,2.375,117,45,2.4375,0.9375,72,24,18,6,0,63,22,24,17,3,4,54,23,10,7,2,1,23,21,11,5,3,1,1,10,8,6,-1.0416666666666667,-0.9375,0.6458333333333333,-76,-3,-7,1,-4,48,48,64,114,2,1,1,home_win
1208127,2024,2024-11-09 20:00:00+00:00,40,Liverpool,66,Aston Villa,48,32,11,5,107,2.2291666666666665,105,47,2.1875,0.9791666666666666,58,24,19,3,2,58,20,24,13,8,3,47,27,10,8,1,1,25,19,6,5,4,1,0,13,9,5,48,25,11,12,86,1.7916666666666667,93,76,1.9375,1.5833333333333333,17,24,14,6,4,55,34,24,11,5,8,38,42,10,5,3,2,18,17,15,5,1,3,1,6,7,8,0.4374999999999998,0.25,-0.6041666666666666,41,7,7,2,2,48,48,107,86,2,0,1,home_win
1208128,2024,2024-11-10 14:00:00+00:00,33,Manchester United,46,Leicester,48,21,9,18,72,1.5,66,70,1.375,1.4583333333333333,-4,24,12,4,8,35,36,24,9,5,10,31,34,10,3,3,4,12,9,12,5,1,2,2,5,4,7,10,2,4,4,10,1.0,14,18,1.4,1.8,-4,5,1,2,2,5,7,5,1,2,2,9,11,10,2,4,4,10,14,18,5,2,1,2,7,8,10,0.5,-0.02499999999999991,-0.3416666666666668,0,-2,2,-4,-5,48,10,72,10,3,0,1,home_win
1208129,2024,2024-11-10 14:00:00+00:00,65,Nottingham Forest,34,Newcastle,48,14,13,21,55,1.1458333333333333,63,74,1.3125,1.5416666666666667,-11,24,7,7,10,33,33,24,7,6,11,30,41,10,5,4,1,19,14,7,5,3,1,1,10,8,3,48,22,9,17,75,1.5625,95,72,1.9791666666666667,1.5,23,24,15,5,4,54,25,24,7,4,13,41,47,10,4,3,3,15,10,10,5,1,2,2,5,3,4,-0.41666666666666674,-0.6666666666666667,0.04166666666666674,-34,5,4,5,4,48,48,55,75,1,3,2,away_win
1208130,2024,2024-11-10 14:00:00+00:00,47,Tottenham,57,Ipswich,48,25,7,16,82,1.7083333333333333,96,72,2.0,1.5,24,24,17,0,7,53,31,24,8,7,9,43,41,10,5,1,4,16,22,11,5,3,0,2,9,13,6,10,0,5,5,5,0.5,10,21,1.0,2.1,-11,5,0,3,2,4,8,5,0,2,3,6,13,10,0,5,5,5,10,21,5,0,2,3,2,7,13,1.2083333333333333,1.0,-0.6000000000000001,35,7,11,6,12,48,10,82,5,1,2,2,away_win
1208125,2024,2024-11-10 16:30:00+00:00,49,Chelsea,42,Arsenal,48,23,12,13,81,1.6875,97,75,2.0208333333333335,1.5625,22,24,13,6,5,52,33,24,10,6,8,45,42,10,5,3,2,18,20,12,5,2,2,1,8,9,7,48,33,8,7,107,2.2291666666666665,108,40,2.25,0.8333333333333334,68,24,18,4,2,60,22,24,15,4,5,48,18,10,5,3,2,18,17,11,5,2,1,2,7,9,8,-0.5416666666666665,-0.22916666666666652,0.7291666666666666,-46,1,0,0,3,48,48,81,107,1,1,0,draw
1208139,2024,2024-11-23 12:30:00+00:00,46,Leicester,49,Chelsea,11,2,4,5,10,0.9090909090909091,14,21,1.2727272727272727,1.9090909090909092,-7,5,1,2,2,5,7,6,1,2,3,9,14,10,2,3,5,9,13,20,5,2,1,2,7,6,9,49,23,13,13,82,1.6734693877551021,98,76,2.0,1.5510204081632653,22,25,13,7,5,53,34,24,10,6,8,45,42,10,5,4,1,19,21,11,5,1,3,1,6,6,6,-0.7643784786641931,-0.7272727272727273,0.3580705009276439,-29,1,-10,0,-8,11,49,10,82,1,2,2,away_win
1208133,2024,2024-11-23 15:00:00+00:00,35,Bournemouth,51,Brighton,49,17,12,20,63,1.2857142857142858,69,82,1.4081632653061225,1.6734693877551021,-13,24,10,7,7,35,32,25,7,5,13,34,50,10,4,2,4,14,14,14,5,2,1,2,7,7,6,49,17,16,16,67,1.3673469387755102,74,77,1.510204081632653,1.5714285714285714,-3,25,11,9,5,41,35,24,6,7,11,33,42,10,4,4,2,16,16,15,5,3,1,1,10,9,7,-0.08163265306122436,-0.1020408163265305,0.10204081632653073,-10,-3,-2,-2,-2,49,49,63,67,1,2,2,away_win
1208134,2024,2024-11-23 15:00:00+00:00,42,Arsenal,65,Nottingham Forest,49,33,9,7,108,2.204081632653061,109,41,2.2244897959183674,0.8367346938775511,68,24,18,4,2,60,22,25,15,5,5,49,19,10,4,4,2,16,16,12,5,1,2,2,5,6,7,49,14,13,22,55,1.1224489795918366,64,77,1.3061224489795917,1.5714285714285714,-13,25,7,7,11,34,36,24,7,6,11,30,41,10,5,3,2,18,14,9,5,3,1,1,10,9,5,1.0816326530612244,0.9183673469387756,-0.7346938775510203,81,-5,-2,-3,2,49,49,108,55,3,0,1,home_win
1208135,2024,2024-11-23 15:00:00+00:00,66,Aston Villa,52,Crystal Palace,49,25,11,13,86,1.7551020408163265,93,78,1.8979591836734695,1.5918367346938775,15,24,14,6,4,55,34,25,11,5,9,38,44,10,4,3,3,15,15,16,5,1,2,2,5,5,8,49,14,14,21,56,1.1428571428571428,65,73,1.3265306122448979,1.489795918367347,-8,25,9,6,10,40,33,24,5,8,11,25,40,10,1,4,5,7,7,13,5,1,1,3,4,3,6,0.6122448979591837,0.5714285714285716,0.1020408163265305,23,1,8,2,8,49,49,86,56,2,2,0,draw
1208136,2024,2024-11-23 15:00:00+00:00,45,Everton,55,Brentford,49,15,13,21,58,1.183673469387755,50,68,1.0204081632653061,1.3877551020408163,-18,24,9,6,9,27,26,25,6,7,12,23,42,10,2,4,4,10,10,14,5,1,3,1,6,3,2,49,15,10,24,55,1.1224489795918366,78,87,1.5918367346938775,1.7755102040816326,-9,25,10,8,7,47,45,24,5,2,17,31,42,10,4,1,5,13,20,21,5,3,0,2,9,14,12,0.061224489795918435,-0.5714285714285714,-0.3877551020408163,-9,-3,-3,-11,-10,49,49,58,55,0,0,0,draw
1208137,2024,2024-11-23 15:00:00+00:00,36,Fulham,39,Wolves,49,18,11,20,65,1.3265306122448979,71,74,1.4489795918367347,1.510204081632653,-3,24,12,3,9,40,31,25,6,8,11,31,43,10,5,3,2,18,16,12,5,2,1,2,7,8,8,49,14,10,25,52,1.0612244897959184,66,92,1.346938775510204,1.8775510204081634,-26,25,9,4,12,35,44,24,5,6,13,31,48,10,1,3,6,6,16,25,5,1,2,2,5,10,11,0.26530612244897944,0.10204081632653073,-0.3673469387755104,23,2,12,-2,0,49,49,65,52,1,4,2,away_win
1208140,2024,2024-11-23 17:30:00+00:00,50,Manchester City,47,Tottenham,49,35,9,5,114,2.326530612244898,118,47,2.4081632653061225,0.9591836734693877,71,24,18,6,0,63,22,25,17,3,5,55,25,10,6,2,2,20,20,13,5,3,0,2,9,8,7,49,25,7,17,82,1.6734693877551021,97,74,1.9795918367346939,1.510204081632653,23,25,17,0,8,54,33,24,8,7,9,43,41,10,5,0,5,15,22,12,5,2,0,3,6,11,8,0.6530612244897958,0.4285714285714286,-0.5510204081632653,48,3,5,-3,-2,49,49,114,82,0,4,2,away_win
1208142,2024,2024-11-24 14:00:00+00:00,41,Southampton,40,Liverpool,11,1,1,9,4,0.36363636363636365,7,21,0.6363636363636364,1.9090909090909092,-14,5,1,1,3,4,8,6,0,0,6,3,13,10,1,1,8,4,7,20,5,1,0,4,3,4,9,49,33,11,5,110,2.2448979591836733,107,47,2.183673469387755,0.9591836734693877,60,25,20,3,2,60,20,24,13,8,3,47,27,10,8,1,1,25,19,6,5,4,1,0,13,9,4,-1.8812615955473095,-1.5473098330241188,0.9499072356215215,-74,-10,-21,-5,-12,11,49,4,110,2,3,2,away_win
1208138,2024,2024-11-24 16:30:00+00:00,57,Ipswich,33,Manchester United,11,1,5,5,8,0.7272727272727273,12,22,1.0909090909090908,2.0,-10,5,0,3,2,4,8,6,1,2,3,8,14,10,1,5,4,8,12,20,5,1,1,3,4,7,12,49,22,9,18,75,1.530612244897959,69,70,1.4081632653061225,1.4285714285714286,-1,25,13,4,8,38,36,24,9,5,10,31,34,10,3,3,4,12,11,12,5,2,2,1,8,7,4,-0.8033395176252318,-0.31725417439703163,0.5714285714285714,-9,-4,-4,0,1,11,49,8,75,1,1,0,draw
1208141,2024,2024-11-25 20:00:00+00:00,34,Newcastle,48,West Ham,49,23,9,17,78,1.5918367346938775,98,73,2.0,1.489795918367347,25,24,15,5,4,54,25,25,8,4,13,44,48,10,4,3,3,15,12,11,5,2,1,2,7,5,4,49,17,13,19,64,1.3061224489795917,73,93,1.489795918367347,1.8979591836734695,-20,25,9,9,7,39,38,24,8,4,12,34,55,10,3,3,4,12,12,17,5,2,1,2,7,7,9,0.2857142857142858,0.510204081632653,-0.40816326530612246,45,0,3,-2,0,49,49,78,64,0,2,2,away_win
1208144,2024,2024-11-29 20:00:00+00:00,51,Brighton,41,Southampton,50,18,16,16,70,1.4,76,78,1.52,1.56,-2,25,11,9,5,41,35,25,7,7,11,35,43,10,4,4,2,16,16,15,5,3,1,1,10,8,6,12,1,1,10,4,0.3333333333333333,9,24,0.75,2.0,-15,6,1,1,4,6,11,6,0,0,6,3,13,10,1,1,8,4,9,22,5,1,0,4,3,5,9,1.0666666666666667,0.77,-0.43999999999999995,13,7,12,3,7,50,12,70,4,1,1,0,draw
1208143,2024,2024-11-30 15:00:00+00:00,55,Brentford,46,Leicester,50,15,11,24,56,1.12,78,87,1.56,1.74,-9,25,10,8,7,47,45,25,5,3,17,31,42,10,4,2,4,14,20,19,5,2,1,2,7,9,9,12,2,4,6,10,0.8333333333333334,15,23,1.25,1.9166666666666667,-8,6,1,2,3,6,9,6,1,2,3,9,14,10,2,3,5,9,13,20,5,1,1,3,4,6,11,0.28666666666666674,0.31000000000000005,-0.17666666666666675,-1,3,5,3,7,50,12,56,10,4,1,1,home_win
1208146,2024,2024-11-30 15:00:00+00:00,52,Crystal Palace,34,Newcastle,50,14,15,21,57,1.14,67,75,1.34,1.5,-8,25,9,6,10,40,33,25,5,9,11,27,42,10,1,5,4,8,9,13,5,1,2,2,5,5,7,50,23,9,18,78,1.56,98,75,1.96,1.5,23,25,15,5,5,54,27,25,8,4,13,44,48,10,4,2,4,14,11,12,5,2,0,3,6,5,6,-0.42000000000000015,-0.6199999999999999,0.0,-31,-1,-6,0,-2,50,50,57,78,1,1,0,draw
1208149,2024,2024-11-30 15:00:00+00:00,65,Nottingham Forest,57,Ipswich,50,14,13,23,55,1.1,64,80,1.28,1.6,-16,25,7,7,11,34,36,25,7,6,12,30,44,10,4,3,3,15,13,12,5,3,0,2,9,8,7,12,1,6,5,9,0.75,13,23,1.0833333333333333,1.9166666666666667,-10,6,0,4,2,5,9,6,1,2,3,8,14,10,1,6,3,9,12,17,5,1,2,2,5,7,9,0.3500000000000001,0.19666666666666677,-0.31666666666666665,-6,4,6,1,1,50,12,55,9,1,0,1,home_win
1208152,2024,2024-11-30 15:00:00+00:00,39,Wolves,35,Bournemouth,50,15,10,25,55,1.1,70,93,1.4,1.86,-23,25,9,4,12,35,44,25,6,6,13,35,49,10,2,3,5,9,18,20,5,2,2,1,8,11,7,50,17,12,21,63,1.26,70,84,1.4,1.68,-14,25,10,7,8,36,34,25,7,5,13,34,50,10,4,1,5,13,14,15,5,2,1,2,7,8,7,-0.15999999999999992,0.0,0.18000000000000016,-9,1,-4,3,4,50,50,55,63,2,4,2,away_win
1208151,2024,2024-11-30 17:30:00+00:00,48,West Ham,42,Arsenal,50,18,13,19,67,1.34,75,93,1.5,1.86,-18,25,9,9,7,39,38,25,9,4,12,36,55,10,3,3,4,12,12,17,5,2,1,2,7,5,8,50,34,9,7,111,2.22,112,41,2.24,0.82,71,25,19,4,2,63,22,25,15,5,5,49,19,10,4,4,2,16,17,12,5,1,2,2,5,6,6,-0.8800000000000001,-0.7400000000000002,1.04,-89,2,-4,-1,-5,50,50,67,111,2,5,2,away_win
1208145,2024,2024-12-01 13:30:00+00:00,49,Chelsea,66,Aston Villa,50,24,13,13,85,1.7,100,77,2.0,1.54,23,25,13,7,5,53,34,25,11,6,8,47,43,10,5,4,1,19,17,10,5,2,2,1,8,7,6,50,25,12,13,87,1.74,95,80,1.9,1.6,15,25,14,7,4,57,36,25,11,5,9,38,44,10,4,4,2,16,17,16,5,1,2,2,5,7,10,-0.040000000000000036,0.10000000000000009,-0.06000000000000005,8,3,3,0,0,50,50,85,87,3,0,1,home_win
1208148,2024,2024-12-01 13:30:00+00:00,33,Manchester United,45,Everton,50,22,10,18,76,1.52,70,71,1.4,1.42,-1,25,13,4,8,38,36,25,9,6,10,32,35,10,3,4,3,13,11,11,5,2,2,1,8,8,5,50,15,14,21,59,1.18,50,68,1.0,1.36,-18,25,9,7,9,27,26,25,6,7,12,23,42,10,2,5,3,11,10,10,5,1,3,1,6,3,2,0.3400000000000001,0.3999999999999999,0.05999999999999983,17,2,2,5,1,50,50,76,59,4,0,1,home_win
1208150,2024,2024-12-01 13:30:00+00:00,47,Tottenham,36,Fulham,50,26,7,17,85,1.7,101,74,2.02,1.48,27,25,17,0,8,54,33,25,9,7,9,47,41,10,5,0,5,15,22,12,5,3,0,2,9,13,5,50,18,11,21,65,1.3,72,78,1.44,1.56,-6,25,12,3,10,41,35,25,6,8,11,31,43,10,4,3,3,15,15,15,5,2,1,2,7,7,9,0.3999999999999999,0.5800000000000001,-0.08000000000000007,33,2,0,6,7,50,50,85,65,1,1,0,draw
1208147,2024,2024-12-01 16:00:00+00:00,40,Liverpool,50,Manchester City,50,34,11,5,113,2.26,110,49,2.2,0.98,61,25,20,3,2,60,20,25,14,8,3,50,29,10,8,1,1,25,20,8,5,4,1,0,13,11,6,50,35,9,6,114,2.28,118,51,2.36,1.02,67,25,18,6,1,63,26,25,17,3,5,55,25,10,5,2,3,17,16,16,5,2,0,3,6,5,9,-0.020000000000000018,-0.1599999999999997,-0.040000000000000036,-6,7,8,6,4,50,50,113,114,2,0,1,home_win
1208158,2024,2024-12-03 19:30:00+00:00,57,Ipswich,52,Crystal Palace,13,1,6,6,9,0.6923076923076923,13,24,1.0,1.8461538461538463,-11,6,0,4,2,5,9,7,1,2,4,8,15,10,1,5,4,8,11,17,5,1,2,2,5,7,8,51,14,16,21,58,1.1372549019607843,68,76,1.3333333333333333,1.4901960784313726,-8,26,9,7,10,41,34,25,5,9,11,27,42,10,1,5,4,8,9,13,5,1,3,1,6,6,7,-0.444947209653092,-0.33333333333333326,0.3559577677224737,-3,-1,0,1,2,13,51,9,58,0,1,2,away_win
1208159,2024,2024-12-03 20:15:00+00:00,46,Leicester,48,West Ham,13,2,4,7,10,0.7692307692307693,16,27,1.2307692307692308,2.076923076923077,-11,6,1,2,3,6,9,7,1,2,4,10,18,10,2,3,5,9,13,22,5,0,1,4,1,4,13,51,18,13,20,67,1.3137254901960784,77,98,1.5098039215686274,1.9215686274509804,-21,26,9,9,8,41,43,25,9,4,12,36,55,10,3,3,4,12,13,19,5,2,1,2,7,6,9,-0.5444947209653092,-0.2790346907993966,0.15535444947209665,10,-6,-3,-2,0,13,51,10,67,3,1,1,home_win
1208156,2024,2024-12-04 19:30:00+00:00,45,Everton,39,Wolves,51,15,14,22,59,1.1568627450980393,50,72,0.9803921568627451,1.411764705882353,-22,25,9,7,9,27,26,26,6,7,13,23,46,10,2,5,3,11,8,11,5,0,3,2,3,1,6,51,15,10,26,55,1.0784313725490196,72,97,1.411764705882353,1.9019607843137254,-25,26,9,4,13,37,48,25,6,6,13,35,49,10,2,2,6,8,19,23,5,2,2,1,8,12,9,0.07843137254901977,-0.431372549019608,-0.49019607843137236,3,-5,3,-11,-11,51,51,59,55,4,0,1,home_win
1208160,2024,2024-12-04 19:30:00+00:00,50,Manchester City,65,Nottingham Forest,51,35,9,7,114,2.235294117647059,118,53,2.3137254901960786,1.0392156862745099,65,25,18,6,1,63,26,26,17,3,6,55,27,10,4,2,4,14,13,17,5,1,0,4,3,3,10,51,15,13,23,58,1.1372549019607843,65,80,1.2745098039215685,1.5686274509803921,-15,26,8,7,11,35,36,25,7,6,12,30,44,10,5,2,3,17,13,11,5,3,0,2,9,8,7,1.0980392156862746,1.03921568627451,-0.5294117647058822,80,-6,-3,-5,0,51,51,114,58,3,0,1,home_win
1208161,2024,2024-12-04 19:30:00+00:00,34,Newcastle,40,Liverpool,51,23,10,18,79,1.5490196078431373,99,76,1.9411764705882353,1.4901960784313726,23,25,15,5,5,54,27,26,8,5,13,45,49,10,3,3,4,12,10,12,5,2,1,2,7,6,6,51,35,11,5,116,2.2745098039215685,112,49,2.196078431372549,0.9607843137254902,63,26,21,3,2,62,20,25,14,8,3,50,29,10,8,1,1,25,19,8,5,4,1,0,13,11,5,-0.7254901960784312,-0.25490196078431393,0.5294117647058824,-40,-6,-13,-5,-9,51,51,79,116,3,3,0,draw
1208162,2024,2024-12-04 19:30:00+00:00,41,Southampton,49,Chelsea,13,1,2,10,5,0.38461538461538464,10,25,0.7692307692307693,1.9230769230769231,-15,6,1,1,4,6,11,7,0,1,6,4,14,10,1,2,7,5,9,20,5,1,1,3,4,4,7,51,25,13,13,88,1.7254901960784315,103,77,2.019607843137255,1.5098039215686274,26,26,14,7,5,56,34,25,11,6,8,47,43,10,6,3,1,21,19,9,5,3,2,0,11,9,4,-1.3408748114630469,-1.2503770739064857,0.4132730015082957,-41,-7,-16,-5,-10,13,51,5,88,1,5,2,away_win
1208154,2024,2024-12-04 20:15:00+00:00,42,Arsenal,33,Manchester United,51,35,9,7,114,2.235294117647059,117,43,2.2941176470588234,0.8431372549019608,74,25,19,4,2,63,22,26,16,5,5,54,21,10,5,3,2,18,21,13,5,2,2,1,8,11,6,51,23,10,18,79,1.5490196078431373,74,71,1.4509803921568627,1.392156862745098,3,26,14,4,8,42,36,25,9,6,10,32,35,10,4,4,2,16,15,8,5,2,2,1,8,10,4,0.6862745098039216,0.8431372549019607,-0.5490196078431372,71,0,2,1,6,51,51,114,79,2,0,1,home_win
1208155,2024,2024-12-04 20:15:00+00:00,66,Aston Villa,55,Brentford,51,25,12,14,87,1.7058823529411764,95,83,1.8627450980392157,1.6274509803921569,12,25,14,7,4,57,36,26,11,5,10,38,47,10,3,4,3,13,15,18,5,0,2,3,2,4,12,51,16,11,24,59,1.1568627450980393,82,88,1.607843137254902,1.7254901960784315,-6,26,11,8,7,51,46,25,5,3,17,31,42,10,4,2,4,14,21,19,5,3,1,1,10,12,8,0.5490196078431371,0.2549019607843137,-0.0980392156862746,18,-8,-1,-8,-6,51,51,87,59,3,1,1,home_win
1208157,2024,2024-12-05 19:30:00+00:00,36,Fulham,51,Brighton,51,18,12,21,66,1.2941176470588236,73,79,1.4313725490196079,1.5490196078431373,-6,25,12,3,10,41,35,26,6,9,11,32,44,10,4,3,3,15,15,15,5,2,2,1,8,7,7,51,18,17,16,71,1.392156862745098,77,79,1.5098039215686274,1.5490196078431373,-2,26,11,10,5,42,36,25,7,7,11,35,43,10,4,4,2,16,16,15,5,2,2,1,8,8,7,-0.09803921568627438,-0.07843137254901955,0.0,-4,0,-1,-1,-1,51,51,66,71,3,1,1,home_win
1208153,2024,2024-12-05 20:15:00+00:00,35,Bournemouth,47,Tottenham,51,18,12,21,66,1.2941176470588236,74,86,1.4509803921568627,1.6862745098039216,-12,25,10,7,8,36,34,26,8,5,13,38,52,10,4,1,5,13,15,15,5,2,1,2,7,10,9,51,26,8,17,86,1.6862745098039216,102,75,2.0,1.4705882352941178,27,26,17,1,8,55,34,25,9,7,9,47,41,10,5,1,4,16,22,11,5,2,1,2,7,10,5,-0.392156862745098,-0.5490196078431373,0.21568627450980382,-39,0,-3,0,-7,51,51,66,86,1,0,1,home_win
1208163,2024,2024-12-07 15:00:00+00:00,66,Aston Villa,41,Southampton,52,26,12,14,90,1.7307692307692308,98,84,1.8846153846153846,1.6153846153846154,14,26,15,7,4,60,37,26,11,5,10,38,47,10,3,4,3,13,15,17,5,1,1,3,4,6,12,14,1,2,11,5,0.35714285714285715,11,30,0.7857142857142857,2.142857142857143,-19,7,1,1,5,7,16,7,0,1,6,4,14,10,1,2,7,5,10,22,5,1,1,3,4,5,11,1.3736263736263736,1.098901098901099,-0.5274725274725274,33,0,8,1,5,52,14,90,5,1,0,1,home_win
1208164,2024,2024-12-07 15:00:00+00:00,55,Brentford,34,Newcastle,52,16,11,25,59,1.1346153846153846,83,91,1.5961538461538463,1.75,-8,26,11,8,7,51,46,26,5,3,18,32,45,10,4,2,4,14,21,20,5,2,1,2,7,9,8,52,23,11,18,80,1.5384615384615385,102,79,1.9615384615384615,1.5192307692307692,23,26,15,6,5,57,30,26,8,5,13,45,49,10,2,4,4,10,11,14,5,2,2,1,8,8,7,-0.40384615384615397,-0.3653846153846152,0.23076923076923084,-31,-1,4,1,10,52,52,59,80,4,2,1,home_win
1208165,2024,2024-12-07 15:00:00+00:00,52,Crystal Palace,50,Manchester City,52,15,16,21,61,1.1730769230769231,69,76,1.3269230769230769,1.4615384615384615,-7,26,9,7,10,41,34,26,6,9,11,28,42,10,2,4,4,10,8,11,5,1,3,1,6,6,7,52,36,9,7,117,2.25,121,53,2.326923076923077,1.0192307692307692,68,26,19,6,1,66,26,26,17,3,6,55,27,10,4,2,4,14,14,16,5,1,0,4,3,5,10,-1.0769230769230769,-1.0000000000000002,0.4423076923076923,-75,3,-4,1,-6,52,52,61,117,2,2,0,draw
1208170,2024,2024-12-07 17:30:00+00:00,33,Manchester United,65,Nottingham Forest,52,23,10,19,79,1.5192307692307692,74,73,1.4230769230769231,1.4038461538461537,1,26,14,4,8,42,36,26,9,6,11,32,37,10,3,4,3,13,12,10,5,2,2,1,8,9,4,52,15,13,24,58,1.1153846153846154,65,83,1.25,1.5961538461538463,-18,26,8,7,11,35,36,26,7,6,13,30,47,10,4,2,4,14,12,14,5,2,0,3,6,5,9,0.40384615384615374,0.17307692307692313,-0.1923076923076925,19,2,-1,4,0,52,52,79,58,2,3,2,away_win
1208167,2024,2024-12-08 14:00:00+00:00,36,Fulham,42,Arsenal,52,19,12,21,69,1.3269230769230769,76,80,1.4615384615384615,1.5384615384615385,-4,26,13,3,10,44,36,26,6,9,11,32,44,10,5,2,3,17,17,15,5,3,1,1,10,9,7,52,36,9,7,117,2.25,119,43,2.2884615384615383,0.8269230769230769,76,26,20,4,2,65,22,26,16,5,5,54,21,10,5,3,2,18,22,13,5,3,1,1,10,11,4,-0.9230769230769231,-0.8269230769230769,0.7115384615384617,-80,0,-1,-2,-5,52,52,69,117,1,1,0,draw
1208168,2024,2024-12-08 14:00:00+00:00,57,Ipswich,35,Bournemouth,14,1,6,7,9,0.6428571428571429,13,25,0.9285714285714286,1.7857142857142858,-12,7,0,4,3,5,10,7,1,2,4,8,15,10,1,4,5,7,11,18,5,1,2,2,5,4,5,52,19,12,21,69,1.3269230769230769,75,86,1.4423076923076923,1.6538461538461537,-11,26,11,7,8,37,34,26,8,5,13,38,52,10,5,1,4,16,16,14,5,3,0,2,9,10,8,-0.684065934065934,-0.5137362637362637,0.13186813186813207,-1,-4,-9,-6,-5,14,52,9,69,1,2,2,away_win
1208169,2024,2024-12-08 14:00:00+00:00,46,Leicester,51,Brighton,14,3,4,7,13,0.9285714285714286,19,28,1.3571428571428572,2.0,-9,7,2,2,3,9,10,7,1,2,4,10,18,10,3,2,5,11,14,21,5,1,1,3,4,6,11,52,18,17,17,71,1.3653846153846154,78,82,1.5,1.5769230769230769,-4,26,11,10,5,42,36,26,7,7,12,36,46,10,4,3,3,15,17,18,5,2,1,2,7,7,8,-0.4368131868131868,-0.1428571428571428,0.42307692307692313,-5,-3,-4,-1,-3,14,52,13,71,2,2,0,draw
1208171,2024,2024-12-08 16:30:00+00:00,47,Tottenham,49,Chelsea,52,26,8,18,86,1.6538461538461537,102,76,1.9615384615384615,1.4615384615384615,26,26,17,1,8,55,34,26,9,7,10,47,42,10,5,1,4,16,22,11,5,2,1,2,7,10,5,52,26,13,13,91,1.75,108,78,2.076923076923077,1.5,30,26,14,7,5,56,34,26,12,6,8,52,44,10,6,3,1,21,23,10,5,3,2,0,11,12,4,-0.09615384615384626,-0.11538461538461564,-0.03846153846153855,-4,-4,-5,-2,-1,52,52,86,91,3,4,2,away_win
1208172,2024,2024-12-09 20:00:00+00:00,48,West Ham,39,Wolves,52,18,13,21,67,1.2884615384615385,78,101,1.5,1.9423076923076923,-23,26,9,9,8,41,43,26,9,4,13,37,58,10,3,2,5,11,13,21,5,1,1,3,4,5,11,52,15,10,27,55,1.0576923076923077,72,101,1.3846153846153846,1.9423076923076923,-29,26,9,4,13,37,48,26,6,6,14,35,53,10,2,2,6,8,18,25,5,2,1,2,7,10,11,0.23076923076923084,0.11538461538461542,0.0,6,-3,3,-5,-5,52,52,67,55,2,1,1,home_win
1208174,2024,2024-12-14 15:00:00+00:00,42,Arsenal,45,Everton,53,36,10,7,118,2.2264150943396226,120,44,2.2641509433962264,0.8301886792452831,76,26,20,4,2,65,22,27,16,6,5,55,22,10,5,3,2,18,21,12,5,3,2,0,11,12,4,52,16,14,22,62,1.1923076923076923,54,72,1.0384615384615385,1.3846153846153846,-18,26,10,7,9,31,26,26,6,7,13,23,46,10,3,5,2,14,10,8,5,1,2,2,5,4,5,1.0341074020319303,1.2256894049346878,-0.5544267053701015,94,6,4,8,11,53,52,118,62,0,0,0,draw
1208177,2024,2024-12-14 15:00:00+00:00,40,Liverpool,36,Fulham,52,35,12,5,117,2.25,115,52,2.2115384615384617,1.0,63,26,21,3,2,62,20,26,14,9,3,53,32,10,8,2,0,26,22,10,5,4,1,0,13,12,6,53,19,13,21,70,1.320754716981132,77,81,1.4528301886792452,1.528301886792453,-4,27,13,4,10,45,37,26,6,9,11,32,44,10,4,3,3,15,15,15,5,2,2,1,8,8,7,0.929245283018868,0.7587082728592165,-0.5283018867924529,67,5,11,4,7,52,53,117,70,2,2,0,draw
1208179,2024,2024-12-14 15:00:00+00:00,34,Newcastle,46,Leicester,53,23,11,19,80,1.509433962264151,104,83,1.9622641509433962,1.5660377358490567,21,26,15,6,5,57,30,27,8,5,14,47,53,10,2,4,4,10,12,15,5,1,2,2,5,9,11,15,3,5,7,14,0.9333333333333333,21,30,1.4,2.0,-9,8,2,3,3,11,12,7,1,2,4,10,18,10,3,2,5,11,15,22,5,1,1,3,4,7,12,0.5761006289308177,0.5622641509433963,-0.4339622641509433,30,1,-1,2,-3,53,15,80,14,4,0,1,home_win
1208182,2024,2024-12-14 15:00:00+00:00,39,Wolves,57,Ipswich,53,15,10,28,55,1.0377358490566038,73,103,1.3773584905660377,1.9433962264150944,-30,26,9,4,13,37,48,27,6,6,15,36,55,10,2,2,6,8,18,24,5,2,0,3,6,9,11,15,1,6,8,9,0.6,14,27,0.9333333333333333,1.8,-13,8,0,4,4,6,12,7,1,2,4,8,15,10,1,3,6,6,11,19,5,1,1,3,4,4,6,0.4377358490566038,0.4440251572327043,0.1433962264150943,-17,2,2,5,7,53,15,55,9,1,2,2,away_win
1208180,2024,2024-12-14 17:30:00+00:00,65,Nottingham Forest,66,Aston Villa,53,16,13,24,61,1.150943396226415,68,85,1.2830188679245282,1.6037735849056605,-17,26,8,7,11,35,36,27,8,6,13,33,49,10,5,1,4,16,13,14,5,2,0,3,6,5,11,53,27,12,14,93,1.7547169811320755,99,84,1.8679245283018868,1.5849056603773586,15,27,16,7,4,61,37,26,11,5,10,38,47,10,3,4,3,13,13,16,5,2,1,2,7,6,8,-0.6037735849056605,-0.5849056603773586,0.018867924528301883,-32,-1,3,-1,0,53,53,61,93,2,1,1,home_win
1208175,2024,2024-12-15 14:00:00+00:00,51,Brighton,52,Crystal Palace,53,18,18,17,72,1.3584905660377358,80,84,1.509433962264151,1.5849056603773586,-4,26,11,10,5,42,36,27,7,8,12,38,48,10,4,3,3,15,17,18,5,2,2,1,8,8,8,53,15,17,21,62,1.169811320754717,71,78,1.3396226415094339,1.471698113207547,-7,27,9,8,10,43,36,26,6,9,11,28,42,10,2,4,4,10,10,13,5,1,3,1,6,6,7,0.18867924528301883,0.16981132075471717,0.11320754716981152,3,2,5,2,7,53,53,72,62,1,3,2,away_win
1208178,2024,2024-12-15 16:30:00+00:00,50,Manchester City,33,Manchester United,53,36,10,7,118,2.2264150943396226,123,55,2.3207547169811322,1.0377358490566038,68,26,19,6,1,66,26,27,17,4,6,57,29,10,4,2,4,14,14,16,5,1,1,3,4,6,10,53,23,10,20,79,1.490566037735849,76,76,1.4339622641509433,1.4339622641509433,0,27,14,4,9,44,39,26,9,6,11,32,37,10,3,3,4,12,14,13,5,2,1,2,7,10,6,0.7358490566037736,0.8867924528301889,-0.39622641509433953,68,-3,2,-4,0,53,53,118,79,1,2,2,away_win
1208176,2024,2024-12-15 19:00:00+00:00,49,Chelsea,55,Brentford,53,27,13,13,94,1.7735849056603774,112,81,2.1132075471698113,1.528301886792453,31,26,14,7,5,56,34,27,13,6,8,56,47,10,6,3,1,21,24,13,5,4,1,0,13,15,6,53,17,11,25,62,1.169811320754717,87,93,1.6415094339622642,1.7547169811320755,-6,27,12,8,7,55,48,26,5,3,18,32,45,10,5,2,3,17,24,19,5,3,1,1,10,12,8,0.6037735849056605,0.47169811320754707,-0.2264150943396226,37,3,4,3,0,53,53,94,62,2,1,1,home_win
1208181,2024,2024-12-15 19:00:00+00:00,41,Southampton,47,Tottenham,15,1,2,12,5,0.3333333333333333,11,31,0.7333333333333333,2.066666666666667,-20,7,1,1,5,7,16,8,0,1,7,4,15,10,1,1,8,4,9,22,5,0,1,4,1,4,12,53,26,8,19,86,1.6226415094339623,105,80,1.9811320754716981,1.509433962264151,25,27,17,1,9,58,38,26,9,7,10,47,42,10,4,1,5,13,22,14,5,1,1,3,4,9,8,-1.289308176100629,-1.247798742138365,0.5572327044025158,-45,-3,-9,-5,-13,15,53,5,86,0,5,2,away_win
1208173,2024,2024-12-16 20:00:00+00:00,35,Bournemouth,48,West Ham,53,20,12,21,72,1.3584905660377358,77,87,1.4528301886792452,1.6415094339622642,-10,26,11,7,8,37,34,27,9,5,13,40,53,10,6,1,3,19,18,12,5,3,0,2,9,10,8,53,19,13,21,70,1.320754716981132,80,102,1.509433962264151,1.9245283018867925,-22,27,10,9,8,43,44,26,9,4,13,37,58,10,4,2,4,14,15,19,5,2,1,2,7,7,9,0.037735849056603765,-0.05660377358490587,-0.28301886792452824,12,2,5,3,3,53,53,72,70,1,1,0,draw
1208183,2024,2024-12-21 12:30:00+00:00,66,Aston Villa,50,Manchester City,54,27,12,15,93,1.7222222222222223,100,86,1.8518518518518519,1.5925925925925926,14,27,16,7,4,61,37,27,11,5,11,39,49,10,3,3,4,12,12,16,5,2,1,2,7,7,8,54,36,10,8,118,2.185185185185185,124,57,2.2962962962962963,1.0555555555555556,67,27,19,6,2,67,28,27,17,4,6,57,29,10,4,1,5,13,14,17,5,1,1,3,4,6,10,-0.4629629629629628,-0.4444444444444444,0.537037037037037,-53,3,-1,1,-2,54,54,93,118,2,1,1,home_win
1208184,2024,2024-12-21 15:00:00+00:00,55,Brentford,65,Nottingham Forest,54,17,11,26,62,1.1481481481481481,88,95,1.6296296296296295,1.7592592592592593,-7,27,12,8,7,55,48,27,5,3,19,33,47,10,5,1,4,16,24,20,5,2,1,2,7,10,8,54,17,13,24,64,1.1851851851851851,70,86,1.2962962962962963,1.5925925925925926,-16,27,9,7,11,37,37,27,8,6,13,33,49,10,6,1,3,19,15,14,5,3,0,2,9,6,9,-0.03703703703703698,0.33333333333333326,0.16666666666666674,9,-2,-3,4,9,54,54,62,64,0,2,2,away_win
1208188,2024,2024-12-21 15:00:00+00:00,57,Ipswich,34,Newcastle,16,2,6,8,12,0.75,16,28,1.0,1.75,-12,8,0,4,4,6,12,8,2,2,4,10,16,10,2,2,6,8,11,18,5,1,1,3,4,4,6,54,24,11,19,83,1.537037037037037,108,83,2.0,1.537037037037037,25,27,16,6,5,61,30,27,8,5,14,47,53,10,3,3,4,12,15,14,5,1,2,2,5,10,10,-0.787037037037037,-1.0,0.21296296296296302,-37,-1,-4,-6,-4,16,54,12,83,0,4,2,away_win
1208192,2024,2024-12-21 15:00:00+00:00,48,West Ham,51,Brighton,54,19,14,21,71,1.3148148148148149,81,103,1.5,1.9074074074074074,-22,27,10,9,8,43,44,27,9,5,13,38,59,10,4,2,4,14,15,19,5,2,1,2,7,8,10,54,18,18,18,72,1.3333333333333333,81,87,1.5,1.6111111111111112,-6,27,11,10,6,43,39,27,7,8,12,38,48,10,4,3,3,15,16,17,5,1,2,2,5,7,10,-0.01851851851851838,0.0,0.2962962962962963,-16,2,-1,1,-1,54,54,71,72,1,1,0,draw
1208185,2024,2024-12-21 17:30:00+00:00,52,Crystal Palace,42,Arsenal,54,16,17,21,65,1.2037037037037037,74,79,1.3703703703703705,1.462962962962963,-5,27,9,8,10,43,36,27,7,9,11,31,43,10,3,4,3,13,12,12,5,2,3,0,9,9,6,54,36,11,7,119,2.2037037037037037,120,44,2.2222222222222223,0.8148148148148148,76,27,20,5,2,65,22,27,16,6,5,55,22,10,4,4,2,16,17,10,5,3,2,0,11,11,3,-1.0,-0.8518518518518519,0.6481481481481483,-81,-2,-3,-2,-5,54,54,65,119,1,5,2,away_win
1208186,2024,2024-12-22 14:00:00+00:00,45,Everton,49,Chelsea,53,16,15,22,63,1.1886792452830188,54,72,1.0188679245283019,1.3584905660377358,-18,26,10,7,9,31,26,27,6,8,13,23,46,10,3,5,2,14,9,7,5,1,3,1,6,4,4,54,28,13,13,97,1.7962962962962963,114,82,2.111111111111111,1.5185185185185186,32,27,15,7,5,58,35,27,13,6,8,56,47,10,6,3,1,21,22,12,5,5,0,0,15,16,6,-0.6076170510132775,-1.0922431865828093,-0.16002795248078283,-50,-9,-7,-12,-13,53,54,63,97,0,0,0,draw
1208187,2024,2024-12-22 14:00:00+00:00,36,Fulham,41,Southampton,54,19,14,21,71,1.3148148148148149,79,83,1.462962962962963,1.537037037037037,-4,27,13,4,10,45,37,27,6,10,11,34,46,10,3,4,3,13,16,17,5,1,3,1,6,8,9,16,1,2,13,5,0.3125,11,36,0.6875,2.25,-25,8,1,1,6,7,21,8,0,1,7,4,15,10,1,1,8,4,8,24,5,0,1,4,1,4,15,1.0023148148148149,0.775462962962963,-0.712962962962963,21,5,9,4,8,54,16,71,5,0,0,0,draw
1208189,2024,2024-12-22 14:00:00+00:00,46,Leicester,39,Wolves,16,3,5,8,14,0.875,21,34,1.3125,2.125,-13,8,2,3,3,11,12,8,1,2,5,10,22,10,3,2,5,11,13,22,5,1,1,3,4,7,13,54,15,10,29,55,1.0185185185185186,74,105,1.3703703703703705,1.9444444444444444,-31,27,9,4,14,38,50,27,6,6,15,36,55,10,2,2,6,8,18,24,5,1,0,4,3,8,13,-0.1435185185185186,-0.05787037037037046,0.18055555555555558,18,1,3,-1,-5,16,54,14,55,0,3,2,away_win
1208190,2024,2024-12-22 14:00:00+00:00,33,Manchester United,35,Bournemouth,54,24,10,20,82,1.5185185185185186,78,77,1.4444444444444444,1.4259259259259258,1,27,14,4,9,44,39,27,10,6,11,34,38,10,4,3,3,15,16,11,5,2,1,2,7,9,7,54,20,13,21,73,1.3518518518518519,78,88,1.4444444444444444,1.6296296296296295,-10,27,11,8,8,38,35,27,9,5,13,40,53,10,5,2,3,17,16,12,5,3,1,1,10,9,6,0.16666666666666674,0.0,-0.20370370370370372,11,-3,-2,0,0,54,54,82,73,0,3,2,away_win
1208191,2024,2024-12-22 16:30:00+00:00,47,Tottenham,40,Liverpool,54,27,8,19,89,1.6481481481481481,110,80,2.037037037037037,1.4814814814814814,30,27,17,1,9,58,38,27,10,7,10,52,42,10,4,1,5,13,24,14,5,2,1,2,7,13,6,53,35,13,5,118,2.2264150943396226,117,54,2.207547169811321,1.0188679245283019,63,27,21,4,2,64,22,26,14,9,3,53,32,10,7,3,0,24,21,12,5,3,2,0,11,12,7,-0.5782669461914745,-0.17051013277428373,0.4626135569531795,-33,-4,-11,1,3,54,53,89,118,3,6,2,away_win
1208198,2024,2024-12-26 12:30:00+00:00,50,Manchester City,45,Everton,55,36,10,9,118,2.1454545454545455,125,59,2.272727272727273,1.0727272727272728,66,27,19,6,2,67,28,28,17,4,7,58,31,10,3,1,6,10,12,17,5,1,1,3,4,7,8,54,16,16,22,64,1.1851851851851851,54,72,1.0,1.3333333333333333,-18,27,10,8,9,31,26,27,6,8,13,23,46,10,2,6,2,12,7,6,5,1,3,1,6,4,4,0.9602693602693604,1.272727272727273,-0.2606060606060605,84,-2,-2,3,5,55,54,118,64,1,1,0,draw
1208193,2024,2024-12-26 15:00:00+00:00,35,Bournemouth,52,Crystal Palace,55,21,13,21,76,1.3818181818181818,81,88,1.4727272727272727,1.6,-7,27,11,8,8,38,35,28,10,5,13,43,53,10,6,2,2,20,19,11,5,4,1,0,13,11,4,55,16,17,22,65,1.1818181818181819,75,84,1.3636363636363635,1.5272727272727273,-9,28,9,8,11,44,41,27,7,9,11,31,43,10,3,4,3,13,13,16,5,2,2,1,8,8,9,0.19999999999999996,0.10909090909090913,0.07272727272727275,2,5,7,3,6,55,55,76,65,0,0,0,draw
1208196,2024,2024-12-26 15:00:00+00:00,49,Chelsea,36,Fulham,55,28,14,13,98,1.7818181818181817,114,82,2.0727272727272728,1.490909090909091,32,27,15,7,5,58,35,28,13,7,8,56,47,10,6,3,1,21,21,11,5,4,1,0,13,14,5,55,19,15,21,72,1.309090909090909,79,83,1.4363636363636363,1.509090909090909,-4,28,13,5,10,45,37,27,6,10,11,34,46,10,3,5,2,14,14,14,5,1,4,0,7,7,5,0.47272727272727266,0.6363636363636365,-0.018181818181818077,36,6,7,7,7,55,55,98,72,1,2,2,away_win
1208199,2024,2024-12-26 15:00:00+00:00,34,Newcastle,66,Aston Villa,55,25,11,19,86,1.5636363636363637,112,83,2.036363636363636,1.509090909090909,29,27,16,6,5,61,30,28,9,5,14,51,53,10,4,2,4,14,19,14,5,2,2,1,8,14,8,55,28,12,15,96,1.7454545454545454,102,87,1.8545454545454545,1.5818181818181818,15,28,17,7,4,63,38,27,11,5,11,39,49,10,4,2,4,14,14,17,5,3,0,2,9,7,7,-0.18181818181818166,0.18181818181818166,-0.07272727272727275,14,-1,0,7,5,55,55,86,96,3,0,1,home_win
1208200,2024,2024-12-26 15:00:00+00:00,65,Nottingham Forest,47,Tottenham,55,18,13,24,67,1.2181818181818183,72,86,1.309090909090909,1.5636363636363637,-14,27,9,7,11,37,37,28,9,6,13,35,49,10,7,0,3,21,16,13,5,4,0,1,12,8,6,55,27,8,20,89,1.6181818181818182,113,86,2.0545454545454547,1.5636363636363637,27,28,17,1,10,61,44,27,10,7,10,52,42,10,4,1,5,13,25,17,5,1,1,3,4,12,12,-0.3999999999999999,-0.7454545454545456,0.0,-41,8,8,-4,-9,55,55,67,89,1,0,1,home_win
1208201,2024,2024-12-26 15:00:00+00:00,41,Southampton,48,West Ham,17,1,3,13,6,0.35294117647058826,11,36,0.6470588235294118,2.1176470588235294,-25,8,1,1,6,7,21,9,0,2,7,4,15,10,1,2,7,5,7,21,5,0,2,3,2,2,12,55,19,15,21,72,1.309090909090909,82,104,1.490909090909091,1.8909090909090909,-22,28,10,10,8,44,45,27,9,5,13,38,59,10,3,3,4,12,12,19,5,1,2,2,5,7,11,-0.9561497326203208,-0.8438502673796792,0.22673796791443857,-3,-3,-7,-5,-5,17,55,6,72,0,1,2,away_win
1208202,2024,2024-12-26 17:30:00+00:00,39,Wolves,33,Manchester United,55,16,10,29,58,1.0545454545454545,77,105,1.4,1.9090909090909092,-28,27,9,4,14,38,50,28,7,6,15,39,55,10,3,2,5,11,18,19,5,1,0,4,3,7,12,55,24,10,21,82,1.490909090909091,78,80,1.4181818181818182,1.4545454545454546,-2,28,14,4,10,44,42,27,10,6,11,34,38,10,4,2,4,14,16,14,5,2,0,3,6,8,9,-0.4363636363636365,-0.0181818181818183,0.4545454545454546,-26,-3,-3,-1,2,55,55,58,82,2,0,1,home_win
1208197,2024,2024-12-26 20:00:00+00:00,40,Liverpool,46,Leicester,54,36,13,5,121,2.240740740740741,123,57,2.2777777777777777,1.0555555555555556,66,27,21,4,2,64,22,27,15,9,3,59,35,10,7,3,0,24,25,14,5,3,2,0,11,16,10,17,3,5,9,14,0.8235294117647058,21,37,1.2352941176470589,2.176470588235294,-16,9,2,3,4,11,15,8,1,2,5,10,22,10,2,2,6,8,12,25,5,1,1,3,4,6,14,1.417211328976035,1.0424836601307188,-1.1209150326797384,82,7,16,10,13,54,17,121,14,3,1,1,home_win
1208195,2024,2024-12-27 19:30:00+00:00,51,Brighton,55,Brentford,55,18,19,18,73,1.3272727272727274,82,88,1.490909090909091,1.6,-6,27,11,10,6,43,39,28,7,9,12,39,49,10,3,4,3,13,14,16,5,0,3,2,3,6,10,55,17,11,27,62,1.1272727272727272,88,97,1.6,1.7636363636363637,-9,28,12,8,8,55,50,27,5,3,19,33,47,10,4,1,5,13,19,19,5,2,0,3,6,10,10,0.20000000000000018,-0.10909090909090913,-0.16363636363636358,3,-3,0,-4,-5,55,55,73,62,0,0,0,draw
1208194,2024,2024-12-27 20:15:00+00:00,42,Arsenal,57,Ipswich,55,37,11,7,122,2.2181818181818183,125,45,2.272727272727273,0.8181818181818182,80,27,20,5,2,65,22,28,17,6,5,60,23,10,4,4,2,16,19,10,5,3,2,0,11,13,4,17,2,6,9,12,0.7058823529411765,16,32,0.9411764705882353,1.8823529411764706,-16,9,0,4,5,6,16,8,2,2,4,10,16,10,2,2,6,8,10,18,5,1,0,4,3,3,9,1.5122994652406416,1.3315508021390376,-1.0641711229946522,96,8,8,10,9,55,17,122,12,1,0,1,home_win
1208209,2024,2024-12-29 14:30:00+00:00,46,Leicester,50,Manchester City,18,3,5,10,14,0.7777777777777778,22,40,1.2222222222222223,2.2222222222222223,-18,9,2,3,4,11,15,9,1,2,6,11,25,10,1,2,7,5,10,26,5,1,1,3,4,6,13,56,36,11,9,119,2.125,126,60,2.25,1.0714285714285714,66,28,19,7,2,68,29,28,17,4,7,58,31,10,2,2,6,8,11,17,5,1,2,2,5,8,7,-1.3472222222222223,-1.0277777777777777,1.150793650793651,-84,-1,-3,-2,-1,18,56,14,119,0,2,2,away_win
1208205,2024,2024-12-29 15:00:00+00:00,52,Crystal Palace,41,Southampton,56,16,18,22,66,1.1785714285714286,75,84,1.3392857142857142,1.5,-9,28,9,8,11,44,41,28,7,10,11,31,43,10,3,5,2,14,13,15,5,2,2,1,8,7,8,18,1,3,14,6,0.3333333333333333,11,37,0.6111111111111112,2.0555555555555554,-26,9,1,1,7,7,22,9,0,2,7,4,15,10,1,2,7,5,5,19,5,0,1,4,1,1,12,0.8452380952380953,0.728174603174603,-0.5555555555555554,17,7,9,6,8,56,18,66,6,2,1,1,home_win
1208206,2024,2024-12-29 15:00:00+00:00,45,Everton,65,Nottingham Forest,55,16,17,22,65,1.1818181818181819,55,73,1.0,1.3272727272727274,-18,27,10,8,9,31,26,28,6,9,13,24,47,10,2,6,2,12,8,7,5,1,3,1,6,5,5,56,19,13,24,70,1.25,73,86,1.3035714285714286,1.5357142857142858,-13,28,10,7,11,38,37,28,9,6,13,35,49,10,7,0,3,21,16,13,5,4,0,1,12,8,6,-0.06818181818181812,-0.3035714285714286,-0.20844155844155843,-5,-6,-9,-3,-8,55,56,65,70,0,2,2,away_win
1208207,2024,2024-12-29 15:00:00+00:00,36,Fulham,35,Bournemouth,56,20,15,21,75,1.3392857142857142,81,84,1.4464285714285714,1.5,-3,28,13,5,10,45,37,28,7,10,11,36,47,10,4,5,1,17,15,12,5,2,3,0,9,8,5,56,21,14,21,77,1.375,81,88,1.4464285714285714,1.5714285714285714,-7,28,11,9,8,38,35,28,10,5,13,43,53,10,5,3,2,18,17,11,5,3,2,0,11,7,2,-0.03571428571428581,0.0,-0.0714285714285714,4,-2,-1,1,-2,56,56,75,77,2,2,0,draw
1208211,2024,2024-12-29 15:00:00+00:00,47,Tottenham,39,Wolves,56,27,8,21,89,1.5892857142857142,113,87,2.017857142857143,1.5535714285714286,26,28,17,1,10,61,44,28,10,7,11,52,43,10,3,1,6,10,21,17,5,1,0,4,3,11,12,56,17,10,29,61,1.0892857142857142,79,105,1.4107142857142858,1.875,-26,28,10,4,14,40,50,28,7,6,15,39,55,10,4,2,4,14,19,17,5,2,0,3,6,7,8,0.5,0.607142857142857,-0.3214285714285714,52,-3,-4,4,2,56,56,89,61,2,2,0,draw
1208212,2024,2024-12-29 17:15:00+00:00,48,West Ham,40,Liverpool,56,20,15,21,75,1.3392857142857142,83,104,1.4821428571428572,1.8571428571428572,-21,28,10,10,8,44,45,28,10,5,13,39,59,10,4,3,3,15,12,15,5,2,2,1,8,6,6,55,37,13,5,124,2.2545454545454544,126,58,2.290909090909091,1.0545454545454545,68,28,22,4,2,67,23,27,15,9,3,59,35,10,7,3,0,24,27,15,5,3,2,0,11,16,9,-0.9152597402597402,-0.8087662337662338,0.8025974025974028,-89,-3,-9,-10,-15,56,55,75,124,0,5,2,away_win
1208203,2024,2024-12-30 19:45:00+00:00,66,Aston Villa,51,Brighton,56,28,12,16,96,1.7142857142857142,102,90,1.8214285714285714,1.6071428571428572,12,28,17,7,4,63,38,28,11,5,12,39,52,10,3,2,5,11,11,19,5,3,0,2,9,7,7,56,18,20,18,74,1.3214285714285714,82,88,1.4642857142857142,1.5714285714285714,-6,28,11,11,6,43,39,28,7,9,12,39,49,10,2,5,3,11,13,16,5,0,3,2,3,5,9,0.3928571428571428,0.3571428571428572,0.03571428571428581,18,6,0,2,-2,56,56,96,74,2,2,0,draw
1208208,2024,2024-12-30 19:45:00+00:00,57,Ipswich,49,Chelsea,18,2,6,10,12,0.6666666666666666,16,33,0.8888888888888888,1.8333333333333333,-17,9,0,4,5,6,16,9,2,2,5,10,17,10,2,2,6,8,10,17,5,1,0,4,3,3,9,56,28,14,14,98,1.75,115,84,2.0535714285714284,1.5,31,28,15,7,6,59,37,28,13,7,8,56,47,10,6,3,1,21,21,11,5,3,1,1,10,12,7,-1.0833333333333335,-1.1646825396825395,0.33333333333333326,-48,-7,-13,-9,-11,18,56,12,98,2,0,1,home_win
1208210,2024,2024-12-30 20:00:00+00:00,33,Manchester United,34,Newcastle,56,24,10,22,82,1.4642857142857142,78,82,1.3928571428571428,1.4642857142857142,-4,28,14,4,10,44,42,28,10,6,12,34,40,10,3,2,5,11,14,15,5,1,0,4,3,4,11,56,26,11,19,89,1.5892857142857142,115,83,2.0535714285714284,1.4821428571428572,32,28,17,6,5,64,30,28,9,5,14,51,53,10,5,2,3,17,22,13,5,3,1,1,10,16,7,-0.125,-0.6607142857142856,-0.017857142857143016,-36,-7,-6,-12,-8,56,56,82,89,0,2,2,away_win
1208204,2024,2025-01-01 17:30:00+00:00,55,Brentford,42,Arsenal,56,17,12,27,63,1.125,88,97,1.5714285714285714,1.7321428571428572,-9,28,12,8,8,55,50,28,5,4,19,33,47,10,4,2,4,14,18,17,5,1,1,3,4,6,9,56,38,11,7,125,2.232142857142857,126,45,2.25,0.8035714285714286,81,28,21,5,2,66,22,28,17,6,5,60,23,10,5,4,1,19,20,8,5,3,2,0,11,9,2,-1.1071428571428572,-0.6785714285714286,0.9285714285714286,-90,-7,-5,-3,-2,56,56,63,125,1,3,2,away_win
1208221,2024,2025-01-04 12:30:00+00:00,47,Tottenham,34,Newcastle,57,27,9,21,90,1.5789473684210527,115,89,2.017543859649123,1.5614035087719298,26,29,17,2,10,63,46,28,10,7,11,52,43,10,3,2,5,11,23,18,5,1,1,3,4,13,13,57,27,11,19,92,1.6140350877192982,117,83,2.0526315789473686,1.456140350877193,34,28,17,6,5,64,30,29,10,5,14,53,53,10,6,2,2,20,23,11,5,4,0,1,12,15,4,-0.0350877192982455,-0.03508771929824572,0.10526315789473673,-8,-8,-9,-2,0,57,57,90,92,1,2,2,away_win
1208213,2024,2025-01-04 15:00:00+00:00,35,Bournemouth,45,Everton,57,21,15,21,78,1.368421052631579,83,90,1.456140350877193,1.5789473684210527,-7,28,11,9,8,38,35,29,10,6,13,45,55,10,5,3,2,18,18,12,5,2,3,0,9,8,4,56,16,17,23,65,1.1607142857142858,55,75,0.9821428571428571,1.3392857142857142,-20,28,10,8,10,31,28,28,6,9,13,24,47,10,1,6,3,9,6,9,5,1,3,1,6,5,3,0.20770676691729317,0.473997493734336,0.23966165413533846,13,3,9,3,12,57,56,78,65,1,0,1,home_win
1208214,2024,2025-01-04 15:00:00+00:00,66,Aston Villa,46,Leicester,57,28,13,16,97,1.7017543859649122,104,92,1.8245614035087718,1.6140350877192982,12,29,17,8,4,65,40,28,11,5,12,39,52,10,3,2,5,11,12,20,5,2,1,2,7,6,8,19,3,5,11,14,0.7368421052631579,22,42,1.1578947368421053,2.210526315789474,-20,10,2,3,5,11,17,9,1,2,6,11,25,10,1,2,7,5,9,25,5,0,1,4,1,3,14,0.9649122807017544,0.6666666666666665,-0.5964912280701757,32,6,6,3,3,57,19,97,14,2,1,1,home_win
1208216,2024,2025-01-04 15:00:00+00:00,52,Crystal Palace,49,Chelsea,57,17,18,22,69,1.2105263157894737,77,85,1.3508771929824561,1.4912280701754386,-8,29,10,8,11,46,42,28,7,10,11,31,43,10,3,5,2,14,14,16,5,2,2,1,8,8,9,57,28,14,15,98,1.719298245614035,115,86,2.017543859649123,1.5087719298245614,29,28,15,7,6,59,37,29,13,7,9,56,49,10,5,3,2,18,19,12,5,2,1,2,7,7,8,-0.5087719298245614,-0.6666666666666667,-0.01754385964912286,-37,1,-4,1,-5,57,57,69,98,1,1,0,draw
1208219,2024,2025-01-04 15:00:00+00:00,50,Manchester City,48,West Ham,57,37,11,9,122,2.1403508771929824,128,60,2.245614035087719,1.0526315789473684,68,28,19,7,2,68,29,29,18,4,7,60,31,10,2,2,6,8,12,17,5,1,2,2,5,7,7,57,20,15,22,75,1.3157894736842106,83,109,1.456140350877193,1.912280701754386,-26,29,10,10,9,44,50,28,10,5,13,39,59,10,3,3,4,12,10,19,5,2,2,1,8,5,8,0.8245614035087718,0.7894736842105261,-0.8596491228070176,94,-3,-4,2,2,57,57,122,75,4,1,1,home_win
1208220,2024,2025-01-04 15:00:00+00:00,41,Southampton,55,Brentford,19,1,3,15,6,0.3157894736842105,12,39,0.631578947368421,2.0526315789473686,-27,9,1,1,7,7,22,10,0,2,8,5,17,10,1,2,7,5,6,20,5,0,1,4,1,1,9,57,17,12,28,63,1.105263157894737,89,100,1.5614035087719298,1.7543859649122806,-11,29,12,8,9,56,53,28,5,4,19,33,47,10,3,2,5,11,15,17,5,1,1,3,4,6,9,-0.7894736842105264,-0.9298245614035088,0.298245614035088,-16,-3,-6,-5,-9,19,57,6,63,0,5,2,away_win
1208215,2024,2025-01-04 17:30:00+00:00,51,Brighton,42,Arsenal,57,18,21,18,75,1.3157894736842106,84,90,1.4736842105263157,1.5789473684210527,-6,28,11,11,6,43,39,29,7,10,12,41,51,10,2,5,3,11,13,16,5,0,4,1,4,6,8,57,39,11,7,128,2.245614035087719,129,46,2.263157894736842,0.8070175438596491,83,28,21,5,2,66,22,29,18,6,5,63,24,10,6,3,1,21,21,7,5,3,2,0,11,10,3,-0.9298245614035086,-0.7894736842105263,0.7719298245614036,-89,-7,-10,-4,-8,57,57,75,128,1,1,0,draw
1208217,2024,2025-01-05 14:00:00+00:00,36,Fulham,57,Ipswich,57,20,16,21,76,1.3333333333333333,83,86,1.456140350877193,1.5087719298245614,-3,29,13,6,10,47,39,28,7,10,11,36,47,10,4,5,1,17,16,13,5,1,4,0,7,7,6,19,3,6,10,15,0.7894736842105263,18,33,0.9473684210526315,1.736842105263158,-15,10,1,4,5,8,16,9,2,2,5,10,17,10,3,2,5,11,9,13,5,2,0,3,6,5,8,0.5438596491228069,0.5087719298245615,-0.22807017543859653,12,1,6,2,7,57,19,76,15,2,2,0,draw
1208218,2024,2025-01-05 16:30:00+00:00,40,Liverpool,33,Manchester United,56,38,13,5,127,2.267857142857143,131,58,2.3392857142857144,1.0357142857142858,73,28,22,4,2,67,23,28,16,9,3,64,35,10,7,3,0,24,30,14,5,3,2,0,11,19,9,57,24,10,23,82,1.4385964912280702,78,84,1.368421052631579,1.4736842105263157,-6,29,14,4,11,44,44,28,10,6,12,34,40,10,3,2,5,11,13,15,5,1,0,4,3,4,11,0.8292606516290726,0.9708646616541354,-0.4379699248120299,79,8,13,15,17,56,57,127,82,2,2,0,draw
1208222,2024,2025-01-06 20:00:00+00:00,39,Wolves,65,Nottingham Forest,57,17,11,29,62,1.087719298245614,81,107,1.4210526315789473,1.8771929824561404,-26,28,10,4,14,40,50,29,7,7,15,41,57,10,4,2,4,14,19,17,5,2,1,2,7,9,6,57,20,13,24,73,1.280701754385965,75,86,1.3157894736842106,1.5087719298245614,-11,28,10,7,11,38,37,29,10,6,13,37,49,10,7,0,3,21,15,12,5,5,0,0,15,10,3,-0.1929824561403508,0.10526315789473673,0.368421052631579,-15,-8,-7,-1,4,57,57,62,73,0,3,2,away_win
1208224,2024,2025-01-14 19:30:00+00:00,55,Brentford,50,Manchester City,58,18,12,28,66,1.1379310344827587,94,100,1.6206896551724137,1.7241379310344827,-6,29,12,8,9,56,53,29,6,4,19,38,47,10,4,2,4,14,19,15,5,1,1,3,4,7,7,58,38,11,9,125,2.1551724137931036,132,61,2.2758620689655173,1.0517241379310345,71,29,20,7,2,72,30,29,18,4,7,60,31,10,3,2,5,11,15,16,5,2,1,2,7,9,6,-1.017241379310345,-0.6551724137931036,0.6724137931034482,-77,-3,3,-2,4,58,58,66,125,2,2,0,draw
1208229,2024,2025-01-14 19:30:00+00:00,48,West Ham,36,Fulham,58,20,15,23,75,1.293103448275862,84,113,1.4482758620689655,1.9482758620689655,-29,29,10,10,9,44,50,29,10,5,14,40,63,10,3,3,4,12,11,20,5,1,2,2,5,4,11,58,20,17,21,77,1.3275862068965518,85,88,1.4655172413793103,1.5172413793103448,-3,30,13,7,10,49,41,28,7,10,11,36,47,10,3,6,1,15,16,14,5,1,4,0,7,8,7,-0.034482758620689724,-0.01724137931034475,0.4310344827586208,-26,-2,-3,-4,-5,58,58,75,77,3,2,1,home_win
1208230,2024,2025-01-14 19:30:00+00:00,49,Chelsea,35,Bournemouth,58,28,15,15,99,1.706896551724138,116,87,2.0,1.5,29,28,15,7,6,59,37,30,13,8,9,57,50,10,5,3,2,18,19,12,5,1,2,2,5,4,6,58,22,15,21,81,1.396551724137931,84,90,1.4482758620689655,1.5517241379310345,-6,29,12,9,8,39,35,29,10,6,13,45,55,10,5,3,2,18,17,11,5,2,3,0,9,7,3,0.31034482758620685,0.5517241379310345,-0.051724137931034475,35,-4,0,-3,2,58,58,99,81,2,2,0,draw
1208228,2024,2025-01-14 20:00:00+00:00,65,Nottingham Forest,40,Liverpool,58,21,13,24,76,1.3103448275862069,78,86,1.3448275862068966,1.4827586206896552,-8,28,10,7,11,38,37,30,11,6,13,40,49,10,7,0,3,21,15,12,5,5,0,0,15,10,1,57,38,14,5,128,2.245614035087719,133,60,2.3333333333333335,1.0526315789473684,73,29,22,5,2,69,25,28,16,9,3,64,35,10,7,3,0,24,30,14,5,3,2,0,11,18,8,-0.9352692075015123,-0.9885057471264369,0.4301270417422869,-81,4,-3,-8,-15,58,57,76,128,1,1,0,draw
1208225,2024,2025-01-15 19:30:00+00:00,45,Everton,66,Aston Villa,57,16,17,24,65,1.1403508771929824,55,76,0.9649122807017544,1.3333333333333333,-21,28,10,8,10,31,28,29,6,9,14,24,48,10,1,5,4,8,5,9,5,0,3,2,3,1,4,58,29,13,16,100,1.7241379310344827,106,93,1.8275862068965518,1.603448275862069,13,30,18,8,4,67,41,28,11,5,12,39,52,10,4,2,4,14,13,17,5,2,1,2,7,7,9,-0.5837870538415002,-0.8626739261947974,-0.2701149425287357,-34,-4,-6,-6,-8,57,58,65,100,0,1,2,away_win
1208227,2024,2025-01-15 19:30:00+00:00,46,Leicester,52,Crystal Palace,20,3,5,12,14,0.7,23,44,1.15,2.2,-21,10,2,3,5,11,17,10,1,2,7,12,27,10,1,1,8,4,9,26,5,0,0,5,0,2,14,58,17,19,22,70,1.206896551724138,78,86,1.3448275862068966,1.4827586206896552,-8,30,10,9,11,47,43,28,7,10,11,31,43,10,3,5,2,14,13,15,5,2,2,1,8,7,8,-0.506896551724138,-0.19482758620689666,0.7172413793103449,-13,-8,-10,-5,-4,20,58,14,70,0,2,2,away_win
1208231,2024,2025-01-15 19:30:00+00:00,34,Newcastle,39,Wolves,58,28,11,19,95,1.6379310344827587,119,84,2.0517241379310347,1.4482758620689655,35,28,17,6,5,64,30,30,11,5,14,55,54,10,6,2,2,20,24,12,5,5,0,0,15,15,1,58,17,11,30,62,1.0689655172413792,81,110,1.396551724137931,1.896551724137931,-29,29,10,4,15,40,53,29,7,7,15,41,57,10,4,1,5,13,17,18,5,2,1,2,7,8,7,0.5689655172413794,0.6551724137931036,-0.4482758620689655,64,8,7,7,7,58,58,95,62,3,0,1,home_win
1208223,2024,2025-01-15 20:00:00+00:00,42,Arsenal,47,Tottenham,58,39,12,7,129,2.2241379310344827,130,47,2.2413793103448274,0.8103448275862069,83,28,21,5,2,66,22,30,18,7,5,64,25,10,6,4,0,22,22,7,5,3,2,0,11,10,3,58,27,9,22,90,1.5517241379310345,116,91,2.0,1.5689655172413792,25,30,17,2,11,64,48,28,10,7,11,52,43,10,2,2,6,8,20,19,5,1,1,3,4,11,11,0.6724137931034482,0.2413793103448274,-0.7586206896551724,58,7,14,-1,2,58,58,129,90,2,1,1,home_win
1208226,2024,2025-01-16 19:30:00+00:00,57,Ipswich,51,Brighton,20,3,7,10,16,0.8,20,35,1.0,1.75,-15,10,1,4,5,8,16,10,2,3,5,12,19,10,3,2,5,11,10,14,5,2,1,2,7,6,8,58,18,22,18,76,1.3103448275862069,85,91,1.4655172413793103,1.5689655172413792,-6,29,11,12,6,44,40,29,7,10,12,41,51,10,2,6,2,12,13,15,5,0,4,1,4,5,7,-0.5103448275862068,-0.4655172413793103,0.18103448275862077,-9,3,-1,1,-3,20,58,16,76,0,2,2,away_win
1208232,2024,2025-01-16 20:00:00+00:00,33,Manchester United,41,Southampton,58,24,11,23,83,1.4310344827586208,80,86,1.3793103448275863,1.4827586206896552,-6,29,14,4,11,44,44,29,10,7,12,36,42,10,3,2,5,11,14,16,5,1,1,3,4,4,10,20,1,3,16,6,0.3,12,44,0.6,2.2,-32,10,1,1,8,7,27,10,0,2,8,5,17,10,0,2,8,2,5,25,5,0,1,4,1,1,13,1.1310344827586207,0.7793103448275863,-0.7172413793103449,26,3,9,3,9,58,20,83,6,3,1,1,home_win
1208240,2024,2025-01-18 12:30:00+00:00,34,Newcastle,35,Bournemouth,59,29,11,19,98,1.6610169491525424,122,84,2.0677966101694913,1.423728813559322,38,29,18,6,5,67,30,30,11,5,14,55,54,10,6,2,2,20,24,11,5,5,0,0,15,14,1,59,22,16,21,82,1.3898305084745763,86,92,1.4576271186440677,1.5593220338983051,-6,29,12,9,8,39,35,30,10,7,13,47,57,10,5,4,1,19,17,10,5,2,3,0,9,8,4,0.27118644067796605,0.6101694915254237,-0.13559322033898313,44,6,1,6,7,59,59,98,82,1,4,2,away_win
1208234,2024,2025-01-18 15:00:00+00:00,55,Brentford,40,Liverpool,59,18,13,28,67,1.1355932203389831,96,102,1.6271186440677967,1.728813559322034,-6,30,12,9,9,58,55,29,6,4,19,38,47,10,3,3,4,12,18,15,5,1,2,2,5,8,7,58,38,15,5,129,2.2241379310344827,134,61,2.310344827586207,1.0517241379310345,73,29,22,5,2,69,25,29,16,10,3,65,36,10,6,4,0,22,29,14,5,3,2,0,11,17,7,-1.0885447106954995,-0.6832261835184101,0.6770894213909995,-79,-6,-10,-9,-11,59,58,67,129,0,2,2,away_win
1208238,2024,2025-01-18 15:00:00+00:00,46,Leicester,36,Fulham,21,3,5,13,14,0.6666666666666666,23,46,1.0952380952380953,2.1904761904761907,-23,11,2,3,6,11,19,10,1,2,7,12,27,10,1,1,8,4,9,25,5,0,0,5,0,2,12,59,20,17,22,77,1.305084745762712,87,91,1.4745762711864407,1.5423728813559323,-4,30,13,7,10,49,41,29,7,10,12,38,50,10,2,6,2,12,16,17,5,1,3,1,6,8,8,-0.6384180790960453,-0.3793381759483454,0.6481033091202584,-19,-6,-8,-6,-7,21,59,14,77,0,2,2,away_win
1208242,2024,2025-01-18 15:00:00+00:00,48,West Ham,52,Crystal Palace,59,21,15,23,78,1.3220338983050848,87,115,1.4745762711864407,1.9491525423728813,-28,30,11,10,9,47,52,29,10,5,14,40,63,10,4,2,4,14,14,22,5,2,1,2,7,6,12,59,18,19,22,73,1.2372881355932204,80,86,1.3559322033898304,1.4576271186440677,-6,30,10,9,11,47,43,29,8,10,11,33,43,10,4,5,1,17,15,13,5,2,2,1,8,6,7,0.0847457627118644,0.1186440677966103,0.4915254237288136,-22,-1,-3,0,-1,59,59,78,73,0,2,2,away_win
1208233,2024,2025-01-18 17:30:00+00:00,42,Arsenal,66,Aston Villa,59,40,12,7,132,2.23728813559322,132,48,2.23728813559322,0.8135593220338984,84,29,22,5,2,68,23,30,18,7,5,64,25,10,7,3,0,24,23,7,5,4,1,0,13,12,4,59,30,13,16,103,1.7457627118644068,107,93,1.8135593220338984,1.576271186440678,14,30,18,8,4,67,41,29,12,5,12,40,52,10,5,2,3,17,14,15,5,3,1,1,10,7,7,0.49152542372881336,0.4237288135593218,-0.7627118644067796,70,3,7,5,9,59,59,132,103,2,2,0,draw
1208236,2024,2025-01-19 14:00:00+00:00,45,Everton,47,Tottenham,58,16,17,25,65,1.1206896551724137,55,77,0.9482758620689655,1.3275862068965518,-22,29,10,8,11,31,29,29,6,9,14,24,48,10,1,5,4,8,5,9,5,0,2,3,2,1,5,59,27,9,23,90,1.5254237288135593,117,93,1.9830508474576272,1.576271186440678,24,30,17,2,11,64,48,29,10,7,12,53,45,10,2,2,6,8,20,19,5,0,1,4,1,7,13,-0.40473407364114555,-1.0347749853886616,-0.24868497954412616,-46,1,0,-6,-15,58,59,65,90,3,2,1,home_win
1208239,2024,2025-01-19 14:00:00+00:00,33,Manchester United,51,Brighton,59,25,11,23,86,1.4576271186440677,83,87,1.4067796610169492,1.4745762711864407,-4,30,15,4,11,47,45,29,10,7,12,36,42,10,3,2,5,11,14,17,5,1,1,3,4,5,10,59,19,22,18,79,1.3389830508474576,87,91,1.4745762711864407,1.5423728813559323,-4,29,11,12,6,44,40,30,8,10,12,43,51,10,2,6,2,12,13,14,5,1,4,0,7,6,4,0.11864406779661008,-0.06779661016949157,-0.06779661016949157,0,-3,-1,-1,1,59,59,86,79,1,3,2,away_win
1208241,2024,2025-01-19 14:00:00+00:00,65,Nottingham Forest,41,Southampton,59,21,14,24,77,1.305084745762712,79,87,1.3389830508474576,1.4745762711864407,-8,29,10,8,11,39,38,30,11,6,13,40,49,10,7,1,2,22,15,10,5,4,1,0,13,9,1,21,1,3,17,6,0.2857142857142857,13,47,0.6190476190476191,2.238095238095238,-34,10,1,1,8,7,27,11,0,2,9,6,20,10,0,2,8,2,6,26,5,0,1,4,1,2,11,1.0193704600484264,0.7199354317998385,-0.7635189669087974,26,12,20,7,9,59,21,77,6,3,2,1,home_win
1208237,2024,2025-01-19 16:30:00+00:00,57,Ipswich,50,Manchester City,21,3,7,11,16,0.7619047619047619,20,37,0.9523809523809523,1.7619047619047619,-17,11,1,4,6,8,18,10,2,3,5,12,19,10,2,2,6,8,8,15,5,1,1,3,4,4,9,59,38,12,9,126,2.135593220338983,134,63,2.2711864406779663,1.0677966101694916,71,29,20,7,2,72,30,30,18,5,7,62,33,10,3,3,4,12,16,16,5,2,2,1,8,10,6,-1.3736884584342213,-1.318805488297014,0.6941081517352703,-88,-4,-4,-6,-8,21,59,16,126,0,6,2,away_win
1208235,2024,2025-01-20 20:00:00+00:00,49,Chelsea,39,Wolves,59,28,16,15,100,1.694915254237288,118,89,2.0,1.5084745762711864,29,29,15,8,6,61,39,30,13,8,9,57,50,10,5,3,2,18,20,13,5,0,3,2,3,4,7,59,17,11,31,62,1.0508474576271187,81,113,1.3728813559322033,1.9152542372881356,-32,29,10,4,15,40,53,30,7,7,16,41,60,10,3,1,6,10,15,21,5,2,1,2,7,7,8,0.6440677966101693,0.6271186440677967,-0.4067796610169492,61,-4,8,-3,5,59,59,100,62,3,1,1,home_win
1208243,2024,2025-01-25 15:00:00+00:00,35,Bournemouth,65,Nottingham Forest,60,23,16,21,85,1.4166666666666667,90,93,1.5,1.55,-3,29,12,9,8,39,35,31,11,7,13,51,58,10,6,4,0,22,20,9,5,2,3,0,9,9,5,60,22,14,24,80,1.3333333333333333,82,89,1.3666666666666667,1.4833333333333334,-7,30,11,8,11,42,40,30,11,6,13,40,49,10,8,1,1,25,18,9,5,4,1,0,13,10,3,0.08333333333333348,0.1333333333333333,0.06666666666666665,4,-4,-3,-1,2,60,60,85,80,5,0,1,home_win
1208245,2024,2025-01-25 15:00:00+00:00,51,Brighton,45,Everton,60,20,22,18,82,1.3666666666666667,90,92,1.5,1.5333333333333334,-2,29,11,12,6,44,40,31,9,10,12,46,52,10,2,6,2,12,14,14,5,2,3,0,9,8,4,59,17,17,25,68,1.152542372881356,58,79,0.9830508474576272,1.3389830508474576,-21,30,11,8,11,34,31,29,6,9,14,24,48,10,2,4,4,10,8,11,5,1,1,3,4,4,7,0.21412429378531073,0.5169491525423728,0.19435028248587582,19,5,2,4,6,60,59,82,68,0,1,2,away_win
1208248,2024,2025-01-25 15:00:00+00:00,40,Liverpool,57,Ipswich,59,39,15,5,132,2.23728813559322,136,61,2.305084745762712,1.0338983050847457,75,29,22,5,2,69,25,30,17,10,3,67,36,10,6,4,0,22,29,14,5,3,2,0,11,13,4,22,3,7,12,16,0.7272727272727273,20,43,0.9090909090909091,1.9545454545454546,-23,12,1,4,7,8,24,10,2,3,5,12,19,10,2,1,7,7,7,20,5,1,1,3,4,4,11,1.5100154083204929,1.3959938366718028,-0.9206471494607089,98,7,15,9,22,59,22,132,16,4,1,1,home_win
1208250,2024,2025-01-25 15:00:00+00:00,41,Southampton,34,Newcastle,22,1,3,18,6,0.2727272727272727,15,50,0.6818181818181818,2.272727272727273,-35,10,1,1,8,7,27,12,0,2,10,8,23,10,0,2,8,2,6,26,5,0,0,5,0,4,14,60,29,11,20,98,1.6333333333333333,123,88,2.05,1.4666666666666666,35,30,18,6,6,68,34,30,11,5,14,55,54,10,6,2,2,20,25,13,5,4,0,1,12,11,5,-1.3606060606060606,-1.3681818181818182,0.8060606060606064,-70,-12,-18,-7,-19,22,60,6,98,1,3,2,away_win
1208252,2024,2025-01-25 15:00:00+00:00,39,Wolves,42,Arsenal,60,17,11,32,62,1.0333333333333334,82,116,1.3666666666666667,1.9333333333333333,-34,29,10,4,15,40,53,31,7,7,17,42,63,10,2,1,7,7,12,23,5,1,1,3,4,5,11,60,40,13,7,133,2.216666666666667,134,50,2.2333333333333334,0.8333333333333334,84,30,22,6,2,70,25,30,18,7,5,64,25,10,6,4,0,22,22,9,5,3,2,0,11,9,5,-1.1833333333333333,-0.8666666666666667,1.1,-118,-7,-15,-4,-10,60,60,62,133,0,1,2,away_win
1208249,2024,2025-01-25 17:30:00+00:00,50,Manchester City,49,Chelsea,60,39,12,9,129,2.15,140,63,2.3333333333333335,1.05,77,29,20,7,2,72,30,31,19,5,7,68,33,10,4,3,3,15,22,12,5,3,2,0,11,15,4,60,29,16,15,103,1.7166666666666666,121,90,2.0166666666666666,1.5,31,30,16,8,6,64,40,30,13,8,9,57,50,10,5,3,2,18,21,13,5,1,2,2,5,7,8,0.43333333333333335,0.3166666666666669,-0.44999999999999996,46,6,-3,8,1,60,60,129,103,3,1,1,home_win
1208246,2024,2025-01-26 14:00:00+00:00,52,Crystal Palace,55,Brentford,60,19,19,22,76,1.2666666666666666,82,86,1.3666666666666667,1.4333333333333333,-4,30,10,9,11,47,43,30,9,10,11,35,43,10,5,4,1,19,15,11,5,3,2,0,11,7,2,60,18,13,29,67,1.1166666666666667,96,104,1.6,1.7333333333333334,-8,31,12,9,10,58,57,29,6,4,19,38,47,10,3,2,5,11,18,17,5,1,2,2,5,8,7,0.1499999999999999,-0.2333333333333334,-0.30000000000000004,4,6,8,-1,-3,60,60,76,67,1,2,2,away_win
1208251,2024,2025-01-26 14:00:00+00:00,47,Tottenham,46,Leicester,60,27,9,24,90,1.5,119,96,1.9833333333333334,1.6,23,30,17,2,11,64,48,30,10,7,13,55,48,10,1,2,7,5,18,22,5,0,1,4,1,6,10,22,3,5,14,14,0.6363636363636364,23,48,1.0454545454545454,2.1818181818181817,-25,12,2,3,7,11,21,10,1,2,7,12,27,10,1,1,8,4,8,25,5,0,0,5,0,2,11,0.8636363636363636,0.937878787878788,-0.5818181818181816,48,1,1,4,10,60,22,90,14,1,2,2,away_win
1208244,2024,2025-01-26 16:30:00+00:00,66,Aston Villa,48,West Ham,60,30,14,16,104,1.7333333333333334,109,95,1.8166666666666667,1.5833333333333333,14,30,18,8,4,67,41,30,12,6,12,42,54,10,5,2,3,17,14,15,5,2,2,1,8,7,8,60,21,15,24,78,1.3,87,117,1.45,1.95,-30,31,11,10,10,47,54,29,10,5,14,40,63,10,3,2,5,11,12,24,5,2,0,3,6,5,13,0.43333333333333335,0.3666666666666667,-0.3666666666666667,44,2,6,2,2,60,60,104,78,1,1,0,draw
1208247,2024,2025-01-26 19:00:00+00:00,36,Fulham,33,Manchester United,60,21,17,22,80,1.3333333333333333,89,91,1.4833333333333334,1.5166666666666666,-2,30,13,7,10,49,41,30,8,10,12,40,50,10,3,6,1,15,17,13,5,2,2,1,8,10,8,60,25,11,24,86,1.4333333333333333,84,90,1.4,1.5,-6,31,15,4,12,48,48,29,10,7,12,36,42,10,3,1,6,10,14,19,5,1,1,3,4,6,10,-0.10000000000000009,0.08333333333333348,0.016666666666666607,4,4,5,4,3,60,60,80,86,0,1,2,away_win
1208261,2024,2025-02-01 12:30:00+00:00,65,Nottingham Forest,51,Brighton,61,22,14,25,80,1.3114754098360655,82,94,1.3442622950819672,1.540983606557377,-12,30,11,8,11,42,40,31,11,6,14,40,54,10,7,1,2,22,17,14,5,3,1,1,10,9,8,61,20,22,19,82,1.3442622950819672,90,93,1.4754098360655739,1.5245901639344261,-3,30,11,12,7,44,41,31,9,10,12,46,52,10,2,5,3,11,13,14,5,2,2,1,8,8,5,-0.032786885245901676,-0.1311475409836067,0.016393442622950838,-9,2,11,1,4,61,61,80,82,7,0,1,home_win
1208253,2024,2025-02-01 15:00:00+00:00,35,Bournemouth,40,Liverpool,61,24,16,21,88,1.4426229508196722,95,93,1.5573770491803278,1.5245901639344261,2,30,13,9,8,44,35,31,11,7,13,51,58,10,6,4,0,22,21,7,5,3,2,0,11,14,5,60,40,15,5,135,2.25,140,62,2.3333333333333335,1.0333333333333334,78,30,23,5,2,73,26,30,17,10,3,67,36,10,6,4,0,22,30,13,5,3,2,0,11,14,4,-0.8073770491803278,-0.7759562841530057,0.4912568306010927,-76,0,0,0,-9,61,60,88,135,0,2,2,away_win
1208257,2024,2025-02-01 15:00:00+00:00,45,Everton,46,Leicester,60,18,17,25,71,1.1833333333333333,59,79,0.9833333333333333,1.3166666666666667,-20,30,11,8,11,34,31,30,7,9,14,25,48,10,3,3,4,12,9,11,5,2,0,3,6,4,6,23,4,5,14,17,0.7391304347826086,25,49,1.0869565217391304,2.130434782608696,-24,12,2,3,7,11,21,11,2,2,7,14,28,10,2,1,7,7,9,22,5,1,0,4,3,3,9,0.4442028985507247,-0.1036231884057971,-0.8137681159420291,4,3,5,1,0,60,23,71,17,4,0,1,home_win
1208258,2024,2025-02-01 15:00:00+00:00,57,Ipswich,41,Southampton,23,3,7,13,16,0.6956521739130435,21,47,0.9130434782608695,2.0434782608695654,-26,12,1,4,7,8,24,11,2,3,6,13,23,10,2,1,7,7,8,23,5,1,1,3,4,5,14,23,1,3,19,6,0.2608695652173913,16,53,0.6956521739130435,2.3043478260869565,-37,11,1,1,9,8,30,12,0,2,10,8,23,10,0,1,9,1,6,28,5,0,0,5,0,5,16,0.43478260869565216,0.21739130434782605,-0.26086956521739113,11,4,6,0,2,23,23,16,6,1,2,2,away_win
1208260,2024,2025-02-01 15:00:00+00:00,34,Newcastle,36,Fulham,61,30,11,20,101,1.6557377049180328,126,89,2.0655737704918034,1.459016393442623,37,30,18,6,6,68,34,31,12,5,14,58,55,10,7,1,2,22,27,13,5,4,0,1,12,11,6,61,21,17,23,80,1.3114754098360655,89,92,1.459016393442623,1.5081967213114753,-3,31,13,7,11,49,42,30,8,10,12,40,50,10,3,5,2,14,16,13,5,1,2,2,5,8,8,0.3442622950819674,0.6065573770491803,-0.04918032786885229,40,7,8,3,11,61,61,101,80,1,2,2,away_win
1208262,2024,2025-02-01 17:30:00+00:00,39,Wolves,66,Aston Villa,61,17,11,33,62,1.0163934426229508,82,117,1.3442622950819672,1.9180327868852458,-35,30,10,4,16,40,54,31,7,7,17,42,63,10,2,1,7,7,10,20,5,0,1,4,1,3,12,61,30,15,16,105,1.721311475409836,110,96,1.8032786885245902,1.5737704918032787,14,31,18,9,4,68,42,30,12,6,12,42,54,10,5,3,2,18,15,13,5,2,3,0,9,8,6,-0.7049180327868851,-0.459016393442623,0.34426229508196715,-49,-8,-11,-5,-5,61,61,62,105,2,0,1,home_win
1208255,2024,2025-02-02 14:00:00+00:00,55,Brentford,47,Tottenham,61,19,13,29,70,1.1475409836065573,98,105,1.6065573770491803,1.721311475409836,-7,31,12,9,10,58,57,30,7,4,19,40,48,10,3,2,5,11,16,17,5,2,1,2,7,10,8,61,27,9,25,90,1.4754098360655739,120,98,1.9672131147540983,1.6065573770491803,22,31,17,2,12,65,50,30,10,7,13,55,48,10,1,1,8,4,18,23,5,0,1,4,1,7,11,-0.32786885245901654,-0.360655737704918,0.11475409836065564,-29,6,7,3,-2,61,61,70,90,0,2,2,away_win
1208259,2024,2025-02-02 14:00:00+00:00,33,Manchester United,52,Crystal Palace,61,26,11,24,89,1.459016393442623,85,90,1.3934426229508197,1.4754098360655739,-5,31,15,4,12,48,48,30,11,7,12,37,42,10,3,1,6,10,11,19,5,2,1,2,7,7,8,61,19,19,23,76,1.2459016393442623,83,88,1.360655737704918,1.4426229508196722,-5,31,10,9,12,48,45,30,9,10,11,35,43,10,5,3,2,18,15,12,5,3,1,1,10,8,4,0.21311475409836067,0.032786885245901676,0.032786885245901676,0,-3,-8,-1,-4,61,61,89,76,0,2,2,away_win
1208254,2024,2025-02-02 16:30:00+00:00,42,Arsenal,50,Manchester City,61,41,13,7,136,2.2295081967213113,135,50,2.2131147540983607,0.819672131147541,85,30,22,6,2,70,25,31,19,7,5,65,25,10,6,4,0,22,18,7,5,3,2,0,11,9,5,61,40,12,9,132,2.1639344262295084,143,64,2.3442622950819674,1.0491803278688525,79,30,21,7,2,75,31,31,19,5,7,68,33,10,5,3,2,18,25,11,5,4,1,0,13,17,4,0.06557377049180291,-0.1311475409836067,-0.2295081967213115,6,-2,4,-8,-7,61,61,136,132,5,1,1,home_win
1208256,2024,2025-02-03 20:00:00+00:00,49,Chelsea,48,West Ham,61,29,16,16,103,1.6885245901639345,122,93,2.0,1.5245901639344261,29,30,16,8,6,64,40,31,13,8,10,58,53,10,4,3,3,15,19,16,5,1,2,2,5,7,9,61,21,16,24,79,1.2950819672131149,88,118,1.4426229508196722,1.9344262295081966,-30,31,11,10,10,47,54,30,10,6,14,41,64,10,3,3,4,12,11,20,5,1,1,3,4,5,14,0.39344262295081966,0.5573770491803278,-0.4098360655737705,59,1,3,2,8,61,61,103,79,2,1,1,home_win
1208166,2024,2025-02-12 19:30:00+00:00,45,Everton,40,Liverpool,61,19,17,25,74,1.2131147540983607,63,79,1.0327868852459017,1.2950819672131149,-16,31,12,8,11,38,31,30,7,9,14,25,48,10,4,3,3,15,13,7,5,3,0,2,9,8,4,61,41,15,5,138,2.262295081967213,142,62,2.3278688524590163,1.0163934426229508,80,30,23,5,2,73,26,31,18,10,3,69,36,10,6,4,0,22,30,13,5,3,2,0,11,11,4,-1.0491803278688523,-1.2950819672131146,0.278688524590164,-96,-2,-7,-3,-17,61,61,74,138,2,2,0,draw
1208264,2024,2025-02-14 20:00:00+00:00,51,Brighton,49,Chelsea,62,20,22,20,82,1.3225806451612903,90,100,1.4516129032258065,1.6129032258064515,-10,30,11,12,7,44,41,32,9,10,13,46,59,10,2,5,3,11,12,18,5,2,1,2,7,6,10,62,30,16,16,106,1.7096774193548387,124,94,2.0,1.5161290322580645,30,31,17,8,6,66,41,31,13,8,10,58,53,10,4,3,3,15,16,16,5,2,2,1,8,9,8,-0.3870967741935485,-0.5483870967741935,0.09677419354838701,-40,-1,-4,-3,-4,62,62,82,106,3,0,1,home_win
1208267,2024,2025-02-15 12:30:00+00:00,46,Leicester,42,Arsenal,24,4,5,15,17,0.7083333333333334,25,53,1.0416666666666667,2.2083333333333335,-28,12,2,3,7,11,21,12,2,2,8,14,32,10,1,1,8,4,6,25,5,1,0,4,3,3,11,62,42,13,7,139,2.2419354838709675,140,51,2.2580645161290325,0.8225806451612904,89,31,23,6,2,75,26,31,19,7,5,65,25,10,6,4,0,22,21,8,5,3,2,0,11,11,5,-1.533602150537634,-1.2163978494623657,1.385752688172043,-117,-8,-18,-8,-15,24,62,17,139,0,2,2,away_win
1208263,2024,2025-02-15 15:00:00+00:00,66,Aston Villa,57,Ipswich,62,30,15,17,105,1.6935483870967742,110,98,1.7741935483870968,1.5806451612903225,12,31,18,9,4,68,42,31,12,6,13,42,56,10,4,3,3,15,12,14,5,2,2,1,8,6,6,24,3,7,14,16,0.6666666666666666,22,49,0.9166666666666666,2.0416666666666665,-27,13,1,4,8,9,26,11,2,3,6,13,23,10,2,1,7,7,9,24,5,0,1,4,1,4,16,1.0268817204301075,0.8575268817204301,-0.461021505376344,39,7,8,2,3,62,24,105,16,1,1,0,draw
1208266,2024,2025-02-15 15:00:00+00:00,36,Fulham,65,Nottingham Forest,62,22,17,23,83,1.3387096774193548,91,93,1.467741935483871,1.5,-2,31,13,7,11,49,42,31,9,10,12,42,51,10,3,5,2,14,15,13,5,2,1,2,7,8,7,62,23,14,25,83,1.3387096774193548,89,94,1.435483870967742,1.5161290322580645,-5,31,12,8,11,49,40,31,11,6,14,40,54,10,8,1,1,25,24,11,5,3,1,1,10,14,8,0.0,0.032258064516129004,-0.016129032258064502,3,-3,-11,-6,-9,62,62,83,83,2,1,1,home_win
1208269,2024,2025-02-15 15:00:00+00:00,50,Manchester City,34,Newcastle,62,40,12,10,132,2.129032258064516,144,69,2.3225806451612905,1.1129032258064515,75,30,21,7,2,75,31,32,19,5,8,69,38,10,4,3,3,15,23,16,5,3,1,1,10,16,9,62,30,11,21,101,1.6290322580645162,127,91,2.0483870967741935,1.467741935483871,36,31,18,6,7,69,36,31,12,5,14,58,55,10,7,0,3,21,25,12,5,3,0,2,9,10,8,0.4999999999999998,0.274193548387097,-0.3548387096774195,39,1,-6,6,-2,62,62,132,101,4,0,1,home_win
1208270,2024,2025-02-15 15:00:00+00:00,41,Southampton,35,Bournemouth,24,2,3,19,9,0.375,18,54,0.75,2.25,-36,11,1,1,9,8,30,13,1,2,10,10,24,10,1,1,8,4,7,24,5,1,0,4,3,6,15,62,24,16,22,88,1.4193548387096775,95,95,1.532258064516129,1.532258064516129,0,31,13,9,9,44,37,31,11,7,13,51,58,10,5,4,1,19,20,9,5,3,1,1,10,12,5,-1.0443548387096775,-0.782258064516129,0.717741935483871,-36,-7,-15,-6,-13,24,62,9,88,1,3,2,away_win
1208272,2024,2025-02-15 15:00:00+00:00,48,West Ham,55,Brentford,62,21,16,25,79,1.2741935483870968,89,120,1.435483870967742,1.935483870967742,-31,31,11,10,10,47,54,31,10,6,15,42,66,10,3,3,4,12,11,19,5,1,1,3,4,6,11,62,19,13,30,70,1.1290322580645162,98,107,1.5806451612903225,1.7258064516129032,-9,32,12,9,11,58,59,30,7,4,19,40,48,10,3,2,5,11,15,16,5,2,1,2,7,9,7,0.14516129032258052,-0.14516129032258052,0.20967741935483875,-22,-3,1,-3,-4,62,62,79,70,0,1,2,away_win
1208265,2024,2025-02-15 17:30:00+00:00,52,Crystal Palace,45,Everton,62,20,19,23,79,1.2741935483870968,85,88,1.3709677419354838,1.4193548387096775,-3,31,10,9,12,48,45,31,10,10,11,37,43,10,5,3,2,18,16,12,5,3,1,1,10,8,3,62,19,18,25,75,1.2096774193548387,65,81,1.0483870967741935,1.3064516129032258,-16,32,12,9,11,40,33,30,7,9,14,25,48,10,3,4,3,13,11,9,5,3,1,1,10,10,5,0.06451612903225801,0.32258064516129026,0.11290322580645173,13,0,5,-2,5,62,62,79,75,1,2,2,away_win
1208268,2024,2025-02-16 14:00:00+00:00,40,Liverpool,39,Wolves,62,41,16,5,139,2.2419354838709675,144,64,2.3225806451612905,1.032258064516129,80,30,23,5,2,73,26,32,18,11,3,71,38,10,6,4,0,22,29,12,5,3,2,0,11,11,4,62,18,11,33,65,1.0483870967741935,84,117,1.3548387096774193,1.8870967741935485,-33,31,11,4,16,42,54,31,7,7,17,42,63,10,3,1,6,10,12,16,5,1,0,4,3,3,10,1.193548387096774,0.9677419354838712,-0.8548387096774195,113,8,12,8,17,62,62,139,65,2,1,1,home_win
1208271,2024,2025-02-16 16:30:00+00:00,47,Tottenham,33,Manchester United,62,28,9,25,93,1.5,122,98,1.967741935483871,1.5806451612903225,24,31,17,2,12,65,50,31,11,7,13,57,48,10,2,1,7,7,20,22,5,1,0,4,3,7,9,62,26,11,25,89,1.435483870967742,85,92,1.3709677419354838,1.4838709677419355,-7,32,15,4,13,48,50,30,11,7,12,37,42,10,3,1,6,10,11,19,5,2,1,2,7,7,8,0.06451612903225801,0.5967741935483872,0.09677419354838701,31,-4,-3,0,9,62,62,93,89,1,0,1,home_win
1208305,2024,2025-02-19 19:30:00+00:00,66,Aston Villa,40,Liverpool,63,30,16,17,106,1.6825396825396826,111,99,1.7619047619047619,1.5714285714285714,12,32,18,10,4,69,43,31,12,6,13,42,56,10,3,4,3,13,12,15,5,1,3,1,6,5,6,63,42,16,5,142,2.253968253968254,146,65,2.3174603174603177,1.0317460317460319,81,31,24,5,2,75,27,32,18,11,3,71,38,10,7,3,0,24,29,11,5,4,1,0,13,12,4,-0.5714285714285714,-0.5555555555555558,0.5396825396825395,-69,-7,-11,-7,-17,63,63,106,142,2,2,0,draw
1208279,2024,2025-02-21 20:00:00+00:00,46,Leicester,55,Brentford,25,4,5,16,17,0.68,25,55,1.0,2.2,-30,13,2,3,8,11,23,12,2,2,8,14,32,10,1,0,9,3,4,25,5,1,0,4,3,2,11,63,20,13,30,73,1.1587301587301588,99,107,1.5714285714285714,1.6984126984126984,-8,32,12,9,11,58,59,31,8,4,19,41,48,10,3,2,5,11,12,14,5,2,1,2,7,5,7,-0.4787301587301588,-0.5714285714285714,0.5015873015873018,-22,-4,-8,-3,-8,25,63,17,73,0,4,2,away_win
1208276,2024,2025-02-22 12:30:00+00:00,45,Everton,33,Manchester United,63,20,18,25,78,1.2380952380952381,67,82,1.0634920634920635,1.3015873015873016,-15,32,12,9,11,40,33,31,8,9,14,27,49,10,4,3,3,15,13,10,5,4,1,0,13,12,5,63,26,11,26,89,1.4126984126984128,85,93,1.3492063492063493,1.4761904761904763,-8,32,15,4,13,48,50,31,11,7,13,37,43,10,3,1,6,10,9,17,5,2,0,3,6,5,7,-0.17460317460317465,-0.2857142857142858,-0.17460317460317465,-7,7,5,7,4,63,63,78,89,2,2,0,draw
1208273,2024,2025-02-22 15:00:00+00:00,35,Bournemouth,39,Wolves,63,25,16,22,91,1.4444444444444444,98,96,1.5555555555555556,1.5238095238095237,2,31,13,9,9,44,37,32,12,7,13,54,59,10,5,4,1,19,21,9,5,3,1,1,10,14,6,63,18,11,34,65,1.0317460317460319,85,119,1.3492063492063493,1.8888888888888888,-34,31,11,4,16,42,54,32,7,7,18,43,65,10,3,1,6,10,12,16,5,1,0,4,3,4,9,0.41269841269841256,0.20634920634920628,-0.3650793650793651,36,7,9,10,9,63,63,91,65,0,1,2,away_win
1208274,2024,2025-02-22 15:00:00+00:00,42,Arsenal,48,West Ham,63,43,13,7,142,2.253968253968254,142,51,2.253968253968254,0.8095238095238095,91,31,23,6,2,75,26,32,20,7,5,67,25,10,7,3,0,24,22,7,5,4,1,0,13,12,4,63,21,16,26,79,1.253968253968254,89,121,1.4126984126984128,1.9206349206349207,-32,32,11,10,11,47,55,31,10,6,15,42,66,10,2,3,5,9,9,19,5,1,1,3,4,5,8,1.0,0.8412698412698412,-1.1111111111111112,123,9,15,7,13,63,63,142,79,0,1,2,away_win
1208277,2024,2025-02-22 15:00:00+00:00,36,Fulham,52,Crystal Palace,63,23,17,23,86,1.3650793650793651,93,94,1.4761904761904763,1.492063492063492,-1,32,14,7,11,51,43,31,9,10,12,42,51,10,4,4,2,16,16,13,5,3,0,2,9,8,6,63,20,19,24,79,1.253968253968254,86,90,1.3650793650793651,1.4285714285714286,-4,32,10,9,13,49,47,31,10,10,11,37,43,10,5,2,3,17,15,12,5,3,0,2,9,8,4,0.11111111111111116,0.11111111111111116,0.06349206349206349,3,0,-1,0,1,63,63,86,79,0,2,2,away_win
1208278,2024,2025-02-22 15:00:00+00:00,57,Ipswich,47,Tottenham,25,3,8,14,17,0.68,23,50,0.92,2.0,-27,13,1,4,8,9,26,12,2,4,6,14,24,10,2,2,6,8,9,23,5,0,1,4,1,3,15,63,29,9,25,96,1.5238095238095237,123,98,1.9523809523809523,1.5555555555555556,25,32,18,2,12,66,50,31,11,7,13,57,48,10,3,1,6,10,18,18,5,2,0,3,6,7,7,-0.8438095238095237,-1.0323809523809522,0.4444444444444444,-52,-5,-2,-4,-9,25,63,17,96,1,4,2,away_win
1208282,2024,2025-02-22 15:00:00+00:00,41,Southampton,51,Brighton,25,2,3,20,9,0.36,19,57,0.76,2.28,-38,12,1,1,10,9,33,13,1,2,10,10,24,10,1,1,8,4,8,26,5,1,0,4,3,7,13,63,21,22,20,85,1.3492063492063493,93,100,1.4761904761904763,1.5873015873015872,-7,31,12,12,7,47,41,32,9,10,13,46,59,10,3,4,3,13,13,16,5,3,0,2,9,8,9,-0.9892063492063493,-0.7161904761904763,0.6926984126984126,-31,-6,-9,-1,-5,25,63,9,85,0,4,2,away_win
1208275,2024,2025-02-22 17:30:00+00:00,66,Aston Villa,49,Chelsea,64,30,17,17,107,1.671875,113,101,1.765625,1.578125,12,33,18,11,4,71,45,31,12,6,13,42,56,10,3,5,2,14,13,15,5,0,4,1,4,6,8,63,30,16,17,106,1.6825396825396826,124,97,1.9682539682539681,1.5396825396825398,27,31,17,8,6,66,41,32,13,8,11,58,56,10,3,3,4,12,12,16,5,2,1,2,7,8,10,-0.010664682539682557,-0.20262896825396814,0.038442460317460236,-15,-3,2,-2,1,64,63,107,106,2,1,1,home_win
1208281,2024,2025-02-23 14:00:00+00:00,34,Newcastle,65,Nottingham Forest,63,30,11,22,101,1.6031746031746033,127,95,2.015873015873016,1.507936507936508,32,31,18,6,7,69,36,32,12,5,15,58,59,10,7,0,3,21,23,12,5,2,0,3,6,8,11,63,23,14,26,83,1.3174603174603174,90,96,1.4285714285714286,1.5238095238095237,-6,31,12,8,11,49,40,32,11,6,15,41,56,10,7,1,2,22,22,11,5,2,1,2,7,12,10,0.2857142857142858,0.5873015873015872,-0.015873015873015817,38,-1,-1,-4,1,63,63,101,83,4,3,1,home_win
1208280,2024,2025-02-23 16:30:00+00:00,50,Manchester City,40,Liverpool,63,41,12,10,135,2.142857142857143,148,69,2.3492063492063493,1.0952380952380953,79,31,22,7,2,79,31,32,19,5,8,69,38,10,5,2,3,17,25,14,5,3,1,1,10,16,8,64,42,17,5,143,2.234375,148,67,2.3125,1.046875,81,31,24,5,2,75,27,33,18,12,3,73,40,10,6,4,0,22,25,10,5,3,2,0,11,12,6,-0.0915178571428572,0.0367063492063493,0.048363095238095344,-2,-1,-5,4,0,63,64,135,143,0,2,2,away_win
1208284,2024,2025-02-25 19:30:00+00:00,51,Brighton,35,Bournemouth,64,22,22,20,88,1.375,97,100,1.515625,1.5625,-3,31,12,12,7,47,41,33,10,10,13,50,59,10,4,4,2,16,16,13,5,3,0,2,9,10,9,64,25,16,23,91,1.421875,98,97,1.53125,1.515625,1,32,13,9,10,44,38,32,12,7,13,54,59,10,5,3,2,18,20,9,5,3,0,2,9,12,5,-0.046875,-0.015625,0.046875,-4,0,-2,-2,-4,64,64,88,91,2,1,1,home_win
1208288,2024,2025-02-25 19:30:00+00:00,39,Wolves,36,Fulham,64,19,11,34,68,1.0625,86,119,1.34375,1.859375,-33,31,11,4,16,42,54,33,8,7,18,44,65,10,4,1,5,13,12,14,5,2,0,3,6,5,6,64,23,17,24,86,1.34375,93,96,1.453125,1.5,-3,33,14,7,12,51,45,31,9,10,12,42,51,10,4,3,3,15,14,13,5,3,0,2,9,6,5,-0.28125,-0.109375,0.359375,-30,-3,-2,-1,-2,64,64,68,86,1,2,2,away_win
1208289,2024,2025-02-25 19:30:00+00:00,52,Crystal Palace,66,Aston Villa,64,21,19,24,82,1.28125,88,90,1.375,1.40625,-2,32,10,9,13,49,47,32,11,10,11,39,43,10,5,2,3,17,14,11,5,3,0,2,9,8,4,65,31,17,17,110,1.6923076923076923,115,102,1.7692307692307692,1.5692307692307692,13,34,19,11,4,73,46,31,12,6,13,42,56,10,3,5,2,14,13,15,5,1,3,1,6,6,7,-0.4110576923076923,-0.39423076923076916,-0.1629807692307692,-15,3,3,2,1,64,65,82,110,4,1,1,home_win
1208290,2024,2025-02-25 20:15:00+00:00,49,Chelsea,41,Southampton,64,30,16,18,106,1.65625,125,99,1.953125,1.546875,26,31,17,8,6,66,41,33,13,8,12,59,58,10,2,3,5,9,11,17,5,2,0,3,6,7,10,26,2,3,21,9,0.34615384615384615,19,61,0.7307692307692307,2.3461538461538463,-42,13,1,1,11,9,37,13,1,2,10,10,24,10,1,1,8,4,8,25,5,1,0,4,3,6,14,1.3100961538461537,1.2223557692307692,-0.7992788461538463,68,3,5,1,3,64,26,106,9,4,0,1,home_win
1208283,2024,2025-02-26 19:30:00+00:00,55,Brentford,45,Everton,64,21,13,30,76,1.1875,103,107,1.609375,1.671875,-4,32,12,9,11,58,59,32,9,4,19,45,48,10,4,2,4,14,15,12,5,3,0,2,9,7,5,64,20,19,25,79,1.234375,69,84,1.078125,1.3125,-15,33,12,10,11,42,35,31,8,9,14,27,49,10,4,3,3,15,15,12,5,3,2,0,11,11,5,-0.046875,0.53125,0.359375,11,-2,-1,-4,0,64,64,76,79,1,1,0,draw
1208285,2024,2025-02-26 19:30:00+00:00,65,Nottingham Forest,42,Arsenal,64,23,14,27,83,1.296875,93,100,1.453125,1.5625,-7,31,12,8,11,49,40,33,11,6,16,44,60,10,6,1,3,19,23,14,5,2,0,3,6,14,13,64,43,13,8,142,2.21875,142,52,2.21875,0.8125,90,32,23,6,3,75,27,32,20,7,5,67,25,10,7,2,1,23,22,8,5,3,1,1,10,10,4,-0.921875,-0.765625,0.75,-97,-4,-4,4,1,64,64,83,142,0,0,0,draw
1208286,2024,2025-02-26 19:30:00+00:00,47,Tottenham,50,Manchester City,64,30,9,25,99,1.546875,127,99,1.984375,1.546875,28,32,18,2,12,66,50,32,12,7,13,61,49,10,3,1,6,10,17,19,5,3,0,2,9,10,6,64,41,12,11,135,2.109375,148,71,2.3125,1.109375,77,32,22,7,3,79,33,32,19,5,8,69,38,10,5,2,3,17,24,14,5,3,0,2,9,14,8,-0.5625,-0.328125,0.4375,-49,0,-7,-4,-7,64,64,99,135,0,1,2,away_win
1208292,2024,2025-02-26 19:30:00+00:00,33,Manchester United,57,Ipswich,64,26,12,26,90,1.40625,87,95,1.359375,1.484375,-8,32,15,4,13,48,50,32,11,8,13,39,45,10,2,2,6,8,9,18,5,1,1,3,4,4,8,26,3,8,15,17,0.6538461538461539,24,54,0.9230769230769231,2.076923076923077,-30,14,1,4,9,10,30,12,2,4,6,14,24,10,1,2,7,5,8,26,5,0,1,4,1,4,17,0.7524038461538461,0.43629807692307687,-0.5925480769230771,22,3,3,0,1,64,26,90,17,3,2,1,home_win
1208291,2024,2025-02-26 20:15:00+00:00,40,Liverpool,34,Newcastle,65,43,17,5,146,2.246153846153846,150,67,2.3076923076923075,1.0307692307692307,83,31,24,5,2,75,27,34,19,12,3,75,40,10,6,4,0,22,24,9,5,3,2,0,11,10,5,64,31,11,22,104,1.625,131,98,2.046875,1.53125,33,32,19,6,7,73,39,32,12,5,15,58,59,10,7,0,3,21,23,15,5,2,0,3,6,9,14,0.6211538461538462,0.2608173076923075,-0.5004807692307693,50,5,1,1,1,65,64,146,104,2,0,1,home_win
1208287,2024,2025-02-27 20:00:00+00:00,48,West Ham,46,Leicester,64,22,16,26,82,1.28125,90,121,1.40625,1.890625,-31,32,11,10,11,47,55,32,11,6,15,43,66,10,3,2,5,11,9,18,5,1,1,3,4,3,6,26,4,5,17,17,0.6538461538461539,25,59,0.9615384615384616,2.269230769230769,-34,14,2,3,9,11,27,12,2,2,8,14,32,10,1,0,9,3,4,25,5,1,0,4,3,2,13,0.6274038461538461,0.44471153846153844,-0.37860576923076916,3,1,8,1,5,64,26,82,17,2,0,1,home_win
1208299,2024,2025-03-08 12:30:00+00:00,65,Nottingham Forest,50,Manchester City,65,23,15,27,84,1.2923076923076924,93,100,1.4307692307692308,1.5384615384615385,-7,32,12,9,11,49,40,33,11,6,16,44,60,10,5,2,3,17,21,14,5,1,1,3,4,11,11,65,42,12,11,138,2.123076923076923,149,71,2.292307692307692,1.0923076923076922,78,32,22,7,3,79,33,33,20,5,8,70,38,10,6,2,2,20,24,12,5,3,0,2,9,9,8,-0.8307692307692307,-0.8615384615384614,0.44615384615384635,-85,-5,-3,2,-3,65,65,84,138,1,0,1,home_win
1208294,2024,2025-03-08 15:00:00+00:00,51,Brighton,36,Fulham,65,23,22,20,91,1.4,99,101,1.523076923076923,1.5538461538461539,-2,32,13,12,7,49,42,33,10,10,13,50,59,10,5,3,2,18,17,13,5,3,0,2,9,9,9,65,24,17,24,89,1.3692307692307693,95,97,1.4615384615384615,1.4923076923076923,-2,33,14,7,12,51,45,32,10,10,12,44,52,10,5,2,3,17,16,14,5,3,0,2,9,6,6,0.03076923076923066,0.06153846153846154,0.06153846153846154,0,0,1,3,1,65,65,91,89,2,1,1,home_win
1208296,2024,2025-03-08 15:00:00+00:00,52,Crystal Palace,57,Ipswich,65,22,19,24,85,1.3076923076923077,92,91,1.4153846153846155,1.4,1,33,11,9,13,53,48,32,11,10,11,39,43,10,6,2,2,20,17,7,5,3,0,2,9,10,5,27,3,8,16,17,0.6296296296296297,26,57,0.9629629629629629,2.111111111111111,-31,14,1,4,9,10,30,13,2,4,7,16,27,10,1,2,7,5,10,25,5,0,1,4,1,6,14,0.6780626780626781,0.45242165242165255,-0.7111111111111112,32,8,15,4,7,65,27,85,17,1,0,1,home_win
1208297,2024,2025-03-08 15:00:00+00:00,40,Liverpool,41,Southampton,66,44,17,5,149,2.257575757575758,152,67,2.303030303030303,1.0151515151515151,85,32,25,5,2,77,27,34,19,12,3,75,40,10,6,4,0,22,21,9,5,3,2,0,11,10,5,27,2,3,22,9,0.3333333333333333,19,65,0.7037037037037037,2.4074074074074074,-46,13,1,1,11,9,37,14,1,2,11,10,28,10,1,0,9,3,8,29,5,1,0,4,3,4,15,1.9242424242424245,1.5993265993265995,-1.3922558922558923,131,8,19,6,13,66,27,149,9,3,1,1,home_win
1208293,2024,2025-03-08 17:30:00+00:00,55,Brentford,66,Aston Villa,65,21,14,30,77,1.1846153846153846,104,108,1.6,1.6615384615384616,-4,33,12,10,11,59,60,32,9,4,19,45,48,10,4,3,3,15,16,11,5,3,1,1,10,8,4,66,31,17,18,110,1.6666666666666667,116,106,1.7575757575757576,1.606060606060606,10,34,19,11,4,73,46,32,12,6,14,43,60,10,3,5,2,14,14,16,5,1,2,2,5,6,10,-0.4820512820512821,-0.15757575757575748,0.055477855477855664,-14,5,1,2,2,65,66,77,110,0,1,2,away_win
1208302,2024,2025-03-08 20:00:00+00:00,39,Wolves,45,Everton,65,19,11,35,68,1.0461538461538462,87,121,1.3384615384615384,1.8615384615384616,-34,32,11,4,17,43,56,33,8,7,18,44,65,10,3,1,6,10,10,16,5,2,0,3,6,5,5,65,20,20,25,80,1.2307692307692308,70,85,1.0769230769230769,1.3076923076923077,-15,33,12,10,11,42,35,32,8,10,14,28,50,10,4,3,3,15,15,12,5,2,3,0,9,11,6,-0.18461538461538463,0.2615384615384615,0.5538461538461539,-19,-3,-5,-6,-5,65,65,68,80,1,1,0,draw
1208295,2024,2025-03-09 14:00:00+00:00,49,Chelsea,46,Leicester,65,31,16,18,109,1.676923076923077,129,99,1.9846153846153847,1.523076923076923,30,32,18,8,6,70,41,33,13,8,12,59,58,10,3,2,5,11,15,17,5,2,0,3,6,8,9,27,4,5,18,17,0.6296296296296297,25,61,0.9259259259259259,2.259259259259259,-36,14,2,3,9,11,27,13,2,2,9,14,34,10,1,0,9,3,4,24,5,1,0,4,3,2,13,1.0472934472934474,1.0586894586894586,-0.7361823361823361,66,3,8,6,11,65,27,109,17,1,0,1,home_win
1208300,2024,2025-03-09 14:00:00+00:00,47,Tottenham,35,Bournemouth,65,30,9,26,99,1.523076923076923,127,100,1.9538461538461538,1.5384615384615385,27,33,18,2,13,66,51,32,12,7,13,61,49,10,3,1,6,10,14,14,5,3,0,2,9,8,4,65,25,16,24,91,1.4,99,99,1.523076923076923,1.523076923076923,0,32,13,9,10,44,38,33,12,7,14,55,61,10,4,3,3,15,18,11,5,2,0,3,6,9,6,0.12307692307692308,0.4307692307692308,0.015384615384615552,27,3,-5,-1,-4,65,65,99,91,2,2,0,draw
1208298,2024,2025-03-09 16:30:00+00:00,33,Manchester United,42,Arsenal,65,27,12,26,93,1.4307692307692308,90,97,1.3846153846153846,1.4923076923076923,-7,33,16,4,13,51,52,32,11,8,13,39,45,10,3,2,5,11,12,17,5,2,1,2,7,6,7,65,43,14,8,143,2.2,142,52,2.1846153846153844,0.8,90,32,23,6,3,75,27,33,20,8,5,67,25,10,6,3,1,21,17,7,5,3,1,1,10,8,2,-0.7692307692307694,-0.7999999999999998,0.6923076923076923,-97,-3,-10,-2,-5,65,65,93,143,1,1,0,draw
1208301,2024,2025-03-10 20:00:00+00:00,48,West Ham,34,Newcastle,65,23,16,26,85,1.3076923076923077,92,121,1.4153846153846155,1.8615384615384616,-29,33,12,10,11,49,55,32,11,6,15,43,66,10,4,1,5,13,10,17,5,2,1,2,7,5,4,65,31,11,23,104,1.6,131,100,2.0153846153846153,1.5384615384615385,31,32,19,6,7,73,39,33,12,5,16,58,61,10,6,0,4,18,19,17,5,2,0,3,6,8,12,-0.2923076923076924,-0.5999999999999999,0.32307692307692304,-60,1,-5,-3,-9,65,65,85,104,0,1,2,away_win
1208306,2024,2025-03-15 15:00:00+00:00,45,Everton,48,West Ham,66,20,21,25,81,1.2272727272727273,71,86,1.0757575757575757,1.303030303030303,-15,33,12,10,11,42,35,33,8,11,14,29,51,10,4,4,2,16,16,11,5,1,4,0,7,8,7,66,23,16,27,85,1.2878787878787878,92,122,1.393939393939394,1.8484848484848484,-30,34,12,10,12,49,56,32,11,6,15,43,66,10,3,1,6,10,9,18,5,2,0,3,6,4,4,-0.06060606060606055,-0.31818181818181834,-0.5454545454545454,15,1,6,4,7,66,66,81,85,1,1,0,draw
1208308,2024,2025-03-15 15:00:00+00:00,57,Ipswich,65,Nottingham Forest,28,3,8,17,17,0.6071428571428571,26,58,0.9285714285714286,2.0714285714285716,-32,14,1,4,9,10,30,14,2,4,8,16,28,10,1,2,7,5,10,25,5,0,1,4,1,5,11,66,24,15,27,87,1.3181818181818181,94,100,1.4242424242424243,1.5151515151515151,-6,33,13,9,11,50,40,33,11,6,16,44,60,10,5,2,3,17,21,14,5,2,1,2,7,12,6,-0.711038961038961,-0.4956709956709957,0.5562770562770565,-26,-6,-12,-7,-11,28,66,17,87,2,4,2,away_win
1208310,2024,2025-03-15 15:00:00+00:00,50,Manchester City,51,Brighton,66,42,12,12,138,2.090909090909091,149,72,2.257575757575758,1.0909090909090908,77,32,22,7,3,79,33,34,20,5,9,70,39,10,6,1,3,19,23,12,5,2,0,3,6,6,8,66,24,22,20,94,1.4242424242424243,101,102,1.5303030303030303,1.5454545454545454,-1,33,14,12,7,51,43,33,10,10,13,50,59,10,6,2,2,20,19,14,5,4,0,1,12,11,9,0.6666666666666665,0.7272727272727275,-0.4545454545454546,78,-6,-1,-5,4,66,66,138,94,2,2,0,draw
1208312,2024,2025-03-15 15:00:00+00:00,41,Southampton,39,Wolves,28,2,3,23,9,0.32142857142857145,20,68,0.7142857142857143,2.4285714285714284,-48,13,1,1,11,9,37,15,1,2,12,11,31,10,1,0,9,3,9,31,5,1,0,4,3,4,15,66,19,12,35,69,1.0454545454545454,88,122,1.3333333333333333,1.8484848484848484,-34,33,11,5,17,44,57,33,8,7,18,44,65,10,2,2,6,8,9,17,5,2,1,2,7,6,5,-0.724025974025974,-0.619047619047619,0.58008658008658,-14,-4,-5,-2,0,28,66,9,69,1,2,2,away_win
1208303,2024,2025-03-15 17:30:00+00:00,35,Bournemouth,55,Brentford,66,25,17,24,92,1.393939393939394,101,101,1.5303030303030303,1.5303030303030303,0,32,13,9,10,44,38,34,12,8,14,57,63,10,4,3,3,15,20,13,5,1,1,3,4,6,8,66,21,14,31,77,1.1666666666666667,104,109,1.5757575757575757,1.6515151515151516,-5,34,12,10,12,59,61,32,9,4,19,45,48,10,4,2,4,14,16,12,5,2,1,2,7,6,4,0.2272727272727273,-0.045454545454545414,-0.12121212121212133,5,-3,1,0,4,66,66,92,77,1,2,2,away_win
1208304,2024,2025-03-16 13:30:00+00:00,42,Arsenal,49,Chelsea,66,43,15,8,144,2.1818181818181817,143,53,2.1666666666666665,0.803030303030303,90,32,23,6,3,75,27,34,20,9,5,68,26,10,5,4,1,19,17,8,5,2,2,1,8,8,3,66,32,16,18,112,1.696969696969697,130,99,1.9696969696969697,1.5,31,33,19,8,6,71,41,33,13,8,12,59,58,10,4,2,4,14,15,15,5,3,0,2,9,8,6,0.48484848484848464,0.1969696969696968,-0.696969696969697,59,-1,5,0,2,66,66,144,112,1,0,1,home_win
1208307,2024,2025-03-16 13:30:00+00:00,36,Fulham,47,Tottenham,66,24,17,25,89,1.3484848484848484,96,99,1.4545454545454546,1.5,-3,33,14,7,12,51,45,33,10,10,13,45,54,10,4,2,4,14,15,15,5,3,0,2,9,7,7,66,30,10,26,100,1.5151515151515151,129,102,1.9545454545454546,1.5454545454545454,27,34,18,3,13,68,53,32,12,7,13,61,49,10,3,2,5,11,16,15,5,3,1,1,10,9,4,-0.16666666666666674,-0.5,-0.045454545454545414,-30,-1,3,-2,-1,66,66,89,100,2,0,1,home_win
1208309,2024,2025-03-16 19:00:00+00:00,46,Leicester,33,Manchester United,28,4,5,19,17,0.6071428571428571,25,62,0.8928571428571429,2.2142857142857144,-37,14,2,3,9,11,27,14,2,2,10,14,35,10,1,0,9,3,3,22,5,0,0,5,0,0,13,66,27,13,26,94,1.4242424242424243,91,98,1.378787878787879,1.4848484848484849,-7,34,16,5,13,52,53,32,11,8,13,39,45,10,3,3,4,12,13,16,5,1,2,2,5,6,8,-0.8170995670995672,-0.485930735930736,0.7294372294372296,-30,-5,-9,-6,-10,28,66,17,94,0,3,2,away_win
1208314,2024,2025-04-01 18:45:00+00:00,42,Arsenal,36,Fulham,67,44,15,8,147,2.1940298507462686,144,53,2.1492537313432836,0.7910447761194029,91,33,24,6,3,76,27,34,20,9,5,68,26,10,5,4,1,19,15,7,5,2,2,1,8,4,2,67,25,17,25,92,1.373134328358209,98,99,1.462686567164179,1.4776119402985075,-1,34,15,7,12,53,45,33,10,10,13,45,54,10,5,1,4,16,15,13,5,3,0,2,9,7,6,0.8208955223880596,0.6865671641791045,-0.6865671641791046,92,-1,3,-3,0,67,67,147,92,2,1,1,home_win
1208317,2024,2025-04-01 18:45:00+00:00,39,Wolves,48,West Ham,67,20,12,35,72,1.0746268656716418,90,123,1.3432835820895523,1.835820895522388,-33,33,11,5,17,44,57,34,9,7,18,46,66,10,3,1,6,10,9,16,5,2,1,2,7,6,6,67,23,17,27,86,1.2835820895522387,93,123,1.3880597014925373,1.835820895522388,-30,34,12,10,12,49,56,33,11,7,15,44,67,10,3,2,5,11,10,14,5,2,1,2,7,4,3,-0.20895522388059695,-0.04477611940298498,0.0,-3,0,-1,2,-1,67,67,72,86,1,0,1,home_win
1208316,2024,2025-04-01 19:00:00+00:00,65,Nottingham Forest,33,Manchester United,67,25,15,27,90,1.3432835820895523,98,102,1.462686567164179,1.5223880597014925,-4,33,13,9,11,50,40,34,12,6,16,48,62,10,5,2,3,17,23,16,5,2,1,2,7,9,8,67,28,13,26,97,1.4477611940298507,94,98,1.4029850746268657,1.462686567164179,-4,34,16,5,13,52,53,33,12,8,13,42,45,10,4,3,3,15,16,14,5,2,2,1,8,9,6,-0.10447761194029836,0.05970149253731338,0.05970149253731338,0,-1,2,0,7,67,67,90,97,1,0,1,home_win
1208313,2024,2025-04-02 18:45:00+00:00,35,Bournemouth,57,Ipswich,67,25,17,25,92,1.373134328358209,102,103,1.5223880597014925,1.537313432835821,-1,33,13,9,11,45,40,34,12,8,14,57,63,10,4,2,4,14,19,13,5,1,1,3,4,7,8,29,3,8,18,17,0.5862068965517241,28,62,0.9655172413793104,2.1379310344827585,-34,15,1,4,10,12,34,14,2,4,8,16,28,10,0,2,8,2,10,29,5,0,1,4,1,6,13,0.7869274318064848,0.5568708183221821,-0.6006176016469376,33,3,12,1,9,67,29,92,17,1,2,2,away_win
1208315,2024,2025-04-02 18:45:00+00:00,51,Brighton,66,Aston Villa,67,24,23,20,95,1.4179104477611941,103,104,1.537313432835821,1.5522388059701493,-1,33,14,12,7,51,43,34,10,11,13,52,61,10,6,2,2,20,19,14,5,4,1,0,13,13,4,67,32,17,18,113,1.6865671641791045,117,106,1.7462686567164178,1.5820895522388059,11,34,19,11,4,73,46,33,13,6,14,44,60,10,4,4,2,16,13,14,5,2,2,1,8,7,8,-0.26865671641791034,-0.20895522388059695,-0.02985074626865658,-12,5,4,6,6,67,67,95,113,0,3,2,away_win
1208319,2024,2025-04-02 18:45:00+00:00,50,Manchester City,46,Leicester,67,42,13,12,139,2.074626865671642,151,74,2.253731343283582,1.1044776119402986,77,33,22,8,3,81,35,34,20,5,9,70,39,10,5,2,3,17,23,14,5,2,1,2,7,7,5,29,4,5,20,17,0.5862068965517241,25,65,0.8620689655172413,2.2413793103448274,-40,15,2,3,10,11,30,14,2,2,10,14,35,10,1,0,9,3,3,23,5,0,0,5,0,0,12,1.4884199691199176,1.3916623777663408,-1.1369016984045288,117,7,14,7,20,67,29,139,17,2,0,1,home_win
1208320,2024,2025-04-02 18:45:00+00:00,34,Newcastle,55,Brentford,66,32,11,23,107,1.621212121212121,132,100,2.0,1.5151515151515151,32,32,19,6,7,73,39,34,13,5,16,59,61,10,6,0,4,18,17,17,5,2,0,3,6,6,11,67,22,14,31,80,1.1940298507462686,106,110,1.5820895522388059,1.6417910447761195,-4,34,12,10,12,59,61,33,10,4,19,47,49,10,5,2,3,17,17,10,5,3,1,1,10,8,3,0.42718227046585255,0.4179104477611941,-0.12663952962460434,36,-4,1,-2,0,66,67,107,80,2,1,1,home_win
1208321,2024,2025-04-02 18:45:00+00:00,41,Southampton,52,Crystal Palace,29,2,3,24,9,0.3103448275862069,21,70,0.7241379310344828,2.413793103448276,-49,14,1,1,12,10,39,15,1,2,12,11,31,10,1,0,9,3,9,31,5,0,0,5,0,3,16,66,23,19,24,88,1.3333333333333333,93,91,1.4090909090909092,1.378787878787879,2,34,12,9,13,54,48,32,11,10,11,39,43,10,7,1,2,22,18,7,5,4,0,1,12,10,3,-1.0229885057471264,-0.6849529780564264,1.035005224660397,-51,-12,-19,-7,-9,29,66,9,88,1,1,0,draw
1208322,2024,2025-04-02 19:00:00+00:00,40,Liverpool,45,Everton,67,45,17,5,152,2.2686567164179103,155,68,2.3134328358208953,1.0149253731343284,87,33,26,5,2,80,28,34,19,12,3,75,40,10,7,3,0,24,22,8,5,4,1,0,13,11,4,67,20,22,25,82,1.2238805970149254,72,87,1.0746268656716418,1.2985074626865671,-15,34,12,11,11,43,36,33,8,11,14,29,51,10,4,5,1,17,17,11,5,1,4,0,7,7,6,1.044776119402985,1.2388059701492535,-0.28358208955223874,102,6,7,4,5,67,67,152,82,1,0,1,home_win
1208318,2024,2025-04-03 19:00:00+00:00,49,Chelsea,47,Tottenham,67,32,16,19,112,1.671641791044776,130,100,1.9402985074626866,1.492537313432836,30,33,19,8,6,71,41,34,13,8,13,59,59,10,4,2,4,14,15,14,5,2,0,3,6,6,6,67,30,10,27,100,1.492537313432836,129,104,1.9253731343283582,1.5522388059701493,25,34,18,3,13,68,53,33,12,7,14,61,51,10,3,1,6,10,14,15,5,2,1,2,7,7,6,0.17910447761194015,0.014925373134328401,-0.05970149253731338,5,-1,4,-1,1,67,67,112,100,1,0,1,home_win
1208326,2024,2025-04-05 11:30:00+00:00,45,Everton,42,Arsenal,68,20,22,26,82,1.2058823529411764,72,88,1.0588235294117647,1.2941176470588236,-16,34,12,11,11,43,36,34,8,11,15,29,52,10,4,5,1,17,17,11,5,0,4,1,4,5,6,68,45,15,8,150,2.2058823529411766,146,54,2.1470588235294117,0.7941176470588235,92,34,25,6,3,78,28,34,20,9,5,68,26,10,6,3,1,21,16,7,5,2,2,1,8,4,3,-1.0000000000000002,-1.088235294117647,0.5000000000000001,-108,-4,-4,1,1,68,68,82,150,1,1,0,draw
1208325,2024,2025-04-05 14:00:00+00:00,52,Crystal Palace,51,Brighton,67,23,20,24,89,1.328358208955224,94,92,1.4029850746268657,1.373134328358209,2,34,12,9,13,54,48,33,11,11,11,40,44,10,6,2,2,20,17,7,5,3,1,1,10,9,4,68,24,23,21,95,1.3970588235294117,103,107,1.5147058823529411,1.5735294117647058,-4,34,14,12,8,51,46,34,10,11,13,52,61,10,6,1,3,19,18,16,5,3,1,1,10,10,7,-0.06870061457418775,-0.1117208077260754,-0.20039508340649692,6,0,1,-1,-1,67,68,89,95,2,1,1,home_win
1208328,2024,2025-04-05 14:00:00+00:00,57,Ipswich,39,Wolves,30,4,8,18,20,0.6666666666666666,30,63,1.0,2.1,-33,15,1,4,10,12,34,15,3,4,8,18,29,10,1,1,8,4,10,28,5,1,0,4,3,7,13,68,21,12,35,75,1.1029411764705883,91,123,1.338235294117647,1.8088235294117647,-32,34,12,5,17,45,57,34,9,7,18,46,66,10,4,1,5,13,10,13,5,3,1,1,10,6,4,-0.4362745098039217,-0.33823529411764697,0.29117647058823537,-1,-7,-9,1,0,30,68,20,75,1,2,2,away_win
1208332,2024,2025-04-05 14:00:00+00:00,48,West Ham,35,Bournemouth,68,23,17,28,86,1.2647058823529411,93,124,1.3676470588235294,1.8235294117647058,-31,34,12,10,12,49,56,34,11,7,16,44,68,10,3,2,5,11,9,11,5,2,1,2,7,4,3,68,25,17,26,92,1.3529411764705883,103,105,1.5147058823529411,1.5441176470588236,-2,34,13,9,12,46,42,34,12,8,14,57,63,10,3,2,5,11,19,15,5,0,1,4,1,5,9,-0.08823529411764719,-0.1470588235294117,0.27941176470588225,-29,6,0,-1,-10,68,68,86,92,2,2,0,draw
1208323,2024,2025-04-05 16:30:00+00:00,66,Aston Villa,65,Nottingham Forest,68,33,17,18,116,1.7058823529411764,120,106,1.7647058823529411,1.5588235294117647,14,34,19,11,4,73,46,34,14,6,14,47,60,10,4,4,2,16,14,13,5,3,1,1,10,9,7,68,26,15,27,93,1.3676470588235294,99,102,1.4558823529411764,1.5,-3,34,14,9,11,51,40,34,12,6,16,48,62,10,5,2,3,17,21,16,5,3,1,1,10,9,6,0.33823529411764697,0.3088235294117647,0.05882352941176472,17,0,-1,0,-7,68,68,116,93,2,1,1,home_win
1208324,2024,2025-04-06 13:00:00+00:00,55,Brentford,49,Chelsea,68,22,14,32,80,1.1764705882352942,107,112,1.5735294117647058,1.6470588235294117,-5,34,12,10,12,59,61,34,10,4,20,48,51,10,4,2,4,14,13,12,5,2,1,2,7,8,5,68,33,16,19,115,1.6911764705882353,131,100,1.9264705882352942,1.4705882352941178,31,34,20,8,6,72,41,34,13,8,13,59,59,10,5,1,4,16,15,13,5,3,0,2,9,7,3,-0.5147058823529411,-0.3529411764705883,0.17647058823529393,-36,-2,-2,1,-2,68,68,80,115,0,0,0,draw
1208327,2024,2025-04-06 13:00:00+00:00,36,Fulham,40,Liverpool,68,25,17,26,92,1.3529411764705883,99,101,1.4558823529411764,1.4852941176470589,-2,34,15,7,12,53,45,34,10,10,14,46,56,10,5,0,5,15,14,13,5,2,0,3,6,6,7,68,46,17,5,155,2.2794117647058822,156,68,2.2941176470588234,1.0,88,34,27,5,2,81,28,34,19,12,3,75,40,10,8,2,0,26,22,7,5,4,1,0,13,10,3,-0.9264705882352939,-0.838235294117647,0.4852941176470589,-90,-7,-11,-4,-8,68,68,92,155,3,2,1,home_win
1208331,2024,2025-04-06 13:00:00+00:00,47,Tottenham,41,Southampton,68,30,10,28,100,1.4705882352941178,129,105,1.8970588235294117,1.5441176470588236,24,34,18,3,13,68,53,34,12,7,15,61,52,10,3,1,6,10,13,14,5,1,1,3,4,6,7,30,2,4,24,10,0.3333333333333333,22,71,0.7333333333333333,2.3666666666666667,-49,15,1,2,12,11,40,15,1,2,12,11,31,10,1,1,8,4,10,27,5,0,1,4,1,3,14,1.1372549019607845,1.1637254901960783,-0.8225490196078431,73,3,6,3,3,68,30,100,10,3,1,1,home_win
1208330,2024,2025-04-06 15:30:00+00:00,33,Manchester United,50,Manchester City,68,28,13,27,97,1.4264705882352942,94,99,1.3823529411764706,1.4558823529411764,-5,34,16,5,13,52,53,34,12,8,14,42,46,10,4,2,4,14,14,13,5,2,2,1,8,9,6,68,43,13,12,142,2.088235294117647,153,74,2.25,1.088235294117647,79,34,23,8,3,83,35,34,20,5,9,70,39,10,5,2,3,17,21,13,5,2,1,2,7,5,5,-0.661764705882353,-0.8676470588235294,0.36764705882352944,-84,1,-3,4,-7,68,68,97,142,0,0,0,draw
1208329,2024,2025-04-07 19:00:00+00:00,46,Leicester,34,Newcastle,30,4,5,21,17,0.5666666666666667,25,67,0.8333333333333334,2.2333333333333334,-42,15,2,3,10,11,30,15,2,2,11,14,37,10,1,0,9,3,2,23,5,0,0,5,0,0,12,67,33,11,23,110,1.6417910447761195,134,101,2.0,1.507462686567164,33,33,20,6,7,75,40,34,13,5,16,59,61,10,6,0,4,18,17,18,5,3,0,2,9,7,10,-1.0751243781094528,-1.1666666666666665,0.7258706467661693,-75,-9,-15,-7,-15,30,67,17,110,0,3,2,away_win
1208338,2024,2025-04-12 11:30:00+00:00,50,Manchester City,52,Crystal Palace,69,43,14,12,143,2.072463768115942,153,74,2.217391304347826,1.0724637681159421,79,34,23,8,3,83,35,35,20,6,9,70,39,10,5,2,3,17,19,11,5,2,2,1,8,5,3,68,24,20,24,92,1.3529411764705883,96,93,1.411764705882353,1.3676470588235294,3,35,13,9,13,56,49,33,11,11,11,40,44,10,7,1,2,22,18,7,5,4,1,0,13,10,3,0.7195225916453536,0.8056265984654731,-0.2951832907075873,76,-5,-5,-5,1,69,68,143,92,5,2,1,home_win
1208335,2024,2025-04-12 14:00:00+00:00,51,Brighton,46,Leicester,69,24,23,22,95,1.3768115942028984,104,109,1.5072463768115942,1.5797101449275361,-5,34,14,12,8,51,46,35,10,11,14,53,63,10,5,1,4,16,17,18,5,2,1,2,7,7,9,31,4,5,22,17,0.5483870967741935,25,70,0.8064516129032258,2.2580645161290325,-45,16,2,3,11,11,33,15,2,2,11,14,37,10,1,0,9,3,2,24,5,0,0,5,0,0,11,0.8284244974287049,0.7007947639083685,-0.6783543712014963,40,7,13,7,15,69,31,95,17,2,2,0,draw
1208340,2024,2025-04-12 14:00:00+00:00,65,Nottingham Forest,45,Everton,69,26,15,28,93,1.3478260869565217,100,104,1.4492753623188406,1.5072463768115942,-4,34,14,9,11,51,40,35,12,6,17,49,64,10,5,1,4,16,21,17,5,3,1,1,10,7,4,69,20,23,26,83,1.2028985507246377,73,89,1.0579710144927537,1.289855072463768,-16,35,12,12,11,44,37,34,8,11,15,29,52,10,3,6,1,15,15,10,5,0,4,1,4,4,5,0.14492753623188404,0.3913043478260869,0.21739130434782616,12,6,1,3,6,69,69,93,83,0,1,2,away_win
1208341,2024,2025-04-12 14:00:00+00:00,41,Southampton,66,Aston Villa,31,2,4,25,10,0.3225806451612903,23,74,0.7419354838709677,2.3870967741935485,-51,15,1,2,12,11,40,16,1,2,13,12,34,10,1,1,8,4,10,27,5,0,1,4,1,4,13,69,34,17,18,119,1.7246376811594204,122,107,1.7681159420289856,1.5507246376811594,15,35,20,11,4,75,47,34,14,6,14,47,60,10,4,4,2,16,15,14,5,4,0,1,12,9,6,-1.4020570359981301,-1.0261804581580178,0.8363721365123891,-66,-11,-12,-5,-5,31,69,10,119,0,3,2,away_win
1208334,2024,2025-04-12 16:30:00+00:00,42,Arsenal,55,Brentford,69,45,16,8,151,2.1884057971014492,147,55,2.130434782608696,0.7971014492753623,92,34,25,6,3,78,28,35,20,10,5,69,27,10,5,4,1,19,15,7,5,2,3,0,9,5,3,69,22,15,32,81,1.173913043478261,107,112,1.5507246376811594,1.6231884057971016,-5,35,12,11,12,59,61,34,10,4,20,48,51,10,4,2,4,14,11,10,5,1,2,2,5,4,5,1.0144927536231882,0.5797101449275364,-0.8260869565217392,97,4,5,1,4,69,69,151,81,1,1,0,draw
1208336,2024,2025-04-13 13:00:00+00:00,49,Chelsea,57,Ipswich,69,33,17,19,116,1.681159420289855,131,100,1.8985507246376812,1.4492753623188406,31,34,20,8,6,72,41,35,13,9,13,59,59,10,5,1,4,16,13,11,5,3,1,1,10,6,1,31,4,8,19,20,0.6451612903225806,31,65,1.0,2.096774193548387,-34,16,1,4,11,13,36,15,3,4,8,18,29,10,1,1,8,4,11,28,5,1,0,4,3,7,11,1.0359981299672745,0.8985507246376812,-0.6474988312295464,65,7,12,-1,2,69,31,116,20,2,2,0,draw
1208337,2024,2025-04-13 13:00:00+00:00,40,Liverpool,48,West Ham,69,46,17,6,155,2.246376811594203,158,71,2.289855072463768,1.0289855072463767,87,34,27,5,2,81,28,35,19,12,4,77,43,10,7,2,1,23,22,10,5,4,0,1,12,10,4,69,23,18,28,87,1.2608695652173914,95,126,1.3768115942028984,1.826086956521739,-31,35,12,11,12,51,58,34,11,7,16,44,68,10,2,3,5,9,8,11,5,1,2,2,5,5,5,0.9855072463768118,0.9130434782608696,-0.7971014492753623,118,7,14,5,14,69,69,155,87,2,1,1,home_win
1208342,2024,2025-04-13 13:00:00+00:00,39,Wolves,47,Tottenham,69,22,12,35,78,1.1304347826086956,93,124,1.3478260869565217,1.7971014492753623,-31,34,12,5,17,45,57,35,10,7,18,48,67,10,5,1,4,16,12,11,5,3,1,1,10,7,5,69,31,10,28,103,1.4927536231884058,132,106,1.9130434782608696,1.536231884057971,26,35,19,3,13,71,54,34,12,7,15,61,52,10,4,1,5,13,15,13,5,1,1,3,4,5,7,-0.3623188405797102,-0.5652173913043479,0.26086956521739135,-57,6,3,2,-3,69,69,78,103,4,2,1,home_win
1208339,2024,2025-04-13 15:30:00+00:00,34,Newcastle,33,Manchester United,68,34,11,23,113,1.661764705882353,137,101,2.014705882352941,1.4852941176470589,36,33,20,6,7,75,40,35,14,5,16,62,61,10,6,0,4,18,18,17,5,4,0,1,12,10,6,69,28,14,27,98,1.4202898550724639,94,99,1.3623188405797102,1.434782608695652,-5,35,16,6,13,52,53,34,12,8,14,42,46,10,3,3,4,12,11,12,5,2,2,1,8,7,4,0.24147485080988917,0.6523870417732309,0.05051150895140677,41,4,6,3,7,68,69,113,98,4,1,1,home_win
1208333,2024,2025-04-14 19:00:00+00:00,35,Bournemouth,36,Fulham,69,25,18,26,93,1.3478260869565217,105,107,1.5217391304347827,1.5507246376811594,-2,34,13,9,12,46,42,35,12,9,14,59,65,10,3,2,5,11,19,15,5,0,2,3,2,7,10,69,26,17,26,95,1.3768115942028984,102,103,1.4782608695652173,1.4927536231884058,-1,35,16,7,12,56,47,34,10,10,14,46,56,10,6,0,4,18,15,12,5,3,0,2,9,9,7,-0.02898550724637672,0.04347826086956541,0.05797101449275366,-1,-7,-7,-2,4,69,69,93,95,1,0,1,home_win
1208311,2024,2025-04-16 18:30:00+00:00,34,Newcastle,52,Crystal Palace,69,35,11,23,116,1.681159420289855,141,102,2.0434782608695654,1.4782608695652173,39,34,21,6,7,79,41,35,14,5,16,62,61,10,6,0,4,18,19,18,5,4,0,1,12,10,4,69,24,20,25,92,1.3333333333333333,98,98,1.4202898550724639,1.4202898550724639,0,35,13,9,13,56,49,34,11,11,12,42,49,10,6,1,3,19,18,12,5,3,1,1,10,10,8,0.34782608695652173,0.6231884057971016,0.05797101449275344,39,2,-1,0,1,69,69,116,92,5,0,1,home_win
1208344,2024,2025-04-19 14:00:00+00:00,55,Brentford,51,Brighton,70,22,16,32,82,1.1714285714285715,108,113,1.542857142857143,1.6142857142857143,-5,35,12,11,12,59,61,35,10,5,20,49,52,10,4,3,3,15,12,9,5,1,2,2,5,4,5,70,24,24,22,96,1.3714285714285714,106,111,1.5142857142857142,1.5857142857142856,-5,35,14,13,8,53,48,35,10,11,14,53,63,10,4,2,4,14,16,19,5,1,2,2,5,7,10,-0.19999999999999996,0.028571428571428692,0.028571428571428692,0,0,1,-3,-4,70,70,82,96,4,2,1,home_win
1208345,2024,2025-04-19 14:00:00+00:00,52,Crystal Palace,35,Bournemouth,70,24,20,26,92,1.3142857142857143,98,103,1.4,1.4714285714285715,-5,35,13,9,13,56,49,35,11,11,13,42,54,10,5,1,4,16,16,17,5,2,1,2,7,6,12,70,26,18,26,96,1.3714285714285714,106,107,1.5142857142857142,1.5285714285714285,-1,35,14,9,12,47,42,35,12,9,14,59,65,10,3,2,5,11,16,14,5,1,2,2,5,7,8,-0.05714285714285716,-0.11428571428571432,-0.05714285714285694,-4,2,5,-1,0,70,70,92,96,0,0,0,draw
1208346,2024,2025-04-19 14:00:00+00:00,45,Everton,50,Manchester City,70,21,23,26,86,1.2285714285714286,74,89,1.0571428571428572,1.2714285714285714,-15,35,12,12,11,44,37,35,9,11,15,30,52,10,3,6,1,15,15,10,5,1,3,1,6,4,4,70,44,14,12,146,2.085714285714286,158,76,2.257142857142857,1.0857142857142856,82,35,24,8,3,88,37,35,20,6,9,70,39,10,5,2,3,17,18,13,5,2,2,1,8,9,5,-0.8571428571428572,-1.2,0.18571428571428572,-97,-2,-2,-5,-3,70,70,86,146,0,2,2,away_win
1208352,2024,2025-04-19 14:00:00+00:00,48,West Ham,41,Southampton,70,23,18,29,87,1.2428571428571429,96,128,1.3714285714285714,1.8285714285714285,-32,35,12,11,12,51,58,35,11,7,17,45,70,10,2,3,5,9,9,11,5,0,2,3,2,4,7,32,2,4,26,10,0.3125,23,77,0.71875,2.40625,-54,16,1,2,13,11,43,16,1,2,13,12,34,10,1,1,8,4,8,27,5,0,1,4,1,4,12,0.9303571428571429,0.6526785714285714,-0.5776785714285715,22,1,5,0,1,70,32,87,10,1,1,0,draw
1208343,2024,2025-04-19 16:30:00+00:00,66,Aston Villa,34,Newcastle,70,35,17,18,122,1.7428571428571429,125,107,1.7857142857142858,1.5285714285714285,18,35,20,11,4,75,47,35,15,6,14,50,60,10,5,3,2,18,16,12,5,4,0,1,12,10,5,70,36,11,23,119,1.7,146,102,2.085714285714286,1.457142857142857,44,35,22,6,7,84,41,35,14,5,16,62,61,10,7,0,3,21,23,14,5,5,0,0,15,15,2,0.04285714285714293,-0.30000000000000004,0.0714285714285714,-26,-3,-3,-5,-7,70,70,122,119,4,1,1,home_win
1208347,2024,2025-04-20 13:00:00+00:00,36,Fulham,49,Chelsea,70,26,17,27,95,1.3571428571428572,102,104,1.457142857142857,1.4857142857142858,-2,35,16,7,12,56,47,35,10,10,15,46,57,10,5,0,5,15,13,13,5,2,0,3,6,7,7,70,33,18,19,117,1.6714285714285715,133,102,1.9,1.457142857142857,31,35,20,9,6,74,43,35,13,9,13,59,59,10,4,2,4,14,12,12,5,2,2,1,8,4,3,-0.3142857142857143,-0.44285714285714284,0.028571428571428692,-33,-2,1,3,1,70,70,95,117,1,2,2,away_win
1208348,2024,2025-04-20 13:00:00+00:00,57,Ipswich,42,Arsenal,32,4,9,19,21,0.65625,33,67,1.03125,2.09375,-34,16,1,4,11,13,36,16,3,5,8,20,31,10,1,2,7,5,13,24,5,1,1,3,4,7,10,70,45,17,8,152,2.1714285714285713,148,56,2.1142857142857143,0.8,92,35,25,7,3,79,29,35,20,10,5,69,27,10,5,4,1,19,14,6,5,2,3,0,9,6,4,-1.5151785714285713,-1.0830357142857143,1.29375,-126,-5,-14,1,-1,32,70,21,152,0,4,2,away_win
1208350,2024,2025-04-20 13:00:00+00:00,33,Manchester United,39,Wolves,70,28,14,28,98,1.4,95,103,1.3571428571428572,1.4714285714285715,-8,35,16,6,13,52,53,35,12,8,15,43,50,10,3,3,4,12,11,13,5,1,2,2,5,5,6,70,23,12,35,81,1.1571428571428573,97,126,1.3857142857142857,1.8,-29,35,13,5,17,49,59,35,10,7,18,48,67,10,6,1,3,19,15,10,5,4,1,0,13,10,5,0.24285714285714266,-0.02857142857142847,-0.3285714285714285,21,-8,-7,-5,-4,70,70,98,81,0,1,2,away_win
1208349,2024,2025-04-20 15:30:00+00:00,46,Leicester,40,Liverpool,32,4,6,22,18,0.5625,27,72,0.84375,2.25,-45,16,2,3,11,11,33,16,2,3,11,16,39,10,1,1,8,4,4,24,5,0,1,4,1,2,11,70,47,17,6,158,2.257142857142857,160,72,2.2857142857142856,1.0285714285714285,88,35,28,5,2,83,29,35,19,12,4,77,43,10,7,2,1,23,20,10,5,4,0,1,12,10,5,-1.6946428571428571,-1.4419642857142856,1.2214285714285715,-133,-11,-19,-8,-16,32,70,18,158,0,1,2,away_win
1208351,2024,2025-04-21 19:00:00+00:00,47,Tottenham,65,Nottingham Forest,70,31,10,29,103,1.4714285714285715,134,110,1.9142857142857144,1.5714285714285714,24,35,19,3,13,71,54,35,12,7,16,63,56,10,4,1,5,13,15,14,5,1,1,3,4,7,10,70,26,15,29,93,1.3285714285714285,100,105,1.4285714285714286,1.5,-5,35,14,9,12,51,41,35,12,6,17,49,64,10,4,1,5,13,18,16,5,3,0,2,9,7,5,0.14285714285714302,0.48571428571428577,0.0714285714285714,29,-5,0,0,-3,70,70,103,93,1,2,2,away_win
1208358,2024,2025-04-22 19:00:00+00:00,50,Manchester City,66,Aston Villa,71,45,14,12,149,2.0985915492957745,160,76,2.2535211267605635,1.0704225352112675,84,35,24,8,3,88,37,36,21,6,9,72,39,10,5,2,3,17,17,12,5,3,2,0,11,11,4,71,36,17,18,125,1.7605633802816902,129,108,1.8169014084507042,1.5211267605633803,21,36,21,11,4,79,48,35,15,6,14,50,60,10,6,2,2,20,19,12,5,5,0,0,15,13,2,0.3380281690140843,0.43661971830985924,-0.45070422535211274,63,-4,-3,-2,-2,71,71,149,125,2,1,1,home_win
1208354,2024,2025-04-23 19:00:00+00:00,42,Arsenal,52,Crystal Palace,71,46,17,8,155,2.183098591549296,152,56,2.140845070422535,0.7887323943661971,96,35,25,7,3,79,29,36,21,10,5,73,27,10,5,4,1,19,17,6,5,3,2,0,11,9,3,71,24,21,26,93,1.3098591549295775,98,103,1.380281690140845,1.4507042253521127,-5,36,13,10,13,56,49,35,11,11,13,42,54,10,5,2,3,17,15,15,5,1,2,2,5,5,12,0.8732394366197185,0.76056338028169,-0.6619718309859156,101,6,2,4,2,71,71,155,93,2,2,0,draw
1208356,2024,2025-04-26 11:30:00+00:00,49,Chelsea,45,Everton,71,34,18,19,120,1.6901408450704225,135,103,1.9014084507042253,1.4507042253521127,32,35,20,9,6,74,43,36,14,9,13,61,60,10,5,2,3,17,13,10,5,2,2,1,8,5,4,71,21,23,27,86,1.2112676056338028,74,91,1.0422535211267605,1.2816901408450705,-17,36,12,12,12,44,39,35,9,11,15,30,52,10,2,6,2,12,11,12,5,1,2,2,5,3,5,0.47887323943661975,0.8591549295774648,0.16901408450704225,49,3,5,2,2,71,71,120,86,1,0,1,home_win
1208355,2024,2025-04-26 14:00:00+00:00,51,Brighton,48,West Ham,71,24,24,23,96,1.352112676056338,108,115,1.5211267605633803,1.619718309859155,-7,35,14,13,8,53,48,36,10,11,15,55,67,10,4,2,4,14,18,22,5,0,2,3,2,7,13,71,23,19,29,88,1.2394366197183098,97,129,1.3661971830985915,1.8169014084507042,-32,36,12,12,12,52,59,35,11,7,17,45,70,10,2,3,5,9,9,11,5,0,3,2,3,5,7,0.11267605633802824,0.15492957746478875,-0.19718309859154926,25,-1,5,2,9,71,71,96,88,3,2,1,home_win
1208359,2024,2025-04-26 14:00:00+00:00,34,Newcastle,57,Ipswich,71,36,11,24,119,1.676056338028169,147,106,2.0704225352112675,1.4929577464788732,41,35,22,6,7,84,41,36,14,5,17,63,65,10,6,0,4,18,21,17,5,4,0,1,12,15,6,33,4,9,20,21,0.6363636363636364,33,71,1.0,2.1515151515151514,-38,17,1,4,12,13,40,16,3,5,8,20,31,10,1,2,7,5,12,24,5,1,1,3,4,7,13,1.0396927016645328,1.0704225352112675,-0.6585574050362781,79,8,13,8,9,71,33,119,21,3,0,1,home_win
1208361,2024,2025-04-26 14:00:00+00:00,41,Southampton,36,Fulham,33,2,5,26,11,0.3333333333333333,24,78,0.7272727272727273,2.3636363636363638,-54,16,1,2,13,11,43,17,1,3,13,13,35,10,1,2,7,5,8,25,5,0,2,3,2,4,10,71,26,17,28,95,1.3380281690140845,103,106,1.4507042253521127,1.4929577464788732,-3,36,16,7,13,57,49,35,10,10,15,46,57,10,5,0,5,15,14,14,5,2,0,3,6,7,7,-1.0046948356807512,-0.7234314980793854,0.8706786171574905,-51,-4,-10,-3,-6,33,71,11,95,1,2,2,away_win
1208362,2024,2025-04-26 14:00:00+00:00,39,Wolves,46,Leicester,71,24,12,35,84,1.1830985915492958,98,126,1.380281690140845,1.7746478873239437,-28,35,13,5,17,49,59,36,11,7,18,49,67,10,7,1,2,22,16,9,5,5,0,0,15,10,4,33,4,6,23,18,0.5454545454545454,27,73,0.8181818181818182,2.212121212121212,-46,17,2,3,12,11,34,16,2,3,11,16,39,10,0,1,9,1,2,24,5,0,1,4,1,2,11,0.6376440460947503,0.5620998719590268,-0.4374733247972682,18,14,21,8,14,71,33,84,18,3,0,1,home_win
1208353,2024,2025-04-27 13:00:00+00:00,35,Bournemouth,33,Manchester United,71,26,19,26,97,1.3661971830985915,106,107,1.4929577464788732,1.5070422535211268,-1,35,14,9,12,47,42,36,12,10,14,59,65,10,2,3,5,9,11,14,5,1,2,2,5,5,6,71,28,14,29,98,1.380281690140845,95,104,1.3380281690140845,1.4647887323943662,-9,36,16,6,14,52,54,35,12,8,15,43,50,10,2,3,5,9,10,14,5,1,1,3,4,4,6,-0.014084507042253502,0.15492957746478875,0.04225352112676051,8,1,0,1,1,71,71,97,98,1,1,0,draw
1208357,2024,2025-04-27 15:30:00+00:00,40,Liverpool,47,Tottenham,71,48,17,6,161,2.267605633802817,161,72,2.267605633802817,1.0140845070422535,89,35,28,5,2,83,29,36,20,12,4,78,43,10,7,2,1,23,19,10,5,4,0,1,12,9,5,71,31,10,30,103,1.4507042253521127,135,112,1.9014084507042253,1.5774647887323943,23,36,19,3,14,72,56,35,12,7,16,63,56,10,4,1,5,13,15,14,5,1,0,4,3,6,10,0.8169014084507042,0.3661971830985917,-0.5633802816901408,66,9,10,3,4,71,71,161,103,5,1,1,home_win
1208360,2024,2025-05-01 18:30:00+00:00,65,Nottingham Forest,55,Brentford,71,27,15,29,96,1.352112676056338,102,106,1.4366197183098592,1.4929577464788732,-4,35,14,9,12,51,41,36,13,6,17,51,65,10,5,1,4,16,20,12,5,3,0,2,9,8,6,71,23,16,32,85,1.1971830985915493,112,115,1.5774647887323943,1.619718309859155,-3,36,13,11,12,63,63,35,10,5,20,49,52,10,4,3,3,15,14,10,5,2,2,1,8,8,6,0.15492957746478875,-0.14084507042253502,-0.12676056338028174,-1,1,1,0,6,71,71,96,85,0,2,2,away_win
1208371,2024,2025-05-02 19:00:00+00:00,50,Manchester City,39,Wolves,72,46,14,12,152,2.111111111111111,162,77,2.25,1.0694444444444444,85,36,25,8,3,90,38,36,21,6,9,72,39,10,6,2,2,20,18,8,5,4,1,0,13,11,3,72,25,12,35,87,1.2083333333333333,101,126,1.4027777777777777,1.75,-25,36,14,5,17,52,59,36,11,7,18,49,67,10,7,1,2,22,17,9,5,5,0,0,15,11,3,0.9027777777777779,0.8472222222222223,-0.6805555555555556,110,-2,-2,0,1,72,72,152,87,1,0,1,home_win
1208364,2024,2025-05-03 11:30:00+00:00,66,Aston Villa,36,Fulham,72,36,17,19,125,1.7361111111111112,130,110,1.8055555555555556,1.5277777777777777,20,36,21,11,4,79,48,36,15,6,15,51,62,10,6,2,2,20,20,12,5,4,0,1,12,13,4,72,27,17,28,98,1.3611111111111112,105,107,1.4583333333333333,1.4861111111111112,-2,36,16,7,13,57,49,36,11,10,15,48,58,10,5,0,5,15,14,14,5,2,0,3,6,7,8,0.375,0.3472222222222223,0.04166666666666652,22,6,5,6,6,72,72,125,98,1,0,1,home_win
1208369,2024,2025-05-03 14:00:00+00:00,45,Everton,57,Ipswich,72,21,23,28,86,1.1944444444444444,74,92,1.0277777777777777,1.2777777777777777,-18,36,12,12,12,44,39,36,9,11,16,30,53,10,2,5,3,11,9,11,5,1,1,3,4,2,5,34,4,9,21,21,0.6176470588235294,33,74,0.9705882352941176,2.176470588235294,-41,17,1,4,12,13,40,17,3,5,9,20,34,10,1,2,7,5,11,25,5,1,1,3,4,5,12,0.576797385620915,0.05718954248366004,-0.8986928104575163,23,0,6,-3,-2,72,34,86,21,2,2,0,draw
1208370,2024,2025-05-03 14:00:00+00:00,46,Leicester,41,Southampton,34,4,6,24,18,0.5294117647058824,27,76,0.7941176470588235,2.235294117647059,-49,17,2,3,12,11,34,17,2,3,12,16,42,10,0,1,9,1,2,23,5,0,1,4,1,2,11,34,2,5,27,11,0.3235294117647059,25,80,0.7352941176470589,2.3529411764705883,-55,17,1,2,14,12,45,17,1,3,13,13,35,10,0,2,8,2,7,26,5,0,2,3,2,4,10,0.20588235294117646,0.05882352941176461,-0.11764705882352944,6,-1,-1,-2,-5,34,34,18,11,2,0,1,home_win
1208363,2024,2025-05-03 16:30:00+00:00,42,Arsenal,35,Bournemouth,72,46,18,8,156,2.1666666666666665,154,58,2.138888888888889,0.8055555555555556,96,36,25,8,3,81,31,36,21,10,5,73,27,10,4,5,1,17,14,7,5,2,3,0,9,10,5,72,26,20,26,98,1.3611111111111112,107,108,1.4861111111111112,1.5,-1,36,14,10,12,48,43,36,12,10,14,59,65,10,2,4,4,10,12,13,5,1,3,1,6,5,5,0.8055555555555554,0.6527777777777777,-0.6944444444444444,97,3,7,5,2,72,72,156,98,1,2,2,away_win
1208365,2024,2025-05-04 13:00:00+00:00,55,Brentford,33,Manchester United,72,24,16,32,88,1.2222222222222223,114,115,1.5833333333333333,1.5972222222222223,-1,36,13,11,12,63,63,36,11,5,20,51,52,10,5,3,2,18,16,8,5,2,2,1,8,8,5,72,28,15,29,99,1.375,96,105,1.3333333333333333,1.4583333333333333,-9,36,16,6,14,52,54,36,12,9,15,44,51,10,2,4,4,10,11,13,5,0,2,3,2,2,7,-0.15277777777777768,0.25,0.13888888888888906,8,6,8,6,5,72,72,88,99,4,3,1,home_win
1208366,2024,2025-05-04 13:00:00+00:00,51,Brighton,34,Newcastle,72,25,24,23,99,1.375,111,117,1.5416666666666667,1.625,-6,36,15,13,8,56,50,36,10,11,15,55,67,10,5,2,3,17,21,17,5,1,1,3,4,8,13,72,37,11,24,122,1.6944444444444444,150,106,2.0833333333333335,1.4722222222222223,44,36,23,6,7,87,41,36,14,5,17,63,65,10,7,0,3,21,23,15,5,4,0,1,12,16,5,-0.3194444444444444,-0.5416666666666667,0.15277777777777768,-50,-8,-4,-8,-2,72,72,99,122,1,1,0,draw
1208372,2024,2025-05-04 13:00:00+00:00,48,West Ham,47,Tottenham,72,23,19,30,88,1.2222222222222223,99,132,1.375,1.8333333333333333,-33,36,12,12,12,52,59,36,11,7,18,47,73,10,2,3,5,9,10,12,5,0,2,3,2,6,9,72,31,10,31,103,1.4305555555555556,136,117,1.8888888888888888,1.625,19,36,19,3,14,72,56,36,12,7,17,64,61,10,3,1,6,10,14,19,5,1,0,4,3,7,13,-0.20833333333333326,-0.5138888888888888,0.20833333333333326,-52,-1,-1,-1,-4,72,72,88,103,1,1,0,draw
1208367,2024,2025-05-04 15:30:00+00:00,49,Chelsea,40,Liverpool,72,35,18,19,123,1.7083333333333333,136,103,1.8888888888888888,1.4305555555555556,33,36,21,9,6,75,43,36,14,9,13,61,60,10,5,2,3,17,12,9,5,3,2,0,11,6,3,72,49,17,6,164,2.2777777777777777,166,73,2.3055555555555554,1.0138888888888888,93,36,29,5,2,88,30,36,20,12,4,78,43,10,8,1,1,25,22,9,5,4,0,1,12,11,5,-0.5694444444444444,-0.4166666666666665,0.41666666666666674,-60,-1,-8,-5,-10,72,72,123,164,3,1,1,home_win
1208368,2024,2025-05-05 19:00:00+00:00,52,Crystal Palace,65,Nottingham Forest,72,24,22,26,94,1.3055555555555556,100,105,1.3888888888888888,1.4583333333333333,-5,36,13,10,13,56,49,36,11,12,13,44,56,10,4,3,3,15,15,17,5,1,2,2,5,6,13,72,27,15,30,96,1.3333333333333333,102,108,1.4166666666666667,1.5,-6,36,14,9,13,51,43,36,13,6,17,51,65,10,4,1,5,13,13,14,5,2,0,3,6,4,6,-0.02777777777777768,-0.0277777777777779,-0.04166666666666674,1,-1,2,2,2,72,72,94,96,1,1,0,draw
1208374,2024,2025-05-10 14:00:00+00:00,36,Fulham,45,Everton,73,27,17,29,98,1.3424657534246576,105,108,1.4383561643835616,1.4794520547945205,-3,36,16,7,13,57,49,37,11,10,16,48,59,10,4,0,6,12,12,14,5,2,0,3,6,6,7,73,21,24,28,87,1.1917808219178083,76,94,1.0410958904109588,1.2876712328767124,-18,37,12,13,12,46,41,36,9,11,16,30,53,10,1,6,3,9,9,12,5,1,2,2,5,4,6,0.15068493150684925,0.3972602739726028,0.1917808219178081,15,1,3,2,3,73,73,98,87,1,3,2,away_win
1208375,2024,2025-05-10 14:00:00+00:00,57,Ipswich,55,Brentford,35,4,10,21,22,0.6285714285714286,35,76,1.0,2.1714285714285713,-41,17,1,4,12,13,40,18,3,6,9,22,36,10,1,2,7,5,12,26,5,0,2,3,2,5,13,73,25,16,32,91,1.2465753424657535,118,118,1.6164383561643836,1.6164383561643836,0,37,14,11,12,67,66,36,11,5,20,51,52,10,5,3,2,18,19,11,5,3,2,0,11,11,6,-0.618003913894325,-0.6164383561643836,0.5549902152641877,-41,-9,-13,-6,-7,35,73,22,91,0,1,2,away_win
1208380,2024,2025-05-10 14:00:00+00:00,41,Southampton,50,Manchester City,35,2,5,28,11,0.3142857142857143,25,82,0.7142857142857143,2.342857142857143,-57,17,1,2,14,12,45,18,1,3,14,13,37,10,0,2,8,2,6,25,5,0,1,4,1,3,11,73,47,14,12,155,2.1232876712328768,163,77,2.232876712328767,1.0547945205479452,86,37,26,8,3,91,38,36,21,6,9,72,39,10,6,2,2,20,15,8,5,4,1,0,13,10,3,-1.8090019569471625,-1.5185909980430528,1.2880626223091978,-143,-12,-18,-7,-9,35,73,11,155,0,0,0,draw
1208382,2024,2025-05-10 14:00:00+00:00,39,Wolves,51,Brighton,73,25,12,36,87,1.1917808219178083,101,127,1.3835616438356164,1.7397260273972603,-26,36,14,5,17,52,59,37,11,7,19,49,68,10,7,1,2,22,16,8,5,4,0,1,12,10,4,73,25,25,23,100,1.36986301369863,112,118,1.5342465753424657,1.6164383561643836,-6,37,15,14,8,57,51,36,10,11,15,55,67,10,4,3,3,15,19,18,5,1,2,2,5,9,11,-0.17808219178082174,-0.15068493150684925,0.12328767123287676,-20,7,7,1,-3,73,73,87,100,0,2,2,away_win
1208373,2024,2025-05-10 16:30:00+00:00,35,Bournemouth,66,Aston Villa,73,27,20,26,101,1.3835616438356164,109,109,1.4931506849315068,1.4931506849315068,0,36,14,10,12,48,43,37,13,10,14,61,66,10,2,4,4,10,11,13,5,2,3,0,9,6,4,73,37,17,19,128,1.7534246575342465,131,110,1.7945205479452055,1.5068493150684932,21,37,22,11,4,80,48,36,15,6,15,51,62,10,7,1,2,22,20,11,5,4,0,1,12,11,4,-0.36986301369863006,-0.3013698630136987,-0.013698630136986356,-21,-3,-12,-5,-9,73,73,101,128,0,1,2,away_win
1208378,2024,2025-05-11 11:00:00+00:00,34,Newcastle,49,Chelsea,73,37,12,24,123,1.6849315068493151,151,107,2.0684931506849313,1.4657534246575343,44,36,23,6,7,87,41,37,14,6,17,64,66,10,7,1,2,22,24,12,5,3,1,1,10,14,6,73,36,18,19,126,1.726027397260274,139,104,1.904109589041096,1.4246575342465753,35,37,22,9,6,78,44,36,14,9,13,61,60,10,6,2,2,20,15,7,5,3,2,0,11,8,4,-0.041095890410958846,0.16438356164383539,0.04109589041095907,9,-1,2,6,9,73,73,123,126,2,0,1,home_win
1208377,2024,2025-05-11 13:15:00+00:00,33,Manchester United,48,West Ham,73,28,15,30,99,1.356164383561644,99,109,1.356164383561644,1.4931506849315068,-10,36,16,6,14,52,54,37,12,9,16,47,55,10,2,4,4,10,14,16,5,0,2,3,2,5,10,73,23,20,30,89,1.2191780821917808,100,133,1.36986301369863,1.821917808219178,-33,37,12,13,12,53,60,36,11,7,18,47,73,10,2,4,4,10,11,12,5,0,3,2,3,7,9,0.13698630136986312,-0.013698630136986134,-0.3287671232876712,23,-1,0,-2,3,73,73,99,89,0,2,2,away_win
1208379,2024,2025-05-11 13:15:00+00:00,65,Nottingham Forest,46,Leicester,73,27,16,30,97,1.3287671232876712,103,109,1.4109589041095891,1.4931506849315068,-6,36,14,9,13,51,43,37,13,7,17,52,66,10,4,2,4,14,13,13,5,1,1,3,4,4,7,35,5,6,24,21,0.6,29,76,0.8285714285714286,2.1714285714285713,-47,18,3,3,12,13,34,17,2,3,12,16,42,10,1,1,8,4,4,21,5,1,1,3,4,4,9,0.7287671232876712,0.5823874755381605,-0.6782778864970644,41,0,10,0,9,73,35,97,21,2,2,0,draw
1208381,2024,2025-05-11 13:15:00+00:00,47,Tottenham,52,Crystal Palace,73,31,11,31,104,1.4246575342465753,137,118,1.8767123287671232,1.6164383561643836,19,36,19,3,14,72,56,37,12,8,17,65,62,10,2,2,6,8,14,20,5,1,1,3,4,8,13,73,24,23,26,95,1.3013698630136987,101,106,1.3835616438356164,1.452054794520548,-5,37,13,11,13,57,50,36,11,12,13,44,56,10,4,4,2,16,15,16,5,0,3,2,3,5,13,0.12328767123287654,0.4931506849315068,0.1643835616438356,24,1,-8,3,-1,73,73,104,95,0,2,2,away_win
1208376,2024,2025-05-11 15:30:00+00:00,40,Liverpool,42,Arsenal,73,49,17,7,164,2.2465753424657535,167,76,2.287671232876712,1.0410958904109588,91,36,29,5,2,88,30,37,20,12,5,79,46,10,7,1,2,22,21,11,5,3,0,2,9,11,8,73,46,18,9,156,2.136986301369863,155,60,2.1232876712328768,0.821917808219178,95,37,25,8,4,82,33,36,21,10,5,73,27,10,3,5,2,14,13,9,5,1,3,1,6,9,6,0.1095890410958904,0.16438356164383539,0.2191780821917808,-4,3,8,2,8,73,73,164,156,2,2,0,draw
1208384,2024,2025-05-16 18:30:00+00:00,66,Aston Villa,47,Tottenham,74,38,17,19,131,1.7702702702702702,132,110,1.7837837837837838,1.4864864864864864,22,37,22,11,4,80,48,37,16,6,15,52,62,10,8,0,2,24,19,9,5,4,0,1,12,10,3,74,31,11,32,104,1.4054054054054055,137,120,1.8513513513513513,1.6216216216216217,17,37,19,3,15,72,58,37,12,8,17,65,62,10,1,2,7,5,10,21,5,0,1,4,1,5,14,0.3648648648648647,-0.06756756756756754,-0.1351351351351353,5,11,19,5,9,74,74,131,104,2,0,1,home_win
1208387,2024,2025-05-16 19:15:00+00:00,49,Chelsea,33,Manchester United,74,36,18,20,126,1.7027027027027026,139,106,1.8783783783783783,1.4324324324324325,33,37,22,9,6,78,44,37,14,9,14,61,62,10,6,2,2,20,14,7,5,3,1,1,10,8,6,74,28,15,31,99,1.337837837837838,99,111,1.337837837837838,1.5,-12,37,16,6,15,52,56,37,12,9,16,47,55,10,2,3,5,9,12,16,5,0,1,4,1,5,12,0.3648648648648647,0.5405405405405403,-0.06756756756756754,45,9,11,3,2,74,74,126,99,1,0,1,home_win
1208389,2024,2025-05-18 11:00:00+00:00,45,Everton,41,Southampton,74,22,24,28,90,1.2162162162162162,79,95,1.0675675675675675,1.2837837837837838,-16,37,12,13,12,46,41,37,10,11,16,33,54,10,2,5,3,11,10,11,5,2,1,2,7,6,6,36,2,6,28,12,0.3333333333333333,25,82,0.6944444444444444,2.2777777777777777,-57,18,1,3,14,12,45,18,1,3,14,13,37,10,0,3,7,3,6,21,5,0,2,3,2,2,8,0.882882882882883,0.3731231231231231,-0.9939939939939939,41,5,8,4,4,74,36,90,12,2,0,1,home_win
1208392,2024,2025-05-18 13:15:00+00:00,48,West Ham,65,Nottingham Forest,74,24,20,30,92,1.2432432432432432,102,133,1.3783783783783783,1.7972972972972974,-31,37,12,13,12,53,60,37,12,7,18,49,73,10,2,4,4,10,12,12,5,1,2,2,5,7,7,74,27,17,30,98,1.3243243243243243,105,111,1.4189189189189189,1.5,-6,37,14,10,13,53,45,37,13,7,17,52,66,10,4,3,3,15,12,11,5,1,2,2,5,5,7,-0.08108108108108114,-0.04054054054054057,0.29729729729729737,-25,0,-5,2,0,74,74,92,98,1,2,2,away_win
1208385,2024,2025-05-18 14:00:00+00:00,55,Brentford,36,Fulham,74,26,16,32,94,1.2702702702702702,119,118,1.6081081081081081,1.5945945945945945,1,37,14,11,12,67,66,37,12,5,20,52,52,10,5,3,2,18,16,11,5,4,1,0,13,12,6,74,27,17,30,98,1.3243243243243243,106,111,1.4324324324324325,1.5,-5,37,16,7,14,58,52,37,11,10,16,48,59,10,4,0,6,12,13,15,5,1,0,4,3,4,8,-0.05405405405405417,0.17567567567567566,0.09459459459459452,6,10,6,8,3,74,74,94,98,2,3,2,away_win
1208390,2024,2025-05-18 14:00:00+00:00,46,Leicester,57,Ipswich,36,5,7,24,22,0.6111111111111112,31,78,0.8611111111111112,2.1666666666666665,-47,18,3,3,12,13,34,18,2,4,12,18,44,10,1,2,7,5,6,19,5,1,2,2,5,6,8,36,4,10,22,22,0.6111111111111112,35,77,0.9722222222222222,2.138888888888889,-42,18,1,4,13,13,41,18,3,6,9,22,36,10,1,2,7,5,11,23,5,0,2,3,2,4,12,0.0,-0.11111111111111105,0.02777777777777768,-5,3,0,2,-5,36,36,22,22,2,0,1,home_win
1208383,2024,2025-05-18 15:30:00+00:00,42,Arsenal,34,Newcastle,74,46,19,9,157,2.1216216216216215,157,62,2.1216216216216215,0.8378378378378378,95,37,25,8,4,82,33,37,21,11,5,75,29,10,3,6,1,15,15,10,5,1,3,1,6,10,7,74,38,12,24,126,1.7027027027027026,153,107,2.0675675675675675,1.445945945945946,46,37,24,6,7,89,41,37,14,6,17,64,66,10,7,1,2,22,22,9,5,3,1,1,10,12,5,0.41891891891891886,0.054054054054053946,-0.6081081081081082,49,-4,-7,-2,-7,74,74,157,126,1,0,1,home_win
1208386,2024,2025-05-19 19:00:00+00:00,51,Brighton,40,Liverpool,74,26,25,23,103,1.3918918918918919,114,118,1.5405405405405406,1.5945945945945945,-4,37,15,14,8,57,51,37,11,11,15,57,67,10,4,3,3,15,17,18,5,2,2,1,8,10,9,74,49,18,7,165,2.22972972972973,169,78,2.2837837837837838,1.054054054054054,91,37,29,6,2,90,32,37,20,12,5,79,46,10,7,1,2,22,21,11,5,3,1,1,10,11,7,-0.8378378378378379,-0.7432432432432432,0.5405405405405406,-95,-2,-7,-1,-4,74,74,103,165,3,2,1,home_win
1208388,2024,2025-05-20 19:00:00+00:00,52,Crystal Palace,39,Wolves,74,25,23,26,98,1.3243243243243243,103,106,1.3918918918918919,1.4324324324324325,-3,37,13,11,13,57,50,37,12,12,13,46,56,10,4,4,2,16,15,16,5,1,3,1,6,5,8,74,25,12,37,87,1.1756756756756757,101,129,1.364864864864865,1.7432432432432432,-28,37,14,5,18,52,61,37,11,7,19,49,68,10,6,1,3,19,15,10,5,3,0,2,9,8,5,0.14864864864864868,0.027027027027026973,-0.31081081081081074,25,-3,-3,-3,0,74,74,98,87,4,2,1,home_win
1208391,2024,2025-05-20 19:00:00+00:00,50,Manchester City,35,Bournemouth,74,47,15,12,156,2.108108108108108,163,77,2.2027027027027026,1.0405405405405406,86,37,26,8,3,91,38,37,21,7,9,72,39,10,6,3,1,21,15,6,5,4,1,0,13,10,3,74,27,20,27,101,1.364864864864865,109,110,1.472972972972973,1.4864864864864864,-1,37,14,10,13,48,44,37,13,10,14,61,66,10,2,4,4,10,11,13,5,2,2,1,8,4,3,0.743243243243243,0.7297297297297296,-0.44594594594594583,87,5,11,6,4,74,74,156,101,3,1,1,home_win
1208393,2024,2025-05-25 15:00:00+00:00,35,Bournemouth,46,Leicester,75,27,20,28,101,1.3466666666666667,110,113,1.4666666666666666,1.5066666666666666,-3,37,14,10,13,48,44,38,13,10,15,62,69,10,2,4,4,10,11,14,5,1,2,2,5,4,6,37,6,7,24,25,0.6756756756756757,33,78,0.8918918918918919,2.108108108108108,-45,19,4,3,12,15,34,18,2,4,12,18,44,10,2,2,6,8,8,17,5,2,1,2,7,6,6,0.670990990990991,0.5747747747747747,-0.6014414414414413,42,-2,2,-2,3,75,37,101,25,2,0,1,home_win
1208394,2024,2025-05-25 15:00:00+00:00,36,Fulham,50,Manchester City,75,28,17,30,101,1.3466666666666667,109,113,1.4533333333333334,1.5066666666666666,-4,37,16,7,14,58,52,38,12,10,16,51,61,10,4,0,6,12,14,16,5,2,0,3,6,7,9,75,48,15,12,159,2.12,166,78,2.2133333333333334,1.04,88,38,27,8,3,94,39,37,21,7,9,72,39,10,6,3,1,21,17,7,5,4,1,0,13,8,2,-0.7733333333333334,-0.76,0.46666666666666656,-92,-7,-9,-1,-3,75,75,101,159,0,2,2,away_win
1208395,2024,2025-05-25 15:00:00+00:00,57,Ipswich,48,West Ham,37,4,10,23,22,0.5945945945945946,35,79,0.9459459459459459,2.135135135135135,-44,18,1,4,13,13,41,19,3,6,10,22,38,10,1,2,7,5,9,22,5,0,1,4,1,2,12,75,24,20,31,92,1.2266666666666666,103,135,1.3733333333333333,1.8,-32,38,12,13,13,54,62,37,12,7,18,49,73,10,1,4,5,7,11,14,5,1,2,2,5,7,7,-0.6320720720720719,-0.42738738738738735,0.33513513513513504,-12,-4,-2,-5,-2,37,75,22,92,1,3,2,away_win
1208396,2024,2025-05-25 15:00:00+00:00,40,Liverpool,52,Crystal Palace,75,49,18,8,165,2.2,171,81,2.28,1.08,90,37,29,6,2,90,32,38,20,12,6,81,49,10,6,1,3,19,21,14,5,2,1,2,7,11,9,75,26,23,26,101,1.3466666666666667,107,108,1.4266666666666667,1.44,-1,38,14,11,13,61,52,37,12,12,13,46,56,10,4,4,2,16,15,17,5,2,3,0,9,9,5,0.8533333333333335,0.853333333333333,-0.3599999999999999,91,-2,3,2,6,75,75,165,101,1,1,0,draw
1208397,2024,2025-05-25 15:00:00+00:00,33,Manchester United,66,Aston Villa,75,28,15,32,99,1.32,99,112,1.32,1.4933333333333334,-13,37,16,6,15,52,56,38,12,9,17,47,56,10,1,3,6,6,9,15,5,0,1,4,1,4,9,75,39,17,19,134,1.7866666666666666,134,110,1.7866666666666666,1.4666666666666666,24,38,23,11,4,82,48,37,16,6,15,52,62,10,8,0,2,24,19,8,5,4,0,1,12,9,3,-0.46666666666666656,-0.46666666666666656,0.02666666666666684,-37,-11,-18,-5,-10,75,75,99,134,2,0,1,home_win
1208398,2024,2025-05-25 15:00:00+00:00,34,Newcastle,45,Everton,75,38,12,25,126,1.68,153,108,2.04,1.44,45,37,24,6,7,89,41,38,14,6,18,64,67,10,7,1,2,22,22,8,5,2,1,2,7,7,6,75,23,24,28,93,1.24,81,95,1.08,1.2666666666666666,-14,38,13,13,12,48,41,37,10,11,16,33,54,10,3,4,3,13,11,10,5,2,1,2,7,7,6,0.43999999999999995,0.96,0.17333333333333334,59,0,9,0,11,75,75,126,93,0,1,2,away_win
1208399,2024,2025-05-25 15:00:00+00:00,65,Nottingham Forest,49,Chelsea,75,28,17,30,101,1.3466666666666667,107,112,1.4266666666666667,1.4933333333333334,-5,37,14,10,13,53,45,38,14,7,17,54,67,10,5,2,3,17,14,12,5,2,2,1,8,7,7,75,37,18,20,129,1.72,140,106,1.8666666666666667,1.4133333333333333,34,38,23,9,6,79,44,37,14,9,14,61,62,10,6,2,2,20,11,7,5,4,0,1,12,7,4,-0.3733333333333333,-0.43999999999999995,0.08000000000000007,-39,-4,-3,0,3,75,75,101,129,0,1,2,away_win
1208400,2024,2025-05-25 15:00:00+00:00,41,Southampton,42,Arsenal,37,2,6,29,12,0.32432432432432434,25,84,0.6756756756756757,2.27027027027027,-59,18,1,3,14,12,45,19,1,3,15,13,39,10,0,3,7,3,6,19,5,0,2,3,2,2,7,75,47,19,9,160,2.1333333333333333,158,62,2.1066666666666665,0.8266666666666667,96,38,26,8,4,83,33,37,21,11,5,75,29,10,4,5,1,17,16,10,5,2,2,1,8,10,6,-1.809009009009009,-1.4309909909909908,1.4436036036036035,-155,-6,-14,-8,-10,37,75,12,160,1,2,2,away_win
1208401,2024,2025-05-25 15:00:00+00:00,47,Tottenham,51,Brighton,75,31,11,33,104,1.3866666666666667,137,122,1.8266666666666667,1.6266666666666667,15,37,19,3,15,72,58,38,12,8,18,65,64,10,1,2,7,5,10,22,5,0,1,4,1,3,12,75,27,25,23,106,1.4133333333333333,117,120,1.56,1.6,-3,38,16,14,8,60,53,37,11,11,15,57,67,10,4,3,3,15,18,19,5,3,1,1,10,11,9,-0.026666666666666616,0.2666666666666666,0.026666666666666616,18,-9,-10,-8,-8,75,75,104,106,1,4,2,away_win
1208402,2024,2025-05-25 15:00:00+00:00,39,Wolves,55,Brentford,75,25,12,38,87,1.16,103,133,1.3733333333333333,1.7733333333333334,-30,37,14,5,18,52,61,38,11,7,20,51,72,10,6,1,3,19,16,12,5,2,0,3,6,6,7,75,26,16,33,94,1.2533333333333334,121,121,1.6133333333333333,1.6133333333333333,0,38,14,11,13,69,69,37,12,5,20,52,52,10,5,2,3,17,17,13,5,4,0,1,12,13,8,-0.09333333333333349,-0.24,0.16000000000000014,-30,-6,2,-7,-1,75,75,87,94,1,1,0,draw
