home_matches,home_wins,home_draws,home_losses,home_points,home_points_per_match,home_goals_for,home_goals_against,home_goals_for_per_match,home_goals_against_per_match,home_goal_difference,home_home_matches,home_home_wins,home_home_draws,home_home_losses,home_home_goals_for,home_home_goals_against,home_away_matches,home_away_wins,home_away_draws,home_away_losses,home_away_goals_for,home_away_goals_against,home_last10_matches,home_last10_wins,home_last10_draws,home_last10_losses,home_last10_points,home_last10_goals_for,home_last10_goals_against,home_last5_matches,home_last5_wins,home_last5_draws,home_last5_losses,home_last5_points,home_last5_goals_for,home_last5_goals_against,away_matches,away_wins,away_draws,away_losses,away_points,away_points_per_match,away_goals_for,away_goals_against,away_goals_for_per_match,away_goals_against_per_match,away_goal_difference,away_home_matches,away_home_wins,away_home_draws,away_home_losses,away_home_goals_for,away_home_goals_against,away_away_matches,away_away_wins,away_away_draws,away_away_losses,away_away_goals_for,away_away_goals_against,away_last10_matches,away_last10_wins,away_last10_draws,away_last10_losses,away_last10_points,away_last10_goals_for,away_last10_goals_against,away_last5_matches,away_last5_wins,away_last5_draws,away_last5_losses,away_last5_points,away_last5_goals_for,away_last5_goals_against,diff_points_per_match,diff_goals_for_per_match,diff_goals_against_per_match,diff_goal_difference,diff_last5_points,diff_last10_points,diff_last5_goals_for,diff_last10_goals_for,home_prior_matches,away_prior_matches,home_prior_points,away_prior_points
0,0,0,0,0,0.0,0,0,0.0,0.0,0,0,0,0,0,0,0,0,0,0,0,0,0,0,0,0,0,0,0,0,0,0,0,0,0,0,0,0,0,0,0,0,0.0,0,0,0.0,0.0,0,0,0,0,0,0,0,0,0,0,0,0,0,0,0,0,0,0,0,0,0,0,0,0,0,0,0,0.0,0.0,0.0,0,0,0,0,0,0,0,0,0
0,0,0,0,0,0.0,0,0,0.0,0.0,0,0,0,0,0,0,0,0,0,0,0,0,0,0,0,0,0,0,0,0,0,0,0,0,0,0,0,0,0,0,0,0,0.0,0,0,0.0,0.0,0,0,0,0,0,0,0,0,0,0,0,0,0,0,0,0,0,0,0,0,0,0,0,0,0,0,0,0.0,0.0,0.0,0,0,0,0,0,0,0,0,0
0,0,0,0,0,0.0,0,0,0.0,0.0,0,0,0,0,0,0,0,0,0,0,0,0,0,0,0,0,0,0,0,0,0,0,0,0,0,0,0,0,0,0,0,0,0.0,0,0,0.0,0.0,0,0,0,0,0,0,0,0,0,0,0,0,0,0,0,0,0,0,0,0,0,0,0,0,0,0,0,0.0,0.0,0.0,0,0,0,0,0,0,0,0,0
0,0,0,0,0,0.0,0,0,0.0,0.0,0,0,0,0,0,0,0,0,0,0,0,0,0,0,0,0,0,0,0,0,0,0,0,0,0,0,0,0,0,0,0,0,0.0,0,0,0.0,0.0,0,0,0,0,0,0,0,0,0,0,0,0,0,0,0,0,0,0,0,0,0,0,0,0,0,0,0,0.0,0.0,0.0,0,0,0,0,0,0,0,0,0
0,0,0,0,0,0.0,0,0,0.0,0.0,0,0,0,0,0,0,0,0,0,0,0,0,0,0,0,0,0,0,0,0,0,0,0,0,0,0,0,0,0,0,0,0,0.0,0,0,0.0,0.0,0,0,0,0,0,0,0,0,0,0,0,0,0,0,0,0,0,0,0,0,0,0,0,0,0,0,0,0.0,0.0,0.0,0,0,0,0,0,0,0,0,0
0,0,0,0,0,0.0,0,0,0.0,0.0,0,0,0,0,0,0,0,0,0,0,0,0,0,0,0,0,0,0,0,0,0,0,0,0,0,0,0,0,0,0,0,0,0.0,0,0,0.0,0.0,0,0,0,0,0,0,0,0,0,0,0,0,0,0,0,0,0,0,0,0,0,0,0,0,0,0,0,0.0,0.0,0.0,0,0,0,0,0,0,0,0,0
0,0,0,0,0,0.0,0,0,0.0,0.0,0,0,0,0,0,0,0,0,0,0,0,0,0,0,0,0,0,0,0,0,0,0,0,0,0,0,0,0,0,0,0,0,0.0,0,0,0.0,0.0,0,0,0,0,0,0,0,0,0,0,0,0,0,0,0,0,0,0,0,0,0,0,0,0,0,0,0,0.0,0.0,0.0,0,0,0,0,0,0,0,0,0
0,0,0,0,0,0.0,0,0,0.0,0.0,0,0,0,0,0,0,0,0,0,0,0,0,0,0,0,0,0,0,0,0,0,0,0,0,0,0,0,0,0,0,0,0,0.0,0,0,0.0,0.0,0,0,0,0,0,0,0,0,0,0,0,0,0,0,0,0,0,0,0,0,0,0,0,0,0,0,0,0.0,0.0,0.0,0,0,0,0,0,0,0,0,0
0,0,0,0,0,0.0,0,0,0.0,0.0,0,0,0,0,0,0,0,0,0,0,0,0,0,0,0,0,0,0,0,0,0,0,0,0,0,0,0,0,0,0,0,0,0.0,0,0,0.0,0.0,0,0,0,0,0,0,0,0,0,0,0,0,0,0,0,0,0,0,0,0,0,0,0,0,0,0,0,0.0,0.0,0.0,0,0,0,0,0,0,0,0,0
0,0,0,0,0,0.0,0,0,0.0,0.0,0,0,0,0,0,0,0,0,0,0,0,0,0,0,0,0,0,0,0,0,0,0,0,0,0,0,0,0,0,0,0,0,0.0,0,0,0.0,0.0,0,0,0,0,0,0,0,0,0,0,0,0,0,0,0,0,0,0,0,0,0,0,0,0,0,0,0,0.0,0.0,0.0,0,0,0,0,0,0,0,0,0
1,0,0,1,0,0.0,1,2,1.0,2.0,-1,0,0,0,0,0,0,1,0,0,1,1,2,1,0,0,1,0,1,2,1,0,0,1,0,1,2,1,0,0,1,0,0.0,0,1,0.0,1.0,-1,1,0,0,1,0,1,0,0,0,0,0,0,1,0,0,1,0,0,1,1,0,0,1,0,0,1,0.0,1.0,1.0,0,0,0,1,1,1,1,0,0
1,1,0,0,3,3.0,1,0,1.0,0.0,1,0,0,0,0,0,0,1,1,0,0,1,0,1,1,0,0,3,1,0,1,1,0,0,3,1,0,1,0,1,0,1,1.0,2,2,2.0,2.0,0,1,0,1,0,2,2,0,0,0,0,0,0,1,0,1,0,1,2,2,1,0,1,0,1,2,2,2.0,-1.0,-2.0,1,2,2,-1,-1,1,1,3,1
1,0,1,0,1,1.0,1,1,1.0,1.0,0,0,0,0,0,0,0,1,0,1,0,1,1,1,0,1,0,1,1,1,1,0,1,0,1,1,1,1,0,1,0,1,1.0,1,1,1.0,1.0,0,1,0,1,0,1,1,0,0,0,0,0,0,1,0,1,0,1,1,1,1,0,1,0,1,1,1,0.0,0.0,0.0,0,0,0,0,0,1,1,1,1
1,0,0,1,0,0.0,0,1,0.0,1.0,-1,0,0,0,0,0,0,1,0,0,1,0,1,1,0,0,1,0,0,1,1,0,0,1,0,0,1,1,1,0,0,3,3.0,4,1,4.0,1.0,3,1,1,0,0,4,1,0,0,0,0,0,0,1,1,0,0,3,4,1,1,1,0,0,3,4,1,-3.0,-4.0,0.0,-4,-3,-3,-4,-4,1,1,0,3
1,0,1,0,1,1.0,2,2,2.0,2.0,0,0,0,0,0,0,0,1,0,1,0,2,2,1,0,1,0,1,2,2,1,0,1,0,1,2,2,1,1,0,0,3,3.0,1,0,1.0,0.0,1,1,1,0,0,1,0,0,0,0,0,0,0,1,1,0,0,3,1,0,1,1,0,0,3,1,0,-2.0,1.0,2.0,-1,-2,-2,1,1,1,1,1,3
1,1,0,0,3,3.0,3,0,3.0,0.0,3,0,0,0,0,0,0,1,1,0,0,3,0,1,1,0,0,3,3,0,1,1,0,0,3,3,0,1,1,0,0,3,3.0,5,1,5.0,1.0,4,1,1,0,0,5,1,0,0,0,0,0,0,1,1,0,0,3,5,1,1,1,0,0,3,5,1,0.0,-2.0,-1.0,-1,0,0,-2,-2,1,1,3,3
1,0,0,1,0,0.0,1,5,1.0,5.0,-4,0,0,0,0,0,0,1,0,0,1,1,5,1,0,0,1,0,1,5,1,0,0,1,0,1,5,1,0,0,1,0,0.0,0,1,0.0,1.0,-1,1,0,0,1,0,1,0,0,0,0,0,0,1,0,0,1,0,0,1,1,0,0,1,0,0,1,0.0,1.0,4.0,-3,0,0,1,1,1,1,0,0
1,0,1,0,1,1.0,1,1,1.0,1.0,0,0,0,0,0,0,0,1,0,1,0,1,1,1,0,1,0,1,1,1,1,0,1,0,1,1,1,1,0,1,0,1,1.0,1,1,1.0,1.0,0,1,0,1,0,1,1,0,0,0,0,0,0,1,0,1,0,1,1,1,1,0,1,0,1,1,1,0.0,0.0,0.0,0,0,0,0,0,1,1,1,1
1,1,0,0,3,3.0,1,0,1.0,0.0,1,0,0,0,0,0,0,1,1,0,0,1,0,1,1,0,0,3,1,0,1,1,0,0,3,1,0,1,1,0,0,3,3.0,2,1,2.0,1.0,1,1,1,0,0,2,1,0,0,0,0,0,0,1,1,0,0,3,2,1,1,1,0,0,3,2,1,0.0,-1.0,-1.0,0,0,0,-1,-1,1,1,3,3
2,0,1,1,1,0.5,2,4,1.0,2.0,-2,1,0,1,0,1,1,1,0,0,1,1,3,2,0,1,1,1,2,4,2,0,1,1,1,2,4,1,0,0,1,0,0.0,1,4,1.0,4.0,-3,0,0,0,0,0,0,1,0,0,1,1,4,1,0,0,1,0,1,4,1,0,0,1,0,1,4,0.5,0.0,-2.0,1,1,1,1,1,2,1,1,0
2,0,1,1,1,0.5,2,4,1.0,2.0,-2,1,0,1,0,1,1,1,0,0,1,1,3,2,0,1,1,1,2,4,2,0,1,1,1,2,4,2,1,1,0,4,2.0,4,2,2.0,1.0,2,1,1,0,0,2,0,1,0,1,0,2,2,2,1,1,0,4,4,2,2,1,1,0,4,4,2,-1.5,-1.0,1.0,-4,-3,-3,-2,-2,2,2,1,4
2,2,0,0,6,3.0,3,1,1.5,0.5,2,1,1,0,0,2,1,1,1,0,0,1,0,2,2,0,0,6,3,1,2,2,0,0,6,3,1,2,1,0,1,3,1.5,1,3,0.5,1.5,-2,1,0,0,1,0,3,1,1,0,0,1,0,2,1,0,1,3,1,3,2,1,0,1,3,1,3,1.5,1.0,-1.0,4,3,3,2,2,2,2,6,3
2,1,1,0,4,2.0,5,2,2.5,1.0,3,1,0,1,0,2,2,1,1,0,0,3,0,2,1,1,0,4,5,2,2,1,1,0,4,5,2,2,1,0,1,3,1.5,1,1,0.5,0.5,0,1,0,0,1,0,1,1,1,0,0,1,0,2,1,0,1,3,1,1,2,1,0,1,3,1,1,0.5,2.0,0.5,3,1,1,4,4,2,2,4,3
2,0,0,2,0,0.0,0,5,0.0,2.5,-5,1,0,0,1,0,1,1,0,0,1,0,4,2,0,0,2,0,0,5,2,0,0,2,0,0,5,2,0,0,2,0,0.0,1,5,0.5,2.5,-4,1,0,0,1,1,4,1,0,0,1,0,1,2,0,0,2,0,1,5,2,0,0,2,0,1,5,0.0,-0.5,0.0,-1,0,0,-1,-1,2,2,0,0
2,1,0,1,3,1.5,1,2,0.5,1.0,-1,1,1,0,0,1,0,1,0,0,1,0,2,2,1,0,1,3,1,2,2,1,0,1,3,1,2,2,1,0,1,3,1.5,3,3,1.5,1.5,0,1,1,0,0,2,1,1,0,0,1,1,2,2,1,0,1,3,3,3,2,1,0,1,3,3,3,0.0,-1.0,-0.5,-1,0,0,-2,-2,2,2,3,3
2,2,0,0,6,3.0,8,2,4.0,1.0,6,1,1,0,0,4,1,1,1,0,0,4,1,2,2,0,0,6,8,2,2,2,0,0,6,8,2,2,1,1,0,4,2.0,4,2,2.0,1.0,2,1,1,0,0,3,1,1,0,1,0,1,1,2,1,1,0,4,4,2,2,1,1,0,4,4,2,1.0,2.0,0.0,4,2,2,4,4,2,2,6,4
1,0,0,1,0,0.0,0,3,0.0,3.0,-3,1,0,0,1,0,3,0,0,0,0,0,0,1,0,0,1,0,0,3,1,0,0,1,0,0,3,2,1,0,1,3,1.5,5,5,2.5,2.5,0,1,1,0,0,4,0,1,0,0,1,1,5,2,1,0,1,3,5,5,2,1,0,1,3,5,5,-1.5,-2.5,0.5,-3,-3,-3,-5,-5,1,2,0,3
2,0,0,2,0,0.0,1,3,0.5,1.5,-2,1,0,0,1,0,1,1,0,0,1,1,2,2,0,0,2,0,1,3,2,0,0,2,0,1,3,2,2,0,0,6,3.0,4,0,2.0,0.0,4,1,1,0,0,1,0,1,1,0,0,3,0,2,2,0,0,6,4,0,2,2,0,0,6,4,0,-3.0,-1.5,1.5,-6,-6,-6,-3,-3,2,2,0,6
2,1,0,1,3,1.5,5,2,2.5,1.0,3,1,1,0,0,5,1,1,0,0,1,0,1,2,1,0,1,3,5,2,2,1,0,1,3,5,2,2,1,1,0,4,2.0,4,2,2.0,1.0,2,1,1,0,0,3,1,1,0,1,0,1,1,2,1,1,0,4,4,2,2,1,1,0,4,4,2,-0.5,0.5,0.0,1,-1,-1,1,1,2,2,3,4
2,0,0,2,0,0.0,1,7,0.5,3.5,-6,0,0,0,0,0,0,2,0,0,2,1,7,2,0,0,2,0,1,7,2,0,0,2,0,1,7,3,2,1,0,7,2.333333333333333,7,3,2.333333333333333,1.0,4,1,1,0,0,3,1,2,1,1,0,4,2,3,2,1,0,7,7,3,3,2,1,0,7,7,3,-2.333333333333333,-1.8333333333333333,2.5,-10,-7,-7,-6,-6,2,3,0,7
3,0,0,3,0,0.0,2,5,0.6666666666666666,1.6666666666666667,-3,2,0,0,2,1,3,1,0,0,1,1,2,3,0,0,3,0,2,5,3,0,0,3,0,2,5,3,0,0,3,0,0.0,0,6,0.0,2.0,-6,2,0,0,2,0,2,1,0,0,1,0,4,3,0,0,3,0,0,6,3,0,0,3,0,0,6,0.0,0.6666666666666666,-0.3333333333333332,3,0,0,2,2,3,3,0,0
3,1,2,0,5,1.6666666666666667,6,3,2.0,1.0,3,2,0,2,0,3,3,1,1,0,0,3,0,3,1,2,0,5,6,3,3,1,2,0,5,6,3,3,0,1,2,1,0.3333333333333333,2,6,0.6666666666666666,2.0,-4,2,0,1,1,1,3,1,0,0,1,1,3,3,0,1,2,1,2,6,3,0,1,2,1,2,6,1.3333333333333337,1.3333333333333337,-1.0,7,4,4,4,4,3,3,5,1
2,0,0,2,0,0.0,1,6,0.5,3.0,-5,2,0,0,2,1,6,0,0,0,0,0,0,2,0,0,2,0,1,6,2,0,0,2,0,1,6,3,2,1,0,7,2.333333333333333,6,2,2.0,0.6666666666666666,4,1,1,0,0,2,0,2,1,1,0,4,2,3,2,1,0,7,6,2,3,2,1,0,7,6,2,-2.333333333333333,-1.5,2.333333333333333,-9,-7,-7,-5,-5,2,3,0,7
3,1,1,1,4,1.3333333333333333,5,4,1.6666666666666667,1.3333333333333333,1,2,1,1,0,4,1,1,0,0,1,1,3,3,1,1,1,4,5,4,3,1,1,1,4,5,4,3,1,0,2,3,1.0,5,6,1.6666666666666667,2.0,-1,1,1,0,0,2,1,2,0,0,2,3,5,3,1,0,2,3,5,6,3,1,0,2,3,5,6,0.3333333333333332,0.0,-0.6666666666666667,2,1,1,0,0,3,3,4,3
3,3,0,0,9,3.0,6,1,2.0,0.3333333333333333,5,1,1,0,0,1,0,2,2,0,0,5,1,3,3,0,0,9,6,1,3,3,0,0,9,6,1,3,1,1,1,4,1.3333333333333333,3,5,1.0,1.6666666666666667,-2,1,0,0,1,0,3,2,1,1,0,3,2,3,1,1,1,4,3,5,3,1,1,1,4,3,5,1.6666666666666667,1.0,-1.3333333333333337,7,5,5,3,3,3,3,9,4
3,2,0,1,6,2.0,9,5,3.0,1.6666666666666667,4,2,1,0,1,5,4,1,1,0,0,4,1,3,2,0,1,6,9,5,3,2,0,1,6,9,5,3,1,0,2,3,1.0,6,4,2.0,1.3333333333333333,2,2,1,0,1,6,3,1,0,0,1,0,1,3,1,0,2,3,6,4,3,1,0,2,3,6,4,1.0,1.0,0.3333333333333335,2,3,3,3,3,3,3,6,3
3,1,1,1,4,1.3333333333333333,2,2,0.6666666666666666,0.6666666666666666,0,1,0,0,1,0,1,2,1,1,0,2,1,3,1,1,1,4,2,2,3,1,1,1,4,2,2,3,1,0,2,3,1.0,2,5,0.6666666666666666,1.6666666666666667,-3,1,0,0,1,1,4,2,1,0,1,1,1,3,1,0,2,3,2,5,3,1,0,2,3,2,5,0.3333333333333332,0.0,-1.0,3,1,1,0,0,3,3,4,3
3,2,1,0,7,2.333333333333333,6,3,2.0,1.0,3,1,1,0,0,3,1,2,1,1,0,3,2,3,2,1,0,7,6,3,3,2,1,0,7,6,3,3,2,0,1,6,2.0,8,6,2.6666666666666665,2.0,2,1,1,0,0,4,0,2,1,0,1,4,6,3,2,0,1,6,8,6,3,2,0,1,6,8,6,0.3333333333333335,-0.6666666666666665,-1.0,1,1,1,-2,-2,3,3,7,6
3,2,1,0,7,2.333333333333333,5,3,1.6666666666666667,1.0,2,2,1,1,0,4,3,1,1,0,0,1,0,3,2,1,0,7,5,3,3,2,1,0,7,5,3,3,2,0,1,6,2.0,4,4,1.3333333333333333,1.3333333333333333,0,2,2,0,0,4,2,1,0,0,1,0,2,3,2,0,1,6,4,4,3,2,0,1,6,4,4,0.3333333333333335,0.3333333333333335,-0.3333333333333332,2,1,1,1,1,3,3,7,6
4,1,0,3,3,0.75,4,8,1.0,2.0,-4,1,0,0,1,1,4,3,1,0,2,3,4,4,1,0,3,3,4,8,4,1,0,3,3,4,8,4,3,1,0,10,2.5,9,3,2.25,0.75,6,2,2,0,0,6,1,2,1,1,0,3,2,4,3,1,0,10,9,3,4,3,1,0,10,9,3,-1.75,-1.25,1.25,-10,-7,-7,-5,-5,4,4,3,10
4,2,0,2,6,1.5,8,9,2.0,2.25,-1,1,1,0,0,4,0,3,1,0,2,4,9,4,2,0,2,6,8,9,4,2,0,2,6,8,9,4,2,1,1,7,1.75,5,4,1.25,1.0,1,2,1,0,1,3,3,2,1,1,0,2,1,4,2,1,1,7,5,4,4,2,1,1,7,5,4,-0.25,0.75,1.25,-2,-1,-1,3,3,4,4,6,7
4,1,1,2,4,1.0,4,10,1.0,2.5,-6,1,0,0,1,0,3,3,1,1,1,4,7,4,1,1,2,4,4,10,4,1,1,2,4,4,10,3,0,0,3,0,0.0,2,9,0.6666666666666666,3.0,-7,1,0,0,1,1,2,2,0,0,2,1,7,3,0,0,3,0,2,9,3,0,0,3,0,2,9,1.0,0.3333333333333333,-0.5,1,4,4,2,2,4,3,4,0
4,2,0,2,6,1.5,5,7,1.25,1.75,-2,2,2,0,0,4,2,2,0,0,2,1,5,4,2,0,2,6,5,7,4,2,0,2,6,5,7,4,3,0,1,9,2.25,12,6,3.0,1.5,6,3,2,0,1,8,5,1,1,0,0,4,1,4,3,0,1,9,12,6,4,3,0,1,9,12,6,-0.75,-1.75,0.25,-8,-3,-3,-7,-7,4,4,6,9
4,3,1,0,10,2.5,11,4,2.75,1.0,7,1,1,0,0,2,0,3,2,1,0,9,4,4,3,1,0,10,11,4,4,3,1,0,10,11,4,4,0,1,3,1,0.25,4,7,1.0,1.75,-3,3,0,1,2,3,5,1,0,0,1,1,2,4,0,1,3,1,4,7,4,0,1,3,1,4,7,2.25,1.75,-0.75,10,9,9,7,7,4,4,10,1
4,3,1,0,10,2.5,9,4,2.25,1.0,5,1,1,0,0,3,1,3,2,1,0,6,3,4,3,1,0,10,9,4,4,3,1,0,10,9,4,4,4,0,0,12,3.0,11,2,2.75,0.5,9,2,2,0,0,6,1,2,2,0,0,5,1,4,4,0,0,12,11,2,4,4,0,0,12,11,2,-0.5,-0.5,0.5,-4,-2,-2,-2,-2,4,4,10,12
4,1,0,3,3,0.75,7,7,1.75,1.75,0,2,1,0,1,6,3,2,0,0,2,1,4,4,1,0,3,3,7,7,4,1,0,3,3,7,7,4,1,3,0,6,1.5,8,5,2.0,1.25,3,3,0,3,0,5,5,1,1,0,0,3,0,4,1,3,0,6,8,5,4,1,3,0,6,8,5,-0.75,-0.25,0.5,-3,-3,-3,-1,-1,4,4,3,6
4,0,2,2,2,0.5,4,8,1.0,2.0,-4,2,0,1,1,1,3,2,0,1,1,3,5,4,0,2,2,2,4,8,4,0,2,2,2,4,8,4,1,1,2,4,1.0,5,5,1.25,1.25,0,3,1,1,1,4,2,1,0,0,1,1,3,4,1,1,2,4,5,5,4,1,1,2,4,5,5,-0.5,-0.25,0.75,-4,-2,-2,-1,-1,4,4,2,4
4,0,1,3,1,0.25,2,8,0.5,2.0,-6,2,0,0,2,0,2,2,0,1,1,2,6,4,0,1,3,1,2,8,4,0,1,3,1,2,8,4,3,1,0,10,2.5,8,4,2.0,1.0,4,3,2,1,0,7,4,1,1,0,0,1,0,4,3,1,0,10,8,4,4,3,1,0,10,8,4,-2.25,-1.5,1.0,-10,-9,-9,-6,-6,4,4,1,10
4,2,0,2,6,1.5,6,6,1.5,1.5,0,1,1,0,0,2,1,3,1,0,2,4,5,4,2,0,2,6,6,6,4,2,0,2,6,6,6,3,0,0,3,0,0.0,3,11,1.0,3.6666666666666665,-8,3,0,0,3,3,11,0,0,0,0,0,0,3,0,0,3,0,3,11,3,0,0,3,0,3,11,1.5,0.5,-2.1666666666666665,8,6,6,3,3,4,3,6,0
5,2,1,2,7,1.4,6,7,1.2,1.4,-1,2,1,0,1,3,3,3,1,1,1,3,4,5,2,1,2,7,6,7,5,2,1,2,7,6,7,5,2,1,2,7,1.4,5,10,1.0,2.0,-5,2,1,0,1,1,3,3,1,1,1,4,7,5,2,1,2,7,5,10,5,2,1,2,7,5,10,0.0,0.1999999999999999,-0.6000000000000001,4,0,0,1,1,5,5,7,7
4,0,0,4,0,0.0,2,10,0.5,2.5,-8,1,0,0,1,1,2,3,0,0,3,1,8,4,0,0,4,0,2,10,4,0,0,4,0,2,10,5,1,0,4,3,0.6,5,11,1.0,2.2,-6,2,0,0,2,2,7,3,1,0,2,3,4,5,1,0,4,3,5,11,5,1,0,4,3,5,11,-0.6,-0.5,0.2999999999999998,-2,-3,-3,-3,-3,4,5,0,3
5,5,0,0,15,3.0,14,3,2.8,0.6,11,2,2,0,0,6,1,3,3,0,0,8,2,5,5,0,0,15,14,3,5,5,0,0,15,14,3,5,2,1,2,7,1.4,7,7,1.4,1.4,0,2,1,1,0,3,2,3,1,0,2,4,5,5,2,1,2,7,7,7,5,2,1,2,7,7,7,1.6,1.4,-0.7999999999999999,11,8,8,7,7,5,5,15,7
5,1,3,1,6,1.2,8,6,1.6,1.2,2,3,0,3,0,5,5,2,1,0,1,3,1,5,1,3,1,6,8,6,5,1,3,1,6,8,6,5,0,1,4,1,0.2,2,9,0.4,1.8,-7,3,0,0,3,0,3,2,0,1,1,2,6,5,0,1,4,1,2,9,5,0,1,4,1,2,9,1.0,1.2000000000000002,-0.6000000000000001,9,5,5,6,6,5,5,6,1
4,0,1,3,1,0.25,4,12,1.0,3.0,-8,3,0,0,3,3,11,1,0,1,0,1,1,4,0,1,3,1,4,12,4,0,1,3,1,4,12,5,2,0,3,6,1.2,6,10,1.2,2.0,-4,3,2,0,1,5,5,2,0,0,2,1,5,5,2,0,3,6,6,10,5,2,0,3,6,6,10,-0.95,-0.1999999999999999,1.0,-4,-5,-5,-2,-2,4,5,1,6
5,4,1,0,13,2.6,9,4,1.8,0.8,5,3,2,1,0,7,4,2,2,0,0,2,0,5,4,1,0,13,9,4,5,4,1,0,13,9,4,5,4,1,0,13,2.6,13,5,2.6,1.0,8,2,2,0,0,4,1,3,2,1,0,9,4,5,4,1,0,13,13,5,5,4,1,0,13,13,5,0.0,-0.8,-0.1999999999999999,-3,0,0,-4,-4,5,5,13,13
5,4,0,1,12,2.4,15,7,3.0,1.4,8,3,2,0,1,8,5,2,2,0,0,7,2,5,4,0,1,12,15,7,5,4,0,1,12,15,7,5,0,3,2,3,0.6,4,8,0.8,1.6,-4,3,0,2,1,1,3,2,0,1,1,3,5,5,0,3,2,3,4,8,5,0,3,2,3,4,8,1.7999999999999998,2.2,-0.2000000000000001,12,9,9,11,11,5,5,12,3
5,1,2,2,5,1.0,5,5,1.0,1.0,0,3,1,1,1,4,2,2,0,1,1,1,3,5,1,2,2,5,5,5,5,1,2,2,5,5,5,5,3,0,2,9,1.8,11,10,2.2,2.0,1,2,2,0,0,7,1,3,1,0,2,4,9,5,3,0,2,9,11,10,5,3,0,2,9,11,10,-0.8,-1.2000000000000002,-1.0,-1,-4,-4,-6,-6,5,5,5,9
5,4,1,0,13,2.6,12,4,2.4,0.8,8,2,2,0,0,6,1,3,2,1,0,6,3,5,4,1,0,13,12,4,5,4,1,0,13,12,4,5,3,1,1,10,2.0,10,7,2.0,1.4,3,2,1,0,1,4,4,3,2,1,0,6,3,5,3,1,1,10,10,7,5,3,1,1,10,10,7,0.6000000000000001,0.3999999999999999,-0.5999999999999999,5,3,3,2,2,5,5,13,10
5,0,1,4,1,0.2,5,9,1.0,1.8,-4,3,0,1,2,3,5,2,0,0,2,2,4,5,0,1,4,1,5,9,5,0,1,4,1,5,9,5,2,0,3,6,1.2,8,7,1.6,1.4,1,3,2,0,1,7,3,2,0,0,2,1,4,5,2,0,3,6,8,7,5,2,0,3,6,8,7,-1.0,-0.6000000000000001,0.4000000000000001,-5,-5,-5,-3,-3,5,5,1,6
6,4,0,2,12,2.0,12,10,2.0,1.6666666666666667,2,2,2,0,0,7,1,4,2,0,2,5,9,6,4,0,2,12,12,10,5,4,0,1,12,11,5,6,5,0,1,15,2.5,18,8,3.0,1.3333333333333333,10,4,3,0,1,11,6,2,2,0,0,7,2,6,5,0,1,15,18,8,5,4,0,1,12,14,7,-0.5,-1.0,0.3333333333333335,-8,0,-3,-3,-6,6,6,12,15
6,0,3,3,3,0.5,5,11,0.8333333333333334,1.8333333333333333,-6,3,0,2,1,1,3,3,0,1,2,4,8,6,0,3,3,3,5,11,5,0,2,3,2,4,10,6,4,2,0,14,2.333333333333333,11,6,1.8333333333333333,1.0,5,4,2,2,0,9,6,2,2,0,0,2,0,6,4,2,0,14,11,6,5,3,2,0,11,9,5,-1.8333333333333333,-1.0,0.8333333333333333,-11,-9,-11,-5,-6,6,6,3,14
6,1,1,4,4,0.6666666666666666,5,10,0.8333333333333334,1.6666666666666667,-5,3,0,0,3,0,3,3,1,1,1,5,7,6,1,1,4,4,5,10,5,1,1,3,4,5,9,5,0,1,4,1,0.2,3,11,0.6,2.2,-8,2,0,1,1,2,3,3,0,0,3,1,8,5,0,1,4,1,3,11,5,0,1,4,1,3,11,0.4666666666666666,0.2333333333333334,-0.5333333333333334,3,3,3,2,2,6,5,4,1
6,3,0,3,9,1.5,7,10,1.1666666666666667,1.6666666666666667,-3,3,2,0,1,5,5,3,1,0,2,2,5,6,3,0,3,9,7,10,5,2,0,3,6,6,10,6,2,2,2,8,1.3333333333333333,6,7,1.0,1.1666666666666667,-1,3,1,1,1,3,3,3,1,1,1,3,4,6,2,2,2,8,6,7,5,1,2,2,5,5,7,0.1666666666666667,0.1666666666666667,0.5,-2,1,1,1,1,6,6,9,8
6,3,0,3,9,1.5,16,7,2.6666666666666665,1.1666666666666667,9,3,2,0,1,7,3,3,1,0,2,9,4,6,3,0,3,9,16,7,5,2,0,3,6,11,6,5,0,1,4,1,0.2,4,13,0.8,2.6,-9,4,0,0,4,3,12,1,0,1,0,1,1,5,0,1,4,1,4,13,5,0,1,4,1,4,13,1.3,1.8666666666666665,-1.4333333333333331,18,5,8,7,12,6,5,9,1
6,3,1,2,10,1.6666666666666667,11,10,1.8333333333333333,1.6666666666666667,1,2,1,0,1,4,4,4,2,1,1,7,6,6,3,1,2,10,11,10,5,3,0,2,9,10,9,6,0,1,5,1,0.1666666666666666,5,17,0.8333333333333334,2.833333333333333,-12,4,0,1,3,3,13,2,0,0,2,2,4,6,0,1,5,1,5,17,5,0,1,4,1,5,16,1.5,1.0,-1.1666666666666667,13,8,9,5,6,6,6,10,1
6,1,1,4,4,0.6666666666666666,6,12,1.0,2.0,-6,2,0,0,2,2,7,4,1,1,2,4,5,6,1,1,4,4,6,12,5,1,1,3,4,6,11,6,6,0,0,18,3.0,16,3,2.6666666666666665,0.5,13,3,3,0,0,8,1,3,3,0,0,8,2,6,6,0,0,18,16,3,5,5,0,0,15,13,3,-2.333333333333333,-1.6666666666666663,1.5,-19,-11,-14,-7,-10,6,6,4,18
6,4,2,0,14,2.333333333333333,15,7,2.5,1.1666666666666667,8,2,2,0,0,4,1,4,2,2,0,11,6,6,4,2,0,14,15,7,5,4,1,0,13,13,5,6,5,1,0,16,2.6666666666666665,15,5,2.5,0.8333333333333334,10,3,3,0,0,9,2,3,2,1,0,6,3,6,5,1,0,16,15,5,5,5,0,0,15,14,4,-0.333333333333333,0.0,0.3333333333333333,-2,-2,-2,-1,0,6,6,14,16
6,2,1,3,7,1.1666666666666667,7,9,1.1666666666666667,1.5,-2,2,1,1,0,3,2,4,1,0,3,4,7,6,2,1,3,7,7,9,5,2,1,2,7,6,7,6,1,3,2,6,1.0,9,9,1.5,1.5,0,4,0,3,1,6,8,2,1,0,1,3,1,6,1,3,2,6,9,9,5,1,2,2,5,7,7,0.1666666666666667,-0.3333333333333332,0.0,-2,2,1,-1,-2,6,6,7,6
6,2,2,2,8,1.3333333333333333,5,10,0.8333333333333334,1.6666666666666667,-5,2,1,0,1,1,3,4,1,2,1,4,7,6,2,2,2,8,5,10,5,1,2,2,5,4,10,6,1,2,3,5,0.8333333333333334,5,6,0.8333333333333334,1.0,-1,4,1,1,2,4,3,2,0,1,1,1,3,6,1,2,3,5,5,6,5,1,1,3,4,4,5,0.4999999999999999,0.0,0.6666666666666667,-4,1,3,0,0,6,6,8,5
6,1,1,4,4,0.6666666666666666,5,12,0.8333333333333334,2.0,-7,2,0,1,1,2,3,4,1,0,3,3,9,6,1,1,4,4,5,12,5,1,1,3,4,4,8,6,0,1,5,1,0.1666666666666666,4,15,0.6666666666666666,2.5,-11,4,0,0,4,3,12,2,0,1,1,1,3,6,0,1,5,1,4,15,5,0,1,4,1,4,12,0.5,0.1666666666666667,-0.5,4,3,3,0,1,6,6,4,1
7,1,1,5,4,0.5714285714285714,6,14,0.8571428571428571,2.0,-8,3,0,1,2,3,5,4,1,0,3,3,9,7,1,1,5,4,6,14,5,1,1,3,4,5,7,7,5,2,0,17,2.4285714285714284,17,8,2.4285714285714284,1.1428571428571428,9,3,3,0,0,6,2,4,2,2,0,11,6,7,5,2,0,17,17,8,5,4,1,0,13,13,6,-1.857142857142857,-1.5714285714285712,0.8571428571428572,-17,-9,-13,-8,-11,7,7,4,17
7,1,1,5,4,0.5714285714285714,6,16,0.8571428571428571,2.2857142857142856,-10,4,0,0,4,3,12,3,1,1,1,3,4,7,1,1,5,4,6,16,5,1,1,3,4,5,10,7,2,2,3,8,1.1428571428571428,7,6,1.0,0.8571428571428571,1,4,1,1,2,4,3,3,1,1,1,3,3,7,2,2,3,8,7,6,5,2,1,2,7,5,2,-0.5714285714285714,-0.1428571428571429,1.4285714285714284,-11,-3,-4,0,-1,7,7,4,8
7,1,1,5,4,0.5714285714285714,6,12,0.8571428571428571,1.7142857142857142,-6,4,0,0,4,1,5,3,1,1,1,5,7,7,1,1,5,4,6,12,5,1,1,3,4,6,7,7,0,3,4,3,0.4285714285714285,5,15,0.7142857142857143,2.142857142857143,-10,4,0,2,2,1,7,3,0,1,2,4,8,7,0,3,4,3,5,15,5,0,2,3,2,3,11,0.1428571428571428,0.1428571428571428,-0.4285714285714286,4,2,1,3,1,7,7,4,3
7,2,2,3,8,1.1428571428571428,5,12,0.7142857142857143,1.7142857142857142,-7,3,1,0,2,1,5,4,1,2,1,4,7,7,2,2,3,8,5,12,5,1,2,2,5,4,9,7,0,1,6,1,0.1428571428571428,5,19,0.7142857142857143,2.7142857142857144,-14,4,0,1,3,3,13,3,0,0,3,2,6,7,0,1,6,1,5,19,5,0,1,4,1,4,16,1.0,0.0,-1.0000000000000002,7,4,7,0,0,7,7,8,1
7,3,0,4,9,1.2857142857142858,7,11,1.0,1.5714285714285714,-4,4,2,0,2,5,6,3,1,0,2,2,5,7,3,0,4,9,7,11,5,2,0,3,6,6,9,7,1,4,2,7,1.0,10,10,1.4285714285714286,1.4285714285714286,0,4,0,3,1,6,8,3,1,1,1,4,2,7,1,4,2,7,10,10,5,0,3,2,3,5,8,0.2857142857142858,-0.4285714285714286,0.1428571428571428,-4,3,2,1,-3,7,7,9,7
7,3,2,2,11,1.5714285714285714,7,7,1.0,1.0,0,3,1,1,1,3,3,4,2,1,1,4,4,7,3,2,2,11,7,7,5,2,2,1,8,6,6,7,2,2,3,8,1.1428571428571428,8,10,1.1428571428571428,1.4285714285714286,-2,3,1,2,0,4,3,4,1,0,3,4,7,7,2,2,3,8,8,10,5,1,2,2,5,5,7,0.4285714285714286,-0.1428571428571428,-0.4285714285714286,2,3,3,1,-1,7,7,11,8
7,5,0,2,15,2.142857142857143,19,14,2.7142857142857144,2.0,5,4,3,0,1,11,6,3,2,0,1,8,8,7,5,0,2,15,19,14,5,3,0,2,9,11,12,7,5,1,1,16,2.2857142857142856,16,7,2.2857142857142856,1.0,9,3,3,0,0,9,2,4,2,1,1,7,5,7,5,1,1,16,16,7,5,4,0,1,12,12,5,-0.1428571428571428,0.4285714285714288,1.0,-4,-3,-1,-1,3,7,7,15,16
7,4,1,2,13,1.8571428571428568,13,10,1.8571428571428568,1.4285714285714286,3,3,2,0,1,6,4,4,2,1,1,7,6,7,4,1,2,13,13,10,5,3,0,2,9,9,8,7,4,0,3,12,1.7142857142857142,18,7,2.571428571428572,1.0,11,4,3,0,1,9,3,3,1,0,2,9,4,7,4,0,3,12,18,7,5,3,0,2,9,13,5,0.142857142857143,-0.7142857142857144,0.4285714285714286,-8,0,1,-4,-5,7,7,13,12
7,2,1,4,7,1.0,8,13,1.1428571428571428,1.8571428571428568,-5,3,1,0,2,4,8,4,1,1,2,4,5,7,2,1,4,7,8,13,5,2,1,2,7,7,8,7,5,0,2,15,2.142857142857143,18,11,2.571428571428572,1.5714285714285714,7,3,3,0,0,13,2,4,2,0,2,5,9,7,5,0,2,15,18,11,5,4,0,1,12,13,6,-1.1428571428571428,-1.4285714285714288,0.2857142857142858,-12,-5,-8,-6,-10,7,7,7,15
7,5,2,0,17,2.4285714285714284,15,6,2.142857142857143,0.8571428571428571,9,4,2,2,0,9,6,3,3,0,0,6,0,7,5,2,0,17,15,6,5,3,2,0,11,12,5,7,6,0,1,18,2.571428571428572,17,5,2.4285714285714284,0.7142857142857143,12,3,3,0,0,8,1,4,3,0,1,9,4,7,6,0,1,18,17,5,5,4,0,1,12,13,5,-0.1428571428571432,-0.2857142857142856,0.1428571428571428,-3,-1,-1,-1,-2,7,7,17,18
8,5,2,1,17,2.125,18,9,2.25,1.125,9,3,3,0,0,9,2,5,2,2,1,9,7,8,5,2,1,17,18,9,5,3,1,1,10,12,6,8,2,1,5,7,0.875,9,12,1.125,1.5,-3,5,1,0,4,4,5,3,1,1,1,5,7,8,2,1,5,7,9,12,5,2,1,2,7,9,6,1.25,1.125,-0.375,12,3,10,3,9,8,8,17,7
8,0,3,5,3,0.375,5,18,0.625,2.25,-13,4,0,2,2,1,7,4,0,1,3,4,11,8,0,3,5,3,5,18,5,0,2,3,2,3,12,8,2,2,4,8,1.0,9,14,1.125,1.75,-5,4,1,1,2,5,9,4,1,1,2,4,5,8,2,2,4,8,9,14,5,1,2,2,5,7,9,-0.625,-0.5,0.5,-8,-3,-5,-4,-4,8,8,3,8
8,1,4,3,7,0.875,11,12,1.375,1.5,-1,4,0,3,1,6,8,4,1,1,2,5,4,8,1,4,3,7,11,12,5,0,2,3,2,5,9,8,1,1,6,4,0.5,7,20,0.875,2.5,-13,5,0,0,5,4,16,3,1,1,1,3,4,8,1,1,6,4,7,20,5,1,1,3,4,4,9,0.375,0.5,-1.0,12,-2,3,1,4,8,8,7,4
8,6,0,2,18,2.25,17,6,2.125,0.75,11,3,3,0,0,8,1,5,3,0,2,9,5,8,6,0,2,18,17,6,5,3,0,2,9,11,5,8,5,1,2,16,2.0,21,16,2.625,2.0,5,5,3,1,1,13,8,3,2,0,1,8,8,8,5,1,2,16,21,16,5,3,1,1,10,12,11,0.25,-0.5,-1.25,6,-1,2,-1,-4,8,8,18,16
8,4,1,3,13,1.625,20,9,2.5,1.125,11,4,3,0,1,9,3,4,1,1,2,11,6,8,4,1,3,13,20,9,5,3,1,1,10,14,5,8,3,3,2,12,1.5,7,7,0.875,0.875,0,4,1,2,1,3,3,4,2,1,1,4,4,8,3,3,2,12,7,7,5,2,2,1,8,5,5,0.125,1.625,0.25,11,2,1,9,13,8,8,13,12
8,2,3,3,9,1.125,8,10,1.0,1.25,-2,3,1,2,0,4,3,5,1,1,3,4,7,8,2,3,3,9,8,10,5,1,3,1,6,3,4,8,1,1,6,4,0.5,6,15,0.75,1.875,-9,4,0,1,3,3,6,4,1,0,3,3,9,8,1,1,6,4,6,15,5,1,1,3,4,4,6,0.625,0.25,-0.625,7,2,5,-1,2,8,8,9,4
8,3,2,3,11,1.375,11,7,1.375,0.875,4,4,1,1,2,4,3,4,2,1,1,7,4,8,3,2,3,11,11,7,5,2,1,2,7,6,3,8,6,2,0,20,2.5,16,6,2.0,0.75,10,5,3,2,0,10,6,3,3,0,0,6,0,8,6,2,0,20,16,6,5,4,1,0,13,11,3,-1.125,-0.625,0.125,-6,-6,-9,-5,-5,8,8,11,20
8,0,1,7,1,0.125,6,22,0.75,2.75,-16,4,0,1,3,3,13,4,0,0,4,3,9,8,0,1,7,1,6,22,5,0,1,4,1,4,17,8,4,0,4,12,1.5,9,12,1.125,1.5,-3,5,3,0,2,7,7,3,1,0,2,2,5,8,4,0,4,12,9,12,5,2,0,3,6,5,8,-1.375,-0.375,1.25,-13,-5,-11,-1,-3,8,8,1,12
8,5,1,2,16,2.0,19,12,2.375,1.5,7,3,3,0,0,13,2,5,2,1,2,6,10,8,5,1,2,16,19,12,5,3,1,1,10,11,6,8,4,2,2,14,1.75,15,12,1.875,1.5,3,4,2,1,1,8,6,4,2,1,1,7,6,8,4,2,2,14,15,12,5,2,1,2,7,8,9,0.25,0.5,0.0,4,3,2,3,4,8,8,16,14
8,6,2,0,20,2.5,18,8,2.25,1.0,10,3,3,0,0,6,2,5,3,2,0,12,6,8,6,2,0,20,18,8,5,4,1,0,13,12,6,8,3,2,3,11,1.375,8,13,1.0,1.625,-5,4,2,0,2,4,6,4,1,2,1,4,7,8,3,2,3,11,8,13,5,2,1,2,7,5,8,1.125,1.25,-0.625,15,6,9,7,10,8,8,20,11
9,3,3,3,12,1.3333333333333333,7,11,0.7777777777777778,1.2222222222222223,-4,4,1,2,1,3,3,5,2,1,2,4,8,9,3,3,3,12,7,11,5,1,2,2,5,2,7,9,7,2,0,23,2.555555555555556,20,8,2.2222222222222223,0.8888888888888888,12,4,4,0,0,8,2,5,3,2,0,12,6,9,7,2,0,23,20,8,5,4,1,0,13,9,4,-1.222222222222222,-1.4444444444444446,0.3333333333333335,-16,-8,-11,-7,-13,9,9,12,23
9,3,3,3,12,1.3333333333333333,13,9,1.4444444444444444,1.0,4,5,1,2,2,6,5,4,2,1,1,7,4,9,3,3,3,12,13,9,5,2,2,1,8,8,4,9,2,4,3,10,1.1111111111111112,14,12,1.5555555555555556,1.3333333333333333,2,5,1,3,1,9,8,4,1,1,2,5,4,9,2,4,3,10,14,12,5,1,1,3,4,6,7,0.2222222222222221,-0.1111111111111111,-0.3333333333333332,2,4,2,2,-1,9,9,12,10
9,0,3,6,3,0.3333333333333333,6,20,0.6666666666666666,2.2222222222222223,-14,5,0,2,3,2,9,4,0,1,3,4,11,9,0,3,6,3,6,20,5,0,1,4,1,2,12,9,1,1,7,4,0.4444444444444444,7,23,0.7777777777777778,2.555555555555556,-16,5,0,0,5,4,16,4,1,1,2,3,7,9,1,1,7,4,7,23,5,1,0,4,3,3,11,-0.1111111111111111,-0.1111111111111111,-0.333333333333333,2,-2,-1,-1,-1,9,9,3,4
9,6,3,0,21,2.333333333333333,18,8,2.0,0.8888888888888888,10,5,3,2,0,10,6,4,3,1,0,8,2,9,6,3,0,21,18,8,5,3,2,0,11,10,4,9,0,1,8,1,0.1111111111111111,7,24,0.7777777777777778,2.6666666666666665,-17,5,0,1,4,4,15,4,0,0,4,3,9,9,0,1,8,1,7,24,5,0,0,5,0,3,17,2.2222222222222223,1.2222222222222223,-1.7777777777777777,27,11,20,7,11,9,9,21,1
9,3,2,4,11,1.2222222222222223,11,15,1.2222222222222223,1.6666666666666667,-4,4,1,1,2,5,9,5,2,1,2,6,6,9,3,2,4,11,11,15,5,2,2,1,8,7,7,9,5,1,3,16,1.7777777777777777,24,9,2.6666666666666665,1.0,15,5,4,0,1,13,3,4,1,1,2,11,6,9,5,1,3,16,24,9,5,4,1,0,13,17,2,-0.5555555555555554,-1.4444444444444442,0.6666666666666667,-19,-5,-5,-10,-13,9,9,11,16
9,4,2,3,14,1.5555555555555556,16,16,1.7777777777777777,1.7777777777777777,0,4,2,1,1,8,6,5,2,1,2,8,10,9,4,2,3,14,16,16,5,1,1,3,4,7,12,9,2,1,6,7,0.7777777777777778,9,14,1.0,1.5555555555555556,-5,5,1,0,4,4,5,4,1,1,2,5,9,9,2,1,6,7,9,14,5,2,0,3,6,7,6,0.7777777777777778,0.7777777777777777,0.2222222222222221,5,-2,7,0,7,9,9,14,7
9,6,1,2,19,2.111111111111111,23,13,2.555555555555556,1.4444444444444444,10,4,4,0,0,17,3,5,2,1,2,6,10,9,6,1,2,19,23,13,5,4,1,0,13,15,4,9,1,2,6,5,0.5555555555555556,8,17,0.8888888888888888,1.8888888888888888,-9,4,0,1,3,3,6,5,1,1,3,5,11,9,1,2,6,5,8,17,5,1,2,2,5,6,7,1.5555555555555556,1.6666666666666663,-0.4444444444444444,19,8,14,9,15,9,9,19,5
9,5,1,3,16,1.7777777777777777,22,18,2.4444444444444446,2.0,4,5,3,1,1,13,8,4,2,0,2,9,10,9,5,1,3,16,22,18,5,2,1,2,7,10,12,9,3,2,4,11,1.2222222222222223,8,15,0.8888888888888888,1.6666666666666667,-7,4,2,0,2,4,6,5,1,2,2,4,9,9,3,2,4,11,8,15,5,2,1,2,7,4,5,0.5555555555555554,1.5555555555555558,0.3333333333333332,11,0,5,6,14,9,9,16,11
9,6,2,1,20,2.2222222222222223,20,9,2.2222222222222223,1.0,11,4,4,0,0,11,2,5,2,2,1,9,7,9,6,2,1,20,20,9,5,3,1,1,10,11,6,9,2,4,3,10,1.1111111111111112,10,12,1.1111111111111112,1.3333333333333333,-2,4,1,3,0,6,5,5,1,1,3,4,7,9,2,4,3,10,10,12,5,0,4,1,4,4,6,1.1111111111111112,1.1111111111111112,-0.3333333333333332,13,6,10,7,10,9,9,20,10
9,5,0,4,15,1.6666666666666667,11,13,1.2222222222222223,1.4444444444444444,-2,5,3,0,2,7,7,4,2,0,2,4,6,9,5,0,4,15,11,13,5,3,0,2,9,6,6,9,7,0,2,21,2.333333333333333,19,7,2.111111111111111,0.7777777777777778,12,4,4,0,0,10,2,5,3,0,2,9,5,9,7,0,2,21,19,7,5,3,0,2,9,8,5,-0.6666666666666667,-0.8888888888888888,0.6666666666666666,-14,0,-6,-2,-8,9,9,15,21
10,3,3,4,12,1.2,9,16,0.9,1.6,-7,4,2,0,2,4,6,6,1,3,2,5,10,10,3,3,4,12,9,16,5,1,2,2,5,4,6,10,5,0,5,15,1.5,11,16,1.1,1.6,-5,6,3,0,3,7,10,4,2,0,2,4,6,10,5,0,5,15,11,16,5,3,0,2,9,5,6,-0.3,-0.2,0.0,-2,-4,-3,-1,-2,10,10,12,15
10,3,4,3,13,1.3,16,12,1.6,1.2,4,5,1,3,1,9,8,5,2,1,2,7,4,10,3,4,3,13,16,12,5,2,1,2,7,8,6,10,4,2,4,14,1.4,16,17,1.6,1.7,-1,5,2,1,2,8,7,5,2,1,2,8,10,10,4,2,4,14,16,17,5,1,1,3,4,6,10,-0.0999999999999998,0.0,-0.5,5,3,-1,2,0,10,10,13,14
10,1,1,8,4,0.4,8,25,0.8,2.5,-17,5,0,0,5,4,16,5,1,1,3,4,9,10,1,1,8,4,8,25,5,1,0,4,3,4,12,10,3,3,4,12,1.2,8,13,0.8,1.3,-5,5,1,2,2,4,5,5,2,1,2,4,8,10,3,3,4,12,8,13,5,1,2,2,5,2,6,-0.7999999999999999,0.0,1.2,-12,-2,-8,2,0,10,10,4,12
10,3,1,6,10,1.0,10,14,1.0,1.4,-4,5,1,0,4,4,5,5,2,1,2,6,9,10,3,1,6,10,10,14,5,3,0,2,9,8,5,10,5,2,3,17,1.7,23,19,2.3,1.9,4,6,3,2,1,14,9,4,2,0,2,9,10,10,5,2,3,17,23,19,5,1,2,2,5,8,12,-0.7,-1.2999999999999998,-0.5,-8,4,-7,0,-13,10,10,10,17
10,8,0,2,24,2.4,22,7,2.2,0.7,15,4,4,0,0,10,2,6,4,0,2,12,5,10,8,0,2,24,22,7,5,3,0,2,9,8,4,10,1,3,6,6,0.6,8,21,0.8,2.1,-13,6,1,2,3,4,10,4,0,1,3,4,11,10,1,3,6,6,8,21,5,1,0,4,3,4,13,1.7999999999999998,1.4,-1.4,28,6,18,4,14,10,10,24,6
10,0,1,9,1,0.1,7,29,0.7,2.9,-22,5,0,1,4,4,15,5,0,0,5,3,14,10,0,1,9,1,7,29,5,0,0,5,0,2,20,10,3,3,4,12,1.2,13,17,1.3,1.7,-4,5,1,2,2,7,11,5,2,1,2,6,6,10,3,3,4,12,13,17,5,2,3,0,9,8,6,-1.1,-0.6000000000000001,1.2,-18,-9,-11,-6,-6,10,10,1,12
10,5,2,3,17,1.7,26,11,2.6,1.1,15,5,4,0,1,13,3,5,1,2,2,13,8,10,5,2,3,17,26,11,5,3,2,0,11,18,4,10,7,3,0,24,2.4,23,8,2.3,0.8,15,6,4,2,0,15,6,4,3,1,0,8,2,10,7,3,0,24,23,8,5,3,2,0,11,14,4,-0.7,0.3000000000000002,0.3,0,0,-7,4,3,10,10,17,24
10,2,4,4,10,1.0,10,15,1.0,1.5,-5,4,1,3,0,6,5,6,1,1,4,4,10,10,2,4,4,10,10,15,5,0,3,2,3,3,8,10,7,1,2,22,2.2,26,14,2.6,1.4,12,5,5,0,0,20,4,5,2,1,2,6,10,10,7,1,2,22,26,14,5,4,1,0,13,15,4,-1.2000000000000002,-1.6,0.1,-17,-10,-12,-12,-16,10,10,10,22
10,1,2,7,5,0.5,9,20,0.9,2.0,-11,4,0,1,3,3,6,6,1,1,4,6,14,10,1,2,7,5,9,20,5,1,1,3,4,6,9,10,7,2,1,23,2.3,23,9,2.3,0.9,14,5,5,0,0,14,2,5,2,2,1,9,7,10,7,2,1,23,23,9,5,3,1,1,10,11,5,-1.7999999999999998,-1.4,1.1,-25,-6,-18,-5,-14,10,10,5,23
10,8,2,0,26,2.6,22,9,2.2,0.9,13,4,4,0,0,8,2,6,4,2,0,14,7,10,8,2,0,26,22,9,5,4,1,0,13,9,4,10,3,3,4,12,1.2,13,11,1.3,1.1,2,6,1,2,3,6,7,4,2,1,1,7,4,10,3,3,4,12,13,11,5,2,1,2,7,8,6,1.4,0.9000000000000001,-0.2,11,6,14,1,9,10,10,26,12
11,3,3,5,12,1.0909090909090908,14,19,1.2727272727272727,1.7272727272727273,-5,5,1,2,2,7,11,6,2,1,3,7,8,10,3,3,4,12,14,18,5,2,2,1,8,8,7,11,8,2,1,26,2.363636363636364,23,13,2.090909090909091,1.181818181818182,10,5,4,0,1,9,6,6,4,2,0,14,7,10,8,1,1,25,21,11,5,4,0,1,12,8,6,-1.272727272727273,-0.8181818181818181,0.5454545454545454,-15,-4,-13,0,-7,11,11,12,26
11,7,3,1,24,2.1818181818181817,23,9,2.090909090909091,0.8181818181818182,14,6,4,2,0,15,6,5,3,1,1,8,3,10,6,3,1,21,21,8,5,3,1,1,10,12,3,11,1,1,9,4,0.3636363636363636,8,27,0.7272727272727273,2.4545454545454546,-19,6,0,0,6,4,18,5,1,1,3,4,9,10,1,1,8,4,8,24,5,1,0,4,3,4,12,1.818181818181818,1.3636363636363635,-1.6363636363636362,33,7,17,8,13,11,11,24,4
11,4,3,4,15,1.3636363636363635,10,13,0.9090909090909092,1.181818181818182,-3,5,1,2,2,4,5,6,3,1,2,6,8,10,3,3,4,12,9,13,5,2,1,2,7,4,6,11,3,2,6,11,1.0,11,15,1.0,1.3636363636363635,-4,6,1,1,4,5,6,5,2,1,2,6,9,10,3,2,5,11,11,14,5,2,1,2,7,6,5,0.3636363636363635,-0.0909090909090909,-0.1818181818181816,1,0,1,-2,-2,11,11,15,11
11,6,0,5,18,1.6363636363636365,12,16,1.0909090909090908,1.4545454545454546,-4,6,3,0,3,7,10,5,3,0,2,5,6,10,5,0,5,15,11,16,5,3,0,2,9,5,6,11,1,3,7,6,0.5454545454545454,10,21,0.9090909090909092,1.9090909090909087,-11,5,0,2,3,4,7,6,1,1,4,6,14,10,1,3,6,6,9,17,5,0,2,3,2,5,9,1.090909090909091,0.1818181818181817,-0.4545454545454546,7,7,9,0,2,11,11,18,6
11,1,3,7,6,0.5454545454545454,9,27,0.8181818181818182,2.4545454545454546,-18,6,1,2,3,4,10,5,0,1,4,5,17,10,1,2,7,5,8,26,5,1,0,4,3,4,16,11,6,2,3,20,1.818181818181818,27,11,2.4545454545454546,1.0,16,6,5,0,1,14,3,5,1,2,2,13,8,10,5,2,3,17,22,10,5,3,2,0,11,11,4,-1.2727272727272727,-1.6363636363636362,1.4545454545454546,-34,-8,-12,-7,-14,11,11,6,20
11,7,1,3,22,2.0,26,16,2.363636363636364,1.4545454545454546,10,5,5,0,0,20,4,6,2,1,3,6,12,10,7,1,2,22,25,11,5,3,1,1,10,14,6,11,3,3,5,12,1.0909090909090908,9,17,0.8181818181818182,1.5454545454545454,-8,5,2,0,3,4,7,6,1,3,2,5,10,10,2,3,5,9,8,17,5,1,1,3,4,4,7,0.9090909090909092,1.5454545454545454,-0.0909090909090908,18,6,13,10,17,11,11,22,12
11,5,3,3,18,1.6363636363636365,24,20,2.1818181818181817,1.818181818181818,4,6,3,2,1,14,9,5,2,1,2,10,11,10,4,3,3,15,20,19,5,0,3,2,3,6,12,11,1,1,9,4,0.3636363636363636,9,30,0.8181818181818182,2.727272727272727,-21,6,1,1,4,6,16,5,0,0,5,3,14,10,1,1,8,4,9,29,5,1,0,4,3,4,13,1.272727272727273,1.363636363636363,-0.909090909090909,25,0,11,2,11,11,11,18,4
11,7,3,1,24,2.1818181818181817,24,10,2.1818181818181817,0.9090909090909092,14,5,5,0,0,14,2,6,2,3,1,10,8,10,7,2,1,23,23,9,5,2,2,1,8,9,5,11,4,4,3,16,1.4545454545454546,19,14,1.7272727272727273,1.2727272727272727,5,6,2,3,1,12,10,5,2,1,2,7,4,10,4,3,3,15,17,12,5,3,1,1,10,10,5,0.7272727272727271,0.4545454545454543,-0.3636363636363636,9,-2,8,-1,6,11,11,24,16
11,4,2,5,14,1.2727272727272727,18,20,1.6363636363636365,1.818181818181818,-2,5,2,1,2,8,7,6,2,1,3,10,13,10,4,1,5,13,17,19,5,1,1,3,4,7,10,11,3,4,4,13,1.181818181818182,12,15,1.0909090909090908,1.3636363636363635,-3,5,2,3,0,8,5,6,1,1,4,4,10,10,3,4,3,13,11,13,5,1,3,1,6,5,6,0.0909090909090908,0.5454545454545456,0.4545454545454546,1,-2,0,2,6,11,11,14,13
11,4,3,4,15,1.3636363636363635,17,12,1.5454545454545454,1.0909090909090908,5,6,1,2,3,6,7,5,3,1,1,11,5,10,4,2,4,14,16,11,5,3,1,1,10,12,6,11,9,0,2,27,2.4545454545454546,28,8,2.5454545454545454,0.7272727272727273,20,5,5,0,0,16,3,6,4,0,2,12,5,10,8,0,2,24,25,8,5,3,0,2,9,12,5,-1.090909090909091,-1.0,0.3636363636363635,-15,1,-10,0,-9,11,11,15,27
12,9,1,2,28,2.333333333333333,32,12,2.6666666666666665,1.0,20,5,5,0,0,16,3,7,4,1,2,16,9,10,7,1,2,22,28,12,5,3,1,1,10,15,7,12,8,3,1,27,2.25,27,10,2.25,0.8333333333333334,17,6,6,0,0,17,2,6,2,3,1,10,8,10,7,2,1,23,23,8,5,3,2,0,11,11,3,0.0833333333333334,0.4166666666666665,0.1666666666666666,3,-1,-1,4,5,12,12,28,27
12,1,1,10,4,0.3333333333333333,9,30,0.75,2.5,-21,6,0,0,6,4,18,6,1,1,4,5,12,10,1,1,8,4,8,24,5,0,0,5,0,3,14,12,5,2,5,17,1.4166666666666667,21,22,1.75,1.8333333333333333,-1,6,3,1,2,11,9,6,2,1,3,10,13,10,4,1,5,13,17,20,5,1,1,3,4,8,12,-1.0833333333333337,-1.0,0.6666666666666667,-20,-4,-9,-5,-9,12,12,4,17
12,1,3,8,6,0.5,10,22,0.8333333333333334,1.8333333333333333,-12,5,0,2,3,4,7,7,1,1,5,6,15,10,1,3,6,6,9,15,5,0,2,3,2,4,8,12,4,3,5,15,1.25,12,16,1.0,1.3333333333333333,-4,6,1,2,3,6,8,6,3,1,2,6,8,10,3,3,4,12,11,15,5,1,1,3,4,5,9,-0.75,-0.1666666666666666,0.5,-8,-2,-6,-1,-2,12,12,6,15
12,6,2,4,20,1.6666666666666667,27,13,2.25,1.0833333333333333,14,6,5,0,1,14,3,6,1,2,3,13,10,10,5,2,3,17,22,11,5,2,2,1,8,9,6,12,4,4,4,16,1.3333333333333333,21,16,1.75,1.3333333333333333,5,7,1,3,3,10,11,5,3,1,1,11,5,10,4,3,3,15,19,12,5,2,2,1,8,14,10,0.3333333333333335,0.5,-0.25,9,0,2,-5,3,12,12,20,16
12,3,4,5,13,1.0833333333333333,14,18,1.1666666666666667,1.5,-4,5,2,3,0,8,5,7,1,1,5,6,13,10,2,4,4,10,11,15,5,1,2,2,5,6,8,12,5,4,3,19,1.5833333333333333,25,21,2.083333333333333,1.75,4,7,3,3,1,15,10,5,2,1,2,10,11,10,3,4,3,13,17,19,5,0,4,1,4,6,7,-0.5,-0.9166666666666669,-0.25,-8,1,-3,0,-6,12,12,13,19
12,1,2,9,5,0.4166666666666667,10,31,0.8333333333333334,2.583333333333333,-21,6,1,1,4,6,16,6,0,1,5,4,15,10,1,2,7,5,9,28,5,1,1,3,4,5,12,12,2,3,7,9,0.75,11,27,0.9166666666666666,2.25,-16,7,2,2,3,6,10,5,0,1,4,5,17,10,2,2,6,8,9,23,5,2,0,3,6,6,12,-0.3333333333333333,-0.0833333333333332,0.3333333333333335,-5,-2,-3,-1,0,12,12,5,9
12,4,4,4,16,1.3333333333333333,19,17,1.5833333333333333,1.4166666666666667,2,6,2,3,1,12,10,6,2,1,3,7,7,10,3,3,4,12,14,15,5,3,0,2,9,9,7,12,8,3,1,27,2.25,26,10,2.1666666666666665,0.8333333333333334,16,7,5,2,0,18,7,5,3,1,1,8,3,10,6,3,1,21,23,9,5,3,1,1,10,11,4,-0.9166666666666669,-0.5833333333333333,0.5833333333333334,-14,-1,-9,-2,-9,12,12,16,27
12,8,2,2,26,2.1666666666666665,24,15,2.0,1.25,9,5,4,0,1,9,6,7,4,2,1,15,9,10,7,1,2,22,20,13,5,3,0,2,9,7,7,12,8,1,3,25,2.083333333333333,29,17,2.4166666666666665,1.4166666666666667,12,6,6,0,0,23,5,6,2,1,3,6,12,10,7,1,2,22,24,12,5,3,1,1,10,11,6,0.083333333333333,-0.4166666666666665,-0.1666666666666667,-3,-1,0,-4,-4,12,12,26,25
12,4,2,6,14,1.1666666666666667,14,17,1.1666666666666667,1.4166666666666667,-3,6,1,1,4,5,6,6,3,1,2,9,11,10,4,2,4,14,14,12,5,3,1,1,10,8,5,12,7,0,5,21,1.75,13,16,1.0833333333333333,1.3333333333333333,-3,7,4,0,3,8,10,5,3,0,2,5,6,10,6,0,4,18,12,14,5,4,0,1,12,6,5,-0.5833333333333333,0.0833333333333334,0.0833333333333334,0,-2,-4,2,2,12,12,14,21
12,3,3,6,12,1.0,10,20,0.8333333333333334,1.6666666666666667,-10,5,2,0,3,4,7,7,1,3,3,6,13,10,2,3,5,9,9,17,5,1,1,3,4,5,8,12,4,3,5,15,1.25,16,20,1.3333333333333333,1.6666666666666667,-4,6,2,2,2,9,12,6,2,1,3,7,8,10,4,3,3,15,15,15,5,2,2,1,8,8,7,-0.25,-0.4999999999999999,0.0,-6,-4,-6,-3,-6,12,12,12,15
13,9,3,1,30,2.3076923076923075,27,10,2.076923076923077,0.7692307692307693,17,7,5,2,0,18,7,6,4,1,1,9,3,10,7,2,1,23,22,7,5,3,1,1,10,11,4,13,4,3,6,15,1.1538461538461535,18,23,1.3846153846153846,1.7692307692307692,-5,6,2,2,2,9,12,7,2,1,4,9,11,10,3,3,4,12,16,18,5,2,1,2,7,9,9,1.1538461538461535,0.6923076923076925,-1.0,22,3,11,2,6,13,13,30,15
13,4,4,5,16,1.2307692307692308,19,18,1.4615384615384617,1.3846153846153846,1,7,2,3,2,12,11,6,2,1,3,7,7,10,3,2,5,11,13,15,5,3,0,2,9,8,6,13,2,3,8,9,0.6923076923076923,12,23,0.9230769230769232,1.7692307692307692,-11,6,1,2,3,6,8,7,1,1,5,6,15,10,2,3,5,9,10,14,5,1,2,2,5,6,8,0.5384615384615385,0.5384615384615383,-0.3846153846153846,12,4,2,2,3,13,13,16,9
13,1,1,11,4,0.3076923076923077,10,32,0.7692307692307693,2.4615384615384617,-22,7,0,0,7,5,20,6,1,1,4,5,12,10,1,1,8,4,7,21,5,0,0,5,0,3,12,13,1,2,10,5,0.3846153846153846,11,34,0.8461538461538461,2.6153846153846154,-23,7,1,1,5,7,19,6,0,1,5,4,15,10,1,2,7,5,9,29,5,1,1,3,4,5,12,-0.0769230769230769,-0.0769230769230768,-0.1538461538461537,1,-4,-1,-2,-2,13,13,4,5
13,3,4,6,13,1.0,16,21,1.2307692307692308,1.6153846153846154,-5,6,2,3,1,10,8,7,1,1,5,6,13,10,2,4,4,10,11,15,5,1,1,3,4,8,11,13,4,2,7,14,1.0769230769230769,14,20,1.0769230769230769,1.5384615384615383,-6,7,1,1,5,5,9,6,3,1,2,9,11,10,4,2,4,14,14,14,5,2,1,2,7,5,8,-0.0769230769230768,0.1538461538461539,0.0769230769230768,1,-3,-4,3,-3,13,13,13,14
13,7,2,4,23,1.7692307692307692,31,14,2.3846153846153846,1.0769230769230769,17,7,6,0,1,18,4,6,1,2,3,13,10,10,6,2,2,20,25,10,5,3,1,1,10,11,5,13,8,0,5,24,1.8461538461538465,16,16,1.2307692307692308,1.2307692307692308,0,7,4,0,3,8,10,6,4,0,2,8,6,10,6,0,4,18,12,12,5,4,0,1,12,7,4,-0.0769230769230771,1.1538461538461535,-0.1538461538461539,17,-2,2,4,13,13,13,23,24
13,3,3,7,12,0.9230769230769232,14,28,1.0769230769230769,2.1538461538461537,-14,7,2,2,3,6,10,6,1,1,4,8,18,10,3,2,5,11,12,22,5,3,0,2,9,9,10,13,9,1,3,28,2.1538461538461537,31,18,2.3846153846153846,1.3846153846153846,13,6,6,0,0,23,5,7,3,1,3,8,13,10,7,1,2,22,23,12,5,4,0,1,12,12,6,-1.2307692307692306,-1.3076923076923077,0.7692307692307692,-27,-3,-11,-3,-11,13,13,12,28
13,4,4,5,16,1.2307692307692308,22,20,1.6923076923076923,1.5384615384615383,2,7,1,3,3,10,11,6,3,1,2,12,9,10,3,3,4,12,17,16,5,1,2,2,5,11,13,13,6,4,3,22,1.6923076923076923,28,23,2.1538461538461537,1.7692307692307692,5,7,3,3,1,15,10,6,3,1,2,13,13,10,4,4,2,16,19,18,5,1,3,1,6,7,7,-0.4615384615384614,-0.4615384615384614,-0.2307692307692306,-3,-1,-4,4,-2,13,13,16,22
13,8,4,1,28,2.1538461538461537,28,11,2.1538461538461537,0.8461538461538461,17,6,6,0,0,17,2,7,2,4,1,11,9,10,6,3,1,21,22,8,5,3,2,0,11,10,2,13,4,3,6,15,1.1538461538461535,13,22,1.0,1.6923076923076923,-9,6,3,0,3,7,9,7,1,3,3,6,13,10,3,2,5,11,10,17,5,1,1,3,4,5,9,1.0,1.1538461538461535,-0.8461538461538461,26,7,10,5,12,13,13,28,15
13,6,2,5,20,1.5384615384615383,23,23,1.7692307692307692,1.7692307692307692,0,6,3,1,2,11,9,7,3,1,3,12,14,10,4,1,5,13,16,20,5,2,0,3,6,8,11,13,4,3,6,15,1.1538461538461535,13,18,1.0,1.3846153846153846,-5,6,1,2,3,6,8,7,3,1,3,7,10,10,3,2,5,11,11,16,5,1,0,4,3,6,11,0.3846153846153848,0.7692307692307692,0.3846153846153846,5,3,2,2,5,13,13,20,15
13,9,2,2,29,2.230769230769231,33,13,2.5384615384615383,1.0,20,6,5,1,0,17,4,7,4,1,2,16,9,10,6,2,2,20,27,12,5,3,2,0,11,16,7,13,8,2,3,26,2.0,25,17,1.9230769230769231,1.3076923076923077,8,6,4,0,2,10,8,7,4,2,1,15,9,10,6,1,3,19,19,15,5,2,0,3,6,7,9,0.2307692307692308,0.6153846153846152,-0.3076923076923077,12,5,1,9,8,13,13,29,26
14,4,3,7,15,1.0714285714285714,19,25,1.3571428571428572,1.7857142857142858,-6,6,2,2,2,9,12,8,2,1,5,10,13,10,3,3,4,12,15,17,5,1,1,3,4,8,10,14,2,1,11,7,0.5,15,32,1.0714285714285714,2.2857142857142856,-17,8,1,0,7,10,20,6,1,1,4,5,12,10,2,0,8,6,11,20,5,1,0,4,3,8,9,0.5714285714285714,0.2857142857142858,-0.4999999999999998,11,1,6,0,4,14,14,15,7
14,2,3,9,9,0.6428571428571429,13,26,0.9285714285714286,1.8571428571428568,-13,6,1,2,3,6,8,8,1,1,6,7,18,10,2,3,5,9,11,16,5,1,1,3,4,5,9,14,10,3,1,33,2.357142857142857,29,11,2.071428571428572,0.7857142857142857,18,8,6,2,0,20,8,6,4,1,1,9,3,10,7,2,1,23,21,7,5,4,0,1,12,11,3,-1.7142857142857144,-1.142857142857143,1.0714285714285716,-31,-8,-14,-6,-10,14,14,9,33
14,6,4,4,22,1.5714285714285714,30,26,2.142857142857143,1.8571428571428568,4,7,3,3,1,15,10,7,3,1,3,15,16,10,3,4,3,13,18,20,5,1,3,1,6,8,8,14,5,4,5,19,1.3571428571428572,22,19,1.5714285714285714,1.3571428571428572,3,8,3,3,2,15,12,6,2,1,3,7,7,10,4,1,5,13,14,14,5,3,0,2,9,8,7,0.2142857142857142,0.5714285714285714,0.5,1,-3,0,0,4,14,14,22,19
14,4,3,7,15,1.0714285714285714,16,26,1.1428571428571428,1.8571428571428568,-10,6,3,0,3,7,9,8,1,3,4,9,17,10,3,2,5,11,12,16,5,1,1,3,4,8,11,14,3,4,7,13,0.9285714285714286,16,22,1.1428571428571428,1.5714285714285714,-6,7,2,3,2,10,9,7,1,1,5,6,13,10,1,4,5,7,10,16,5,1,0,4,3,6,10,0.1428571428571428,0.0,0.2857142857142858,-4,1,4,2,2,14,14,15,13
14,1,2,11,5,0.3571428571428571,11,39,0.7857142857142857,2.7857142857142856,-28,7,1,1,5,7,19,7,0,1,6,4,20,10,1,1,8,4,7,32,5,1,1,3,4,4,15,14,9,4,1,31,2.2142857142857144,32,14,2.2857142857142856,1.0,18,7,7,0,0,21,5,7,2,4,1,11,9,10,6,3,1,21,23,11,5,3,2,0,11,12,5,-1.8571428571428568,-1.5,1.7857142857142856,-46,-7,-17,-8,-16,14,14,5,31
14,4,4,6,16,1.1428571428571428,14,19,1.0,1.3571428571428572,-5,6,1,2,3,6,8,8,3,2,3,8,11,10,2,3,5,9,9,15,5,1,1,3,4,7,8,14,3,4,7,13,0.9285714285714286,16,30,1.1428571428571428,2.142857142857143,-14,8,2,3,3,8,12,6,1,1,4,8,18,10,3,2,5,11,12,22,5,3,1,1,10,10,10,0.2142857142857142,-0.1428571428571428,-0.7857142857142856,9,-6,-2,-3,-3,14,14,16,13
14,9,2,3,29,2.071428571428572,33,20,2.357142857142857,1.4285714285714286,13,6,6,0,0,23,5,8,3,2,3,10,15,10,7,2,1,23,25,11,5,3,1,1,10,10,7,14,9,3,2,30,2.142857142857143,36,16,2.571428571428572,1.1428571428571428,20,7,5,2,0,20,7,7,4,1,2,16,9,10,5,3,2,18,25,14,5,2,3,0,9,17,9,-0.0714285714285711,-0.2142857142857144,0.2857142857142858,-7,1,5,-7,0,14,14,29,30
14,8,0,6,24,1.7142857142857142,16,17,1.1428571428571428,1.2142857142857142,-1,7,4,0,3,8,10,7,4,0,3,8,7,10,6,0,4,18,11,10,5,3,0,2,9,5,4,14,5,4,5,19,1.3571428571428572,25,22,1.7857142857142858,1.5714285714285714,3,8,2,3,3,13,13,6,3,1,2,12,9,10,4,3,3,15,20,17,5,2,1,2,7,12,13,0.357142857142857,-0.642857142857143,-0.3571428571428572,-4,2,3,-7,-9,14,14,24,19
14,5,2,7,17,1.2142857142857142,15,20,1.0714285714285714,1.4285714285714286,-5,7,1,1,5,5,9,7,4,1,2,10,11,10,5,1,4,16,13,12,5,3,1,1,10,6,6,14,8,2,4,26,1.8571428571428568,32,14,2.2857142857142856,1.0,18,8,7,0,1,19,4,6,1,2,3,13,10,10,7,2,1,23,25,7,5,3,1,1,10,8,5,-0.642857142857143,-1.2142857142857142,0.4285714285714286,-23,0,-7,-2,-12,14,14,17,26
14,8,3,3,27,1.9285714285714288,28,20,2.0,1.4285714285714286,8,6,4,0,2,10,8,8,4,3,1,18,12,10,5,2,3,17,17,16,5,1,1,3,4,8,12,14,6,3,5,21,1.5,24,24,1.7142857142857142,1.7142857142857142,0,7,3,2,2,12,10,7,3,1,3,12,14,10,3,2,5,11,15,20,5,2,1,2,7,8,8,0.4285714285714286,0.2857142857142858,-0.2857142857142856,8,-3,6,0,2,14,14,27,21
15,4,4,7,16,1.0666666666666669,14,21,0.9333333333333332,1.4,-7,7,1,2,4,6,10,8,3,2,3,8,11,10,2,3,5,9,8,14,5,1,1,3,4,6,8,15,10,4,1,34,2.2666666666666666,34,14,2.2666666666666666,0.9333333333333332,20,7,7,0,0,21,5,8,3,4,1,13,9,10,6,3,1,21,22,10,5,3,2,0,11,11,5,-1.2,-1.3333333333333333,0.4666666666666665,-27,-7,-12,-5,-14,15,15,16,34
15,7,4,4,25,1.6666666666666667,32,27,2.1333333333333333,1.8,5,8,4,3,1,17,11,7,3,1,3,15,16,10,3,4,3,13,17,20,5,2,2,1,8,9,8,15,2,1,12,7,0.4666666666666667,15,33,1.0,2.2,-18,8,1,0,7,10,20,7,1,1,5,5,13,10,2,0,8,6,11,20,5,1,0,4,3,7,8,1.2000000000000002,1.1333333333333333,-0.4000000000000001,23,5,7,2,6,15,15,25,7
15,9,0,6,27,1.8,18,18,1.2,1.2,0,8,5,0,3,10,11,7,4,0,3,8,7,10,7,0,3,21,12,8,5,4,0,1,12,7,2,15,4,4,7,16,1.0666666666666669,18,30,1.2,2.0,-12,8,2,3,3,8,12,7,2,1,4,10,18,10,4,1,5,13,14,22,5,3,1,1,10,10,9,0.7333333333333334,0.0,-0.8,12,2,8,-3,-2,15,15,27,16
15,1,2,12,5,0.3333333333333333,11,41,0.7333333333333333,2.7333333333333334,-30,8,1,1,6,7,21,7,0,1,6,4,20,10,1,1,8,4,6,32,5,1,1,3,4,4,12,15,5,4,6,19,1.2666666666666666,23,21,1.5333333333333334,1.4,2,8,3,3,2,15,12,7,2,1,4,8,9,10,4,1,5,13,15,15,5,2,0,3,6,7,9,-0.9333333333333332,-0.8000000000000002,1.3333333333333337,-32,-2,-9,-3,-9,15,15,5,19
15,5,3,7,18,1.2,20,25,1.3333333333333333,1.6666666666666667,-5,7,3,2,2,10,12,8,2,1,5,10,13,10,4,3,3,15,15,14,5,2,0,3,6,7,8,15,3,4,8,13,0.8666666666666667,16,27,1.0666666666666669,1.8,-11,7,2,3,2,10,9,8,1,1,6,6,18,10,1,3,6,6,9,20,5,1,0,4,3,6,12,0.3333333333333332,0.2666666666666666,-0.1333333333333333,6,3,9,1,6,15,15,18,13
15,10,2,3,32,2.1333333333333333,34,20,2.2666666666666666,1.3333333333333333,14,7,7,0,0,24,5,8,3,2,3,10,15,10,7,2,1,23,23,10,5,3,1,1,10,8,6,15,11,3,1,36,2.4,33,14,2.2,0.9333333333333332,19,8,6,2,0,20,8,7,5,1,1,13,6,10,7,2,1,23,24,10,5,4,0,1,12,10,6,-0.2666666666666666,0.0666666666666664,0.3999999999999999,-5,-2,0,-2,-1,15,15,32,36
15,6,2,7,20,1.3333333333333333,18,20,1.2,1.3333333333333333,-2,8,2,1,5,8,9,7,4,1,2,10,11,10,6,1,3,19,16,11,5,3,1,1,10,8,6,15,5,4,6,19,1.2666666666666666,26,24,1.7333333333333334,1.6,2,8,2,3,3,13,13,7,3,1,3,13,11,10,4,2,4,14,21,19,5,2,1,2,7,13,13,0.0666666666666666,-0.5333333333333334,-0.2666666666666668,-4,3,5,-5,-5,15,15,20,19
15,5,3,7,18,1.2,21,26,1.4,1.7333333333333334,-5,7,4,0,3,12,9,8,1,3,4,9,17,10,3,2,5,11,16,16,5,2,0,3,6,12,10,15,7,3,5,24,1.6,26,25,1.7333333333333334,1.6666666666666667,1,7,3,2,2,12,10,8,4,1,3,14,15,10,4,2,4,14,16,18,5,3,1,1,10,10,8,-0.4000000000000001,-0.3333333333333335,0.0666666666666666,-6,-4,-3,2,0,15,15,18,24
15,2,3,10,9,0.6,16,30,1.0666666666666669,2.0,-14,7,1,2,4,9,12,8,1,1,6,7,18,10,2,2,6,8,13,19,5,1,1,3,4,7,10,15,9,3,3,30,2.0,36,17,2.4,1.1333333333333333,19,7,5,2,0,20,7,8,4,1,3,16,10,10,4,3,3,15,22,14,5,1,3,1,6,14,10,-1.4,-1.3333333333333333,0.8666666666666667,-33,-2,-7,-7,-9,15,15,9,30
15,8,3,4,27,1.8,29,22,1.933333333333333,1.4666666666666666,7,7,4,0,3,11,10,8,4,3,1,18,12,10,4,2,4,14,16,17,5,0,1,4,1,7,13,15,8,2,5,26,1.7333333333333334,32,17,2.1333333333333333,1.1333333333333333,15,8,7,0,1,19,4,7,1,2,4,13,13,10,6,2,2,20,24,10,5,3,0,2,9,6,6,0.0666666666666666,-0.1999999999999999,0.3333333333333332,-8,-8,-6,1,-8,15,15,27,26
16,3,5,8,14,0.875,17,28,1.0625,1.75,-11,7,2,3,2,10,9,9,1,2,6,7,19,10,1,4,5,7,10,19,5,0,1,4,1,5,13,16,9,3,4,30,1.875,33,23,2.0625,1.4375,10,8,5,0,3,15,11,8,4,3,1,18,12,10,5,1,4,16,18,16,5,1,1,3,4,10,10,-1.0,-1.0,0.3125,-21,-3,-9,-5,-8,16,16,14,30
16,5,4,7,19,1.1875,26,26,1.625,1.625,0,8,2,3,3,13,13,8,3,1,4,13,13,10,4,2,4,14,21,20,5,1,1,3,4,9,14,16,2,2,12,8,0.5,12,41,0.75,2.5625,-29,9,2,1,6,8,21,7,0,1,6,4,20,10,2,1,7,7,7,24,5,1,1,3,4,3,11,0.6875,0.875,-0.9375,29,0,7,6,14,16,16,19,8
16,10,3,3,33,2.0625,38,18,2.375,1.125,20,7,5,2,0,20,7,9,5,1,3,18,11,10,4,3,3,15,22,15,5,1,3,1,6,10,10,16,4,4,8,16,1.0,15,23,0.9375,1.4375,-8,8,1,2,5,7,12,8,3,2,3,8,11,10,2,2,6,8,9,16,5,0,1,4,1,5,10,1.0625,1.4375,-0.3125,28,5,7,5,13,16,16,33,16
16,8,2,6,26,1.625,33,21,2.0625,1.3125,12,8,7,0,1,19,4,8,1,2,5,14,17,10,5,2,3,17,17,14,5,2,0,3,6,6,10,16,6,3,7,21,1.3125,26,26,1.625,1.625,0,8,5,0,3,17,9,8,1,3,4,9,17,10,4,1,5,13,21,16,5,3,0,2,9,17,9,0.3125,0.4375,-0.3125,12,-3,4,-11,-4,16,16,26,21
16,2,2,12,8,0.5,16,34,1.0,2.125,-18,8,1,0,7,10,20,8,1,2,5,6,14,10,2,1,7,7,12,19,5,1,1,3,4,8,7,16,7,2,7,23,1.4375,20,20,1.25,1.25,0,9,3,1,5,10,9,7,4,1,2,10,11,10,6,1,3,19,15,10,5,4,0,1,12,9,5,-0.9375,-0.25,0.875,-18,-8,-12,-1,-3,16,16,8,23
16,11,3,2,36,2.25,33,15,2.0625,0.9375,18,8,6,2,0,20,8,8,5,1,2,13,7,10,7,1,2,22,22,9,5,4,0,1,12,10,6,16,7,5,4,26,1.625,33,28,2.0625,1.75,5,9,4,4,1,18,12,7,3,1,3,15,16,10,2,5,3,11,15,20,5,2,2,1,8,9,8,0.625,0.0,-0.8125,13,4,11,1,7,16,16,36,26
16,5,4,7,19,1.1875,23,22,1.4375,1.375,1,8,3,3,2,15,12,8,2,1,5,8,10,10,4,1,5,13,14,13,5,1,0,4,3,4,8,16,11,2,3,35,2.1875,35,20,2.1875,1.25,15,8,8,0,0,25,5,8,3,2,3,10,15,10,7,2,1,23,23,10,5,4,1,0,13,9,4,-1.0,-0.75,0.125,-14,-10,-10,-5,-9,16,16,19,35
16,7,3,6,24,1.5,26,30,1.625,1.875,-4,7,3,2,2,12,10,9,4,1,4,14,20,10,4,2,4,14,15,20,5,3,1,1,10,8,10,16,5,4,7,19,1.1875,21,26,1.3125,1.625,-5,8,3,3,2,11,13,8,2,1,5,10,13,10,4,3,3,15,15,14,5,2,1,2,7,7,7,0.3125,0.3125,0.25,1,3,-1,1,0,16,16,24,19
16,11,4,1,37,2.3125,36,15,2.25,0.9375,21,7,7,0,0,21,5,9,4,4,1,15,10,10,6,3,1,21,21,10,5,4,1,0,13,12,5,16,9,0,7,27,1.6875,18,21,1.125,1.3125,-3,9,5,0,4,10,14,7,4,0,3,8,7,10,6,0,4,18,11,11,5,3,0,2,9,6,5,0.625,1.125,-0.375,24,4,3,6,10,16,16,37,27
17,4,5,8,17,1.0,17,25,1.0,1.4705882352941178,-8,8,1,2,5,7,12,9,3,3,3,10,13,10,1,3,6,6,10,18,5,0,2,3,2,5,9,17,7,5,5,26,1.5294117647058822,33,30,1.9411764705882355,1.7647058823529411,3,9,4,4,1,18,12,8,3,1,4,15,18,10,2,5,3,11,14,16,5,2,1,2,7,8,9,-0.5294117647058822,-0.9411764705882352,-0.2941176470588234,-11,-5,-5,-3,-4,17,17,17,26
17,12,2,3,38,2.235294117647059,37,21,2.176470588235294,1.2352941176470589,16,8,8,0,0,25,5,9,4,2,3,12,16,10,7,2,1,23,19,10,5,4,1,0,13,8,4,17,2,2,13,8,0.4705882352941176,12,43,0.7058823529411765,2.5294117647058822,-31,9,2,1,6,8,21,8,0,1,7,4,22,10,2,1,7,7,7,24,5,1,0,4,3,2,12,1.7647058823529411,1.4705882352941173,-1.2941176470588234,47,10,16,6,12,17,17,38,8
17,8,3,6,27,1.588235294117647,29,30,1.7058823529411764,1.7647058823529411,-1,8,4,2,2,15,10,9,4,1,4,14,20,10,4,2,4,14,16,20,5,3,1,1,10,8,8,17,9,1,7,28,1.6470588235294117,18,21,1.0588235294117647,1.2352941176470589,-3,9,5,0,4,10,14,8,4,1,3,8,7,10,6,1,3,19,11,10,5,2,1,2,7,5,5,-0.0588235294117647,0.6470588235294117,0.5294117647058822,2,3,-5,3,5,17,17,27,28
17,6,3,8,21,1.2352941176470589,26,29,1.5294117647058822,1.7058823529411764,-3,8,5,0,3,17,9,9,1,3,5,9,20,10,4,1,5,13,21,17,5,3,0,2,9,16,9,17,2,2,13,8,0.4705882352941176,16,36,0.9411764705882352,2.117647058823529,-20,9,1,0,8,10,22,8,1,2,5,6,14,10,1,1,8,4,10,20,5,1,1,3,4,7,6,0.7647058823529412,0.588235294117647,-0.411764705882353,17,5,9,9,11,17,17,21,8
16,2,3,11,9,0.5625,17,32,1.0625,2.0,-15,8,1,2,5,10,14,8,1,1,6,7,18,10,1,2,7,5,12,20,5,1,0,4,3,7,11,17,9,2,6,29,1.7058823529411764,36,21,2.117647058823529,1.2352941176470589,15,9,8,0,1,22,4,8,1,2,5,14,17,10,5,2,3,17,18,14,5,3,0,2,9,9,8,-1.1433823529411764,-1.0551470588235294,0.7647058823529411,-30,-6,-12,-2,-6,16,17,9,29
17,3,5,9,14,0.8235294117647058,17,30,1.0,1.7647058823529411,-13,8,2,3,3,10,11,9,1,2,6,7,19,10,1,3,6,6,9,20,5,0,1,4,1,3,12,16,5,4,7,19,1.1875,21,30,1.3125,1.875,-9,8,2,3,3,8,12,8,3,1,4,13,18,10,5,1,4,16,16,19,5,4,1,0,13,12,3,-0.3639705882352941,-0.3125,-0.1102941176470588,-4,-12,-10,-9,-7,17,16,14,19
17,10,3,4,33,1.9411764705882355,35,23,2.0588235294117645,1.3529411764705883,12,8,5,0,3,15,11,9,5,3,1,20,12,10,5,1,4,16,18,15,5,2,1,2,7,11,8,17,8,2,7,26,1.5294117647058822,22,20,1.2941176470588236,1.1764705882352942,2,9,3,1,5,10,9,8,5,1,2,12,11,10,7,1,2,22,16,8,5,4,0,1,12,8,3,0.411764705882353,0.7647058823529409,0.1764705882352941,10,-5,-6,3,2,17,17,33,26
17,11,5,1,38,2.235294117647059,36,15,2.117647058823529,0.8823529411764706,21,8,7,1,0,21,5,9,4,4,1,15,10,10,6,4,0,22,20,8,5,3,2,0,11,9,5,17,12,3,2,39,2.294117647058824,35,15,2.0588235294117645,0.8823529411764706,20,9,7,2,0,22,8,8,5,1,2,13,7,10,7,1,2,22,20,9,5,4,0,1,12,9,5,-0.0588235294117645,0.0588235294117649,0.0,1,-1,0,0,0,17,17,38,39
17,5,4,8,19,1.1176470588235294,21,29,1.2352941176470589,1.7058823529411764,-8,8,3,3,2,11,13,9,2,1,6,10,16,10,3,3,4,12,13,16,5,1,1,3,4,5,9,17,6,4,7,22,1.2941176470588236,28,26,1.6470588235294117,1.5294117647058822,2,9,3,3,3,15,13,8,3,1,4,13,13,10,4,2,4,14,21,20,5,2,0,3,6,7,10,-0.1764705882352941,-0.4117647058823528,0.1764705882352941,-10,-2,-2,-2,-8,17,17,19,22
18,9,2,7,29,1.6111111111111112,36,22,2.0,1.2222222222222223,14,9,8,0,1,22,4,9,1,2,6,14,18,10,5,1,4,16,16,13,5,2,0,3,6,5,8,18,3,5,10,14,0.7777777777777778,19,33,1.0555555555555556,1.8333333333333333,-14,9,2,3,4,12,14,9,1,2,6,7,19,10,1,2,7,5,11,23,5,0,1,4,1,3,12,0.8333333333333334,0.9444444444444444,-0.6111111111111109,28,5,11,2,5,18,18,29,14
17,6,4,7,22,1.2941176470588236,24,32,1.411764705882353,1.8823529411764703,-8,8,2,3,3,8,12,9,4,1,4,16,20,10,6,1,3,19,19,17,5,4,1,0,13,13,5,18,6,3,9,21,1.1666666666666667,26,31,1.4444444444444444,1.7222222222222223,-5,9,5,0,4,17,11,9,1,3,5,9,20,10,3,1,6,10,18,18,5,2,0,3,6,13,9,0.1274509803921568,-0.0326797385620913,0.1601307189542482,-3,7,9,0,1,17,18,22,21
18,2,3,13,9,0.5,13,44,0.7222222222222222,2.4444444444444446,-31,9,2,1,6,8,21,9,0,2,7,5,23,10,2,2,6,8,7,22,5,1,1,3,4,2,10,17,3,3,11,12,0.7058823529411765,18,32,1.0588235294117647,1.8823529411764703,-14,9,2,2,5,11,14,8,1,1,6,7,18,10,2,2,6,8,12,18,5,2,0,3,6,8,10,-0.2058823529411765,-0.3366013071895425,0.5620915032679741,-17,-2,0,-6,-5,18,17,9,12
18,3,2,13,11,0.6111111111111112,18,36,1.0,2.0,-18,9,1,0,8,10,22,9,2,2,5,8,14,10,2,1,7,7,11,16,5,2,1,2,7,8,4,18,11,6,1,39,2.1666666666666665,37,16,2.055555555555556,0.8888888888888888,21,9,7,2,0,22,6,9,4,4,1,15,10,10,6,4,0,22,19,7,5,3,2,0,11,9,5,-1.5555555555555554,-1.0555555555555554,1.1111111111111112,-39,-4,-15,-1,-8,18,18,11,39
18,9,1,8,28,1.5555555555555556,18,23,1.0,1.2777777777777777,-5,9,5,0,4,10,14,9,4,1,4,8,9,10,5,1,4,16,9,11,5,1,1,3,4,2,7,18,12,3,3,39,2.1666666666666665,38,22,2.111111111111111,1.2222222222222223,16,9,8,1,0,26,6,9,4,2,3,12,16,10,7,2,1,23,19,10,5,3,2,0,11,7,4,-0.6111111111111109,-1.1111111111111112,0.0555555555555553,-21,-7,-7,-5,-10,18,18,28,39
17,5,4,8,19,1.1176470588235294,24,24,1.411764705882353,1.411764705882353,0,9,3,3,3,16,14,8,2,1,5,8,10,10,4,0,6,12,14,14,5,1,0,4,3,5,7,18,6,4,8,22,1.2222222222222223,23,30,1.2777777777777777,1.6666666666666667,-7,9,4,3,2,13,14,9,2,1,6,10,16,10,4,2,4,14,14,16,5,2,1,2,7,5,7,-0.1045751633986928,0.1339869281045753,-0.2549019607843137,7,-4,-2,0,0,17,18,19,22
18,6,4,8,22,1.2222222222222223,29,28,1.6111111111111112,1.5555555555555556,1,9,3,3,3,15,13,9,3,1,5,14,15,10,3,2,5,11,18,21,5,2,0,3,6,7,8,18,4,6,8,18,1.0,18,26,1.0,1.4444444444444444,-8,9,1,3,5,8,13,9,3,3,3,10,13,10,1,3,6,6,11,19,5,0,3,2,3,5,8,0.2222222222222223,0.6111111111111112,0.1111111111111111,9,3,5,2,7,18,18,22,18
18,8,2,8,26,1.4444444444444444,23,22,1.2777777777777777,1.2222222222222223,1,9,3,1,5,10,9,9,5,1,3,13,13,10,6,1,3,19,14,10,5,4,0,1,12,9,2,17,10,4,3,34,2.0,40,20,2.3529411764705883,1.1764705882352942,20,8,5,3,0,22,9,9,5,1,3,18,11,10,4,4,2,16,23,15,5,1,3,1,6,8,8,-0.5555555555555556,-1.0751633986928106,0.0457516339869281,-19,6,3,1,-9,18,17,26,34
18,7,6,5,27,1.5,34,31,1.8888888888888888,1.7222222222222223,3,9,4,4,1,18,12,9,3,2,4,16,19,10,2,5,3,11,13,15,5,1,2,2,5,6,8,18,11,3,4,36,2.0,37,24,2.055555555555556,1.3333333333333333,13,9,6,0,3,17,12,9,5,3,1,20,12,10,5,1,4,16,19,16,5,3,1,1,10,12,7,-0.5,-0.1666666666666665,0.388888888888889,-10,-5,-5,-6,-6,18,18,27,36
18,12,4,2,40,2.2222222222222223,36,16,2.0,0.8888888888888888,20,9,7,2,0,22,8,9,5,2,2,14,8,10,6,2,2,20,20,10,5,3,1,1,10,9,6,18,9,3,6,30,1.6666666666666667,31,30,1.7222222222222223,1.6666666666666667,1,9,5,2,2,17,10,9,4,1,4,14,20,10,5,1,4,16,16,18,5,3,1,1,10,8,7,0.5555555555555556,0.2777777777777777,-0.7777777777777779,19,0,4,1,4,18,18,40,30
18,4,3,11,15,0.8333333333333334,21,34,1.1666666666666667,1.8888888888888888,-13,9,2,2,5,11,14,9,2,1,6,10,20,10,3,2,5,11,15,19,5,2,0,3,6,9,11,19,7,4,8,25,1.3157894736842106,31,29,1.631578947368421,1.5263157894736843,2,10,4,3,3,17,14,9,3,1,5,14,15,10,4,1,5,13,18,20,5,2,0,3,6,6,7,-0.4824561403508772,-0.4649122807017543,0.3625730994152045,-15,0,-2,3,-3,18,19,15,25
19,12,3,4,39,2.0526315789473686,40,25,2.1052631578947367,1.3157894736842106,15,9,8,1,0,26,6,10,4,2,4,14,19,10,6,2,2,20,17,12,5,3,1,1,10,7,5,19,3,2,14,11,0.5789473684210527,18,38,0.9473684210526316,2.0,-20,10,1,0,9,10,24,9,2,2,5,8,14,10,2,1,7,7,11,15,5,1,1,3,4,3,6,1.473684210526316,1.1578947368421053,-0.6842105263157894,35,6,13,4,6,19,19,39,11
19,4,6,9,18,0.9473684210526316,19,28,1.0,1.4736842105263157,-9,9,1,3,5,8,13,10,3,3,4,11,15,10,1,3,6,6,12,17,5,0,2,3,2,5,9,18,5,4,9,19,1.0555555555555556,25,28,1.3888888888888888,1.5555555555555556,-3,10,3,3,4,17,18,8,2,1,5,8,10,10,4,0,6,12,14,16,5,1,0,4,3,6,10,-0.108187134502924,-0.3888888888888888,-0.0818713450292398,-6,-1,-6,-1,-2,19,18,18,19
18,11,4,3,37,2.055555555555556,43,21,2.388888888888889,1.1666666666666667,22,8,5,3,0,22,9,10,6,1,3,21,12,10,5,4,1,19,26,15,5,2,2,1,8,10,8,19,2,3,14,9,0.4736842105263157,15,47,0.7894736842105263,2.473684210526316,-32,10,2,1,7,10,24,9,0,2,7,5,23,10,2,2,6,8,8,23,5,1,1,3,4,4,8,1.5818713450292397,1.5994152046783623,-1.3070175438596492,54,4,11,6,18,18,19,37,9
19,7,4,8,25,1.3157894736842106,27,31,1.4210526315789471,1.631578947368421,-4,9,4,3,2,13,14,10,3,1,6,14,17,10,4,2,4,14,16,16,5,3,1,1,10,8,6,19,8,2,9,26,1.368421052631579,24,25,1.263157894736842,1.3157894736842106,-1,10,3,1,6,11,12,9,5,1,3,13,13,10,6,1,3,19,15,11,5,3,0,2,9,9,5,-0.0526315789473683,0.1578947368421053,0.3157894736842104,-3,1,-5,-1,1,19,19,25,26
19,4,5,10,17,0.8947368421052632,22,34,1.1578947368421053,1.7894736842105263,-12,9,2,3,4,12,14,10,2,2,6,10,20,10,2,1,7,7,12,22,5,1,1,3,4,6,12,19,10,1,8,31,1.631578947368421,21,25,1.105263157894737,1.3157894736842106,-4,10,6,0,4,13,16,9,4,1,4,8,9,10,5,1,4,16,10,12,5,2,1,2,7,5,8,-0.7368421052631579,0.0526315789473683,0.4736842105263157,-8,-3,-9,1,2,19,19,17,31
19,6,3,10,21,1.105263157894737,26,34,1.368421052631579,1.7894736842105263,-8,9,5,0,4,17,11,10,1,3,6,9,23,10,3,1,6,10,18,19,5,2,0,3,6,10,8,19,12,4,3,40,2.1052631578947367,36,18,1.894736842105263,0.9473684210526316,18,10,7,2,1,22,10,9,5,2,2,14,8,10,6,1,3,19,18,10,5,2,1,2,7,7,7,-0.9999999999999998,-0.5263157894736841,0.8421052631578948,-26,-1,-9,3,0,19,19,21,40
19,11,3,5,36,1.894736842105263,39,28,2.0526315789473686,1.4736842105263157,11,9,6,0,3,17,12,10,5,3,2,22,16,10,4,1,5,13,19,20,5,3,0,2,9,11,8,18,7,4,7,25,1.3888888888888888,27,32,1.5,1.7777777777777777,-5,9,3,3,3,11,12,9,4,1,4,16,20,10,7,1,2,22,22,14,5,4,1,0,13,13,4,0.5058479532163742,0.5526315789473686,-0.3040935672514619,16,-4,-9,-2,-3,19,18,36,25
19,12,6,1,42,2.210526315789474,39,16,2.0526315789473686,0.8421052631578947,23,9,7,2,0,22,6,10,5,4,1,17,10,10,6,4,0,22,19,7,5,3,2,0,11,7,2,19,9,2,8,29,1.5263157894736843,37,25,1.947368421052632,1.3157894736842106,12,10,8,0,2,23,7,9,1,2,6,14,18,10,4,1,5,13,13,16,5,1,0,4,3,5,11,0.6842105263157896,0.1052631578947369,-0.4736842105263159,11,8,9,2,6,19,19,42,29
19,10,3,6,33,1.736842105263158,33,30,1.736842105263158,1.5789473684210529,3,9,5,2,2,17,10,10,5,1,4,16,20,10,6,1,3,19,17,14,5,4,0,1,12,9,6,19,8,6,5,30,1.5789473684210529,38,33,2.0,1.736842105263158,5,10,5,4,1,22,14,9,3,2,4,16,19,10,3,5,2,14,16,15,5,2,2,1,8,8,7,0.1578947368421053,-0.263157894736842,-0.1578947368421053,-2,4,5,1,1,19,19,33,30
20,3,2,15,11,0.55,20,41,1.0,2.05,-21,10,1,0,9,10,24,10,2,2,6,10,17,10,2,1,7,7,12,16,5,1,1,3,4,5,8,19,4,3,12,15,0.7894736842105263,23,37,1.2105263157894737,1.947368421052632,-14,10,2,2,6,13,17,9,2,1,6,10,20,10,3,1,6,10,15,20,5,2,0,3,6,10,11,-0.2394736842105262,-0.2105263157894736,0.1026315789473681,-7,-2,-3,-5,-3,20,19,11,15
20,8,4,8,28,1.4,34,31,1.7,1.55,3,10,4,3,3,17,14,10,4,1,5,17,17,10,5,1,4,16,21,20,5,3,0,2,9,8,7,20,7,3,10,24,1.2,28,35,1.4,1.75,-7,10,6,0,4,19,12,10,1,3,6,9,23,10,4,0,6,12,19,19,5,2,0,3,6,7,9,0.1999999999999999,0.3,-0.1999999999999999,10,3,4,1,2,20,20,28,24
20,9,2,9,29,1.45,39,29,1.95,1.45,10,10,8,0,2,23,7,10,1,2,7,16,22,10,4,0,6,12,13,18,5,1,0,4,3,7,12,19,12,4,3,40,2.1052631578947367,45,21,2.3684210526315788,1.105263157894737,24,9,6,3,0,24,9,10,6,1,3,21,12,10,5,4,1,19,26,14,5,3,1,1,10,9,5,-0.6552631578947368,-0.4184210526315788,0.344736842105263,-14,-7,-7,-2,-13,20,19,29,40
20,8,2,10,26,1.3,24,28,1.2,1.4,-4,10,3,1,6,11,12,10,5,1,4,13,16,10,5,1,4,16,14,14,5,2,0,3,6,6,8,20,13,3,4,42,2.1,43,27,2.15,1.35,16,10,9,1,0,29,8,10,4,2,4,14,19,10,6,2,2,20,17,13,5,3,1,1,10,9,7,-0.8,-0.95,0.0499999999999998,-20,-4,-4,-3,-3,20,20,26,42
20,10,1,9,31,1.55,22,27,1.1,1.35,-5,10,6,0,4,13,16,10,4,1,5,9,11,10,5,1,4,16,11,11,5,1,1,3,4,4,9,20,12,3,5,39,1.95,42,29,2.1,1.45,13,10,7,0,3,20,13,10,5,3,2,22,16,10,4,1,5,13,20,20,5,4,0,1,12,13,7,-0.3999999999999999,-1.0,-0.0999999999999998,-18,-8,3,-9,-9,20,20,31,39
20,12,4,4,40,2.0,37,20,1.85,1.0,17,10,7,2,1,22,10,10,5,2,3,15,10,10,5,1,4,16,14,12,5,1,1,3,4,4,6,20,5,6,9,21,1.05,22,29,1.1,1.45,-7,10,2,3,5,11,14,10,3,3,4,11,15,10,2,3,5,9,14,16,5,1,2,2,5,8,8,0.95,0.75,-0.4499999999999999,24,-1,7,-4,0,20,20,40,21
19,5,4,10,19,1.0,26,31,1.368421052631579,1.631578947368421,-5,10,3,3,4,17,18,9,2,1,6,9,13,10,3,0,7,9,12,19,5,0,0,5,0,4,12,20,5,5,10,20,1.0,24,35,1.2,1.75,-11,10,3,3,4,14,15,10,2,2,6,10,20,10,3,1,6,10,14,20,5,2,1,2,7,8,8,0.0,0.168421052631579,-0.1184210526315789,6,-7,-1,-4,-2,19,20,19,20
20,2,3,15,9,0.45,15,49,0.75,2.45,-34,10,2,1,7,10,24,10,0,2,8,5,25,10,2,2,6,8,8,20,5,1,1,3,4,4,8,20,10,4,6,34,1.7,33,30,1.65,1.5,3,10,5,3,2,17,10,10,5,1,4,16,20,10,6,2,2,20,17,13,5,3,1,1,10,7,5,-1.25,-0.8999999999999999,0.9500000000000002,-37,-6,-12,-3,-9,20,20,9,34
19,7,4,8,25,1.3157894736842106,28,35,1.4736842105263157,1.8421052631578947,-7,9,3,3,3,11,12,10,4,1,5,17,23,10,7,1,2,22,22,15,5,4,0,1,12,12,5,20,13,6,1,45,2.25,43,18,2.15,0.9,25,10,8,2,0,26,8,10,5,4,1,17,10,10,6,4,0,22,20,9,5,3,2,0,11,9,4,-0.9342105263157894,-0.6763157894736842,0.9421052631578948,-32,1,0,3,2,19,20,25,45
20,8,7,5,31,1.55,38,33,1.9,1.65,5,10,5,4,1,22,14,10,3,3,4,16,19,10,3,5,2,14,15,14,5,1,3,1,6,6,6,20,8,4,8,28,1.4,30,31,1.5,1.55,-1,10,5,3,2,16,14,10,3,1,6,14,17,10,5,1,4,16,17,14,5,3,1,1,10,10,6,0.1500000000000001,0.3999999999999999,0.0999999999999998,6,-4,-2,-4,-2,20,20,31,28
21,5,5,11,20,0.9523809523809524,26,38,1.238095238095238,1.809523809523809,-12,10,3,3,4,14,15,11,2,2,7,12,23,10,2,1,7,7,14,23,5,2,0,3,6,9,10,21,13,4,4,43,2.0476190476190474,42,20,2.0,0.9523809523809524,22,11,8,2,1,27,10,10,5,2,3,15,10,10,6,1,3,19,19,11,5,2,1,2,7,9,5,-1.0952380952380951,-0.7619047619047619,0.8571428571428572,-34,-1,-12,0,-5,21,21,20,43
21,7,3,11,24,1.1428571428571428,28,36,1.3333333333333333,1.7142857142857142,-8,10,6,0,4,19,12,11,1,3,7,9,24,10,4,0,6,12,19,19,5,1,0,4,3,2,10,21,8,3,10,27,1.2857142857142858,24,28,1.1428571428571428,1.3333333333333333,-4,11,3,2,6,11,12,10,5,1,4,13,16,10,5,1,4,16,13,13,5,1,1,3,4,4,8,-0.142857142857143,0.1904761904761904,0.3809523809523809,-4,-1,-4,-2,6,21,21,24,27
20,4,4,12,16,0.8,24,38,1.2,1.9,-14,10,2,2,6,13,17,10,2,2,6,11,21,10,3,2,5,11,15,18,5,2,1,2,7,8,8,21,8,8,5,32,1.5238095238095235,38,33,1.809523809523809,1.5714285714285714,5,11,5,5,1,22,14,10,3,3,4,16,19,10,3,5,2,14,14,13,5,1,3,1,6,5,5,-0.7238095238095237,-0.6095238095238096,0.3285714285714285,-19,1,-3,3,1,20,21,16,32
21,5,6,10,21,1.0,22,34,1.0476190476190477,1.619047619047619,-12,10,2,3,5,11,14,11,3,3,5,11,20,10,1,3,6,6,12,21,5,1,2,2,5,7,11,21,2,4,15,10,0.4761904761904761,17,51,0.8095238095238095,2.4285714285714284,-34,11,2,2,7,12,26,10,0,2,8,5,25,10,1,3,6,6,8,21,5,0,2,3,2,5,10,0.5238095238095238,0.2380952380952381,-0.8095238095238093,22,3,0,2,4,21,21,21,10
21,13,4,4,43,2.0476190476190474,43,27,2.0476190476190474,1.2857142857142858,16,10,9,1,0,29,8,11,4,3,4,14,19,10,6,3,1,21,17,11,5,2,2,1,8,8,7,21,9,2,10,29,1.380952380952381,41,32,1.9523809523809523,1.5238095238095235,9,11,8,0,3,25,10,10,1,2,7,16,22,10,3,0,7,9,14,21,5,1,0,4,3,8,11,0.6666666666666665,0.0952380952380951,-0.2380952380952379,7,5,12,0,3,21,21,43,29
21,12,4,5,40,1.9047619047619049,44,31,2.095238095238096,1.4761904761904765,13,10,7,0,3,20,13,11,5,4,2,24,18,10,4,2,4,14,21,18,5,3,1,1,10,11,8,20,6,4,10,22,1.1,29,33,1.45,1.65,-4,11,4,3,4,20,20,9,2,1,6,9,13,10,3,0,7,9,13,21,5,1,0,4,3,6,12,0.8047619047619046,0.6452380952380954,-0.1738095238095236,17,7,5,5,8,21,20,40,22
20,13,4,3,43,2.15,48,23,2.4,1.15,25,9,6,3,0,24,9,11,7,1,3,24,14,10,5,4,1,19,26,16,5,4,1,0,13,12,6,21,3,3,15,12,0.5714285714285714,21,42,1.0,2.0,-21,11,1,1,9,11,25,10,2,2,6,10,17,10,2,2,6,8,13,15,5,1,1,3,4,5,8,1.5785714285714283,1.4,-0.8500000000000001,46,9,11,7,13,20,21,43,12
21,14,6,1,48,2.2857142857142856,47,18,2.238095238095238,0.8571428571428571,29,10,8,2,0,26,8,11,6,4,1,21,10,10,7,3,0,24,23,8,5,3,2,0,11,11,3,21,9,4,8,31,1.4761904761904765,35,31,1.6666666666666667,1.4761904761904765,4,11,5,3,3,18,14,10,4,1,5,17,17,10,5,1,4,16,18,19,5,4,0,1,12,9,5,0.8095238095238093,0.5714285714285714,-0.6190476190476192,25,-1,8,2,5,21,21,48,31
21,10,5,6,35,1.6666666666666667,35,32,1.6666666666666667,1.5238095238095235,3,10,5,3,2,17,10,11,5,2,4,18,22,10,6,3,1,21,17,12,5,3,2,0,11,9,2,20,7,4,9,25,1.25,28,39,1.4,1.95,-11,10,3,3,4,11,16,10,4,1,5,17,23,10,6,1,3,19,20,18,5,3,0,2,9,10,9,0.4166666666666667,0.2666666666666668,-0.4261904761904762,14,2,2,-1,-3,21,20,35,25
21,8,5,8,29,1.380952380952381,30,31,1.4285714285714286,1.4761904761904765,-1,10,5,3,2,16,14,11,3,2,6,14,17,10,5,2,3,17,16,12,5,3,1,1,10,9,5,21,10,2,9,32,1.5238095238095235,24,29,1.1428571428571428,1.380952380952381,-5,11,6,1,4,15,18,10,4,1,5,9,11,10,4,2,4,14,12,13,5,1,2,2,5,6,8,-0.1428571428571428,0.2857142857142858,0.0952380952380953,4,5,3,3,4,21,21,29,32
22,8,4,10,28,1.2727272727272727,24,28,1.0909090909090908,1.2727272727272727,-4,11,3,2,6,11,12,11,5,2,4,13,16,10,4,2,4,14,10,11,5,0,2,3,2,2,8,22,13,4,5,43,1.9545454545454544,47,33,2.136363636363636,1.5,14,11,8,0,3,23,15,11,5,4,2,24,18,10,5,2,3,17,23,18,5,3,1,1,10,12,10,-0.6818181818181819,-1.0454545454545454,-0.2272727272727273,-18,-8,-3,-10,-13,22,22,28,43
22,8,8,6,32,1.4545454545454546,38,37,1.7272727272727273,1.681818181818182,1,11,5,5,1,22,14,11,3,3,5,16,23,10,3,4,3,13,13,16,5,1,3,1,6,5,7,22,6,6,10,24,1.0909090909090908,25,36,1.1363636363636365,1.6363636363636365,-11,11,3,3,5,14,16,11,3,3,5,11,20,10,2,3,5,9,13,20,5,2,1,2,7,8,11,0.3636363636363637,0.5909090909090908,0.0454545454545454,12,-1,4,-3,0,22,22,32,24
22,3,3,16,12,0.5454545454545454,22,45,1.0,2.0454545454545454,-23,11,1,1,9,11,25,11,2,2,7,11,20,10,2,2,6,8,13,15,5,1,1,3,4,6,9,22,7,4,11,25,1.1363636363636365,28,36,1.2727272727272727,1.6363636363636365,-8,11,6,1,4,19,12,11,1,3,7,9,24,10,4,1,5,13,18,16,5,1,1,3,4,2,7,-0.590909090909091,-0.2727272727272727,0.4090909090909089,-15,0,-5,4,-5,22,22,12,25
22,10,2,10,32,1.4545454545454546,44,33,2.0,1.5,11,11,8,0,3,25,10,11,2,2,7,19,23,10,4,0,6,12,17,20,5,1,0,4,3,8,12,21,5,4,12,19,0.9047619047619048,28,38,1.3333333333333333,1.809523809523809,-10,11,3,2,6,17,17,10,2,2,6,11,21,10,4,1,5,13,18,17,5,3,1,1,10,11,6,0.5497835497835498,0.6666666666666667,-0.3095238095238095,21,-7,-1,-3,-1,22,21,32,19
22,2,4,16,10,0.4545454545454545,19,54,0.8636363636363636,2.4545454545454546,-35,11,2,2,7,12,26,11,0,2,9,7,28,10,1,2,7,5,9,23,5,0,2,3,2,7,11,22,13,4,5,43,1.9545454545454544,44,30,2.0,1.3636363636363635,14,11,9,1,1,30,11,11,4,3,4,14,19,10,5,3,2,18,15,13,5,1,2,2,5,7,9,-1.5,-1.1363636363636362,1.090909090909091,-49,-3,-13,0,-6,22,22,10,43
21,7,5,9,26,1.238095238095238,29,40,1.380952380952381,1.9047619047619049,-11,10,3,3,4,11,16,11,4,2,5,18,24,10,6,2,2,20,20,13,5,2,1,2,7,8,10,22,5,5,12,20,0.9090909090909092,27,40,1.2272727272727273,1.818181818181818,-13,11,3,3,5,15,17,11,2,2,7,12,23,10,2,1,7,7,13,22,5,2,0,3,6,10,10,0.3290043290043291,0.1536796536796536,0.0865800865800865,2,1,13,-2,7,21,22,26,20
22,9,4,9,31,1.4090909090909092,36,35,1.6363636363636365,1.5909090909090908,1,11,5,3,3,18,14,11,4,1,6,18,21,10,5,0,5,15,15,19,5,3,0,2,9,8,9,22,8,5,9,29,1.318181818181818,33,35,1.5,1.5909090909090908,-2,11,5,3,3,19,18,11,3,2,6,14,17,10,4,2,4,14,17,15,5,3,1,1,10,12,6,0.090909090909091,0.1363636363636364,0.0,3,-1,1,-4,-2,22,22,31,29
22,11,2,9,35,1.5909090909090908,28,32,1.2727272727272727,1.4545454545454546,-4,11,6,1,4,15,18,11,5,1,5,13,14,10,4,2,4,14,15,16,5,2,1,2,7,10,11,22,10,6,6,36,1.6363636363636365,36,33,1.6363636363636365,1.5,3,11,5,4,2,18,11,11,5,2,4,18,22,10,5,4,1,19,15,11,5,2,3,0,9,7,3,-0.0454545454545456,-0.3636363636363637,-0.0454545454545454,-7,-2,-5,3,0,22,22,35,36
22,14,4,4,46,2.090909090909091,44,21,2.0,0.9545454545454546,23,11,8,2,1,27,10,11,6,2,3,17,11,10,6,1,3,19,18,11,5,2,1,2,7,9,6,22,15,6,1,51,2.3181818181818183,51,19,2.3181818181818183,0.8636363636363636,32,11,9,2,0,30,9,11,6,4,1,21,10,10,7,3,0,24,24,9,5,4,1,0,13,15,4,-0.2272727272727275,-0.3181818181818183,0.0909090909090909,-9,-6,-5,-6,-6,22,22,46,51
21,6,4,11,22,1.0476190476190477,31,36,1.4761904761904765,1.7142857142857142,-5,11,4,3,4,20,20,10,2,1,7,11,16,10,2,0,8,6,12,22,5,1,0,4,3,8,14,21,14,4,3,46,2.1904761904761907,51,24,2.4285714285714284,1.1428571428571428,27,10,7,3,0,27,10,11,7,1,3,24,14,10,5,4,1,19,23,16,5,4,1,0,13,13,6,-1.142857142857143,-0.952380952380952,0.5714285714285714,-32,-10,-13,-5,-11,21,21,22,46
22,15,4,3,49,2.227272727272727,54,25,2.4545454545454546,1.1363636363636365,29,10,7,3,0,27,10,12,8,1,3,27,15,10,6,3,1,21,22,13,5,5,0,0,15,14,5,23,8,5,10,29,1.2608695652173914,26,30,1.1304347826086956,1.3043478260869563,-4,12,3,3,6,13,14,11,5,2,4,13,16,10,4,3,3,15,12,10,5,0,3,2,3,3,8,0.9664031620553356,1.324110671936759,-0.16798418972332,33,12,6,11,10,22,23,49,29
23,7,5,11,26,1.1304347826086956,30,38,1.3043478260869563,1.6521739130434785,-8,11,6,1,4,19,12,12,1,4,7,11,26,10,3,2,5,11,17,16,5,1,2,2,5,4,7,22,7,6,9,27,1.2272727272727273,30,41,1.3636363636363635,1.8636363636363635,-11,11,3,4,4,12,17,11,4,2,5,18,24,10,5,3,2,18,19,14,5,1,2,2,5,6,9,-0.0968379446640317,-0.0592885375494069,-0.2114624505928852,3,0,-7,-2,-2,23,22,26,27
23,15,6,2,51,2.217391304347826,52,22,2.260869565217391,0.9565217391304348,30,11,9,2,0,30,9,12,6,4,2,22,13,10,7,2,1,23,24,11,5,4,0,1,12,15,6,23,3,4,16,13,0.5652173913043478,24,47,1.0434782608695652,2.0434782608695654,-23,12,1,2,9,13,27,11,2,2,7,11,20,10,2,3,5,9,14,15,5,0,2,3,2,6,11,1.6521739130434785,1.217391304347826,-1.0869565217391306,53,10,14,9,10,23,23,51,13
22,5,5,12,20,0.9090909090909092,32,42,1.4545454545454546,1.9090909090909087,-10,11,3,2,6,17,17,11,2,3,6,15,25,10,4,2,4,14,22,20,5,2,2,1,8,14,10,23,2,4,17,10,0.4347826086956521,19,59,0.8260869565217391,2.565217391304348,-40,12,2,2,8,12,31,11,0,2,9,7,28,10,1,2,7,5,8,25,5,0,1,4,1,6,15,0.4743083003952569,0.6284584980237155,-0.6561264822134385,30,7,9,8,14,22,23,20,10
23,13,5,5,44,1.9130434782608696,49,35,2.130434782608696,1.5217391304347827,14,11,8,0,3,23,15,12,5,5,2,26,20,10,5,3,2,18,24,18,5,2,2,1,8,12,11,23,9,8,6,35,1.5217391304347827,42,38,1.826086956521739,1.6521739130434785,4,12,6,5,1,26,15,11,3,3,5,16,23,10,3,4,3,13,14,15,5,2,2,1,8,8,7,0.3913043478260869,0.3043478260869567,-0.1304347826086955,10,0,5,4,10,23,23,44,35
23,9,5,9,32,1.391304347826087,37,37,1.608695652173913,1.608695652173913,0,11,5,3,3,19,18,12,4,2,6,18,19,10,5,2,3,17,19,14,5,3,1,1,10,14,7,22,6,4,12,22,1.0,32,39,1.4545454545454546,1.7727272727272727,-7,12,4,3,5,21,23,10,2,1,7,11,16,10,2,0,8,6,13,22,5,1,0,4,3,8,15,0.3913043478260869,0.1541501976284585,-0.1640316205533596,7,7,11,6,6,23,22,32,22
23,5,6,12,21,0.9130434782608696,28,41,1.2173913043478262,1.7826086956521738,-13,11,3,3,5,15,17,12,2,3,7,13,24,10,2,2,6,8,12,20,5,2,1,2,7,9,8,23,10,3,10,33,1.434782608695652,48,37,2.0869565217391304,1.608695652173913,11,12,8,1,3,29,14,11,2,2,7,19,23,10,3,1,6,10,17,23,5,1,1,3,4,12,15,-0.5217391304347826,-0.8695652173913042,0.1739130434782607,-24,3,-2,-3,-5,23,23,21,33
23,10,6,7,36,1.565217391304348,36,36,1.565217391304348,1.565217391304348,0,11,5,4,2,18,11,12,5,2,5,18,25,10,4,4,2,16,13,13,5,1,3,1,6,5,6,23,15,4,4,49,2.130434782608696,47,22,2.0434782608695654,0.9565217391304348,25,12,9,2,1,30,11,11,6,2,3,17,11,10,6,1,3,19,20,12,5,3,0,2,9,11,6,-0.5652173913043479,-0.4782608695652175,0.6086956521739131,-25,-3,-3,-6,-7,23,23,36,49
23,14,4,5,46,2.0,49,30,2.130434782608696,1.3043478260869563,19,11,9,1,1,30,11,12,5,3,4,19,19,10,5,3,2,18,18,12,5,2,1,2,7,11,8,23,12,2,9,38,1.6521739130434785,31,32,1.3478260869565215,1.391304347826087,-1,12,7,1,4,18,18,11,5,1,5,13,14,10,4,2,4,14,15,16,5,3,1,1,10,13,9,0.3478260869565217,0.7826086956521741,-0.0869565217391303,20,-3,4,-2,3,23,23,46,38
23,6,6,11,24,1.0434782608695652,26,40,1.1304347826086956,1.7391304347826086,-14,11,3,3,5,14,16,12,3,3,6,12,24,10,2,3,5,9,13,22,5,2,0,3,6,8,14,23,9,4,10,31,1.3478260869565215,38,39,1.6521739130434785,1.6956521739130437,-1,12,5,3,4,20,18,11,4,1,6,18,21,10,5,0,5,15,16,19,5,3,0,2,9,9,11,-0.3043478260869565,-0.5217391304347827,0.0434782608695651,-13,-3,-6,-1,-3,23,23,24,31
23,7,4,12,25,1.0869565217391304,34,39,1.4782608695652173,1.6956521739130437,-5,12,4,3,5,21,23,11,3,1,7,13,16,10,3,0,7,9,15,21,5,2,0,3,6,9,11,24,16,6,2,54,2.25,55,23,2.2916666666666665,0.9583333333333334,32,12,10,2,0,33,10,12,6,4,2,22,13,10,7,2,1,23,23,9,5,4,0,1,12,16,7,-1.1630434782608696,-0.8134057971014492,0.7373188405797101,-37,-6,-14,-7,-8,23,24,25,54
24,3,4,17,13,0.5416666666666666,25,50,1.0416666666666667,2.083333333333333,-25,12,1,2,9,13,27,12,2,2,8,12,23,10,1,3,6,6,10,18,5,0,2,3,2,7,12,24,16,4,4,52,2.1666666666666665,53,22,2.208333333333333,0.9166666666666666,31,12,9,2,1,30,11,12,7,2,3,23,11,10,6,1,3,19,24,11,5,4,0,1,12,17,4,-1.625,-1.1666666666666667,1.166666666666667,-56,-10,-13,-10,-14,24,24,13,52
24,8,5,11,29,1.2083333333333333,33,39,1.375,1.625,-6,12,7,1,4,22,13,12,1,4,7,11,26,10,4,2,4,14,17,13,5,2,2,1,8,7,5,24,14,4,6,46,1.9166666666666667,50,32,2.083333333333333,1.3333333333333333,18,12,9,1,2,31,13,12,5,3,4,19,19,10,5,2,3,17,17,12,5,2,1,2,7,10,7,-0.7083333333333335,-0.7083333333333335,0.2916666666666667,-24,1,-3,-3,0,24,24,29,46
24,11,3,10,36,1.5,51,39,2.125,1.625,12,12,8,1,3,29,14,12,3,2,7,22,25,10,3,1,6,10,19,25,5,2,1,2,7,14,14,23,7,6,10,27,1.173913043478261,31,44,1.3478260869565215,1.9130434782608696,-13,11,3,4,4,12,17,12,4,2,6,19,27,10,4,3,3,15,17,16,5,0,2,3,2,4,12,0.326086956521739,0.7771739130434783,-0.2880434782608696,25,5,-5,10,2,24,23,36,27
24,5,6,13,21,0.875,30,44,1.25,1.8333333333333333,-14,12,3,3,6,17,20,12,2,3,7,13,24,10,2,2,6,8,14,22,5,1,1,3,4,8,10,24,10,6,8,36,1.5,36,42,1.5,1.75,-6,12,5,4,3,18,17,12,5,2,5,18,25,10,4,3,3,15,12,18,5,0,3,2,3,3,12,-0.625,-0.25,0.0833333333333332,-8,1,-7,5,2,24,24,21,36
24,14,5,5,47,1.9583333333333333,51,36,2.125,1.5,15,12,9,0,3,25,16,12,5,5,2,26,20,10,6,2,2,20,23,16,5,3,2,0,11,12,8,24,9,5,10,32,1.3333333333333333,37,39,1.5416666666666667,1.625,-2,12,5,3,4,19,20,12,4,2,6,18,19,10,5,2,3,17,18,14,5,2,1,2,7,10,8,0.625,0.5833333333333333,-0.125,17,4,3,2,5,24,24,47,32
23,16,4,3,52,2.260869565217391,56,25,2.4347826086956523,1.0869565217391304,31,11,8,3,0,29,10,12,8,1,3,27,15,10,7,2,1,23,23,12,5,5,0,0,15,13,4,24,10,4,10,34,1.4166666666666667,41,40,1.7083333333333333,1.6666666666666667,1,12,5,3,4,20,18,12,5,1,6,21,22,10,5,0,5,15,16,18,5,3,0,2,9,10,11,0.8442028985507244,0.7264492753623191,-0.5797101449275364,30,6,8,3,7,23,24,52,34
24,3,4,17,13,0.5416666666666666,22,60,0.9166666666666666,2.5,-38,12,2,2,8,12,31,12,1,2,9,10,29,10,2,2,6,8,11,21,5,1,1,3,4,7,13,24,9,8,7,35,1.4583333333333333,43,40,1.7916666666666667,1.6666666666666667,3,12,6,5,1,26,15,12,3,3,6,17,25,10,3,4,3,13,13,14,5,1,2,2,5,5,7,-0.9166666666666666,-0.8750000000000001,0.8333333333333333,-41,-1,-5,2,-2,24,24,13,35
23,5,5,13,20,0.8695652173913043,33,45,1.434782608695652,1.9565217391304348,-12,12,3,2,7,18,20,11,2,3,6,15,25,10,3,2,5,11,21,22,5,1,2,2,5,12,11,24,13,2,9,41,1.7083333333333333,33,33,1.375,1.375,0,12,7,1,4,18,18,12,6,1,5,15,15,10,5,2,3,17,17,16,5,3,1,1,10,12,8,-0.8387681159420289,0.0597826086956521,0.5815217391304348,-12,-5,-6,0,4,23,24,20,41
24,8,5,11,29,1.2083333333333333,26,32,1.0833333333333333,1.3333333333333333,-6,12,3,3,6,13,14,12,5,2,5,13,18,10,3,3,4,12,11,12,5,0,3,2,3,2,7,24,6,6,12,24,1.0,27,43,1.125,1.7916666666666667,-16,12,3,3,6,15,19,12,3,3,6,12,24,10,2,2,6,8,13,24,5,2,0,3,6,8,15,0.2083333333333332,-0.0416666666666667,-0.4583333333333335,10,-3,4,-6,-2,24,24,29,24
24,16,5,3,53,2.208333333333333,57,26,2.375,1.0833333333333333,31,12,8,4,0,30,11,12,8,1,3,27,15,10,7,2,1,23,21,10,5,4,1,0,13,12,5,24,7,4,13,25,1.0416666666666667,35,43,1.4583333333333333,1.7916666666666667,-8,13,4,3,6,22,27,11,3,1,7,13,16,10,2,0,8,6,13,24,5,2,0,3,6,9,12,1.1666666666666667,0.9166666666666669,-0.7083333333333335,39,7,17,3,8,24,24,53,25
25,17,6,2,57,2.28,59,24,2.36,0.96,35,12,10,2,0,33,10,13,7,4,2,26,14,10,7,2,1,23,25,10,5,4,0,1,12,16,6,24,5,5,14,20,0.8333333333333334,34,47,1.4166666666666667,1.9583333333333333,-13,13,3,2,8,19,22,11,2,3,6,15,25,10,3,2,5,11,21,21,5,1,2,2,5,11,10,1.4466666666666663,0.9433333333333332,-0.9983333333333332,48,7,12,5,4,25,24,57,20
25,15,4,6,49,1.96,52,33,2.08,1.32,19,12,9,1,2,31,13,13,6,3,4,21,20,10,5,2,3,17,18,13,5,2,1,2,7,9,6,25,6,6,13,24,0.96,32,44,1.28,1.76,-12,13,4,3,6,19,20,12,2,3,7,13,24,10,3,2,5,11,16,17,5,1,1,3,4,8,9,1.0,0.8,-0.4399999999999999,31,3,6,1,2,25,25,49,24
25,10,8,7,38,1.52,48,40,1.92,1.6,8,12,6,5,1,26,15,13,4,3,6,22,25,10,3,4,3,13,16,13,5,2,1,2,7,10,7,25,8,6,11,30,1.2,27,33,1.08,1.32,-6,13,3,4,6,14,15,12,5,2,5,13,18,10,2,4,4,10,9,13,5,0,4,1,4,3,5,0.32,0.8399999999999999,0.28,14,3,3,7,7,25,25,38,30
25,6,7,12,25,1.0,28,44,1.12,1.76,-16,12,3,3,6,15,19,13,3,4,6,13,25,10,2,3,5,9,14,23,5,1,1,3,4,6,15,25,3,4,18,13,0.52,25,55,1.0,2.2,-30,13,1,2,10,13,32,12,2,2,8,12,23,10,1,3,6,6,10,22,5,0,2,3,2,5,14,0.48,0.1200000000000001,-0.4400000000000001,14,2,3,1,4,25,25,25,13
25,14,2,9,44,1.76,35,34,1.4,1.36,1,12,7,1,4,18,18,13,7,1,5,17,16,10,5,2,3,17,17,16,5,4,1,0,13,13,7,25,8,5,12,29,1.16,34,41,1.36,1.64,-7,13,7,1,5,23,15,12,1,4,7,11,26,10,3,2,5,11,13,15,5,1,2,2,5,6,6,0.6000000000000001,0.0399999999999998,-0.2799999999999998,8,8,6,7,4,25,25,44,29
24,7,7,10,28,1.1666666666666667,33,46,1.375,1.9166666666666667,-13,11,3,4,4,12,17,13,4,3,6,21,29,10,4,3,3,15,17,16,5,0,3,2,3,5,11,25,17,5,3,56,2.24,58,26,2.32,1.04,32,13,9,4,0,31,11,12,8,1,3,27,15,10,8,2,0,26,22,9,5,4,1,0,13,10,3,-1.0733333333333337,-0.9449999999999998,0.8766666666666667,-45,-10,-11,-5,-5,24,25,28,56
25,17,4,4,55,2.2,58,22,2.32,0.88,36,12,9,2,1,30,11,13,8,2,3,28,11,10,6,1,3,19,25,8,5,5,0,0,15,21,2,25,11,4,10,37,1.48,53,41,2.12,1.64,12,13,8,2,3,31,16,12,3,2,7,22,25,10,3,2,5,11,21,24,5,2,2,1,8,14,12,0.7200000000000002,0.1999999999999997,-0.7599999999999999,24,7,8,7,4,25,25,55,37
25,10,5,10,35,1.4,39,40,1.56,1.6,-1,12,5,3,4,19,20,13,5,2,6,20,20,10,5,2,3,17,19,15,5,2,1,2,7,9,9,25,3,4,18,13,0.52,22,65,0.88,2.6,-43,13,2,2,9,12,36,12,1,2,9,10,29,10,2,2,6,8,11,24,5,1,1,3,4,7,16,0.8799999999999999,0.68,-1.0,42,3,9,2,8,25,25,35,13
25,10,6,9,36,1.44,36,44,1.44,1.76,-8,12,5,4,3,18,17,13,5,2,6,18,27,10,3,3,4,12,10,19,5,0,2,3,2,3,14,25,7,4,14,25,1.0,35,44,1.4,1.76,-9,13,4,3,6,22,27,12,3,1,8,13,17,10,2,0,8,6,12,23,5,1,0,4,3,6,11,0.4399999999999999,0.04,0.0,1,-1,6,-3,-2,25,25,36,25
26,7,4,15,25,0.9615384615384616,37,48,1.4230769230769231,1.8461538461538465,-11,13,4,3,6,22,27,13,3,1,9,15,21,10,2,0,8,6,14,26,5,1,0,4,3,6,12,25,10,5,10,35,1.4,42,41,1.68,1.64,1,12,5,3,4,20,18,13,5,2,6,22,23,10,5,1,4,16,16,17,5,2,1,2,7,8,10,-0.4384615384615383,-0.2569230769230768,0.2061538461538463,-12,-4,-10,-2,-2,26,25,25,35
26,8,7,11,31,1.1923076923076923,28,34,1.0769230769230769,1.3076923076923077,-6,13,3,4,6,14,15,13,5,3,5,14,19,10,1,5,4,8,8,14,5,0,4,1,4,4,6,26,11,6,9,39,1.5,40,46,1.5384615384615383,1.7692307692307692,-6,13,6,4,3,22,19,13,5,2,6,18,27,10,4,3,3,15,14,16,5,1,1,3,4,5,14,-0.3076923076923077,-0.4615384615384617,-0.4615384615384614,0,0,-7,-1,-6,26,26,31,39
26,9,5,12,32,1.2307692307692308,36,42,1.3846153846153846,1.6153846153846154,-6,13,7,1,5,23,15,13,2,4,7,13,27,10,3,2,5,11,10,16,5,2,2,1,8,8,6,26,10,9,7,39,1.5,49,41,1.8846153846153848,1.5769230769230769,8,13,6,6,1,27,16,13,4,3,6,22,25,10,3,4,3,13,16,13,5,2,1,2,7,11,8,-0.2692307692307691,-0.5,0.0384615384615385,-14,1,-2,-3,-6,26,26,32,39
26,11,4,11,37,1.4230769230769231,54,45,2.076923076923077,1.7307692307692308,9,13,8,2,3,31,16,13,3,2,8,23,29,10,3,2,5,11,21,24,5,2,2,1,8,13,13,26,11,5,10,38,1.4615384615384617,40,40,1.5384615384615383,1.5384615384615383,0,13,6,3,4,20,20,13,5,2,6,20,20,10,6,1,3,19,19,14,5,3,0,2,9,10,9,-0.0384615384615383,0.5384615384615385,0.1923076923076923,9,-1,-8,3,2,26,26,37,38
26,6,6,14,24,0.9230769230769232,34,48,1.3076923076923077,1.8461538461538465,-14,13,4,3,6,19,20,13,2,3,8,15,28,10,3,1,6,10,17,20,5,1,1,3,4,8,10,26,18,6,2,60,2.3076923076923075,63,25,2.423076923076923,0.9615384615384616,38,13,11,2,0,37,11,13,7,4,2,26,14,10,7,2,1,23,27,10,5,4,0,1,12,16,7,-1.3846153846153844,-1.1153846153846152,0.8846153846153847,-52,-8,-13,-8,-10,26,26,24,60
25,14,5,6,47,1.88,52,38,2.08,1.52,14,13,9,0,4,26,18,12,5,5,2,26,20,10,6,2,2,20,23,16,5,2,2,1,8,10,9,26,7,7,12,28,1.0769230769230769,31,44,1.1923076923076923,1.6923076923076923,-13,13,4,3,6,18,19,13,3,4,6,13,25,10,3,3,4,12,16,21,5,2,1,2,7,9,10,0.803076923076923,0.8876923076923078,-0.1723076923076922,27,1,8,1,7,25,26,47,28
25,5,5,15,20,0.8,35,51,1.4,2.04,-16,13,3,2,8,19,22,12,2,3,7,16,29,10,3,2,5,11,19,21,5,1,1,3,4,11,13,26,16,4,6,52,2.0,56,35,2.1538461538461537,1.3461538461538465,21,13,10,1,2,35,15,13,6,3,4,21,20,10,5,2,3,17,21,15,5,3,0,2,9,13,8,-1.2,-0.7538461538461538,0.6938461538461538,-37,-5,-6,-2,-2,25,26,20,52
26,3,4,19,13,0.5,25,58,0.9615384615384616,2.230769230769231,-33,13,1,2,10,13,32,13,2,2,9,12,26,10,1,2,7,5,9,24,5,0,1,4,1,4,16,25,7,7,11,28,1.12,33,47,1.32,1.88,-14,12,3,4,5,12,18,13,4,3,6,21,29,10,3,3,4,12,15,17,5,0,3,2,3,5,8,-0.6200000000000001,-0.3584615384615385,0.3507692307692309,-19,-2,-7,-1,-6,26,25,13,28
26,18,5,3,59,2.269230769230769,59,26,2.269230769230769,1.0,33,13,9,4,0,31,11,13,9,1,3,28,15,10,8,2,0,26,21,8,5,4,1,0,13,8,2,26,14,2,10,44,1.6923076923076923,36,36,1.3846153846153846,1.3846153846153846,0,13,7,1,5,19,20,13,7,1,5,17,16,10,5,2,3,17,18,15,5,4,0,1,12,12,7,0.5769230769230769,0.8846153846153846,-0.3846153846153846,33,1,9,-4,3,26,26,59,44
26,3,4,19,13,0.5,22,66,0.8461538461538461,2.5384615384615383,-44,13,2,2,9,12,36,13,1,2,10,10,30,10,1,2,7,5,10,25,5,1,0,4,3,5,15,26,18,4,4,58,2.230769230769231,62,23,2.3846153846153846,0.8846153846153846,39,13,10,2,1,34,12,13,8,2,3,28,11,10,7,1,2,22,29,8,5,5,0,0,15,20,3,-1.7307692307692308,-1.5384615384615383,1.6538461538461535,-83,-12,-17,-15,-19,26,26,13,58
27,14,2,11,44,1.6296296296296295,37,39,1.3703703703703705,1.4444444444444444,-2,13,7,1,5,19,20,14,7,1,6,18,19,10,5,1,4,16,19,18,5,3,0,2,9,9,7,27,8,7,12,31,1.148148148148148,29,37,1.0740740740740742,1.3703703703703705,-8,14,3,4,7,15,18,13,5,3,5,14,19,10,0,5,5,5,7,17,5,0,3,2,3,5,9,0.4814814814814814,0.2962962962962963,0.0740740740740739,6,6,11,4,12,27,27,44,31
26,8,7,11,31,1.1923076923076923,35,47,1.3461538461538465,1.807692307692308,-12,12,3,4,5,12,18,14,5,3,6,23,29,10,3,3,4,12,14,17,5,1,2,2,5,6,7,27,3,4,20,13,0.4814814814814814,22,72,0.8148148148148148,2.6666666666666665,-50,14,2,2,10,12,42,13,1,2,10,10,30,10,1,2,7,5,10,29,5,1,0,4,3,3,18,0.7108262108262109,0.5313390313390315,-0.8589743589743588,38,2,7,3,4,26,27,31,13
27,7,7,13,28,1.037037037037037,32,47,1.1851851851851851,1.7407407407407407,-15,13,4,3,6,18,19,14,3,4,7,14,28,10,3,2,5,11,15,22,5,1,1,3,4,7,11,26,5,5,16,20,0.7692307692307693,37,54,1.4230769230769231,2.076923076923077,-17,14,3,2,9,21,25,12,2,3,7,16,29,10,3,2,5,11,20,22,5,0,1,4,1,9,16,0.2678062678062677,-0.237891737891738,-0.3361823361823364,2,3,0,-2,-5,27,26,28,20
27,11,5,11,38,1.4074074074074074,40,43,1.4814814814814814,1.5925925925925926,-3,13,6,3,4,20,20,14,5,2,7,20,23,10,6,1,3,19,19,14,5,3,0,2,9,7,8,27,10,5,12,35,1.2962962962962965,39,42,1.4444444444444444,1.5555555555555556,-3,14,8,1,5,26,15,13,2,4,7,13,27,10,4,2,4,14,13,13,5,3,1,1,10,11,6,0.1111111111111111,0.0370370370370369,0.0370370370370369,0,-1,5,-4,6,27,27,38,35
27,19,4,4,61,2.259259259259259,68,23,2.5185185185185186,0.8518518518518519,45,13,10,2,1,34,12,14,9,2,3,34,11,10,7,1,2,22,33,8,5,5,0,0,15,24,2,27,7,5,15,26,0.9629629629629628,39,50,1.4444444444444444,1.851851851851852,-11,14,4,4,6,24,29,13,3,1,9,15,21,10,2,1,7,7,15,26,5,1,1,3,4,7,11,1.2962962962962965,1.0740740740740742,-1.0,56,11,15,17,18,27,27,61,26
27,17,4,6,55,2.037037037037037,59,37,2.185185185185185,1.3703703703703705,22,13,10,1,2,35,15,14,7,3,4,24,22,10,5,2,3,17,22,16,5,4,0,1,12,15,7,26,15,5,6,50,1.9230769230769231,55,39,2.1153846153846154,1.5,16,14,10,0,4,29,19,12,5,5,2,26,20,10,6,2,2,20,22,16,5,3,1,1,10,11,8,0.113960113960114,0.0698005698005697,-0.1296296296296295,6,2,-3,4,0,27,26,55,50
27,10,9,8,39,1.4444444444444444,49,44,1.8148148148148149,1.6296296296296295,5,13,6,6,1,27,16,14,4,3,7,22,28,10,3,4,3,13,16,14,5,2,1,2,7,11,7,27,6,6,15,24,0.8888888888888888,34,49,1.2592592592592593,1.8148148148148149,-15,14,4,3,7,19,21,13,2,3,8,15,28,10,3,1,6,10,17,19,5,1,1,3,4,7,9,0.5555555555555556,0.5555555555555556,-0.1851851851851853,20,3,3,4,-1,27,27,39,24
27,12,6,9,42,1.5555555555555556,43,47,1.5925925925925926,1.7407407407407407,-4,13,6,4,3,22,19,14,6,2,6,21,28,10,4,3,3,15,14,17,5,2,0,3,6,7,14,27,3,4,20,13,0.4814814814814814,25,60,0.925925925925926,2.2222222222222223,-35,14,1,2,11,13,34,13,2,2,9,12,26,10,1,2,7,5,9,24,5,0,1,4,1,3,15,1.0740740740740742,0.6666666666666666,-0.4814814814814816,31,5,10,4,5,27,27,42,13
27,19,6,2,63,2.333333333333333,64,25,2.3703703703703702,0.925925925925926,39,13,11,2,0,37,11,14,8,4,2,27,14,10,8,1,1,25,28,10,5,4,0,1,12,13,6,27,19,5,3,62,2.2962962962962963,62,27,2.2962962962962963,1.0,35,14,10,4,0,34,12,13,9,1,3,28,15,10,9,1,0,28,22,7,5,4,1,0,13,8,2,0.0370370370370372,0.0740740740740739,-0.074074074074074,4,-1,-3,5,6,27,27,63,62
26,10,6,10,36,1.3846153846153846,44,43,1.6923076923076923,1.6538461538461535,1,12,5,3,4,20,18,14,5,3,6,24,25,10,5,2,3,17,18,17,5,1,2,2,5,9,12,27,12,4,11,40,1.4814814814814814,57,45,2.111111111111111,1.6666666666666667,12,14,9,2,3,34,16,13,3,2,8,23,29,10,3,2,5,11,21,24,5,2,2,1,8,13,12,-0.0968660968660968,-0.4188034188034188,-0.0128205128205129,-11,-3,6,-4,-3,26,27,36,40
27,8,8,11,32,1.1851851851851851,37,49,1.3703703703703705,1.8148148148148149,-12,13,3,5,5,14,20,14,5,3,6,23,29,10,2,4,4,10,13,17,5,1,2,2,5,7,8,27,5,6,16,21,0.7777777777777778,38,55,1.4074074074074074,2.037037037037037,-17,14,3,2,9,21,25,13,2,4,7,17,30,10,2,3,5,9,20,23,5,0,1,4,1,6,13,0.4074074074074073,-0.0370370370370369,-0.2222222222222223,5,4,1,1,-7,27,27,32,21
28,3,5,20,14,0.5,27,62,0.9642857142857144,2.2142857142857144,-35,14,1,2,11,13,34,14,2,3,9,14,28,10,0,3,7,3,9,26,5,0,1,4,1,3,15,28,7,5,16,26,0.9285714285714286,40,52,1.4285714285714286,1.8571428571428568,-12,14,4,4,6,24,29,14,3,1,10,16,23,10,2,1,7,7,15,24,5,0,1,4,1,6,13,-0.4285714285714286,-0.4642857142857143,0.3571428571428572,-23,0,-4,-3,-6,28,28,14,26
28,5,6,17,21,0.75,41,59,1.4642857142857142,2.107142857142857,-18,14,3,2,9,21,25,14,2,4,8,20,34,10,1,3,6,6,20,25,5,0,1,4,1,8,14,28,6,6,16,24,0.8571428571428571,34,50,1.2142857142857142,1.7857142857142858,-16,14,4,3,7,19,21,14,2,3,9,15,29,10,3,1,6,10,15,17,5,1,0,4,3,6,9,-0.1071428571428571,0.25,0.3214285714285714,-2,-2,-4,2,5,28,28,21,24
28,10,5,13,35,1.25,40,44,1.4285714285714286,1.5714285714285714,-4,14,8,1,5,26,15,14,2,4,8,14,29,10,4,2,4,14,14,13,5,3,0,2,9,10,6,27,16,5,6,53,1.962962962962963,59,39,2.185185185185185,1.4444444444444444,20,14,10,0,4,29,19,13,6,5,2,30,20,10,6,2,2,20,24,16,5,3,1,1,10,12,6,-0.712962962962963,-0.7566137566137565,0.1269841269841269,-24,-1,-6,-2,-10,28,27,35,53
28,12,7,9,43,1.5357142857142858,45,49,1.6071428571428572,1.75,-4,14,6,5,3,24,21,14,6,2,6,21,28,10,3,4,3,13,14,19,5,2,1,2,7,9,13,28,17,4,7,55,1.9642857142857144,59,41,2.107142857142857,1.4642857142857142,18,14,10,1,3,35,19,14,7,3,4,24,22,10,5,1,4,16,21,19,5,3,0,2,9,10,11,-0.4285714285714284,-0.5,0.2857142857142858,-22,-2,-3,-1,-7,28,28,43,55
28,12,4,12,40,1.4285714285714286,59,48,2.107142857142857,1.7142857142857142,11,14,9,2,3,34,16,14,3,2,9,25,32,10,3,2,5,11,23,26,5,2,1,2,7,11,11,29,12,8,9,44,1.5172413793103448,46,50,1.5862068965517242,1.7241379310344829,-4,15,6,6,3,25,22,14,6,2,6,21,28,10,2,5,3,11,13,20,5,2,2,1,8,10,8,-0.0886699507389161,0.520935960591133,-0.0098522167487684,15,-1,0,1,10,28,29,40,44
28,9,8,11,35,1.25,41,52,1.4642857142857142,1.8571428571428568,-11,14,4,5,5,18,23,14,5,3,6,23,29,10,2,4,4,10,14,20,5,2,2,1,8,10,8,28,8,7,13,31,1.1071428571428572,29,39,1.0357142857142858,1.3928571428571428,-10,14,3,4,7,15,18,14,5,3,6,14,21,10,0,5,5,5,6,17,5,0,2,3,2,3,9,0.1428571428571428,0.4285714285714284,0.4642857142857144,-1,6,5,7,8,28,28,35,31
27,11,6,10,39,1.4444444444444444,47,45,1.7407407407407407,1.6666666666666667,2,13,6,3,4,23,20,14,5,3,6,24,25,10,5,2,3,17,19,19,5,2,2,1,8,11,10,29,4,5,20,17,0.5862068965517241,29,63,1.0,2.1724137931034484,-34,15,2,2,11,15,35,14,2,3,9,14,28,10,1,3,6,6,11,25,5,1,1,3,4,4,13,0.8582375478927203,0.7407407407407407,-0.5057471264367817,36,4,11,7,8,27,29,39,17
29,6,7,16,25,0.8620689655172413,35,51,1.206896551724138,1.7586206896551724,-16,14,4,3,7,19,21,15,2,4,9,16,30,10,2,2,6,8,13,17,5,1,1,3,4,5,7,28,7,8,13,29,1.0357142857142858,33,48,1.1785714285714286,1.7142857142857142,-15,14,4,4,6,19,20,14,3,4,7,14,28,10,3,2,5,11,15,22,5,1,2,2,5,7,8,-0.1736453201970444,0.0283251231527092,0.0443349753694581,-1,-1,-3,-2,-2,29,28,25,29
28,3,5,20,14,0.5,24,74,0.8571428571428571,2.642857142857143,-50,14,2,2,10,12,42,14,1,3,10,12,32,10,1,2,7,5,11,30,5,1,1,3,4,5,15,29,11,5,13,38,1.3103448275862069,43,44,1.4827586206896552,1.5172413793103448,-1,15,9,1,5,29,15,14,2,4,8,14,29,10,5,2,3,17,17,10,5,3,0,2,9,10,5,-0.8103448275862069,-0.6256157635467982,1.125615763546798,-49,-5,-12,-5,-6,28,29,14,38
28,16,5,7,53,1.8928571428571428,59,42,2.107142857142857,1.5,17,14,10,0,4,29,19,14,6,5,3,30,23,10,5,2,3,17,22,18,5,3,0,2,9,10,7,29,5,7,17,22,0.7586206896551724,42,60,1.4482758620689655,2.0689655172413794,-18,15,3,3,9,22,26,14,2,4,8,20,34,10,1,4,5,7,19,23,5,0,2,3,2,8,13,1.1342364532019704,0.6588669950738917,-0.5689655172413794,35,7,10,2,3,28,29,53,22
29,17,5,7,56,1.9310344827586208,60,42,2.0689655172413794,1.4482758620689655,18,14,10,1,3,35,19,15,7,4,4,25,23,10,5,2,3,17,20,17,5,3,1,1,10,10,10,28,12,5,11,41,1.4642857142857142,42,44,1.5,1.5714285714285714,-2,14,7,3,4,22,21,14,5,2,7,20,23,10,6,1,3,19,19,14,5,3,0,2,9,5,7,0.4667487684729066,0.5689655172413794,-0.1231527093596058,20,1,-2,5,1,29,28,56,41
29,7,5,17,26,0.896551724137931,41,54,1.4137931034482758,1.862068965517241,-13,14,4,4,6,24,29,15,3,1,11,17,25,10,2,1,7,7,15,23,5,0,1,4,1,6,11,28,15,2,11,47,1.6785714285714286,39,39,1.3928571428571428,1.3928571428571428,0,14,8,1,5,21,20,14,7,1,6,18,19,10,6,1,3,19,21,16,5,3,0,2,9,8,7,-0.7820197044334976,0.020935960591133,0.4692118226600985,-13,-8,-12,-2,-6,29,28,26,47
28,19,7,2,64,2.2857142857142856,65,26,2.321428571428572,0.9285714285714286,39,14,11,3,0,38,12,14,8,4,2,27,14,10,8,1,1,25,28,10,5,4,1,0,13,13,4,28,11,9,8,42,1.5,50,44,1.7857142857142858,1.5714285714285714,6,14,7,6,1,28,16,14,4,3,7,22,28,10,4,3,3,15,16,13,5,2,1,2,7,8,6,0.7857142857142856,0.5357142857142858,-0.6428571428571428,33,6,10,5,12,28,28,64,42
28,19,6,3,63,2.25,63,28,2.25,1.0,35,14,10,4,0,34,12,14,9,2,3,29,16,10,8,2,0,26,20,7,5,3,2,0,11,7,3,28,20,4,4,64,2.2857142857142856,70,24,2.5,0.8571428571428571,46,14,11,2,1,36,13,14,9,2,3,34,11,10,8,0,2,24,34,8,5,5,0,0,15,23,2,-0.0357142857142855,-0.25,0.1428571428571429,-11,-4,2,-16,-14,28,28,63,64
30,6,8,16,26,0.8666666666666667,36,52,1.2,1.7333333333333334,-16,15,4,4,7,20,22,15,2,4,9,16,30,10,1,3,6,6,12,17,5,0,2,3,2,4,8,30,11,6,13,39,1.3,46,47,1.5333333333333334,1.5666666666666669,-1,15,9,1,5,29,15,15,2,5,8,17,32,10,4,3,3,15,18,12,5,3,1,1,10,12,6,-0.4333333333333333,-0.3333333333333335,0.1666666666666667,-15,-8,-9,-8,-6,30,30,26,39
29,13,4,12,43,1.4827586206896552,63,51,2.1724137931034484,1.7586206896551724,12,15,10,2,3,38,19,14,3,2,9,25,32,10,4,2,4,14,26,26,5,2,1,2,7,12,12,29,8,7,14,31,1.0689655172413792,30,41,1.0344827586206895,1.4137931034482758,-11,14,3,4,7,15,18,15,5,3,7,15,23,10,0,5,5,5,6,16,5,0,2,3,2,4,9,0.413793103448276,1.137931034482759,0.3448275862068966,23,5,9,8,20,29,29,43,31
29,10,8,11,38,1.3103448275862069,43,53,1.4827586206896552,1.827586206896552,-10,15,5,5,5,20,24,14,5,3,6,23,29,10,3,4,3,13,15,18,5,3,1,1,10,10,7,29,7,9,13,30,1.0344827586206895,34,49,1.1724137931034482,1.6896551724137931,-15,14,4,4,6,19,20,15,3,5,7,15,29,10,3,3,4,12,15,21,5,1,3,1,6,7,6,0.2758620689655171,0.3103448275862071,0.1379310344827586,5,4,1,3,0,29,29,38,30
30,4,6,20,18,0.6,31,65,1.0333333333333334,2.1666666666666665,-34,15,2,2,11,15,35,15,2,4,9,16,30,10,1,4,5,7,11,24,5,1,2,2,5,6,10,29,12,5,12,41,1.4137931034482758,42,46,1.4482758620689655,1.5862068965517242,-4,14,7,3,4,22,21,15,5,2,8,20,25,10,5,1,4,16,15,15,5,3,0,2,9,5,7,-0.8137931034482758,-0.4149425287356321,0.5804597701149423,-30,-4,-9,1,-4,30,29,18,41
30,12,8,10,44,1.4666666666666666,49,54,1.6333333333333333,1.8,-5,15,6,6,3,25,22,15,6,2,7,24,32,10,2,4,4,10,16,24,5,2,2,1,8,13,10,29,17,5,7,56,1.9310344827586208,61,43,2.103448275862069,1.4827586206896552,18,15,11,0,4,31,20,14,6,5,3,30,23,10,6,2,2,20,22,15,5,3,0,2,9,10,7,-0.4643678160919542,-0.4701149425287356,0.3172413793103448,-23,-1,-10,3,-6,30,29,44,56
29,20,5,4,65,2.2413793103448274,70,24,2.413793103448276,0.8275862068965517,46,14,11,2,1,36,13,15,9,3,3,34,11,10,8,1,1,25,34,6,5,4,1,0,13,17,2,30,5,7,18,22,0.7333333333333333,43,62,1.4333333333333331,2.066666666666667,-19,15,3,3,9,22,26,15,2,4,9,21,36,10,1,3,6,6,19,24,5,0,2,3,2,8,11,1.508045977011494,0.9804597701149425,-1.2390804597701153,65,11,19,9,15,29,30,65,22
30,7,6,17,27,0.9,42,55,1.4,1.8333333333333333,-13,15,4,5,6,25,30,15,3,1,11,17,25,10,1,2,7,5,13,22,5,0,2,3,2,7,11,29,11,9,9,42,1.4482758620689655,51,46,1.7586206896551724,1.5862068965517242,5,14,7,6,1,28,16,15,4,3,8,23,30,10,3,3,4,12,13,13,5,2,1,2,7,8,6,-0.5482758620689655,-0.3586206896551724,0.247126436781609,-18,-5,-7,-1,0,30,29,27,42
29,19,7,3,64,2.206896551724138,63,28,2.1724137931034484,0.9655172413793104,35,15,10,5,0,34,12,14,9,2,3,29,16,10,7,3,0,24,18,7,5,3,2,0,11,6,2,30,18,5,7,59,1.9666666666666663,62,42,2.066666666666667,1.4,20,15,11,1,3,37,19,15,7,4,4,25,23,10,5,2,3,17,19,15,5,3,1,1,10,10,9,0.2402298850574713,0.1057471264367815,-0.4344827586206895,15,1,7,-4,-1,29,30,64,59
29,20,7,2,67,2.310344827586207,67,27,2.310344827586207,0.9310344827586208,40,15,12,3,0,40,13,14,8,4,2,27,14,10,8,1,1,25,28,11,5,4,1,0,13,12,4,29,3,6,20,15,0.5172413793103449,27,77,0.9310344827586208,2.655172413793104,-50,15,2,3,10,15,45,14,1,3,10,12,32,10,1,3,6,6,12,30,5,0,2,3,2,5,17,1.793103448275862,1.3793103448275863,-1.724137931034483,90,11,19,7,16,29,29,67,15
28,11,7,10,40,1.4285714285714286,49,47,1.75,1.6785714285714286,2,14,6,4,4,25,22,14,5,3,6,24,25,10,5,3,2,18,20,19,5,2,3,0,9,11,8,29,15,3,11,48,1.6551724137931034,40,40,1.3793103448275863,1.3793103448275863,0,14,8,1,5,21,20,15,7,2,6,19,20,10,5,2,3,17,19,15,5,2,1,2,7,7,7,-0.2266009852216748,0.3706896551724137,0.2992610837438423,2,2,1,4,1,28,29,40,48
30,7,9,14,30,1.0,34,50,1.1333333333333333,1.6666666666666667,-16,14,4,4,6,19,20,16,3,5,8,15,30,10,2,3,5,9,12,21,5,1,2,2,5,6,6,30,20,7,3,67,2.2333333333333334,67,29,2.2333333333333334,0.9666666666666668,38,16,11,5,0,38,13,14,9,2,3,29,16,10,7,3,0,24,19,6,5,3,2,0,11,9,3,-1.2333333333333334,-1.1,0.7000000000000001,-54,-6,-15,-3,-7,30,30,30,67
31,18,5,8,59,1.903225806451613,63,46,2.032258064516129,1.4838709677419355,17,15,11,1,3,37,19,16,7,4,5,26,27,10,5,1,4,16,20,19,5,2,1,2,7,7,11,31,7,7,17,28,0.9032258064516128,42,55,1.3548387096774193,1.7741935483870968,-13,16,4,6,6,25,30,15,3,1,11,17,25,10,1,3,6,6,11,19,5,0,3,2,3,5,7,1.0,0.6774193548387097,-0.2903225806451612,30,4,10,2,9,31,31,59,28
30,8,8,14,32,1.0666666666666669,31,42,1.0333333333333334,1.4,-11,14,3,4,7,15,18,16,5,4,7,16,24,10,0,6,4,6,7,14,5,0,2,3,2,4,9,31,4,7,20,19,0.6129032258064516,32,66,1.032258064516129,2.129032258064516,-34,16,2,3,11,16,36,15,2,4,9,16,30,10,1,4,5,7,11,24,5,1,3,1,6,7,8,0.453763440860215,0.0010752688172044,-0.7290322580645161,23,-4,-1,-3,-4,30,31,32,19
31,11,6,14,39,1.2580645161290325,47,50,1.5161290322580645,1.6129032258064515,-3,15,9,1,5,29,15,16,2,5,9,18,35,10,4,3,3,15,19,14,5,2,1,2,7,11,8,30,13,5,12,44,1.4666666666666666,64,52,2.1333333333333333,1.7333333333333334,12,16,10,3,3,39,20,14,3,2,9,25,32,10,4,3,3,15,25,23,5,2,1,2,7,11,11,-0.2086021505376343,-0.6172043010752688,-0.1204301075268818,-15,0,0,0,-6,31,30,39,44
31,5,7,19,22,0.7096774193548387,43,64,1.3870967741935485,2.064516129032258,-21,15,3,3,9,22,26,16,2,4,10,21,38,10,0,3,7,3,15,26,5,0,2,3,2,6,10,30,11,8,11,41,1.3666666666666667,44,53,1.4666666666666666,1.7666666666666666,-9,16,6,5,5,21,24,14,5,3,6,23,29,10,4,4,2,16,16,14,5,4,1,0,13,11,6,-0.656989247311828,-0.079569892473118,0.2978494623655914,-12,-11,-13,-5,-1,31,30,22,41
30,12,6,12,42,1.4,43,47,1.4333333333333331,1.5666666666666669,-4,14,7,3,4,22,21,16,5,3,8,21,26,10,4,2,4,14,13,16,5,2,1,2,7,4,7,31,12,9,10,45,1.4516129032258065,50,55,1.6129032258064515,1.7741935483870968,-5,16,6,7,3,26,23,15,6,2,7,24,32,10,2,4,4,10,15,23,5,1,3,1,6,10,9,-0.0516129032258065,-0.1795698924731181,-0.2075268817204301,1,1,4,-6,-2,30,31,42,45
30,11,10,9,43,1.4333333333333331,51,46,1.7,1.5333333333333334,5,14,7,6,1,28,16,16,4,4,8,23,30,10,3,3,4,12,13,13,5,1,2,2,5,3,6,30,21,5,4,68,2.2666666666666666,72,24,2.4,0.8,48,15,12,2,1,38,13,15,9,3,3,34,11,10,9,1,0,28,35,4,5,4,1,0,13,14,2,-0.8333333333333333,-0.7,0.7333333333333334,-43,-8,-16,-11,-22,30,30,43,68
30,15,3,12,48,1.6,43,44,1.4333333333333331,1.4666666666666666,-1,14,8,1,5,21,20,16,7,2,7,22,24,10,5,2,3,17,21,17,5,1,1,3,4,8,10,30,21,7,2,70,2.333333333333333,70,28,2.333333333333333,0.9333333333333332,42,16,13,3,0,43,14,14,8,4,2,27,14,10,8,1,1,25,27,10,5,4,1,0,13,11,4,-0.7333333333333334,-0.9000000000000001,0.5333333333333332,-43,-9,-8,-3,-6,30,30,48,70
30,3,6,21,15,0.5,28,80,0.9333333333333332,2.6666666666666665,-52,15,2,3,10,15,45,15,1,3,11,13,35,10,1,3,6,6,13,31,5,0,2,3,2,6,15,29,12,7,10,43,1.4827586206896552,53,50,1.827586206896552,1.7241379310344829,3,15,7,4,4,29,25,14,5,3,6,24,25,10,5,3,2,18,22,21,5,2,3,0,9,12,10,-0.9827586206896552,-0.8942528735632185,0.942528735632184,-55,-7,-12,-6,-9,30,29,15,43
30,17,6,7,57,1.9,62,44,2.066666666666667,1.4666666666666666,18,15,11,0,4,31,20,15,6,6,3,31,24,10,5,3,2,18,20,15,5,3,1,1,10,10,6,31,7,8,16,29,0.935483870967742,39,53,1.2580645161290325,1.7096774193548387,-14,16,5,4,7,23,23,15,2,4,9,16,30,10,2,3,5,9,13,15,5,1,2,2,5,5,5,0.964516129032258,0.8086021505376346,-0.2430107526881721,32,5,9,5,7,30,31,57,29
31,14,5,12,47,1.5161290322580645,65,52,2.096774193548387,1.6774193548387095,13,16,10,3,3,39,20,15,4,2,9,26,32,10,5,3,2,18,24,20,5,3,1,1,10,11,7,31,18,6,7,60,1.935483870967742,65,45,2.096774193548387,1.4516129032258065,20,16,12,0,4,34,21,15,6,6,3,31,24,10,6,2,2,20,21,14,5,3,1,1,10,10,6,-0.4193548387096775,0.0,0.2258064516129032,-7,0,-2,1,3,31,31,47,60
32,7,8,17,29,0.90625,45,58,1.40625,1.8125,-13,16,4,6,6,25,30,16,3,2,11,20,28,10,1,4,5,7,13,19,5,0,3,2,3,6,8,31,3,7,21,16,0.5161290322580645,30,82,0.967741935483871,2.6451612903225805,-52,16,2,4,10,17,47,15,1,3,11,13,35,10,1,3,6,6,13,31,5,0,3,2,3,8,16,0.3901209677419355,0.438508064516129,-0.8326612903225805,39,0,1,-2,0,32,31,29,16
32,4,7,21,19,0.59375,32,67,1.0,2.09375,-35,16,2,3,11,16,36,16,2,4,10,16,31,10,1,4,5,7,10,22,5,1,3,1,6,7,7,31,11,10,10,43,1.3870967741935485,51,49,1.6451612903225807,1.5806451612903225,2,15,7,6,2,28,19,16,4,4,8,23,30,10,3,2,5,11,13,16,5,1,1,3,4,2,8,-0.7933467741935485,-0.6451612903225807,0.5131048387096775,-37,2,-4,5,-3,32,31,19,43
31,21,7,3,70,2.2580645161290325,71,31,2.290322580645161,1.0,40,16,11,5,0,38,13,15,10,2,3,33,18,10,7,3,0,24,20,7,5,3,2,0,11,12,5,32,6,7,19,25,0.78125,45,65,1.40625,2.03125,-20,16,4,3,9,24,27,16,2,4,10,21,38,10,1,2,7,5,13,23,5,1,1,3,4,7,10,1.4768145161290325,0.8840725806451615,-1.03125,60,7,19,5,7,31,32,70,25
32,7,8,17,29,0.90625,40,56,1.25,1.75,-16,16,5,4,7,23,23,16,2,4,10,17,33,10,2,3,5,9,13,16,5,1,2,2,5,6,7,31,12,6,13,42,1.3548387096774193,44,49,1.4193548387096775,1.5806451612903225,-5,15,7,3,5,23,23,16,5,3,8,21,26,10,4,1,5,13,14,18,5,1,1,3,4,4,9,-0.4485887096774192,-0.1693548387096775,0.1693548387096775,-11,1,-4,2,-1,32,31,29,42
31,11,8,12,41,1.3225806451612905,45,55,1.4516129032258065,1.7741935483870968,-10,16,6,5,5,21,24,15,5,3,7,24,31,10,4,3,3,15,16,15,5,3,1,1,10,10,8,31,15,4,12,49,1.5806451612903225,45,46,1.4516129032258065,1.4838709677419355,-1,15,8,2,5,23,22,16,7,2,7,22,24,10,5,2,3,17,21,17,5,1,2,2,5,9,10,-0.2580645161290322,0.0,0.2903225806451612,-9,5,-2,1,-5,31,31,41,49
31,21,8,2,71,2.290322580645161,72,30,2.3225806451612905,0.967741935483871,42,16,13,3,0,43,14,15,8,5,2,29,16,10,7,2,1,23,25,12,5,3,2,0,11,9,5,31,7,9,15,30,0.967741935483871,36,54,1.1612903225806452,1.7419354838709675,-18,15,4,4,7,21,24,16,3,5,8,15,30,10,2,3,5,9,14,20,5,0,2,3,2,5,10,1.3225806451612905,1.1612903225806452,-0.7741935483870968,60,9,14,4,11,31,31,71,30
32,13,9,10,48,1.5,52,56,1.625,1.75,-4,16,6,7,3,26,23,16,7,2,7,26,33,10,3,3,4,12,16,23,5,1,3,1,6,9,9,32,11,6,15,39,1.21875,47,51,1.46875,1.59375,-4,16,9,1,6,29,16,16,2,5,9,18,35,10,4,2,4,14,19,15,5,1,1,3,4,8,9,0.28125,0.15625,0.15625,0,2,-2,1,-3,32,32,48,39
31,22,5,4,71,2.290322580645161,75,24,2.419354838709677,0.7741935483870968,51,15,12,2,1,38,13,16,10,3,3,37,11,10,9,1,0,28,33,4,5,4,1,0,13,13,1,32,18,6,8,60,1.875,66,49,2.0625,1.53125,17,16,11,2,3,40,22,16,7,4,5,26,27,10,5,2,3,17,22,19,5,1,2,2,5,7,12,0.4153225806451615,0.3568548387096775,-0.7570564516129032,34,8,11,6,11,31,32,71,60
30,12,8,10,44,1.4666666666666666,55,52,1.8333333333333333,1.7333333333333334,3,15,7,4,4,29,25,15,5,4,6,26,27,10,4,4,2,16,21,21,5,2,3,0,9,13,11,31,9,8,14,35,1.1290322580645162,32,42,1.032258064516129,1.3548387096774193,-10,15,4,4,7,16,18,16,5,4,7,16,24,10,1,5,4,8,8,14,5,1,1,3,4,4,8,0.3376344086021503,0.8010752688172043,0.3784946236559141,13,5,8,9,13,30,31,44,35
33,6,7,20,25,0.7575757575757576,46,70,1.393939393939394,2.121212121212121,-24,16,4,3,9,24,27,17,2,4,11,22,43,10,1,2,7,5,13,25,5,1,1,3,4,5,11,33,8,8,17,32,0.9696969696969696,47,58,1.4242424242424243,1.7575757575757576,-11,17,5,6,6,27,30,16,3,2,11,20,28,10,1,4,5,7,13,19,5,1,3,1,6,7,6,-0.2121212121212121,-0.0303030303030302,0.3636363636363635,-13,-2,-2,-2,0,33,33,25,32
32,3,7,22,16,0.5,30,84,0.9375,2.625,-54,16,2,4,10,17,47,16,1,3,12,13,37,10,1,3,6,6,11,30,5,0,3,2,3,8,12,33,4,8,21,20,0.6060606060606061,33,68,1.0,2.060606060606061,-35,17,2,4,11,17,37,16,2,4,10,16,31,10,1,4,5,7,9,21,5,1,3,1,6,6,6,-0.106060606060606,-0.0625,0.5643939393939394,-19,-3,-1,2,2,32,33,16,20
32,12,7,13,43,1.34375,46,51,1.4375,1.59375,-5,15,7,3,5,23,23,17,5,4,8,23,28,10,4,2,4,14,13,16,5,1,2,2,5,6,8,32,22,5,5,71,2.21875,75,26,2.34375,0.8125,49,16,12,2,2,38,15,16,10,3,3,37,11,10,8,1,1,25,31,5,5,3,1,1,10,7,3,-0.875,-0.90625,0.78125,-54,-5,-11,-1,-18,32,32,43,71
32,9,8,15,35,1.09375,32,48,1.0,1.5,-16,15,4,4,7,16,18,17,5,4,8,16,30,10,1,4,5,7,8,20,5,1,1,3,4,3,11,33,7,9,17,30,0.9090909090909092,42,58,1.2727272727272727,1.7575757575757576,-16,17,5,5,7,25,25,16,2,4,10,17,33,10,2,3,5,9,14,17,5,1,3,1,6,8,8,0.1846590909090909,-0.2727272727272727,-0.2575757575757575,0,-2,-2,-5,-6,32,33,35,30
33,19,6,8,63,1.9090909090909087,68,49,2.060606060606061,1.4848484848484849,19,16,11,2,3,40,22,17,8,4,5,28,27,10,5,2,3,17,19,19,5,2,2,1,8,9,8,32,11,9,12,42,1.3125,47,57,1.46875,1.78125,-10,17,6,6,5,23,26,15,5,3,7,24,31,10,4,3,3,15,17,16,5,3,1,1,10,10,8,0.5965909090909092,0.5918560606060606,-0.2964015151515151,29,-2,2,-1,2,33,32,63,42
32,8,9,15,33,1.03125,37,54,1.15625,1.6875,-17,15,4,4,7,21,24,17,4,5,8,16,30,10,2,3,5,9,12,18,5,1,2,2,5,5,7,33,13,9,11,48,1.4545454545454546,52,58,1.5757575757575757,1.7575757575757576,-6,17,6,7,4,26,25,16,7,2,7,26,33,10,3,3,4,12,16,22,5,1,2,2,5,7,9,-0.4232954545454546,-0.4195075757575757,-0.0700757575757575,-11,0,-3,-2,-4,32,33,33,48
33,12,6,15,42,1.2727272727272727,49,51,1.4848484848484849,1.5454545454545454,-2,16,9,1,6,29,16,17,3,5,9,20,35,10,5,1,4,16,19,13,5,2,1,2,7,9,7,32,21,8,3,71,2.21875,72,31,2.25,0.96875,41,17,13,3,1,43,15,15,8,5,2,29,16,10,6,2,2,20,21,12,5,2,2,1,8,8,6,-0.9460227272727272,-0.7651515151515151,0.5767045454545454,-43,-1,-4,1,-2,33,32,42,71
33,23,5,5,74,2.242424242424242,77,26,2.333333333333333,0.7878787878787878,51,16,12,2,2,38,15,17,11,3,3,39,11,10,8,1,1,25,30,4,5,3,1,1,10,7,2,31,13,8,10,47,1.5161290322580645,61,52,1.967741935483871,1.6774193548387095,9,16,8,4,4,35,25,15,5,4,6,26,27,10,4,4,2,16,26,21,5,3,2,0,11,17,9,0.7262952101661777,0.3655913978494625,-0.8895405669599219,42,-1,9,-10,4,33,31,74,47
33,12,7,14,43,1.303030303030303,46,53,1.393939393939394,1.606060606060606,-7,16,7,3,6,23,25,17,5,4,8,23,28,10,3,2,5,11,9,16,5,0,2,3,2,4,9,33,11,9,13,42,1.2727272727272727,48,60,1.4545454545454546,1.818181818181818,-12,17,6,6,5,23,26,16,5,3,8,25,34,10,4,3,3,15,17,16,5,2,1,2,7,7,8,0.0303030303030302,-0.0606060606060605,-0.2121212121212121,5,-5,-4,-3,-8,33,33,43,42
33,9,9,15,36,1.0909090909090908,42,56,1.2727272727272727,1.696969696969697,-14,16,5,4,7,26,26,17,4,5,8,16,30,10,3,3,4,12,16,16,5,2,1,2,7,9,8,32,15,5,12,50,1.5625,69,52,2.15625,1.625,17,17,11,3,3,43,20,15,4,2,9,26,32,10,5,3,2,18,25,19,5,3,1,1,10,12,7,-0.4715909090909091,-0.8835227272727273,0.071969696969697,-31,-3,-6,-3,-9,33,32,36,50
33,10,8,15,38,1.1515151515151516,34,48,1.0303030303030305,1.4545454545454546,-14,16,5,4,7,18,18,17,5,4,8,16,30,10,2,3,5,9,8,18,5,2,1,2,7,5,9,33,22,8,3,74,2.242424242424242,75,32,2.272727272727273,0.9696969696969696,43,17,13,3,1,43,15,16,9,5,2,32,17,10,7,2,1,23,23,10,5,3,1,1,10,10,6,-1.0909090909090906,-1.2424242424242429,0.4848484848484848,-57,-3,-14,-5,-15,33,33,38,74
32,15,5,12,50,1.5625,47,48,1.46875,1.5,-1,15,8,2,5,23,22,17,7,3,7,24,26,10,4,3,3,15,19,16,5,1,3,1,6,10,9,33,3,7,23,16,0.4848484848484848,31,88,0.9393939393939394,2.6666666666666665,-57,17,2,4,11,18,51,16,1,3,12,13,37,10,1,3,6,6,12,29,5,0,2,3,2,7,14,1.0776515151515151,0.5293560606060606,-1.1666666666666663,56,4,9,3,7,32,33,50,16
32,11,11,10,44,1.375,52,50,1.625,1.5625,2,15,7,6,2,28,19,17,4,5,8,24,31,10,3,3,4,12,14,13,5,1,2,2,5,3,6,32,22,7,3,73,2.28125,76,32,2.375,1.0,44,17,12,5,0,43,14,15,10,2,3,33,18,10,7,3,0,24,22,7,5,3,2,0,11,14,5,-0.90625,-0.75,0.5625,-42,-6,-12,-11,-8,32,32,44,73
34,13,9,12,48,1.411764705882353,54,63,1.588235294117647,1.8529411764705883,-9,17,6,7,4,26,25,17,7,2,8,28,38,10,3,3,4,12,18,21,5,1,1,3,4,8,13,34,22,8,4,74,2.176470588235294,75,34,2.2058823529411766,1.0,41,17,13,3,1,43,15,17,9,5,3,32,19,10,6,2,2,20,20,11,5,2,1,2,7,8,7,-0.7647058823529409,-0.6176470588235297,0.8529411764705883,-50,-3,-8,0,-2,34,34,48,74
34,12,6,16,42,1.2352941176470589,50,54,1.4705882352941178,1.588235294117647,-4,17,9,1,7,30,19,17,3,5,9,20,35,10,4,1,5,13,17,15,5,1,1,3,4,7,10,34,10,9,15,39,1.1470588235294117,44,56,1.2941176470588236,1.6470588235294117,-12,17,6,4,7,28,26,17,4,5,8,16,30,10,4,3,3,15,17,13,5,3,0,2,9,10,7,0.0882352941176471,0.1764705882352941,-0.0588235294117647,8,-5,-2,-3,0,34,34,42,39
33,16,5,12,53,1.606060606060606,51,50,1.5454545454545454,1.5151515151515151,1,16,9,2,5,27,24,17,7,3,7,24,26,10,4,3,3,15,20,18,5,1,3,1,6,12,11,34,5,8,21,23,0.6764705882352942,37,69,1.088235294117647,2.0294117647058822,-32,17,2,4,11,17,37,17,3,4,10,20,32,10,2,4,4,10,12,19,5,1,3,1,6,8,6,0.9295900178253118,0.4572192513368984,-0.5142602495543671,33,0,5,4,8,33,34,53,23
33,15,5,13,50,1.5151515151515151,69,54,2.090909090909091,1.6363636363636365,15,17,11,3,3,43,20,16,4,2,10,26,34,10,5,2,3,17,21,17,5,3,1,1,10,10,6,34,3,7,24,16,0.4705882352941176,33,92,0.9705882352941176,2.7058823529411766,-59,17,2,4,11,18,51,17,1,3,13,15,41,10,0,3,7,3,11,32,5,0,1,4,1,6,15,1.0445632798573974,1.120320855614973,-1.0695187165775402,74,9,14,4,10,33,34,50,16
34,12,7,15,43,1.2647058823529411,46,54,1.3529411764705883,1.588235294117647,-8,17,7,3,7,23,26,17,5,4,8,23,28,10,3,2,5,11,9,15,5,0,2,3,2,4,8,34,6,7,21,25,0.7352941176470589,47,75,1.3823529411764706,2.2058823529411766,-28,17,4,3,10,25,32,17,2,4,11,22,43,10,1,2,7,5,13,28,5,1,0,4,3,5,15,0.5294117647058822,-0.0294117647058822,-0.6176470588235297,20,-1,6,-1,-4,34,34,43,25
34,11,8,15,41,1.2058823529411764,36,48,1.0588235294117647,1.411764705882353,-12,17,6,4,7,20,18,17,5,4,8,16,30,10,3,3,4,12,10,16,5,3,1,1,10,6,7,34,9,8,17,35,1.0294117647058822,52,59,1.5294117647058822,1.7352941176470589,-7,17,5,6,6,27,30,17,4,2,11,25,29,10,2,4,4,10,17,16,5,2,3,0,9,11,5,0.1764705882352941,-0.4705882352941175,-0.3235294117647058,-5,1,2,-5,-7,34,34,41,35
34,20,6,8,66,1.9411764705882355,71,50,2.088235294117647,1.4705882352941178,21,17,12,2,3,43,23,17,8,4,5,28,27,10,6,2,2,20,21,18,5,3,1,1,10,11,8,32,13,8,11,47,1.46875,61,57,1.90625,1.78125,4,16,8,4,4,35,25,16,5,4,7,26,32,10,4,4,2,16,25,22,5,2,2,1,8,14,12,0.4724264705882353,0.1819852941176472,-0.3106617647058822,17,2,4,-3,-4,34,32,66,47
34,12,9,13,45,1.3235294117647058,49,60,1.4411764705882353,1.7647058823529411,-11,17,6,6,5,23,26,17,6,3,8,26,34,10,5,2,3,17,16,14,5,2,1,2,7,6,7,33,11,11,11,44,1.3333333333333333,52,54,1.5757575757575757,1.6363636363636365,-2,16,7,6,3,28,23,17,4,5,8,24,31,10,2,3,5,9,10,16,5,0,2,3,2,2,10,-0.0098039215686274,-0.1345811051693404,0.1283422459893046,-9,5,8,4,6,34,33,45,44
32,18,6,8,60,1.875,65,49,2.03125,1.53125,16,16,12,0,4,34,21,16,6,6,4,31,28,10,5,2,3,17,18,16,5,2,1,2,7,6,10,34,24,5,5,77,2.264705882352941,82,26,2.411764705882353,0.7647058823529411,56,17,13,2,2,43,15,17,11,3,3,39,11,10,8,1,1,25,29,4,5,4,0,1,12,12,2,-0.3897058823529411,-0.3805147058823528,0.7665441176470589,-40,-5,-8,-6,-11,32,34,60,77
34,7,9,18,30,0.8823529411764706,42,60,1.2352941176470589,1.7647058823529411,-18,17,5,5,7,25,25,17,2,4,11,17,35,10,2,3,5,9,12,16,5,1,2,2,5,7,9,33,23,7,3,76,2.303030303030303,80,32,2.4242424242424243,0.9696969696969696,48,17,12,5,0,43,14,16,11,2,3,37,18,10,7,3,0,24,24,7,5,4,1,0,13,17,4,-1.4206773618538326,-1.1889483065953654,0.7950089126559714,-66,-8,-15,-10,-12,34,33,30,76
33,13,9,11,48,1.4545454545454546,63,59,1.9090909090909087,1.7878787878787878,4,16,8,4,4,35,25,17,5,5,7,28,34,10,4,5,1,17,25,20,5,2,2,1,8,14,12,33,18,6,9,60,1.818181818181818,67,52,2.0303030303030303,1.5757575757575757,15,17,12,0,5,36,24,16,6,6,4,31,28,10,5,1,4,16,18,17,5,2,1,2,7,8,10,-0.3636363636363635,-0.1212121212121211,0.2121212121212121,-11,1,1,6,7,33,33,48,60
35,6,7,22,25,0.7142857142857143,48,77,1.3714285714285714,2.2,-29,17,4,3,10,25,32,18,2,4,12,23,45,10,1,2,7,5,13,26,5,1,0,4,3,5,15,35,12,8,15,44,1.2571428571428571,37,48,1.0571428571428572,1.3714285714285714,-11,18,7,4,7,21,18,17,5,4,8,16,30,10,4,2,4,14,10,15,5,4,0,1,12,6,6,-0.5428571428571428,0.3142857142857143,0.8285714285714287,-18,-9,-9,-1,3,35,35,25,44
35,25,5,5,80,2.2857142857142856,85,28,2.4285714285714284,0.8,57,17,13,2,2,43,15,18,12,3,3,42,13,10,8,1,1,25,27,6,5,4,0,1,12,13,4,35,13,9,13,48,1.3714285714285714,52,60,1.4857142857142858,1.7142857142857142,-8,18,7,6,5,26,26,17,6,3,8,26,34,10,6,2,2,20,19,13,5,2,1,2,7,8,7,0.914285714285714,0.9428571428571426,-0.914285714285714,65,5,5,5,8,35,35,80,48
35,9,8,18,35,1.0,52,60,1.4857142857142858,1.7142857142857142,-8,17,5,6,6,27,30,18,4,2,12,25,30,10,2,4,4,10,17,16,5,2,2,1,8,10,5,35,12,7,16,43,1.2285714285714286,51,55,1.457142857142857,1.5714285714285714,-4,18,9,2,7,31,20,17,3,5,9,20,35,10,4,2,4,14,17,14,5,1,1,3,4,5,8,-0.2285714285714286,0.0285714285714286,0.1428571428571428,-4,4,-4,5,0,35,35,35,43
35,5,9,21,24,0.6857142857142857,38,70,1.0857142857142856,2.0,-32,17,2,4,11,17,37,18,3,5,10,21,33,10,2,5,3,11,13,15,5,1,3,1,6,7,5,34,16,5,13,53,1.5588235294117647,74,55,2.176470588235294,1.6176470588235294,19,18,12,3,3,48,21,16,4,2,10,26,34,10,5,2,3,17,23,16,5,3,1,1,10,11,4,-0.873109243697479,-1.0907563025210083,0.3823529411764705,-51,-4,-6,-4,-10,35,34,24,53
35,3,7,25,16,0.4571428571428571,34,97,0.9714285714285714,2.771428571428572,-63,17,2,4,11,18,51,18,1,3,14,16,46,10,0,3,7,3,12,32,5,0,1,4,1,6,17,35,7,9,19,30,0.8571428571428571,42,62,1.2,1.7714285714285714,-20,18,5,5,8,25,27,17,2,4,11,17,35,10,1,3,6,6,10,18,5,1,1,3,4,6,10,-0.3999999999999999,-0.2285714285714285,1.0,-43,-3,-3,0,2,35,35,16,30
34,24,7,3,79,2.323529411764706,82,32,2.411764705882353,0.9411764705882352,50,17,12,5,0,43,14,17,12,2,3,39,18,10,8,2,0,26,25,6,5,5,0,0,15,19,4,35,13,7,15,46,1.3142857142857145,48,55,1.3714285714285714,1.5714285714285714,-7,18,8,3,7,25,27,17,5,4,8,23,28,10,3,2,5,11,9,15,5,1,1,3,4,5,8,1.0092436974789918,1.0403361344537814,-0.6302521008403361,57,11,15,14,16,34,35,79,46
34,11,11,12,44,1.2941176470588236,52,57,1.5294117647058822,1.6764705882352942,-5,16,7,6,3,28,23,18,4,5,9,24,34,10,2,3,5,9,9,17,5,0,2,3,2,1,11,35,20,7,8,67,1.9142857142857144,73,52,2.085714285714286,1.4857142857142858,21,18,12,3,3,45,25,17,8,4,5,28,27,10,5,3,2,18,21,19,5,2,2,1,8,11,10,-0.6201680672268908,-0.5563025210084036,0.1907563025210084,-26,-6,-9,-10,-12,34,35,44,67
34,14,9,11,51,1.5,65,59,1.911764705882353,1.7352941176470589,6,17,9,4,4,37,25,17,5,5,7,28,34,10,4,5,1,17,24,19,5,2,2,1,8,12,9,35,13,10,12,49,1.4,56,65,1.6,1.8571428571428568,-9,18,6,8,4,28,27,17,7,2,8,28,38,10,3,4,3,13,20,21,5,1,2,2,5,7,11,0.1,0.3117647058823529,-0.1218487394957983,15,3,4,5,4,34,35,51,49
35,22,9,4,75,2.142857142857143,77,36,2.2,1.0285714285714285,41,17,13,3,1,43,15,18,9,6,3,34,21,10,5,3,2,18,18,12,5,1,2,2,5,7,8,34,18,6,10,60,1.7647058823529411,67,54,1.9705882352941173,1.588235294117647,13,17,12,0,5,36,24,17,6,6,5,31,30,10,4,1,5,13,16,18,5,1,1,3,4,6,11,0.3781512605042016,0.2294117647058824,-0.5596638655462185,28,1,5,1,2,35,34,75,60
35,10,10,15,40,1.1428571428571428,45,57,1.2857142857142858,1.6285714285714286,-12,17,6,4,7,28,26,18,4,6,8,17,31,10,4,3,3,15,17,13,5,3,1,1,10,11,7,34,16,6,12,54,1.588235294117647,52,51,1.5294117647058822,1.5,1,17,9,3,5,28,25,17,7,3,7,24,26,10,3,4,3,13,19,18,5,1,3,1,6,12,11,-0.4453781512605042,-0.2436974789915964,0.1285714285714285,-13,4,2,-1,-2,35,34,40,54
36,12,8,16,44,1.2222222222222223,51,55,1.4166666666666667,1.5277777777777777,-4,18,9,2,7,31,20,18,3,6,9,20,35,10,3,3,4,12,15,13,5,1,2,2,5,4,5,35,25,7,3,82,2.342857142857143,87,33,2.4857142857142858,0.9428571428571428,54,18,13,5,0,48,15,17,12,2,3,39,18,10,8,2,0,26,29,7,5,5,0,0,15,20,4,-1.1206349206349209,-1.069047619047619,0.5849206349206348,-58,-10,-14,-16,-14,36,35,44,82
36,13,9,14,48,1.3333333333333333,52,63,1.4444444444444444,1.75,-11,18,7,6,5,26,26,18,6,3,9,26,37,10,5,2,3,17,17,16,5,2,1,2,7,7,8,36,9,9,18,36,1.0,52,60,1.4444444444444444,1.6666666666666667,-8,18,5,7,6,27,30,18,4,2,12,25,30,10,2,5,3,11,15,12,5,2,2,1,8,10,5,0.3333333333333332,0.0,0.0833333333333332,-3,-1,6,-3,2,36,36,48,36
36,12,9,15,45,1.25,38,49,1.0555555555555556,1.3611111111111112,-11,18,7,4,7,21,18,18,5,5,8,17,31,10,4,2,4,14,10,15,5,3,1,1,10,6,7,36,3,7,26,16,0.4444444444444444,35,100,0.9722222222222222,2.7777777777777777,-65,18,2,4,12,19,54,18,1,3,14,16,46,10,0,3,7,3,13,34,5,0,0,5,0,5,18,0.8055555555555556,0.0833333333333333,-1.4166666666666663,54,10,11,1,-3,36,36,45,16
35,17,5,13,56,1.6,78,56,2.2285714285714286,1.6,22,18,12,3,3,48,21,17,5,2,10,30,35,10,6,1,3,19,25,15,5,4,0,1,12,14,4,35,12,11,12,47,1.3428571428571427,53,57,1.5142857142857142,1.6285714285714286,-4,17,8,6,3,29,23,18,4,5,9,24,34,10,2,3,5,9,5,17,5,1,1,3,4,2,11,0.2571428571428573,0.7142857142857144,-0.0285714285714284,26,8,10,12,20,35,35,56,47
35,18,6,11,60,1.7142857142857142,69,58,1.9714285714285715,1.6571428571428573,11,17,12,0,5,36,24,18,6,6,6,33,34,10,4,1,5,13,17,20,5,1,0,4,3,7,14,36,5,9,22,24,0.6666666666666666,39,74,1.0833333333333333,2.055555555555556,-35,18,2,4,12,18,41,18,3,5,10,21,33,10,2,5,3,11,14,16,5,1,2,2,5,7,8,1.0476190476190474,0.8880952380952383,-0.3984126984126981,46,-2,2,0,3,35,36,60,24
36,13,10,13,49,1.3611111111111112,56,70,1.5555555555555556,1.9444444444444444,-14,18,6,8,4,28,27,18,7,2,9,28,43,10,2,4,4,10,16,24,5,1,1,3,4,6,15,36,6,8,22,26,0.7222222222222222,49,78,1.3611111111111112,2.1666666666666665,-29,18,4,4,10,26,33,18,2,4,12,23,45,10,1,3,6,6,12,24,5,1,1,3,4,6,14,0.638888888888889,0.1944444444444444,-0.2222222222222221,15,0,4,0,4,36,36,49,26
36,13,7,16,46,1.2777777777777777,49,60,1.3611111111111112,1.6666666666666667,-11,18,8,3,7,25,27,18,5,4,9,24,33,10,2,2,6,8,9,20,5,1,1,3,4,5,11,36,11,10,15,43,1.1944444444444444,49,57,1.3611111111111112,1.5833333333333333,-8,18,7,4,7,32,26,18,4,6,8,17,31,10,4,3,3,15,18,13,5,4,1,0,13,13,3,0.0833333333333332,0.0,0.0833333333333334,-3,-9,-7,-8,-9,36,36,46,43
36,8,9,19,33,0.9166666666666666,45,63,1.25,1.75,-18,18,5,5,8,25,27,18,3,4,11,20,36,10,2,3,5,9,11,15,5,1,1,3,4,6,10,35,15,9,11,54,1.542857142857143,70,59,2.0,1.6857142857142855,11,18,10,4,4,42,25,17,5,5,7,28,34,10,5,4,1,19,28,18,5,3,1,1,10,15,7,-0.6261904761904763,-0.75,0.0642857142857142,-29,-6,-10,-9,-17,36,35,33,54
35,16,6,13,54,1.542857142857143,52,55,1.4857142857142858,1.5714285714285714,-3,17,9,3,5,28,25,18,7,3,8,24,30,10,2,4,4,10,17,21,5,1,3,1,6,9,11,36,26,5,5,83,2.305555555555556,88,28,2.4444444444444446,0.7777777777777778,60,18,14,2,2,46,15,18,12,3,3,42,13,10,8,1,1,25,26,5,5,4,0,1,12,13,4,-0.7626984126984124,-0.9587301587301588,0.7936507936507936,-63,-6,-15,-4,-9,35,36,54,83
36,20,7,9,67,1.8611111111111112,73,53,2.0277777777777777,1.4722222222222223,20,18,12,3,3,45,25,18,8,4,6,28,28,10,4,3,3,15,17,18,5,2,2,1,8,10,7,36,23,9,4,78,2.1666666666666665,81,38,2.25,1.0555555555555556,43,18,14,3,1,47,17,18,9,6,3,34,21,10,5,3,2,18,18,13,5,2,1,2,7,9,8,-0.3055555555555553,-0.2222222222222223,0.4166666666666667,-23,1,-3,1,-1,36,36,67,78
36,19,6,11,63,1.75,71,59,1.9722222222222223,1.6388888888888888,12,18,13,0,5,38,25,18,6,6,6,33,34,10,4,1,5,13,16,20,5,1,0,4,3,6,14,36,26,7,3,85,2.361111111111111,91,33,2.5277777777777777,0.9166666666666666,58,18,13,5,0,48,15,18,13,2,3,43,18,10,8,2,0,26,32,7,5,5,0,0,15,20,2,-0.6111111111111112,-0.5555555555555554,0.7222222222222222,-46,-12,-13,-14,-16,36,36,63,85
36,12,12,12,48,1.3333333333333333,54,58,1.5,1.6111111111111112,-4,17,8,6,3,29,23,19,4,6,9,25,35,10,2,3,5,9,5,17,5,1,2,2,5,3,9,36,16,9,11,57,1.5833333333333333,73,61,2.0277777777777777,1.6944444444444444,12,18,10,4,4,42,25,18,6,5,7,31,36,10,6,3,1,21,29,18,5,3,1,1,10,12,9,-0.25,-0.5277777777777777,-0.0833333333333332,-16,-5,-12,-9,-24,36,36,48,57
36,16,6,14,54,1.5,52,56,1.4444444444444444,1.5555555555555556,-4,18,9,3,6,28,26,18,7,3,8,24,30,10,2,4,4,10,16,20,5,1,2,2,5,7,10,36,17,6,13,57,1.5833333333333333,79,57,2.1944444444444446,1.5833333333333333,22,19,12,4,3,49,22,17,5,2,10,30,35,10,6,2,2,20,25,12,5,3,1,1,10,14,5,-0.0833333333333332,-0.7500000000000002,-0.0277777777777776,-26,-5,-10,-7,-9,36,36,54,57
37,27,5,5,86,2.324324324324324,89,28,2.4054054054054053,0.7567567567567568,61,18,14,2,2,46,15,19,13,3,3,43,13,10,8,1,1,25,21,5,5,5,0,0,15,14,2,37,13,9,15,48,1.2972972972972974,39,49,1.054054054054054,1.3243243243243243,-10,19,8,4,7,22,18,18,5,5,8,17,31,10,5,2,3,17,10,12,5,4,1,0,13,7,1,1.0270270270270268,1.351351351351351,-0.5675675675675675,71,2,8,7,11,37,37,86,48
37,10,9,18,39,1.054054054054054,54,61,1.4594594594594594,1.648648648648649,-7,18,5,7,6,27,30,19,5,2,12,27,31,10,3,4,3,13,15,11,5,3,1,1,10,9,3,37,17,6,14,57,1.5405405405405406,81,60,2.189189189189189,1.6216216216216215,21,19,12,4,3,49,22,18,5,2,11,32,38,10,5,2,3,17,24,15,5,2,1,2,7,12,8,-0.4864864864864866,-0.7297297297297296,0.0270270270270269,-28,3,-4,-3,-9,37,37,39,57
37,12,12,13,48,1.2972972972972974,55,60,1.4864864864864864,1.6216216216216215,-5,18,8,6,4,30,25,19,4,6,9,25,35,10,2,3,5,9,6,16,5,1,1,3,4,3,10,37,17,6,14,57,1.5405405405405406,55,58,1.4864864864864864,1.5675675675675675,-3,19,10,3,6,31,28,18,7,3,8,24,30,10,3,4,3,13,18,19,5,2,1,2,7,8,10,-0.2432432432432432,0.0,0.0540540540540541,-2,-3,-4,-5,-12,37,37,48,57
37,5,9,23,24,0.6486486486486487,40,76,1.0810810810810811,2.054054054054054,-36,18,2,4,12,18,41,19,3,5,11,22,35,10,2,5,3,11,15,16,5,1,2,2,5,8,9,37,8,9,20,33,0.8918918918918919,47,66,1.2702702702702702,1.7837837837837838,-19,19,5,5,9,27,30,18,3,4,11,20,36,10,2,3,5,9,13,17,5,1,1,3,4,7,10,-0.2432432432432432,-0.189189189189189,0.2702702702702702,-17,1,2,1,2,37,37,24,33
37,17,9,11,60,1.6216216216216215,75,62,2.027027027027027,1.6756756756756757,13,18,10,4,4,42,25,19,7,5,7,33,37,10,6,3,1,21,28,17,5,4,1,0,13,14,5,37,13,9,15,48,1.2972972972972974,53,65,1.4324324324324325,1.7567567567567568,-12,19,7,6,6,27,28,18,6,3,9,26,37,10,5,1,4,16,16,16,5,2,0,3,6,6,8,0.3243243243243243,0.5945945945945947,-0.0810810810810811,25,7,5,8,12,37,37,60,48
37,12,10,15,46,1.2432432432432432,52,58,1.4054054054054057,1.5675675675675675,-6,18,7,4,7,32,26,19,5,6,8,20,32,10,5,3,2,18,20,11,5,4,1,0,13,15,4,37,20,8,9,68,1.837837837837838,76,56,2.054054054054054,1.5135135135135136,20,19,12,4,3,48,28,18,8,4,6,28,28,10,3,4,3,13,17,19,5,2,2,1,8,10,7,-0.5945945945945947,-0.6486486486486485,0.0540540540540539,-26,5,5,5,3,37,37,46,68
37,23,10,4,79,2.135135135135135,84,41,2.27027027027027,1.108108108108108,43,18,14,3,1,47,17,19,9,7,3,37,24,10,4,4,2,16,20,16,5,2,2,1,8,12,10,37,13,7,17,46,1.2432432432432432,50,63,1.351351351351351,1.7027027027027026,-13,19,8,3,8,26,30,18,5,4,9,24,33,10,2,2,6,8,10,20,5,1,0,4,3,4,12,0.8918918918918919,0.9189189189189187,-0.5945945945945945,56,5,8,8,10,37,37,79,46
37,6,8,23,26,0.7027027027027027,50,81,1.351351351351351,2.189189189189189,-31,18,4,4,10,26,33,19,2,4,13,24,48,10,1,2,7,5,12,26,5,0,1,4,1,5,16,37,12,8,17,44,1.1891891891891893,51,59,1.3783783783783785,1.5945945945945943,-8,19,9,2,8,31,24,18,3,6,9,20,35,10,2,3,5,9,12,17,5,1,2,2,5,4,8,-0.4864864864864865,-0.0270270270270269,0.5945945945945945,-23,-4,-4,1,0,37,37,26,44
37,27,7,3,88,2.3783783783783785,93,33,2.5135135135135136,0.8918918918918919,60,18,13,5,0,48,15,19,14,2,3,45,18,10,8,2,0,26,31,6,5,5,0,0,15,17,1,37,14,10,13,52,1.4054054054054057,59,71,1.5945945945945943,1.9189189189189189,-12,19,7,8,4,31,28,18,7,2,9,28,43,10,2,4,4,10,16,24,5,1,1,3,4,7,15,0.972972972972973,0.9189189189189192,-1.027027027027027,72,11,16,10,15,37,37,88,52
37,3,7,27,16,0.4324324324324324,35,101,0.945945945945946,2.72972972972973,-66,18,2,4,12,19,54,19,1,3,15,16,47,10,0,3,7,3,13,29,5,0,0,5,0,5,17,37,19,6,12,63,1.7027027027027026,71,61,1.9189189189189189,1.648648648648649,10,19,13,0,6,38,27,18,6,6,6,33,34,10,3,1,6,10,12,22,5,1,0,4,3,6,12,-1.2702702702702702,-0.9729729729729728,1.0810810810810811,-76,-3,-7,-1,1,37,37,16,63
