Date,Season,HomeTeam,AwayTeam,FTHG,FTAG,FTR,HomeLast5Points,AwayLast5Points,Last5HomePoints,Last5AwayPoints
2021-08-13,2021/22,Brentford,Arsenal,2,0,H,,,,
2021-08-14,2021/22,Manchester United,Leeds United,5,1,H,,,,
2021-08-14,2021/22,Burnley,Brighton,1,2,A,,,,
2021-08-14,2021/22,Chelsea,Crystal Palace,3,0,H,,,,
2021-08-14,2021/22,Everton,Southampton,3,1,H,,,,
2021-08-14,2021/22,Leicester City,Wolverhampton Wanderers,1,0,H,,,,
2021-08-14,2021/22,Watford,Aston Villa,3,2,H,,,,
2021-08-14,2021/22,Norwich City,Liverpool,0,3,A,,,,
2021-08-15,2021/22,Newcastle United,West Ham United,2,4,A,,,,
2021-08-15,2021/22,Tottenham Hotspur,Manchester City,1,0,H,,,,
2021-08-21,2021/22,Brighton,Watford,2,0,H,,,,
2021-08-21,2021/22,Manchester City,Norwich City,5,0,H,,,,
2021-08-21,2021/22,Leeds United,Everton,2,2,D,,,,
2021-08-21,2021/22,Aston Villa,Newcastle United,2,0,H,,,,
2021-08-21,2021/22,Liverpool,Burnley,2,0,H,,,,
2021-08-21,2021/22,Crystal Palace,Brentford,0,0,D,,,,
2021-08-22,2021/22,Southampton,Manchester United,1,1,D,,,,
2021-08-22,2021/22,Wolverhampton Wanderers,Tottenham Hotspur,0,1,A,,,,
2021-08-22,2021/22,Arsenal,Chelsea,0,2,A,,,,
2021-08-23,2021/22,West Ham United,Leicester City,4,1,H,,,,
2021-08-28,2021/22,Liverpool,Chelsea,1,1,D,,,,
2021-08-28,2021/22,Manchester City,Arsenal,5,0,H,,,,
2021-08-28,2021/22,Aston Villa,Brentford,1,1,D,,,,
2021-08-28,2021/22,Brighton,Everton,0,2,A,,,,
2021-08-28,2021/22,Newcastle United,Southampton,2,2,D,,,,
2021-08-28,2021/22,Norwich City,Leicester City,1,2,A,,,,
2021-08-28,2021/22,West Ham United,Crystal Palace,2,2,D,,,,
2021-08-29,2021/22,Tottenham Hotspur,Watford,1,0,H,,,,
2021-08-29,2021/22,Wolverhampton Wanderers,Manchester United,0,1,A,,,,
2021-08-29,2021/22,Burnley,Leeds United,1,1,D,,,,
2021-09-11,2021/22,Crystal Palace,Tottenham Hotspur,3,0,H,,,,
2021-09-11,2021/22,Arsenal,Norwich City,1,0,H,,,,
2021-09-11,2021/22,Brentford,Brighton,0,1,A,,,,
2021-09-11,2021/22,Leicester City,Manchester City,0,1,A,,,,
2021-09-11,2021/22,Manchester United,Newcastle United,4,1,H,,,,
2021-09-11,2021/22,Southampton,West Ham United,0,0,D,,,,
2021-09-11,2021/22,Watford,Wolverhampton Wanderers,0,2,A,,,,
2021-09-11,2021/22,Chelsea,Aston Villa,3,0,H,,,,
2021-09-12,2021/22,Leeds United,Liverpool,0,3,A,,,,
2021-09-13,2021/22,Everton,Burnley,3,1,H,,,,
2021-09-17,2021/22,Newcastle United,Leeds United,1,1,D,,,,
2021-09-18,2021/22,Liverpool,Crystal Palace,3,0,H,,,,
2021-09-18,2021/22,Aston Villa,Everton,3,0,H,,,,
2021-09-18,2021/22,Norwich City,Watford,1,3,A,,,,
2021-09-18,2021/22,Burnley,Arsenal,0,1,A,,,,
2021-09-18,2021/22,Wolverhampton Wanderers,Brentford,0,2,A,,,,
2021-09-18,2021/22,Manchester City,Southampton,0,0,D,,,,
2021-09-19,2021/22,Brighton,Leicester City,2,1,H,,,,
2021-09-19,2021/22,West Ham United,Manchester United,1,2,A,,,,
2021-09-19,2021/22,Tottenham Hotspur,Chelsea,0,3,A,,,,
2021-09-25,2021/22,Watford,Newcastle United,1,1,D,6.0,2.0,,
2021-09-25,2021/22,Chelsea,Manchester City,0,1,A,13.0,10.0,,
2021-09-25,2021/22,Manchester United,Aston Villa,0,1,A,13.0,7.0,,
2021-09-25,2021/22,Everton,Norwich City,2,0,H,10.0,0.0,,
2021-09-25,2021/22,Leeds United,West Ham United,1,2,A,3.0,8.0,,
2021-09-25,2021/22,Leicester City,Burnley,2,2,D,6.0,1.0,,
2021-09-25,2021/22,Brentford,Liverpool,3,3,D,8.0,13.0,,
2021-09-26,2021/22,Southampton,Wolverhampton Wanderers,0,1,A,4.0,3.0,,
2021-09-26,2021/22,Arsenal,Tottenham Hotspur,3,1,H,6.0,9.0,,
2021-09-27,2021/22,Crystal Palace,Brighton,1,1,D,5.0,12.0,,
2021-10-02,2021/22,Manchester United,Everton,1,1,D,10.0,10.0,,
2021-10-02,2021/22,Burnley,Norwich City,0,0,D,2.0,0.0,,
2021-10-02,2021/22,Chelsea,Southampton,3,1,H,10.0,4.0,,
2021-10-02,2021/22,Leeds United,Watford,1,0,H,3.0,4.0,,
2021-10-02,2021/22,Wolverhampton Wanderers,Newcastle United,2,1,H,6.0,3.0,,
2021-10-02,2021/22,Brighton,Arsenal,0,0,D,10.0,9.0,,
2021-10-03,2021/22,Crystal Palace,Leicester City,2,2,D,6.0,4.0,,
2021-10-03,2021/22,Tottenham Hotspur,Aston Villa,2,1,H,6.0,10.0,,
2021-10-03,2021/22,West Ham United,Brentford,1,2,A,8.0,6.0,,
2021-10-03,2021/22,Liverpool,Manchester City,2,2,D,11.0,13.0,,
2021-10-16,2021/22,Brentford,Chelsea,0,1,A,8.0,10.0,,
2021-10-16,2021/22,Southampton,Leeds United,1,0,H,3.0,5.0,,
2021-10-16,2021/22,Norwich City,Brighton,0,0,D,1.0,8.0,,
2021-10-16,2021/22,Manchester City,Burnley,2,0,H,11.0,3.0,,
2021-10-16,2021/22,Leicester City,Manchester United,4,2,H,5.0,10.0,,
2021-10-16,2021/22,Aston Villa,Wolverhampton Wanderers,2,3,A,7.0,9.0,,
2021-10-16,2021/22,Watford,Liverpool,0,5,A,4.0,9.0,,
2021-10-17,2021/22,Everton,West Ham United,0,1,A,10.0,5.0,,
2021-10-17,2021/22,Newcastle United,Tottenham Hotspur,2,3,A,3.0,6.0,,
2021-10-18,2021/22,Arsenal,Crystal Palace,2,2,D,10.0,6.0,,
2021-10-22,2021/22,Arsenal,Aston Villa,3,1,H,11.0,6.0,,
2021-10-23,2021/22,Chelsea,Norwich City,7,0,H,12.0,2.0,,
2021-10-23,2021/22,Crystal Palace,Newcastle United,1,1,D,6.0,2.0,,
2021-10-23,2021/22,Everton,Watford,2,5,A,7.0,4.0,,
2021-10-23,2021/22,Leeds United,Wolverhampton Wanderers,1,1,D,4.0,12.0,,
2021-10-23,2021/22,Southampton,Burnley,2,2,D,5.0,2.0,,
2021-10-23,2021/22,Brighton,Manchester City,1,4,A,9.0,11.0,,
2021-10-24,2021/22,West Ham United,Tottenham Hotspur,1,0,H,7.0,6.0,,
2021-10-24,2021/22,Manchester United,Liverpool,0,5,A,7.0,11.0,,
2021-10-24,2021/22,Brentford,Leicester City,1,2,A,7.0,5.0,,
2021-10-30,2021/22,Leicester City,Arsenal,0,2,A,8.0,11.0,,
2021-10-30,2021/22,Burnley,Brentford,3,1,H,3.0,7.0,,
2021-10-30,2021/22,Liverpool,Brighton,2,2,D,11.0,6.0,,
2021-10-30,2021/22,Manchester City,Crystal Palace,0,2,A,11.0,4.0,,
2021-10-30,2021/22,Newcastle United,Chelsea,0,3,A,3.0,12.0,,
2021-10-30,2021/22,Watford,Southampton,0,1,A,7.0,5.0,,
2021-10-30,2021/22,Tottenham Hotspur,Manchester United,0,3,A,6.0,4.0,,
2021-10-31,2021/22,Norwich City,Leeds United,1,2,A,2.0,5.0,,
2021-10-31,2021/22,Aston Villa,West Ham United,1,4,A,6.0,9.0,,
2021-11-01,2021/22,Wolverhampton Wanderers,Everton,2,1,H,10.0,4.0,,
2021-11-05,2021/22,Southampton,Aston Villa,1,0,H,7.0,3.0,6.0,3.0
2021-11-06,2021/22,Brighton,Newcastle United,1,1,D,4.0,2.0,7.0,2.0
2021-11-06,2021/22,Crystal Palace,Wolverhampton Wanderers,2,0,H,7.0,13.0,7.0,10.0
2021-11-06,2021/22,Chelsea,Burnley,1,1,D,12.0,6.0,12.0,2.0
2021-11-06,2021/22,Manchester United,Manchester City,0,2,A,4.0,10.0,7.0,10.0
2021-11-06,2021/22,Brentford,Norwich City,1,2,A,4.0,2.0,4.0,1.0
2021-11-07,2021/22,Arsenal,Watford,1,0,H,11.0,4.0,10.0,6.0
2021-11-07,2021/22,Everton,Tottenham Hotspur,0,0,D,4.0,6.0,9.0,6.0
2021-11-07,2021/22,Leeds United,Leicester City,1,1,D,7.0,8.0,5.0,7.0
2021-11-07,2021/22,West Ham United,Liverpool,3,2,H,12.0,9.0,7.0,13.0
2021-11-20,2021/22,Watford,Manchester United,4,1,H,3.0,4.0,4.0,10.0
2021-11-20,2021/22,Wolverhampton Wanderers,West Ham United,1,0,H,10.0,12.0,6.0,13.0
2021-11-20,2021/22,Norwich City,Southampton,2,1,H,5.0,10.0,1.0,5.0
2021-11-20,2021/22,Liverpool,Arsenal,4,0,H,8.0,11.0,9.0,7.0
2021-11-20,2021/22,Burnley,Crystal Palace,3,3,D,6.0,9.0,5.0,5.0
2021-11-20,2021/22,Aston Villa,Brighton,2,0,H,0.0,4.0,7.0,9.0
2021-11-20,2021/22,Leicester City,Chelsea,0,3,A,8.0,13.0,7.0,13.0
2021-11-20,2021/22,Newcastle United,Brentford,3,3,D,2.0,3.0,2.0,8.0
2021-11-21,2021/22,Tottenham Hotspur,Leeds United,2,1,H,7.0,8.0,9.0,5.0
2021-11-21,2021/22,Manchester City,Everton,3,0,H,10.0,2.0,10.0,5.0
2021-11-27,2021/22,Arsenal,Newcastle United,2,0,H,10.0,3.0,13.0,3.0
2021-11-27,2021/22,Crystal Palace,Aston Villa,1,2,A,9.0,3.0,9.0,3.0
2021-11-27,2021/22,Liverpool,Southampton,4,0,H,10.0,10.0,9.0,5.0
2021-11-27,2021/22,Norwich City,Wolverhampton Wanderers,0,0,D,7.0,10.0,4.0,10.0
2021-11-27,2021/22,Brighton,Leeds United,0,0,D,3.0,5.0,5.0,5.0
2021-11-28,2021/22,Brentford,Everton,1,0,H,1.0,1.0,1.0,4.0
2021-11-28,2021/22,Leicester City,Watford,4,2,H,7.0,6.0,4.0,6.0
2021-11-28,2021/22,Manchester City,West Ham United,2,1,H,12.0,12.0,10.0,10.0
2021-11-28,2021/22,Chelsea,Manchester United,1,1,D,13.0,3.0,10.0,9.0
2021-11-30,2021/22,Newcastle United,Norwich City,1,1,D,3.0,7.0,3.0,4.0
2021-11-30,2021/22,Leeds United,Crystal Palace,1,0,H,6.0,8.0,5.0,6.0
2021-12-01,2021/22,Everton,Liverpool,1,4,A,1.0,10.0,7.0,10.0
2021-12-01,2021/22,Aston Villa,Manchester City,1,2,A,6.0,12.0,7.0,13.0
2021-12-01,2021/22,Wolverhampton Wanderers,Burnley,0,0,D,8.0,6.0,9.0,3.0
2021-12-01,2021/22,West Ham United,Brighton,1,1,D,9.0,3.0,7.0,6.0
2021-12-01,2021/22,Watford,Chelsea,1,2,A,6.0,11.0,4.0,13.0
2021-12-01,2021/22,Southampton,Leicester City,2,2,D,7.0,7.0,8.0,8.0
2021-12-02,2021/22,Tottenham Hotspur,Brentford,2,0,H,7.0,4.0,9.0,8.0
2021-12-02,2021/22,Manchester United,Arsenal,3,2,H,4.0,12.0,4.0,7.0
2021-12-04,2021/22,West Ham United,Chelsea,3,2,H,7.0,11.0,7.0,15.0
2021-12-04,2021/22,Newcastle United,Burnley,1,0,H,3.0,7.0,3.0,4.0
2021-12-04,2021/22,Southampton,Brighton,1,1,D,7.0,4.0,8.0,4.0
2021-12-04,2021/22,Wolverhampton Wanderers,Liverpool,0,1,A,8.0,10.0,10.0,10.0
2021-12-04,2021/22,Watford,Manchester City,1,3,A,3.0,12.0,4.0,13.0
2021-12-05,2021/22,Leeds United,Brentford,2,2,D,8.0,4.0,8.0,7.0
2021-12-05,2021/22,Manchester United,Crystal Palace,1,0,H,7.0,7.0,4.0,5.0
2021-12-05,2021/22,Tottenham Hotspur,Norwich City,3,0,H,7.0,8.0,9.0,5.0
2021-12-05,2021/22,Aston Villa,Leicester City,2,1,H,6.0,5.0,6.0,6.0
2021-12-06,2021/22,Everton,Arsenal,2,1,H,1.0,9.0,4.0,7.0
2021-12-10,2021/22,Brentford,Watford,2,1,H,5.0,3.0,4.0,6.0
2021-12-11,2021/22,Manchester City,Wolverhampton Wanderers,1,0,H,15.0,5.0,10.0,8.0
2021-12-11,2021/22,Arsenal,Southampton,3,0,H,6.0,5.0,13.0,4.0
2021-12-11,2021/22,Chelsea,Leeds United,3,2,H,8.0,6.0,8.0,5.0
2021-12-11,2021/22,Liverpool,Aston Villa,1,0,H,12.0,9.0,11.0,6.0
2021-12-11,2021/22,Norwich City,Manchester United,0,1,A,8.0,7.0,5.0,7.0
2021-12-12,2021/22,Burnley,West Ham United,0,0,D,6.0,7.0,6.0,9.0
2021-12-12,2021/22,Leicester City,Newcastle United,4,0,H,5.0,6.0,7.0,3.0
2021-12-12,2021/22,Crystal Palace,Everton,3,1,H,4.0,4.0,6.0,1.0
2021-12-14,2021/22,Norwich City,Aston Villa,0,2,A,5.0,9.0,5.0,3.0
2021-12-14,2021/22,Manchester City,Leeds United,7,0,H,15.0,5.0,12.0,4.0
2021-12-15,2021/22,Crystal Palace,Southampton,2,2,D,4.0,2.0,8.0,3.0
2021-12-15,2021/22,Arsenal,West Ham United,2,0,H,6.0,5.0,13.0,7.0
2021-12-15,2021/22,Brighton,Wolverhampton Wanderers,0,1,A,4.0,5.0,6.0,5.0
2021-12-16,2021/22,Chelsea,Everton,1,1,D,10.0,3.0,11.0,1.0
2021-12-16,2021/22,Liverpool,Newcastle United,3,1,H,15.0,5.0,11.0,2.0
2021-12-18,2021/22,Leeds United,Arsenal,1,4,A,5.0,9.0,9.0,4.0
2021-12-19,2021/22,Newcastle United,Manchester City,0,4,A,4.0,15.0,5.0,13.0
2021-12-19,2021/22,Wolverhampton Wanderers,Chelsea,0,0,D,5.0,8.0,10.0,12.0
2021-12-19,2021/22,Tottenham Hotspur,Liverpool,2,2,D,10.0,15.0,12.0,12.0
2021-12-26,2021/22,Manchester City,Leicester City,6,3,H,15.0,7.0,12.0,6.0
2021-12-26,2021/22,Norwich City,Arsenal,0,5,A,2.0,9.0,4.0,6.0
2021-12-26,2021/22,Tottenham Hotspur,Crystal Palace,3,0,H,11.0,4.0,10.0,5.0
2021-12-26,2021/22,West Ham United,Southampton,2,3,A,5.0,3.0,10.0,4.0
2021-12-26,2021/22,Aston Villa,Chelsea,1,3,A,9.0,8.0,6.0,10.0
2021-12-26,2021/22,Brighton,Brentford,2,0,H,3.0,8.0,3.0,5.0
2021-12-27,2021/22,Newcastle United,Manchester United,1,1,D,4.0,10.0,5.0,7.0
2021-12-28,2021/22,Leicester City,Liverpool,1,0,H,7.0,13.0,9.0,10.0
2021-12-28,2021/22,Watford,West Ham United,1,4,A,3.0,5.0,3.0,4.0
2021-12-28,2021/22,Southampton,Tottenham Hotspur,1,1,D,6.0,13.0,9.0,4.0
2021-12-28,2021/22,Crystal Palace,Norwich City,3,0,H,4.0,1.0,8.0,5.0
2021-12-29,2021/22,Chelsea,Brighton,1,1,D,8.0,6.0,9.0,4.0
2021-12-29,2021/22,Brentford,Manchester City,0,1,A,7.0,15.0,6.0,15.0
2021-12-30,2021/22,Manchester United,Burnley,3,1,H,11.0,4.0,7.0,3.0
2022-01-01,2021/22,Arsenal,Manchester City,1,2,A,12.0,15.0,15.0,15.0
2022-01-01,2021/22,Watford,Tottenham Hotspur,0,1,A,0.0,11.0,3.0,5.0
2022-01-01,2021/22,Crystal Palace,West Ham United,2,3,A,7.0,7.0,10.0,4.0
2022-01-02,2021/22,Brentford,Aston Villa,2,1,H,4.0,6.0,6.0,6.0
2022-01-02,2021/22,Everton,Brighton,2,3,A,4.0,6.0,4.0,4.0
2022-01-02,2021/22,Leeds United,Burnley,3,1,H,4.0,3.0,6.0,3.0
2022-01-02,2021/22,Chelsea,Liverpool,2,2,D,9.0,10.0,7.0,7.0
2022-01-03,2021/22,Manchester United,Wolverhampton Wanderers,0,1,A,13.0,5.0,9.0,5.0
2022-01-11,2021/22,Southampton,Brentford,4,1,H,6.0,7.0,7.0,2.0
2022-01-12,2021/22,West Ham United,Norwich City,2,0,H,7.0,0.0,10.0,4.0
2022-01-14,2021/22,Brighton,Crystal Palace,1,1,D,8.0,7.0,5.0,4.0
2022-01-15,2021/22,Manchester City,Chelsea,1,0,H,15.0,7.0,15.0,10.0
2022-01-15,2021/22,Newcastle United,Watford,1,1,D,4.0,0.0,6.0,3.0
2022-01-15,2021/22,Norwich City,Everton,2,1,H,0.0,4.0,4.0,1.0
2022-01-15,2021/22,Wolverhampton Wanderers,Southampton,3,1,H,7.0,8.0,8.0,4.0
2022-01-15,2021/22,Aston Villa,Manchester United,2,2,D,6.0,10.0,6.0,8.0
2022-01-16,2021/22,Liverpool,Brentford,3,0,H,8.0,6.0,13.0,2.0
2022-01-16,2021/22,West Ham United,Leeds United,2,3,A,9.0,4.0,10.0,4.0
2022-01-18,2021/22,Brighton,Chelsea,1,1,D,8.0,6.0,6.0,7.0
2022-01-19,2021/22,Leicester City,Tottenham Hotspur,2,3,A,7.0,11.0,9.0,8.0
2022-01-19,2021/22,Brentford,Manchester United,1,3,A,3.0,8.0,9.0,6.0
2022-01-21,2021/22,Watford,Norwich City,0,3,A,1.0,3.0,3.0,4.0
2022-01-22,2021/22,Southampton,Manchester City,1,1,D,8.0,15.0,9.0,15.0
2022-01-22,2021/22,Manchester United,West Ham United,1,0,H,8.0,9.0,9.0,7.0
2022-01-22,2021/22,Leeds United,Newcastle United,0,1,A,6.0,2.0,8.0,2.0
2022-01-22,2021/22,Brentford,Wolverhampton Wanderers,1,2,A,3.0,10.0,9.0,7.0
2022-01-22,2021/22,Everton,Aston Villa,0,1,A,4.0,4.0,4.0,6.0
2022-01-23,2021/22,Arsenal,Burnley,0,0,D,12.0,2.0,12.0,2.0
2022-01-23,2021/22,Crystal Palace,Liverpool,1,3,A,5.0,8.0,7.0,8.0
2022-01-23,2021/22,Leicester City,Brighton,1,1,D,6.0,9.0,9.0,6.0
2022-01-23,2021/22,Chelsea,Tottenham Hotspur,2,0,H,6.0,11.0,7.0,8.0
2022-02-05,2021/22,Burnley,Watford,0,0,D,2.0,1.0,6.0,4.0
2022-02-08,2021/22,Newcastle United,Everton,3,1,H,5.0,1.0,6.0,1.0
2022-02-08,2021/22,West Ham United,Watford,1,0,H,9.0,2.0,7.0,2.0
2022-02-08,2021/22,Burnley,Manchester United,1,1,D,3.0,10.0,7.0,9.0
2022-02-09,2021/22,Tottenham Hotspur,Southampton,2,3,A,10.0,8.0,13.0,4.0
2022-02-09,2021/22,Aston Villa,Leeds United,3,3,D,7.0,6.0,7.0,4.0
2022-02-09,2021/22,Manchester City,Brentford,2,0,H,13.0,3.0,15.0,1.0
2022-02-09,2021/22,Norwich City,Crystal Palace,1,1,D,6.0,4.0,4.0,2.0
2022-02-10,2021/22,Liverpool,Leicester City,2,0,H,8.0,7.0,15.0,5.0
2022-02-10,2021/22,Wolverhampton Wanderers,Arsenal,0,1,A,13.0,10.0,8.0,6.0
2022-02-12,2021/22,Manchester United,Southampton,1,1,D,8.0,8.0,12.0,7.0
2022-02-12,2021/22,Brentford,Crystal Palace,0,0,D,0.0,5.0,6.0,2.0
2022-02-12,2021/22,Everton,Leeds United,3,0,H,1.0,7.0,4.0,5.0
2022-02-12,2021/22,Watford,Brighton,0,2,A,2.0,7.0,0.0,7.0
2022-02-12,2021/22,Norwich City,Manchester City,0,4,A,7.0,13.0,4.0,13.0
2022-02-13,2021/22,Burnley,Liverpool,0,1,A,3.0,10.0,7.0,8.0
2022-02-13,2021/22,Newcastle United,Aston Villa,1,0,H,8.0,5.0,8.0,9.0
2022-02-13,2021/22,Tottenham Hotspur,Wolverhampton Wanderers,0,2,A,7.0,10.0,10.0,10.0
2022-02-13,2021/22,Leicester City,West Ham United,2,2,D,4.0,9.0,10.0,7.0
2022-02-15,2021/22,Manchester United,Brighton,2,0,H,9.0,9.0,10.0,9.0
2022-02-19,2021/22,Southampton,Everton,2,0,H,8.0,3.0,7.0,1.0
2022-02-19,2021/22,Liverpool,Norwich City,3,1,H,13.0,7.0,15.0,4.0
2022-02-19,2021/22,Manchester City,Tottenham Hotspur,2,3,A,13.0,6.0,15.0,8.0
2022-02-19,2021/22,Crystal Palace,Chelsea,0,1,A,3.0,6.0,7.0,5.0
2022-02-19,2021/22,Aston Villa,Watford,0,1,A,5.0,2.0,5.0,2.0
2022-02-19,2021/22,Brighton,Burnley,0,3,A,6.0,3.0,6.0,2.0
2022-02-19,2021/22,Arsenal,Brentford,2,1,H,10.0,1.0,10.0,1.0
2022-02-19,2021/22,West Ham United,Newcastle United,1,1,D,7.0,11.0,9.0,4.0
2022-02-20,2021/22,Leeds United,Manchester United,2,4,A,7.0,11.0,7.0,9.0
2022-02-20,2021/22,Wolverhampton Wanderers,Leicester City,2,1,H,12.0,5.0,5.0,2.0
2022-02-23,2021/22,Burnley,Tottenham Hotspur,1,0,H,6.0,6.0,4.0,10.0
2022-02-23,2021/22,Watford,Crystal Palace,1,4,A,4.0,3.0,0.0,3.0
2022-02-23,2021/22,Liverpool,Leeds United,6,0,H,15.0,4.0,15.0,4.0
2022-02-24,2021/22,Arsenal,Wolverhampton Wanderers,2,1,H,10.0,12.0,10.0,12.0
2022-02-25,2021/22,Southampton,Norwich City,2,0,H,8.0,7.0,9.0,3.0
2022-02-26,2021/22,Everton,Manchester City,0,1,A,3.0,10.0,6.0,13.0
2022-02-26,2021/22,Brighton,Aston Villa,0,2,A,5.0,5.0,5.0,6.0
2022-02-26,2021/22,Manchester United,Watford,0,0,D,11.0,4.0,10.0,5.0
2022-02-26,2021/22,Brentford,Newcastle United,0,2,A,1.0,11.0,4.0,4.0
2022-02-26,2021/22,Leeds United,Tottenham Hotspur,0,4,A,1.0,3.0,4.0,9.0
2022-02-26,2021/22,Crystal Palace,Burnley,1,1,D,5.0,8.0,4.0,4.0
2022-02-27,2021/22,West Ham United,Wolverhampton Wanderers,1,0,H,5.0,9.0,7.0,12.0
2022-03-01,2021/22,Burnley,Leicester City,0,2,A,8.0,2.0,6.0,1.0
2022-03-05,2021/22,Leicester City,Leeds United,1,0,H,5.0,1.0,8.0,4.0
2022-03-05,2021/22,Aston Villa,Southampton,4,0,H,7.0,11.0,5.0,8.0
2022-03-05,2021/22,Burnley,Chelsea,0,4,A,7.0,8.0,5.0,8.0
2022-03-05,2021/22,Newcastle United,Brighton,2,1,H,13.0,4.0,8.0,8.0
2022-03-05,2021/22,Norwich City,Brentford,1,3,A,4.0,1.0,4.0,0.0
2022-03-05,2021/22,Wolverhampton Wanderers,Crystal Palace,0,2,A,6.0,6.0,7.0,6.0
2022-03-05,2021/22,Liverpool,West Ham United,1,0,H,15.0,8.0,15.0,7.0
2022-03-06,2021/22,Watford,Arsenal,2,3,A,4.0,10.0,0.0,9.0
2022-03-06,2021/22,Manchester City,Manchester United,4,1,H,10.0,9.0,12.0,9.0
2022-03-07,2021/22,Tottenham Hotspur,Everton,5,0,H,6.0,3.0,7.0,1.0
2022-03-10,2021/22,Norwich City,Chelsea,1,3,A,1.0,10.0,4.0,10.0
2022-03-10,2021/22,Southampton,Newcastle United,1,2,A,10.0,13.0,11.0,7.0
2022-03-10,2021/22,Wolverhampton Wanderers,Watford,4,0,H,6.0,4.0,7.0,6.0
2022-03-10,2021/22,Leeds United,Aston Villa,0,3,A,0.0,7.0,3.0,9.0
2022-03-12,2021/22,Brighton,Liverpool,0,2,A,3.0,15.0,5.0,8.0
2022-03-12,2021/22,Brentford,Burnley,2,0,H,4.0,7.0,4.0,5.0
2022-03-12,2021/22,Manchester United,Tottenham Hotspur,3,2,H,8.0,9.0,8.0,9.0
2022-03-13,2021/22,Chelsea,Newcastle United,1,0,H,13.0,13.0,9.0,10.0
2022-03-13,2021/22,Everton,Wolverhampton Wanderers,0,1,A,3.0,6.0,6.0,9.0
2022-03-13,2021/22,Leeds United,Norwich City,2,1,H,0.0,0.0,3.0,3.0
2022-03-13,2021/22,Southampton,Watford,1,2,A,7.0,4.0,10.0,5.0
2022-03-13,2021/22,West Ham United,Aston Villa,2,1,H,8.0,9.0,10.0,9.0
2022-03-13,2021/22,Arsenal,Leicester City,2,0,H,13.0,7.0,10.0,3.0
2022-03-14,2021/22,Crystal Palace,Manchester City,0,0,D,8.0,12.0,4.0,13.0
2022-03-16,2021/22,Brighton,Tottenham Hotspur,0,2,A,0.0,9.0,2.0,6.0
2022-03-16,2021/22,Arsenal,Liverpool,0,2,A,15.0,15.0,10.0,10.0
2022-03-17,2021/22,Everton,Newcastle United,1,0,H,3.0,10.0,3.0,10.0
2022-03-18,2021/22,Wolverhampton Wanderers,Leeds United,2,3,A,6.0,3.0,9.0,4.0
2022-03-19,2021/22,Aston Villa,Arsenal,0,1,A,9.0,12.0,5.0,12.0
2022-03-20,2021/22,Leicester City,Brentford,2,1,H,7.0,7.0,8.0,3.0
2022-03-20,2021/22,Tottenham Hotspur,West Ham United,3,1,H,9.0,8.0,7.0,7.0
2022-04-02,2021/22,Liverpool,Watford,2,0,H,15.0,4.0,15.0,7.0
2022-04-02,2021/22,Brighton,Norwich City,0,0,D,0.0,0.0,1.0,3.0
2022-04-02,2021/22,Burnley,Manchester City,0,2,A,4.0,10.0,4.0,11.0
2022-04-02,2021/22,Chelsea,Brentford,1,4,A,15.0,6.0,9.0,3.0
2022-04-02,2021/22,Leeds United,Southampton,1,1,D,6.0,6.0,3.0,7.0
2022-04-02,2021/22,Wolverhampton Wanderers,Aston Villa,2,1,H,6.0,9.0,6.0,9.0
2022-04-02,2021/22,Manchester United,Leicester City,1,1,D,10.0,9.0,11.0,3.0
2022-04-03,2021/22,Tottenham Hotspur,Newcastle United,5,1,H,12.0,9.0,9.0,7.0
2022-04-03,2021/22,West Ham United,Everton,2,1,H,7.0,3.0,10.0,1.0
2022-04-04,2021/22,Crystal Palace,Arsenal,3,0,H,8.0,12.0,2.0,15.0
2022-04-06,2021/22,Burnley,Everton,3,2,H,1.0,3.0,3.0,0.0
2022-04-08,2021/22,Newcastle United,Wolverhampton Wanderers,1,0,H,6.0,9.0,11.0,9.0
2022-04-09,2021/22,Everton,Manchester United,1,0,H,3.0,8.0,6.0,8.0
2022-04-09,2021/22,Arsenal,Brighton,1,2,A,9.0,1.0,10.0,7.0
2022-04-09,2021/22,Southampton,Chelsea,0,6,A,4.0,12.0,7.0,10.0
2022-04-09,2021/22,Watford,Leeds United,0,3,A,4.0,7.0,0.0,4.0
2022-04-09,2021/22,Aston Villa,Tottenham Hotspur,0,4,A,6.0,12.0,5.0,9.0
2022-04-10,2021/22,Brentford,West Ham United,2,0,H,9.0,9.0,4.0,4.0
2022-04-10,2021/22,Leicester City,Crystal Palace,2,1,H,10.0,11.0,8.0,9.0
2022-04-10,2021/22,Norwich City,Burnley,2,0,H,1.0,3.0,4.0,5.0
2022-04-10,2021/22,Manchester City,Liverpool,2,2,D,10.0,15.0,12.0,13.0
2022-04-16,2021/22,Watford,Brentford,1,2,A,3.0,12.0,0.0,6.0
2022-04-16,2021/22,Southampton,Arsenal,1,0,H,1.0,6.0,6.0,12.0
2022-04-16,2021/22,Tottenham Hotspur,Brighton,0,1,A,12.0,4.0,9.0,7.0
2022-04-16,2021/22,Manchester United,Norwich City,3,2,H,5.0,4.0,9.0,4.0
2022-04-17,2021/22,Newcastle United,Leicester City,2,1,H,6.0,10.0,13.0,4.0
2022-04-17,2021/22,West Ham United,Burnley,1,1,D,6.0,3.0,13.0,5.0
2022-04-19,2021/22,Liverpool,Manchester United,4,0,H,13.0,7.0,15.0,7.0
2022-04-20,2021/22,Chelsea,Arsenal,2,4,A,12.0,3.0,8.0,9.0
2022-04-20,2021/22,Everton,Leicester City,1,1,D,6.0,7.0,9.0,4.0
2022-04-20,2021/22,Newcastle United,Crystal Palace,1,0,H,6.0,8.0,15.0,8.0
2022-04-20,2021/22,Manchester City,Brighton,3,0,H,11.0,7.0,10.0,9.0
2022-04-21,2021/22,Burnley,Southampton,2,0,H,4.0,4.0,6.0,5.0
2022-04-23,2021/22,Brentford,Tottenham Hotspur,0,0,D,12.0,12.0,7.0,9.0
2022-04-23,2021/22,Norwich City,Newcastle United,0,3,A,4.0,9.0,4.0,6.0
2022-04-23,2021/22,Manchester City,Watford,5,1,H,11.0,3.0,10.0,7.0
2022-04-23,2021/22,Leicester City,Aston Villa,0,0,D,8.0,3.0,11.0,6.0
2022-04-23,2021/22,Arsenal,Manchester United,3,1,H,6.0,7.0,9.0,4.0
2022-04-24,2021/22,Brighton,Southampton,2,2,D,7.0,4.0,1.0,5.0
2022-04-24,2021/22,Burnley,Wolverhampton Wanderers,1,0,H,7.0,9.0,6.0,6.0
2022-04-24,2021/22,Chelsea,West Ham United,1,0,H,9.0,7.0,7.0,1.0
2022-04-24,2021/22,Liverpool,Everton,2,0,H,13.0,7.0,15.0,0.0
2022-04-25,2021/22,Crystal Palace,Leeds United,0,0,D,7.0,10.0,5.0,6.0
2022-04-28,2021/22,Manchester United,Chelsea,1,1,D,4.0,9.0,11.0,13.0
2022-04-30,2021/22,Wolverhampton Wanderers,Brighton,0,3,A,6.0,8.0,9.0,6.0
2022-04-30,2021/22,Watford,Burnley,1,2,A,3.0,10.0,0.0,5.0
2022-04-30,2021/22,Leeds United,Manchester City,0,4,A,11.0,11.0,4.0,11.0
2022-04-30,2021/22,Aston Villa,Norwich City,2,0,H,1.0,4.0,4.0,1.0
2022-04-30,2021/22,Newcastle United,Liverpool,0,1,A,12.0,13.0,15.0,13.0
2022-04-30,2021/22,Southampton,Crystal Palace,1,2,A,5.0,5.0,6.0,7.0
2022-05-01,2021/22,Everton,Chelsea,1,0,H,4.0,7.0,7.0,13.0
2022-05-01,2021/22,Tottenham Hotspur,Leicester City,3,1,H,10.0,6.0,9.0,5.0
2022-05-01,2021/22,West Ham United,Arsenal,1,2,A,4.0,6.0,11.0,9.0
2022-05-02,2021/22,Manchester United,Brentford,3,0,H,4.0,10.0,9.0,9.0
2022-05-07,2021/22,Liverpool,Tottenham Hotspur,1,1,D,13.0,10.0,15.0,10.0
2022-05-07,2021/22,Brighton,Manchester United,4,0,H,10.0,7.0,2.0,3.0
2022-05-07,2021/22,Crystal Palace,Watford,1,0,H,7.0,0.0,6.0,4.0
2022-05-07,2021/22,Burnley,Aston Villa,1,3,A,10.0,4.0,9.0,7.0
2022-05-07,2021/22,Brentford,Southampton,3,0,H,10.0,4.0,8.0,3.0
2022-05-07,2021/22,Chelsea,Wolverhampton Wanderers,2,2,D,7.0,3.0,9.0,3.0
2022-05-08,2021/22,Norwich City,West Ham United,0,4,A,4.0,4.0,3.0,1.0
2022-05-08,2021/22,Arsenal,Leeds United,2,1,H,9.0,8.0,9.0,7.0
2022-05-08,2021/22,Leicester City,Everton,1,2,A,5.0,7.0,11.0,0.0
2022-05-08,2021/22,Manchester City,Newcastle United,5,0,H,13.0,12.0,10.0,6.0
2022-05-10,2021/22,Aston Villa,Liverpool,1,2,A,7.0,11.0,6.0,13.0
2022-05-11,2021/22,Wolverhampton Wanderers,Manchester City,1,5,A,4.0,13.0,6.0,13.0
2022-05-11,2021/22,Watford,Everton,0,0,D,0.0,10.0,0.0,3.0
2022-05-11,2021/22,Leicester City,Norwich City,3,0,H,2.0,3.0,10.0,1.0
2022-05-11,2021/22,Leeds United,Chelsea,0,3,A,5.0,5.0,4.0,10.0
2022-05-12,2021/22,Tottenham Hotspur,Arsenal,3,0,H,8.0,12.0,12.0,9.0
2022-05-15,2021/22,Tottenham Hotspur,Burnley,1,0,H,8.0,10.0,12.0,5.0
2022-05-15,2021/22,Aston Villa,Crystal Palace,1,1,D,7.0,7.0,6.0,9.0
2022-05-15,2021/22,Leeds United,Brighton,1,1,D,4.0,10.0,4.0,9.0
2022-05-15,2021/22,Watford,Leicester City,1,5,A,1.0,5.0,1.0,2.0
2022-05-15,2021/22,West Ham United,Manchester City,2,2,D,4.0,15.0,10.0,13.0
2022-05-15,2021/22,Wolverhampton Wanderers,Norwich City,1,1,D,1.0,0.0,6.0,1.0
2022-05-15,2021/22,Everton,Brentford,2,3,A,8.0,10.0,10.0,9.0
2022-05-16,2021/22,Newcastle United,Arsenal,2,0,H,9.0,12.0,12.0,6.0
2022-05-17,2021/22,Southampton,Liverpool,1,2,A,4.0,13.0,3.0,13.0
2022-05-19,2021/22,Chelsea,Leicester City,1,1,D,8.0,7.0,7.0,5.0
2022-05-19,2021/22,Aston Villa,Burnley,1,1,D,8.0,9.0,4.0,4.0
2022-05-19,2021/22,Everton,Crystal Palace,3,2,H,7.0,8.0,10.0,7.0
2022-05-22,2021/22,Arsenal,Everton,5,1,H,9.0,10.0,9.0,4.0
2022-05-22,2021/22,Brentford,Leeds United,1,2,A,10.0,2.0,10.0,7.0
2022-05-22,2021/22,Brighton,West Ham United,3,1,H,8.0,5.0,5.0,3.0
2022-05-22,2021/22,Burnley,Newcastle United,1,2,A,7.0,9.0,9.0,3.0
2022-05-22,2021/22,Chelsea,Watford,2,1,H,6.0,1.0,5.0,3.0
2022-05-22,2021/22,Crystal Palace,Manchester United,1,0,H,8.0,4.0,9.0,0.0
2022-05-22,2021/22,Leicester City,Southampton,4,1,H,7.0,1.0,10.0,2.0
2022-05-22,2021/22,Liverpool,Wolverhampton Wanderers,3,1,H,13.0,2.0,13.0,4.0
2022-05-22,2021/22,Manchester City,Aston Villa,3,2,H,13.0,8.0,13.0,7.0
2022-05-22,2021/22,Norwich City,Tottenham Hotspur,0,5,A,1.0,11.0,3.0,8.0
2022-08-05,2022/23,Crystal Palace,Arsenal,0,2,A,,,,
2022-08-06,2022/23,Everton,Chelsea,0,1,A,,,,
2022-08-06,2022/23,Tottenham Hotspur,Southampton,4,1,H,,,,
2022-08-06,2022/23,Newcastle United,Nottingham Forest,2,0,H,,,,
2022-08-06,2022/23,Bournemouth,Aston Villa,2,0,H,,,,
2022-08-06,2022/23,Fulham,Liverpool,2,2,D,,,,
2022-08-06,2022/23,Leeds United,Wolverhampton Wanderers,2,1,H,,,,
2022-08-07,2022/23,Leicester City,Brentford,2,2,D,,,,
2022-08-07,2022/23,Manchester United,Brighton,1,2,A,,,,
2022-08-07,2022/23,West Ham United,Manchester City,0,2,A,,,,
2022-08-13,2022/23,Aston Villa,Everton,2,1,H,,,,
2022-08-13,2022/23,Arsenal,Leicester City,4,2,H,,,,
2022-08-13,2022/23,Brighton,Newcastle United,0,0,D,,,,
2022-08-13,2022/23,Manchester City,Bournemouth,4,0,H,,,,
2022-08-13,2022/23,Southampton,Leeds United,2,2,D,,,,
2022-08-13,2022/23,Wolverhampton Wanderers,Fulham,0,0,D,,,,
2022-08-13,2022/23,Brentford,Manchester United,4,0,H,,,,
2022-08-14,2022/23,Chelsea,Tottenham Hotspur,2,2,D,,,,
2022-08-14,2022/23,Nottingham Forest,West Ham United,1,0,H,,,,
2022-08-15,2022/23,Liverpool,Crystal Palace,1,1,D,,,,
2022-08-20,2022/23,Tottenham Hotspur,Wolverhampton Wanderers,1,0,H,,,,
2022-08-20,2022/23,Crystal Palace,Aston Villa,3,1,H,,,,
2022-08-20,2022/23,Everton,Nottingham Forest,1,1,D,,,,
2022-08-20,2022/23,Fulham,Brentford,3,2,H,,,,
2022-08-20,2022/23,Leicester City,Southampton,1,2,A,,,,
2022-08-20,2022/23,Bournemouth,Arsenal,0,3,A,,,,
2022-08-21,2022/23,Leeds United,Chelsea,3,0,H,,,,
2022-08-21,2022/23,West Ham United,Brighton,0,2,A,,,,
2022-08-21,2022/23,Newcastle United,Manchester City,3,3,D,,,,
2022-08-22,2022/23,Manchester United,Liverpool,2,1,H,,,,
2022-08-27,2022/23,Manchester City,Crystal Palace,4,2,H,,,,
2022-08-27,2022/23,Liverpool,Bournemouth,9,0,H,,,,
2022-08-27,2022/23,Arsenal,Fulham,2,1,H,,,,
2022-08-27,2022/23,Chelsea,Leicester City,2,1,H,,,,
2022-08-27,2022/23,Brentford,Everton,1,1,D,,,,
2022-08-27,2022/23,Brighton,Leeds United,1,0,H,,,,
2022-08-27,2022/23,Southampton,Manchester United,0,1,A,,,,
2022-08-28,2022/23,Aston Villa,West Ham United,0,1,A,,,,
2022-08-28,2022/23,Wolverhampton Wanderers,Newcastle United,1,1,D,,,,
2022-08-28,2022/23,Nottingham Forest,Tottenham Hotspur,0,2,A,,,,
2022-08-30,2022/23,Crystal Palace,Brentford,1,1,D,,,,
2022-08-30,2022/23,Fulham,Brighton,2,1,H,,,,
2022-08-30,2022/23,Southampton,Chelsea,2,1,H,,,,
2022-08-30,2022/23,Leeds United,Everton,1,1,D,,,,
2022-08-31,2022/23,Liverpool,Newcastle United,2,1,H,,,,
2022-08-31,2022/23,Manchester City,Nottingham Forest,6,0,H,,,,
2022-08-31,2022/23,West Ham United,Tottenham Hotspur,1,1,D,,,,
2022-08-31,2022/23,Arsenal,Aston Villa,2,1,H,,,,
2022-08-31,2022/23,Bournemouth,Wolverhampton Wanderers,0,0,D,,,,
2022-09-01,2022/23,Leicester City,Manchester United,0,1,A,,,,
2022-09-03,2022/23,Everton,Liverpool,0,0,D,3.0,8.0,,
2022-09-03,2022/23,Brentford,Leeds United,5,2,H,6.0,8.0,,
2022-09-03,2022/23,Chelsea,West Ham United,2,1,H,7.0,4.0,,
2022-09-03,2022/23,Newcastle United,Crystal Palace,0,0,D,6.0,5.0,,
2022-09-03,2022/23,Nottingham Forest,Bournemouth,2,3,A,4.0,4.0,,
2022-09-03,2022/23,Tottenham Hotspur,Fulham,2,1,H,11.0,8.0,,
2022-09-03,2022/23,Wolverhampton Wanderers,Southampton,1,0,H,3.0,7.0,,
2022-09-03,2022/23,Aston Villa,Manchester City,1,1,D,3.0,13.0,,
2022-09-04,2022/23,Manchester United,Arsenal,3,1,H,9.0,15.0,,
2022-09-04,2022/23,Brighton,Leicester City,5,2,H,10.0,1.0,,
2022-09-16,2022/23,Nottingham Forest,Fulham,2,3,A,4.0,7.0,,
2022-09-16,2022/23,Aston Villa,Southampton,1,0,H,4.0,7.0,,
2022-09-17,2022/23,Wolverhampton Wanderers,Manchester City,0,3,A,6.0,11.0,,
2022-09-17,2022/23,Newcastle United,Bournemouth,1,1,D,4.0,4.0,,
2022-09-17,2022/23,Tottenham Hotspur,Leicester City,6,2,H,11.0,0.0,,
2022-09-18,2022/23,Brentford,Arsenal,0,3,A,8.0,12.0,,
2022-09-18,2022/23,Everton,West Ham United,1,0,H,4.0,4.0,,
2022-10-01,2022/23,Arsenal,Tottenham Hotspur,3,1,H,12.0,13.0,,
2022-10-01,2022/23,Bournemouth,Brentford,0,0,D,5.0,5.0,,
2022-10-01,2022/23,Crystal Palace,Chelsea,1,2,A,6.0,7.0,,
2022-10-01,2022/23,Fulham,Newcastle United,1,4,A,9.0,4.0,,
2022-10-01,2022/23,Liverpool,Brighton,3,3,D,8.0,10.0,,
2022-10-01,2022/23,Southampton,Everton,1,2,A,6.0,7.0,,
2022-10-01,2022/23,West Ham United,Wolverhampton Wanderers,2,0,H,4.0,5.0,,
2022-10-02,2022/23,Leeds United,Aston Villa,0,0,D,5.0,4.0,,
2022-10-02,2022/23,Manchester City,Manchester United,6,3,H,11.0,12.0,,
2022-10-03,2022/23,Leicester City,Nottingham Forest,4,0,H,0.0,1.0,,
2022-10-08,2022/23,Bournemouth,Leicester City,2,1,H,6.0,3.0,,
2022-10-08,2022/23,Chelsea,Wolverhampton Wanderers,3,0,H,9.0,5.0,,
2022-10-08,2022/23,Manchester City,Southampton,4,0,H,13.0,3.0,,
2022-10-08,2022/23,Newcastle United,Brentford,5,1,H,6.0,6.0,,
2022-10-08,2022/23,Brighton,Tottenham Hotspur,0,1,A,10.0,10.0,,
2022-10-09,2022/23,Crystal Palace,Leeds United,2,1,H,5.0,5.0,,
2022-10-09,2022/23,West Ham United,Fulham,3,1,H,7.0,6.0,,
2022-10-09,2022/23,Arsenal,Liverpool,3,2,H,12.0,8.0,,
2022-10-09,2022/23,Everton,Manchester United,1,2,A,9.0,12.0,,
2022-10-10,2022/23,Nottingham Forest,Aston Villa,1,1,D,0.0,5.0,,
2022-10-14,2022/23,Brentford,Brighton,2,0,H,5.0,7.0,,
2022-10-15,2022/23,Fulham,Bournemouth,2,2,D,6.0,9.0,,
2022-10-15,2022/23,Wolverhampton Wanderers,Nottingham Forest,1,0,H,4.0,1.0,,
2022-10-15,2022/23,Leicester City,Crystal Palace,0,0,D,3.0,5.0,,
2022-10-15,2022/23,Tottenham Hotspur,Everton,2,0,H,10.0,8.0,,
2022-10-16,2022/23,Liverpool,Manchester City,1,0,H,8.0,13.0,,
2022-10-16,2022/23,Manchester United,Newcastle United,0,0,D,12.0,8.0,,
2022-10-16,2022/23,Southampton,West Ham United,1,1,D,3.0,7.0,,
2022-10-16,2022/23,Leeds United,Arsenal,0,1,A,2.0,12.0,,
2022-10-16,2022/23,Aston Villa,Chelsea,0,2,A,6.0,12.0,,
2022-10-18,2022/23,Brighton,Nottingham Forest,0,0,D,4.0,1.0,,1.0
2022-10-18,2022/23,Crystal Palace,Wolverhampton Wanderers,2,1,H,6.0,6.0,7.0,1.0
2022-10-19,2022/23,Bournemouth,Southampton,0,1,A,9.0,1.0,8.0,3.0
2022-10-19,2022/23,Brentford,Chelsea,0,0,D,7.0,12.0,10.0,9.0
2022-10-19,2022/23,Liverpool,West Ham United,1,0,H,8.0,7.0,11.0,4.0
2022-10-19,2022/23,Newcastle United,Everton,1,0,H,9.0,7.0,9.0,5.0
2022-10-19,2022/23,Manchester United,Tottenham Hotspur,2,0,H,10.0,12.0,,8.0
2022-10-20,2022/23,Fulham,Aston Villa,3,0,H,4.0,6.0,8.0,2.0
2022-10-20,2022/23,Leicester City,Leeds United,2,0,H,4.0,2.0,5.0,
2022-10-22,2022/23,Manchester City,Brighton,3,1,H,10.0,5.0,15.0,7.0
2022-10-22,2022/23,Chelsea,Manchester United,1,1,D,13.0,10.0,,9.0
2022-10-22,2022/23,Nottingham Forest,Liverpool,1,0,H,2.0,8.0,4.0,
2022-10-22,2022/23,Everton,Crystal Palace,3,0,H,6.0,8.0,5.0,
2022-10-23,2022/23,Aston Villa,Brentford,4,0,H,5.0,5.0,7.0,3.0
2022-10-23,2022/23,Leeds United,Fulham,2,3,A,1.0,7.0,8.0,4.0
2022-10-23,2022/23,Southampton,Arsenal,1,1,D,4.0,12.0,5.0,12.0
2022-10-23,2022/23,Wolverhampton Wanderers,Leicester City,0,4,A,3.0,7.0,8.0,0.0
2022-10-23,2022/23,Tottenham Hotspur,Newcastle United,1,2,A,9.0,11.0,15.0,6.0
2022-10-24,2022/23,West Ham United,Bournemouth,2,0,H,7.0,6.0,7.0,5.0
2022-10-29,2022/23,Fulham,Everton,0,0,D,7.0,6.0,10.0,5.0
2022-10-29,2022/23,Newcastle United,Aston Villa,4,0,H,13.0,5.0,9.0,2.0
2022-10-29,2022/23,Crystal Palace,Southampton,1,0,H,7.0,5.0,10.0,6.0
2022-10-29,2022/23,Leicester City,Manchester City,0,1,A,10.0,12.0,7.0,8.0
2022-10-29,2022/23,Brentford,Wolverhampton Wanderers,1,1,D,5.0,3.0,8.0,1.0
2022-10-29,2022/23,Bournemouth,Tottenham Hotspur,2,3,A,5.0,6.0,5.0,7.0
2022-10-29,2022/23,Liverpool,Leeds United,1,2,A,7.0,1.0,13.0,1.0
2022-10-29,2022/23,Brighton,Chelsea,4,1,H,2.0,11.0,8.0,7.0
2022-10-30,2022/23,Manchester United,West Ham United,1,0,H,8.0,10.0,10.0,4.0
2022-10-30,2022/23,Arsenal,Nottingham Forest,5,0,H,13.0,5.0,15.0,2.0
2022-11-05,2022/23,Leeds United,Bournemouth,4,3,H,3.0,4.0,5.0,5.0
2022-11-05,2022/23,Manchester City,Fulham,2,1,H,12.0,8.0,15.0,6.0
2022-11-05,2022/23,Nottingham Forest,Brentford,2,2,D,5.0,5.0,4.0,2.0
2022-11-05,2022/23,Wolverhampton Wanderers,Brighton,2,3,A,4.0,4.0,7.0,4.0
2022-11-05,2022/23,Everton,Leicester City,0,2,A,4.0,7.0,8.0,3.0
2022-11-06,2022/23,Chelsea,Arsenal,0,1,A,8.0,13.0,11.0,10.0
2022-11-06,2022/23,Aston Villa,Manchester United,3,1,H,4.0,11.0,7.0,10.0
2022-11-06,2022/23,Southampton,Newcastle United,1,4,A,5.0,13.0,5.0,8.0
2022-11-06,2022/23,West Ham United,Crystal Palace,1,2,A,7.0,10.0,10.0,3.0
2022-11-06,2022/23,Tottenham Hotspur,Liverpool,1,2,A,9.0,6.0,12.0,2.0
2022-11-12,2022/23,Wolverhampton Wanderers,Arsenal,0,2,A,4.0,13.0,6.0,10.0
2022-11-12,2022/23,Newcastle United,Chelsea,1,0,H,13.0,5.0,11.0,7.0
2022-11-12,2022/23,West Ham United,Leicester City,0,2,A,4.0,10.0,10.0,6.0
2022-11-12,2022/23,Tottenham Hotspur,Leeds United,4,3,H,6.0,6.0,9.0,3.0
2022-11-12,2022/23,Nottingham Forest,Crystal Palace,1,0,H,5.0,10.0,5.0,5.0
2022-11-12,2022/23,Liverpool,Southampton,3,1,H,9.0,5.0,10.0,3.0
2022-11-12,2022/23,Bournemouth,Everton,3,0,H,1.0,4.0,5.0,5.0
2022-11-12,2022/23,Manchester City,Brentford,1,2,A,12.0,6.0,15.0,3.0
2022-11-13,2022/23,Brighton,Aston Villa,1,2,A,7.0,6.0,10.0,2.0
2022-11-13,2022/23,Fulham,Manchester United,1,2,A,8.0,8.0,8.0,7.0
2022-12-26,2022/23,Brentford,Tottenham Hotspur,2,2,D,6.0,6.0,8.0,7.0
2022-12-26,2022/23,Crystal Palace,Fulham,0,3,A,9.0,7.0,10.0,6.0
2022-12-26,2022/23,Everton,Wolverhampton Wanderers,1,2,A,4.0,1.0,7.0,2.0
2022-12-26,2022/23,Leicester City,Newcastle United,0,3,A,12.0,15.0,7.0,10.0
2022-12-26,2022/23,Southampton,Brighton,1,3,A,4.0,7.0,5.0,4.0
2022-12-26,2022/23,Aston Villa,Liverpool,1,3,A,9.0,9.0,10.0,4.0
2022-12-26,2022/23,Arsenal,West Ham United,3,1,H,13.0,3.0,15.0,1.0
2022-12-27,2022/23,Manchester United,Nottingham Forest,3,0,H,10.0,8.0,13.0,1.0
2022-12-27,2022/23,Chelsea,Bournemouth,2,0,H,2.0,3.0,10.0,5.0
2022-12-28,2022/23,Leeds United,Manchester City,1,3,A,6.0,9.0,5.0,8.0
2022-12-30,2022/23,West Ham United,Brentford,0,2,A,3.0,6.0,9.0,5.0
2022-12-30,2022/23,Liverpool,Leicester City,2,1,H,9.0,9.0,10.0,9.0
2022-12-31,2022/23,Wolverhampton Wanderers,Manchester United,0,1,A,4.0,10.0,3.0,7.0
2022-12-31,2022/23,Bournemouth,Crystal Palace,0,2,A,3.0,6.0,7.0,5.0
2022-12-31,2022/23,Fulham,Southampton,2,1,H,7.0,1.0,5.0,3.0
2022-12-31,2022/23,Manchester City,Everton,1,1,D,12.0,4.0,12.0,4.0
2022-12-31,2022/23,Newcastle United,Leeds United,0,0,D,15.0,6.0,13.0,3.0
2022-12-31,2022/23,Brighton,Arsenal,2,4,A,9.0,13.0,7.0,13.0
2023-01-01,2022/23,Tottenham Hotspur,Aston Villa,0,2,A,7.0,9.0,9.0,5.0
2023-01-01,2022/23,Nottingham Forest,Chelsea,1,1,D,7.0,4.0,8.0,7.0
2023-01-02,2022/23,Brentford,Liverpool,3,1,H,9.0,12.0,6.0,7.0
2023-01-03,2022/23,Manchester United,Bournemouth,3,0,H,12.0,3.0,13.0,2.0
2023-01-03,2022/23,Leicester City,Fulham,0,1,A,6.0,7.0,7.0,9.0
2023-01-03,2022/23,Arsenal,Newcastle United,0,0,D,15.0,13.0,15.0,13.0
2023-01-03,2022/23,Everton,Brighton,1,4,A,2.0,9.0,6.0,7.0
2023-01-04,2022/23,Southampton,Nottingham Forest,0,1,A,0.0,5.0,2.0,1.0
2023-01-04,2022/23,Leeds United,West Ham United,2,2,D,7.0,0.0,4.0,1.0
2023-01-04,2022/23,Aston Villa,Wolverhampton Wanderers,1,1,D,9.0,4.0,9.0,4.0
2023-01-04,2022/23,Crystal Palace,Tottenham Hotspur,0,4,A,9.0,7.0,9.0,7.0
2023-01-05,2022/23,Chelsea,Manchester City,0,1,A,4.0,10.0,10.0,10.0
2023-01-12,2022/23,Fulham,Chelsea,2,1,H,9.0,4.0,8.0,5.0
2023-01-13,2022/23,Aston Villa,Leeds United,2,1,H,10.0,5.0,7.0,4.0
2023-01-14,2022/23,Wolverhampton Wanderers,West Ham United,1,0,H,4.0,1.0,3.0,2.0
2023-01-14,2022/23,Nottingham Forest,Leicester City,2,0,H,8.0,6.0,9.0,9.0
2023-01-14,2022/23,Brentford,Bournemouth,2,0,H,11.0,3.0,9.0,1.0
2023-01-14,2022/23,Brighton,Liverpool,3,0,H,9.0,12.0,4.0,6.0
2023-01-14,2022/23,Manchester United,Manchester City,2,1,H,12.0,10.0,13.0,12.0
2023-01-14,2022/23,Everton,Southampton,1,2,A,1.0,0.0,3.0,3.0
2023-01-15,2022/23,Chelsea,Crystal Palace,1,0,H,4.0,6.0,7.0,7.0
2023-01-15,2022/23,Newcastle United,Fulham,1,0,H,11.0,12.0,13.0,9.0
2023-01-15,2022/23,Tottenham Hotspur,Arsenal,0,2,A,7.0,13.0,6.0,13.0
2023-01-18,2022/23,Crystal Palace,Manchester United,1,1,D,3.0,15.0,9.0,10.0
2023-01-19,2022/23,Manchester City,Tottenham Hotspur,4,2,H,7.0,7.0,10.0,10.0
2023-01-21,2022/23,Liverpool,Chelsea,0,0,D,9.0,7.0,12.0,2.0
2023-01-21,2022/23,Bournemouth,Nottingham Forest,1,1,D,3.0,10.0,6.0,4.0
2023-01-21,2022/23,Leicester City,Brighton,2,2,D,3.0,9.0,4.0,9.0
2023-01-21,2022/23,Southampton,Aston Villa,0,1,A,3.0,10.0,2.0,7.0
2023-01-21,2022/23,West Ham United,Everton,2,0,H,1.0,1.0,6.0,2.0
2023-01-21,2022/23,Crystal Palace,Newcastle United,0,0,D,4.0,11.0,7.0,11.0
2023-01-22,2022/23,Arsenal,Manchester United,3,2,H,13.0,13.0,13.0,8.0
2023-01-22,2022/23,Manchester City,Wolverhampton Wanderers,3,0,H,10.0,7.0,10.0,5.0
2023-01-22,2022/23,Leeds United,Brentford,0,0,D,2.0,13.0,4.0,7.0
2023-01-23,2022/23,Fulham,Tottenham Hotspur,0,1,A,12.0,4.0,10.0,7.0
2023-02-03,2022/23,Chelsea,Fulham,0,0,D,5.0,9.0,7.0,9.0
2023-02-04,2022/23,Everton,Arsenal,1,0,H,1.0,13.0,3.0,13.0
2023-02-04,2022/23,Aston Villa,Leicester City,2,4,A,10.0,1.0,10.0,9.0
2023-02-04,2022/23,Brentford,Southampton,3,0,H,11.0,3.0,9.0,6.0
2023-02-04,2022/23,Brighton,Bournemouth,1,0,H,10.0,1.0,7.0,0.0
2023-02-04,2022/23,Manchester United,Crystal Palace,2,1,H,10.0,5.0,15.0,6.0
2023-02-04,2022/23,Wolverhampton Wanderers,Liverpool,3,0,H,7.0,7.0,3.0,6.0
2023-02-04,2022/23,Newcastle United,West Ham United,1,1,D,9.0,4.0,13.0,1.0
2023-02-05,2022/23,Nottingham Forest,Leeds United,1,0,H,8.0,3.0,11.0,4.0
2023-02-05,2022/23,Tottenham Hotspur,Manchester City,1,0,H,6.0,10.0,3.0,9.0
2023-02-08,2022/23,Manchester United,Leeds United,2,2,D,10.0,3.0,15.0,4.0
2023-02-11,2022/23,Southampton,Wolverhampton Wanderers,1,2,A,3.0,7.0,1.0,5.0
2023-02-11,2022/23,Bournemouth,Newcastle United,1,1,D,1.0,7.0,4.0,11.0
2023-02-11,2022/23,Leicester City,Tottenham Hotspur,4,1,H,4.0,9.0,4.0,10.0
2023-02-11,2022/23,Fulham,Nottingham Forest,2,0,H,7.0,11.0,7.0,5.0
2023-02-11,2022/23,Crystal Palace,Brighton,1,1,D,2.0,10.0,5.0,10.0
2023-02-11,2022/23,Arsenal,Brentford,1,1,D,10.0,13.0,13.0,8.0
2023-02-11,2022/23,West Ham United,Chelsea,1,1,D,5.0,5.0,6.0,2.0
2023-02-12,2022/23,Leeds United,Manchester United,0,2,A,3.0,8.0,5.0,7.0
2023-02-12,2022/23,Manchester City,Aston Villa,3,1,H,9.0,10.0,10.0,9.0
2023-02-13,2022/23,Liverpool,Everton,2,0,H,4.0,4.0,10.0,2.0
2023-02-15,2022/23,Arsenal,Manchester City,1,3,A,8.0,9.0,11.0,9.0
2023-02-18,2022/23,Wolverhampton Wanderers,Bournemouth,0,1,A,10.0,2.0,6.0,0.0
2023-02-18,2022/23,Nottingham Forest,Manchester City,1,1,D,10.0,12.0,11.0,9.0
2023-02-18,2022/23,Everton,Leeds United,1,0,H,3.0,2.0,3.0,2.0
2023-02-18,2022/23,Newcastle United,Liverpool,0,2,A,7.0,4.0,11.0,6.0
2023-02-18,2022/23,Brighton,Fulham,0,1,A,11.0,7.0,9.0,7.0
2023-02-18,2022/23,Brentford,Crystal Palace,1,1,D,11.0,3.0,11.0,6.0
2023-02-18,2022/23,Aston Villa,Arsenal,2,4,A,7.0,7.0,7.0,12.0
2023-02-18,2022/23,Chelsea,Southampton,0,1,A,6.0,3.0,7.0,3.0
2023-02-19,2022/23,Manchester United,Leicester City,3,0,H,8.0,7.0,13.0,9.0
2023-02-19,2022/23,Tottenham Hotspur,West Ham United,2,0,H,6.0,6.0,6.0,2.0
2023-02-24,2022/23,Fulham,Wolverhampton Wanderers,1,1,D,7.0,9.0,9.0,8.0
2023-02-25,2022/23,Crystal Palace,Liverpool,0,0,D,4.0,7.0,3.0,6.0
2023-02-25,2022/23,Bournemouth,Manchester City,1,4,A,5.0,10.0,5.0,7.0
2023-02-25,2022/23,West Ham United,Nottingham Forest,4,0,H,5.0,8.0,4.0,4.0
2023-02-25,2022/23,Leicester City,Arsenal,0,1,A,7.0,7.0,4.0,12.0
2023-02-25,2022/23,Everton,Aston Villa,0,2,A,6.0,6.0,6.0,9.0
2023-02-25,2022/23,Leeds United,Southampton,1,0,H,2.0,6.0,5.0,6.0
2023-02-26,2022/23,Tottenham Hotspur,Chelsea,2,0,H,9.0,6.0,9.0,3.0
2023-03-01,2022/23,Arsenal,Everton,4,0,H,7.0,6.0,8.0,2.0
2023-03-01,2022/23,Liverpool,Wolverhampton Wanderers,2,0,H,8.0,7.0,10.0,8.0
2023-03-04,2022/23,Wolverhampton Wanderers,Tottenham Hotspur,1,0,H,7.0,12.0,6.0,7.0
2023-03-04,2022/23,Southampton,Leicester City,1,0,H,3.0,7.0,0.0,6.0
2023-03-04,2022/23,Chelsea,Leeds United,1,0,H,3.0,4.0,7.0,2.0
2023-03-04,2022/23,Aston Villa,Crystal Palace,1,0,H,6.0,4.0,4.0,4.0
2023-03-04,2022/23,Arsenal,Bournemouth,3,2,H,10.0,5.0,8.0,3.0
2023-03-04,2022/23,Manchester City,Newcastle United,2,0,H,10.0,6.0,10.0,9.0
2023-03-04,2022/23,Brighton,West Ham United,4,0,H,8.0,8.0,6.0,2.0
2023-03-05,2022/23,Nottingham Forest,Everton,2,2,D,5.0,6.0,11.0,1.0
2023-03-05,2022/23,Liverpool,Manchester United,7,0,H,10.0,10.0,13.0,10.0
2023-03-06,2022/23,Brentford,Fulham,3,2,H,9.0,8.0,11.0,10.0
2023-03-11,2022/23,Bournemouth,Liverpool,1,0,H,4.0,13.0,5.0,4.0
2023-03-11,2022/23,Everton,Brentford,1,0,H,4.0,9.0,6.0,9.0
2023-03-11,2022/23,Leeds United,Brighton,2,2,D,4.0,8.0,5.0,11.0
2023-03-11,2022/23,Leicester City,Chelsea,1,3,A,6.0,5.0,4.0,3.0
2023-03-11,2022/23,Tottenham Hotspur,Nottingham Forest,3,1,H,9.0,5.0,9.0,4.0
2023-03-11,2022/23,Crystal Palace,Manchester City,0,1,A,3.0,13.0,4.0,7.0
2023-03-12,2022/23,Manchester United,Southampton,0,0,D,10.0,6.0,13.0,6.0
2023-03-12,2022/23,Newcastle United,Wolverhampton Wanderers,2,1,H,3.0,7.0,8.0,5.0
2023-03-12,2022/23,Fulham,Arsenal,0,3,A,8.0,12.0,10.0,12.0
2023-03-12,2022/23,West Ham United,Aston Villa,1,1,D,5.0,6.0,7.0,12.0
2023-03-15,2022/23,Brighton,Crystal Palace,1,0,H,8.0,3.0,9.0,4.0
2023-03-15,2022/23,Southampton,Brentford,0,2,A,7.0,8.0,3.0,8.0
2023-03-17,2022/23,Nottingham Forest,Newcastle United,1,2,A,2.0,5.0,9.0,6.0
2023-03-18,2022/23,Chelsea,Everton,2,2,D,7.0,7.0,7.0,2.0
2023-03-18,2022/23,Aston Villa,Bournemouth,3,0,H,7.0,7.0,7.0,3.0
2023-03-18,2022/23,Brentford,Leicester City,1,1,D,8.0,3.0,13.0,3.0
2023-03-18,2022/23,Southampton,Tottenham Hotspur,3,3,D,7.0,9.0,3.0,6.0
2023-03-18,2022/23,Wolverhampton Wanderers,Leeds United,2,4,A,4.0,4.0,9.0,1.0
2023-03-19,2022/23,Arsenal,Crystal Palace,4,1,H,15.0,2.0,10.0,1.0
2023-04-01,2022/23,Nottingham Forest,Wolverhampton Wanderers,1,1,D,2.0,4.0,8.0,4.0
2023-04-01,2022/23,Chelsea,Aston Villa,0,2,A,7.0,10.0,8.0,10.0
2023-04-01,2022/23,Crystal Palace,Leicester City,2,1,H,1.0,1.0,4.0,4.0
2023-04-01,2022/23,Bournemouth,Fulham,2,1,H,6.0,7.0,5.0,7.0
2023-04-01,2022/23,Arsenal,Leeds United,4,1,H,15.0,7.0,10.0,4.0
2023-04-01,2022/23,Manchester City,Liverpool,4,1,H,13.0,10.0,13.0,4.0
2023-04-01,2022/23,Brighton,Brentford,3,3,D,8.0,8.0,12.0,8.0
2023-04-02,2022/23,West Ham United,Southampton,1,0,H,5.0,5.0,8.0,7.0
2023-04-02,2022/23,Newcastle United,Manchester United,2,0,H,7.0,8.0,8.0,7.0
2023-04-03,2022/23,Everton,Tottenham Hotspur,1,1,D,5.0,10.0,9.0,4.0
2023-04-04,2022/23,Bournemouth,Brighton,0,2,A,6.0,8.0,8.0,9.0
2023-04-04,2022/23,Leeds United,Nottingham Forest,2,1,H,7.0,2.0,6.0,4.0
2023-04-04,2022/23,Leicester City,Aston Villa,1,2,A,1.0,13.0,4.0,10.0
2023-04-04,2022/23,Chelsea,Liverpool,0,0,D,7.0,7.0,5.0,4.0
2023-04-05,2022/23,Manchester United,Brentford,1,0,H,7.0,8.0,11.0,6.0
2023-04-05,2022/23,West Ham United,Newcastle United,1,5,A,7.0,9.0,11.0,6.0
2023-04-08,2022/23,Southampton,Manchester City,1,4,A,5.0,13.0,4.0,10.0
2023-04-08,2022/23,Wolverhampton Wanderers,Chelsea,1,0,H,4.0,8.0,9.0,5.0
2023-04-08,2022/23,Tottenham Hotspur,Brighton,2,1,H,8.0,11.0,12.0,9.0
2023-04-08,2022/23,Leicester City,Bournemouth,0,1,A,1.0,6.0,4.0,3.0
2023-04-08,2022/23,Manchester United,Everton,2,0,H,7.0,6.0,11.0,2.0
2023-04-08,2022/23,Brentford,Newcastle United,1,2,A,5.0,12.0,11.0,8.0
2023-04-08,2022/23,Aston Villa,Nottingham Forest,2,0,H,13.0,2.0,9.0,1.0
2023-04-08,2022/23,Fulham,West Ham United,0,1,A,4.0,7.0,7.0,2.0
2023-04-09,2022/23,Leeds United,Crystal Palace,1,5,A,7.0,3.0,8.0,1.0
2023-04-09,2022/23,Liverpool,Arsenal,2,2,D,7.0,15.0,13.0,12.0
2023-04-15,2022/23,Manchester City,Leicester City,3,1,H,15.0,1.0,15.0,4.0
2023-04-15,2022/23,Wolverhampton Wanderers,Brentford,2,0,H,7.0,5.0,9.0,5.0
2023-04-15,2022/23,Southampton,Crystal Palace,0,2,A,2.0,6.0,4.0,4.0
2023-04-15,2022/23,Tottenham Hotspur,Bournemouth,2,3,A,8.0,9.0,15.0,6.0
2023-04-15,2022/23,Chelsea,Brighton,1,2,A,5.0,8.0,5.0,6.0
2023-04-15,2022/23,Aston Villa,Newcastle United,3,0,H,13.0,15.0,9.0,10.0
2023-04-15,2022/23,Everton,Fulham,1,3,A,6.0,1.0,10.0,4.0
2023-04-16,2022/23,West Ham United,Arsenal,2,2,D,7.0,13.0,8.0,10.0
2023-04-16,2022/23,Nottingham Forest,Manchester United,0,2,A,1.0,7.0,6.0,4.0
2023-04-17,2022/23,Leeds United,Liverpool,1,6,A,7.0,5.0,7.0,5.0
2023-04-21,2022/23,Arsenal,Southampton,3,3,D,11.0,1.0,12.0,4.0
2023-04-22,2022/23,Fulham,Leeds United,2,1,H,3.0,6.0,4.0,4.0
2023-04-22,2022/23,Brentford,Aston Villa,1,1,D,2.0,15.0,8.0,10.0
2023-04-22,2022/23,Crystal Palace,Everton,0,0,D,9.0,5.0,6.0,2.0
2023-04-22,2022/23,Leicester City,Wolverhampton Wanderers,2,1,H,1.0,7.0,3.0,5.0
2023-04-22,2022/23,Liverpool,Nottingham Forest,3,2,H,5.0,1.0,11.0,0.0
2023-04-23,2022/23,Newcastle United,Tottenham Hotspur,6,1,H,12.0,8.0,10.0,5.0
2023-04-23,2022/23,Bournemouth,West Ham United,0,4,A,9.0,8.0,7.0,4.0
2023-04-25,2022/23,Wolverhampton Wanderers,Crystal Palace,2,0,H,7.0,10.0,9.0,6.0
2023-04-25,2022/23,Aston Villa,Fulham,1,0,H,13.0,6.0,12.0,7.0
2023-04-25,2022/23,Leeds United,Leicester City,1,1,D,3.0,3.0,7.0,1.0
2023-04-26,2022/23,Nottingham Forest,Brighton,3,1,H,1.0,10.0,3.0,8.0
2023-04-26,2022/23,Chelsea,Brentford,0,2,A,2.0,2.0,5.0,4.0
2023-04-26,2022/23,West Ham United,Liverpool,1,2,A,10.0,8.0,8.0,5.0
2023-04-26,2022/23,Manchester City,Arsenal,4,1,H,15.0,9.0,15.0,11.0
2023-04-27,2022/23,Everton,Newcastle United,1,4,A,3.0,12.0,7.0,9.0
2023-04-27,2022/23,Southampton,Bournemouth,0,1,A,2.0,9.0,4.0,9.0
2023-04-27,2022/23,Tottenham Hotspur,Manchester United,2,2,D,5.0,10.0,12.0,6.0
2023-04-29,2022/23,Brentford,Nottingham Forest,2,1,H,4.0,3.0,6.0,0.0
2023-04-29,2022/23,Brighton,Wolverhampton Wanderers,6,0,H,7.0,10.0,10.0,2.0
2023-04-29,2022/23,Crystal Palace,West Ham United,4,3,H,10.0,7.0,6.0,7.0
2023-04-30,2022/23,Manchester United,Aston Villa,1,0,H,10.0,13.0,11.0,11.0
2023-04-30,2022/23,Newcastle United,Southampton,3,1,H,12.0,1.0,10.0,5.0
2023-04-30,2022/23,Bournemouth,Leeds United,4,1,H,9.0,4.0,6.0,3.0
2023-04-30,2022/23,Fulham,Manchester City,1,2,A,6.0,15.0,7.0,13.0
2023-04-30,2022/23,Liverpool,Tottenham Hotspur,4,3,H,11.0,5.0,13.0,2.0
2023-05-01,2022/23,Leicester City,Everton,2,2,D,4.0,2.0,3.0,3.0
2023-05-02,2022/23,Arsenal,Chelsea,3,1,H,6.0,1.0,13.0,5.0
2023-05-03,2022/23,Liverpool,Fulham,1,0,H,13.0,6.0,13.0,6.0
2023-05-03,2022/23,Manchester City,West Ham United,3,0,H,15.0,7.0,15.0,6.0
2023-05-04,2022/23,Brighton,Manchester United,1,0,H,9.0,13.0,10.0,7.0
2023-05-06,2022/23,Bournemouth,Chelsea,1,3,A,12.0,1.0,9.0,4.0
2023-05-06,2022/23,Manchester City,Leeds United,2,1,H,15.0,1.0,15.0,3.0
2023-05-06,2022/23,Tottenham Hotspur,Crystal Palace,1,0,H,4.0,10.0,10.0,6.0
2023-05-06,2022/23,Wolverhampton Wanderers,Aston Villa,1,0,H,9.0,10.0,12.0,8.0
2023-05-06,2022/23,Liverpool,Brentford,1,0,H,15.0,7.0,13.0,7.0
2023-05-07,2022/23,Newcastle United,Arsenal,0,2,A,12.0,6.0,12.0,8.0
2023-05-07,2022/23,West Ham United,Manchester United,1,0,H,4.0,10.0,5.0,4.0
2023-05-08,2022/23,Brighton,Everton,1,5,A,9.0,2.0,13.0,4.0
2023-05-08,2022/23,Nottingham Forest,Southampton,4,3,H,3.0,1.0,5.0,2.0
2023-05-08,2022/23,Fulham,Leicester City,5,3,H,6.0,5.0,4.0,2.0
2023-05-13,2022/23,Leeds United,Newcastle United,2,2,D,1.0,9.0,5.0,12.0
2023-05-13,2022/23,Aston Villa,Tottenham Hotspur,2,1,H,7.0,4.0,15.0,2.0
2023-05-13,2022/23,Chelsea,Nottingham Forest,2,2,D,3.0,6.0,2.0,0.0
2023-05-13,2022/23,Crystal Palace,Bournemouth,2,0,H,7.0,9.0,8.0,9.0
2023-05-13,2022/23,Manchester United,Wolverhampton Wanderers,2,0,H,7.0,9.0,13.0,1.0
2023-05-13,2022/23,Southampton,Fulham,0,2,A,1.0,6.0,1.0,3.0
2023-05-14,2022/23,Brentford,West Ham United,2,0,H,7.0,6.0,8.0,6.0
2023-05-14,2022/23,Everton,Manchester City,0,3,A,5.0,15.0,4.0,13.0
2023-05-14,2022/23,Arsenal,Brighton,0,3,A,8.0,9.0,13.0,7.0
2023-05-15,2022/23,Leicester City,Liverpool,0,3,A,5.0,15.0,4.0,7.0
2023-05-18,2022/23,Newcastle United,Brighton,4,1,H,10.0,9.0,12.0,9.0
2023-05-20,2022/23,Nottingham Forest,Arsenal,1,0,H,7.0,7.0,7.0,8.0
2023-05-20,2022/23,Liverpool,Aston Villa,1,1,D,15.0,7.0,13.0,7.0
2023-05-20,2022/23,Wolverhampton Wanderers,Everton,1,1,D,6.0,5.0,12.0,6.0
2023-05-20,2022/23,Bournemouth,Manchester United,0,1,A,6.0,7.0,6.0,4.0
2023-05-20,2022/23,Tottenham Hotspur,Brentford,1,3,A,4.0,10.0,10.0,4.0
2023-05-20,2022/23,Fulham,Crystal Palace,2,2,D,6.0,7.0,6.0,6.0
2023-05-21,2022/23,West Ham United,Leeds United,3,1,H,3.0,2.0,7.0,3.0
2023-05-21,2022/23,Brighton,Southampton,3,1,H,9.0,1.0,10.0,2.0
2023-05-21,2022/23,Manchester City,Chelsea,1,0,H,15.0,4.0,15.0,6.0
2023-05-22,2022/23,Newcastle United,Leicester City,0,0,D,10.0,5.0,12.0,2.0
2023-05-24,2022/23,Brighton,Manchester City,1,1,D,9.0,15.0,10.0,15.0
2023-05-25,2022/23,Manchester United,Chelsea,4,1,H,9.0,4.0,13.0,6.0
2023-05-28,2022/23,Southampton,Liverpool,4,4,D,0.0,13.0,1.0,10.0
2023-05-28,2022/23,Manchester United,Fulham,2,1,H,9.0,7.0,15.0,6.0
2023-05-28,2022/23,Leicester City,West Ham United,2,1,H,3.0,6.0,4.0,6.0
2023-05-28,2022/23,Everton,Bournemouth,1,0,H,5.0,6.0,4.0,9.0
2023-05-28,2022/23,Leeds United,Tottenham Hotspur,1,4,A,2.0,4.0,5.0,2.0
2023-05-28,2022/23,Chelsea,Newcastle United,1,1,D,4.0,8.0,2.0,10.0
2023-05-28,2022/23,Brentford,Manchester City,1,0,H,12.0,13.0,8.0,13.0
2023-05-28,2022/23,Aston Villa,Brighton,2,1,H,7.0,7.0,15.0,6.0
2023-05-28,2022/23,Arsenal,Wolverhampton Wanderers,5,0,H,6.0,7.0,10.0,1.0
2023-05-28,2022/23,Crystal Palace,Nottingham Forest,1,1,D,7.0,10.0,10.0,1.0
2023-08-11,2023/24,Burnley,Manchester City,0,3,A,,,,
2023-08-12,2023/24,Newcastle United,Aston Villa,5,1,H,,,,
2023-08-12,2023/24,Sheffield United,Crystal Palace,0,1,A,,,,
2023-08-12,2023/24,Everton,Fulham,0,1,A,,,,
2023-08-12,2023/24,Brighton,Luton Town,4,1,H,,,,
2023-08-12,2023/24,Arsenal,Nottingham Forest,2,1,H,,,,
2023-08-12,2023/24,Bournemouth,West Ham United,1,1,D,,,,
2023-08-13,2023/24,Brentford,Tottenham Hotspur,2,2,D,,,,
2023-08-13,2023/24,Chelsea,Liverpool,1,1,D,,,,
2023-08-14,2023/24,Manchester United,Wolverhampton Wanderers,1,0,H,,,,
2023-08-18,2023/24,Nottingham Forest,Sheffield United,2,1,H,,,,
2023-08-19,2023/24,Manchester City,Newcastle United,1,0,H,,,,
2023-08-19,2023/24,Tottenham Hotspur,Manchester United,2,0,H,,,,
2023-08-19,2023/24,Liverpool,Bournemouth,3,1,H,,,,
2023-08-19,2023/24,Wolverhampton Wanderers,Brighton,1,4,A,,,,
2023-08-19,2023/24,Fulham,Brentford,0,3,A,,,,
2023-08-20,2023/24,Aston Villa,Everton,4,0,H,,,,
2023-08-20,2023/24,West Ham United,Chelsea,3,1,H,,,,
2023-08-21,2023/24,Crystal Palace,Arsenal,0,1,A,,,,
2023-08-25,2023/24,Chelsea,Luton Town,3,0,H,,,,
2023-08-26,2023/24,Bournemouth,Tottenham Hotspur,0,2,A,,,,
2023-08-26,2023/24,Arsenal,Fulham,2,2,D,,,,
2023-08-26,2023/24,Brentford,Crystal Palace,1,1,D,,,,
2023-08-26,2023/24,Everton,Wolverhampton Wanderers,0,1,A,,,,
2023-08-26,2023/24,Manchester United,Nottingham Forest,3,2,H,,,,
2023-08-26,2023/24,Brighton,West Ham United,1,3,A,,,,
2023-08-27,2023/24,Newcastle United,Liverpool,1,2,A,,,,
2023-08-27,2023/24,Sheffield United,Manchester City,1,2,A,,,,
2023-08-27,2023/24,Burnley,Aston Villa,1,3,A,,,,
2023-09-01,2023/24,Luton Town,West Ham United,1,2,A,,,,
2023-09-02,2023/24,Sheffield United,Everton,2,2,D,,,,
2023-09-02,2023/24,Brentford,Bournemouth,2,2,D,,,,
2023-09-02,2023/24,Burnley,Tottenham Hotspur,2,5,A,,,,
2023-09-02,2023/24,Chelsea,Nottingham Forest,0,1,A,,,,
2023-09-02,2023/24,Manchester City,Fulham,5,1,H,,,,
2023-09-02,2023/24,Brighton,Newcastle United,3,1,H,,,,
2023-09-03,2023/24,Crystal Palace,Wolverhampton Wanderers,3,2,H,,,,
2023-09-03,2023/24,Liverpool,Aston Villa,3,0,H,,,,
2023-09-03,2023/24,Arsenal,Manchester United,3,1,H,,,,
2023-09-16,2023/24,Newcastle United,Brentford,1,0,H,,,,
2023-09-16,2023/24,West Ham United,Manchester City,1,3,A,,,,
2023-09-16,2023/24,Tottenham Hotspur,Sheffield United,2,1,H,,,,
2023-09-16,2023/24,Fulham,Luton Town,1,0,H,,,,
2023-09-16,2023/24,Aston Villa,Crystal Palace,3,1,H,,,,
2023-09-16,2023/24,Wolverhampton Wanderers,Liverpool,1,3,A,,,,
2023-09-16,2023/24,Manchester United,Brighton,1,3,A,,,,
2023-09-17,2023/24,Bournemouth,Chelsea,0,0,D,,,,
2023-09-17,2023/24,Everton,Arsenal,0,1,A,,,,
2023-09-18,2023/24,Nottingham Forest,Burnley,1,1,D,,,,
2023-09-23,2023/24,Crystal Palace,Fulham,0,0,D,7.0,7.0,,
2023-09-23,2023/24,Luton Town,Wolverhampton Wanderers,1,1,D,,3.0,,
2023-09-23,2023/24,Manchester City,Nottingham Forest,2,0,H,15.0,7.0,,
2023-09-23,2023/24,Brentford,Everton,1,3,A,6.0,1.0,,
2023-09-23,2023/24,Burnley,Manchester United,0,1,A,,6.0,,
2023-09-24,2023/24,Chelsea,Aston Villa,0,1,A,5.0,9.0,,
2023-09-24,2023/24,Sheffield United,Newcastle United,0,8,A,1.0,6.0,,
2023-09-24,2023/24,Liverpool,West Ham United,3,1,H,13.0,10.0,,
2023-09-24,2023/24,Brighton,Bournemouth,3,1,H,12.0,3.0,,
2023-09-24,2023/24,Arsenal,Tottenham Hotspur,2,2,D,13.0,13.0,,
2023-09-30,2023/24,Aston Villa,Brighton,6,1,H,12.0,12.0,,
2023-09-30,2023/24,Bournemouth,Arsenal,0,4,A,2.0,11.0,,
2023-09-30,2023/24,Everton,Luton Town,1,2,A,4.0,1.0,,
2023-09-30,2023/24,Manchester United,Crystal Palace,0,1,A,6.0,5.0,,
2023-09-30,2023/24,Newcastle United,Burnley,2,0,H,6.0,1.0,,
2023-09-30,2023/24,West Ham United,Sheffield United,2,0,H,9.0,1.0,,
2023-09-30,2023/24,Wolverhampton Wanderers,Manchester City,2,1,H,4.0,15.0,,
2023-09-30,2023/24,Tottenham Hotspur,Liverpool,2,1,H,13.0,15.0,,
2023-10-01,2023/24,Nottingham Forest,Brentford,1,1,D,7.0,5.0,,
2023-10-02,2023/24,Fulham,Chelsea,0,2,A,5.0,4.0,,
2023-10-03,2023/24,Luton Town,Burnley,1,2,A,4.0,1.0,,
2023-10-07,2023/24,Manchester United,Brentford,2,1,H,6.0,3.0,,
2023-10-07,2023/24,Crystal Palace,Nottingham Forest,0,0,D,8.0,5.0,,
2023-10-07,2023/24,Fulham,Sheffield United,3,1,H,5.0,1.0,,
2023-10-07,2023/24,Luton Town,Tottenham Hotspur,0,1,A,4.0,13.0,,
2023-10-07,2023/24,Burnley,Chelsea,1,4,A,4.0,7.0,,
2023-10-07,2023/24,Everton,Bournemouth,3,0,H,4.0,2.0,,
2023-10-08,2023/24,Brighton,Liverpool,2,2,D,9.0,12.0,,
2023-10-08,2023/24,West Ham United,Newcastle United,2,2,D,9.0,9.0,,
2023-10-08,2023/24,Wolverhampton Wanderers,Aston Villa,1,1,D,7.0,12.0,,
2023-10-08,2023/24,Arsenal,Manchester City,1,0,H,11.0,12.0,,
2023-10-21,2023/24,Liverpool,Everton,2,0,H,10.0,7.0,,
2023-10-21,2023/24,Bournemouth,Wolverhampton Wanderers,1,2,A,2.0,5.0,,
2023-10-21,2023/24,Brentford,Burnley,3,0,H,2.0,4.0,,
2023-10-21,2023/24,Manchester City,Brighton,2,1,H,9.0,10.0,,
2023-10-21,2023/24,Newcastle United,Crystal Palace,4,0,H,10.0,8.0,,
2023-10-21,2023/24,Nottingham Forest,Luton Town,2,2,D,6.0,4.0,,
2023-10-21,2023/24,Chelsea,Arsenal,2,2,D,7.0,13.0,,
2023-10-21,2023/24,Sheffield United,Manchester United,1,2,A,1.0,6.0,,
2023-10-22,2023/24,Aston Villa,West Ham United,4,1,H,10.0,7.0,,
2023-10-23,2023/24,Tottenham Hotspur,Fulham,2,0,H,13.0,7.0,,
2023-10-27,2023/24,Crystal Palace,Tottenham Hotspur,1,2,A,5.0,13.0,,11.0
2023-10-28,2023/24,Chelsea,Brentford,0,2,A,8.0,4.0,5.0,
2023-10-28,2023/24,Arsenal,Sheffield United,5,0,H,11.0,0.0,11.0,
2023-10-28,2023/24,Bournemouth,Burnley,2,1,H,1.0,3.0,2.0,
2023-10-28,2023/24,Wolverhampton Wanderers,Newcastle United,2,2,D,8.0,13.0,,
2023-10-29,2023/24,West Ham United,Everton,0,1,A,4.0,6.0,,
2023-10-29,2023/24,Aston Villa,Luton Town,3,1,H,13.0,5.0,,4.0
2023-10-29,2023/24,Brighton,Fulham,1,1,D,7.0,7.0,10.0,5.0
2023-10-29,2023/24,Liverpool,Nottingham Forest,3,0,H,10.0,4.0,,4.0
2023-10-29,2023/24,Manchester United,Manchester City,0,3,A,9.0,9.0,9.0,9.0
2023-11-04,2023/24,Newcastle United,Arsenal,1,0,H,11.0,11.0,12.0,
2023-11-04,2023/24,Sheffield United,Wolverhampton Wanderers,2,1,H,0.0,9.0,1.0,7.0
2023-11-04,2023/24,Manchester City,Bournemouth,6,1,H,9.0,3.0,,
2023-11-04,2023/24,Burnley,Crystal Palace,0,2,A,3.0,5.0,0.0,7.0
2023-11-04,2023/24,Brentford,West Ham United,3,2,H,7.0,4.0,6.0,7.0
2023-11-04,2023/24,Fulham,Manchester United,0,1,A,5.0,9.0,,
2023-11-04,2023/24,Everton,Brighton,1,1,D,9.0,5.0,3.0,
2023-11-05,2023/24,Nottingham Forest,Aston Villa,2,0,H,3.0,13.0,,7.0
2023-11-05,2023/24,Luton Town,Liverpool,1,1,D,4.0,10.0,,8.0
2023-11-06,2023/24,Tottenham Hotspur,Chelsea,1,4,A,13.0,7.0,,
2023-11-11,2023/24,Wolverhampton Wanderers,Tottenham Hotspur,2,1,H,8.0,12.0,5.0,13.0
2023-11-11,2023/24,Arsenal,Burnley,3,1,H,10.0,3.0,11.0,4.0
2023-11-11,2023/24,Crystal Palace,Everton,2,3,A,7.0,7.0,5.0,7.0
2023-11-11,2023/24,Manchester United,Luton Town,1,0,H,9.0,2.0,6.0,4.0
2023-11-11,2023/24,Bournemouth,Newcastle United,2,0,H,3.0,11.0,4.0,5.0
2023-11-12,2023/24,Chelsea,Manchester City,4,4,D,10.0,9.0,4.0,9.0
2023-11-12,2023/24,West Ham United,Nottingham Forest,3,2,H,4.0,6.0,7.0,4.0
2023-11-12,2023/24,Liverpool,Brentford,3,0,H,8.0,10.0,15.0,7.0
2023-11-12,2023/24,Aston Villa,Fulham,3,1,H,10.0,4.0,15.0,3.0
2023-11-12,2023/24,Brighton,Sheffield United,1,1,D,3.0,3.0,8.0,0.0
2023-11-25,2023/24,Manchester City,Liverpool,1,1,D,10.0,11.0,15.0,8.0
2023-11-25,2023/24,Burnley,West Ham United,1,2,A,0.0,4.0,0.0,6.0
2023-11-25,2023/24,Luton Town,Crystal Palace,2,1,H,2.0,4.0,2.0,7.0
2023-11-25,2023/24,Newcastle United,Chelsea,4,1,H,8.0,8.0,12.0,10.0
2023-11-25,2023/24,Nottingham Forest,Brighton,2,3,A,5.0,4.0,9.0,7.0
2023-11-25,2023/24,Sheffield United,Bournemouth,1,3,A,4.0,6.0,4.0,1.0
2023-11-25,2023/24,Brentford,Arsenal,0,1,A,9.0,10.0,8.0,10.0
2023-11-26,2023/24,Tottenham Hotspur,Aston Villa,1,2,A,9.0,10.0,12.0,7.0
2023-11-26,2023/24,Everton,Manchester United,0,3,A,10.0,12.0,4.0,9.0
2023-11-27,2023/24,Fulham,Wolverhampton Wanderers,3,2,H,4.0,8.0,6.0,7.0
2023-12-02,2023/24,Newcastle United,Manchester United,1,0,H,10.0,12.0,15.0,12.0
2023-12-02,2023/24,Nottingham Forest,Everton,0,1,A,4.0,7.0,6.0,10.0
2023-12-02,2023/24,Arsenal,Wolverhampton Wanderers,2,1,H,10.0,7.0,13.0,4.0
2023-12-02,2023/24,Brentford,Luton Town,3,1,H,9.0,5.0,7.0,4.0
2023-12-02,2023/24,Burnley,Sheffield United,5,0,H,0.0,4.0,0.0,1.0
2023-12-03,2023/24,Bournemouth,Aston Villa,2,2,D,9.0,12.0,7.0,7.0
2023-12-03,2023/24,Chelsea,Brighton,3,2,H,5.0,6.0,2.0,7.0
2023-12-03,2023/24,Liverpool,Fulham,4,3,H,11.0,4.0,15.0,2.0
2023-12-03,2023/24,West Ham United,Crystal Palace,1,1,D,6.0,3.0,7.0,6.0
2023-12-03,2023/24,Manchester City,Tottenham Hotspur,3,3,D,11.0,6.0,13.0,10.0
2023-12-05,2023/24,Wolverhampton Wanderers,Burnley,1,0,H,4.0,3.0,8.0,3.0
2023-12-05,2023/24,Luton Town,Arsenal,3,4,A,4.0,12.0,5.0,10.0
2023-12-06,2023/24,Manchester United,Chelsea,2,1,H,9.0,7.0,6.0,10.0
2023-12-06,2023/24,Sheffield United,Liverpool,0,2,A,4.0,11.0,4.0,6.0
2023-12-06,2023/24,Aston Villa,Manchester City,1,0,H,10.0,9.0,15.0,7.0
2023-12-06,2023/24,Crystal Palace,Bournemouth,0,2,A,4.0,10.0,5.0,4.0
2023-12-06,2023/24,Brighton,Brentford,2,1,H,6.0,9.0,9.0,4.0
2023-12-06,2023/24,Fulham,Nottingham Forest,5,0,H,4.0,3.0,9.0,4.0
2023-12-07,2023/24,Everton,Newcastle United,3,0,H,10.0,10.0,4.0,5.0
2023-12-07,2023/24,Tottenham Hotspur,West Ham United,1,2,A,4.0,7.0,9.0,6.0
2023-12-09,2023/24,Crystal Palace,Liverpool,1,2,A,4.0,11.0,2.0,6.0
2023-12-09,2023/24,Brighton,Burnley,1,1,D,8.0,3.0,9.0,3.0
2023-12-09,2023/24,Manchester United,Bournemouth,0,3,A,12.0,10.0,9.0,6.0
2023-12-09,2023/24,Sheffield United,Brentford,1,0,H,4.0,6.0,3.0,4.0
2023-12-09,2023/24,Wolverhampton Wanderers,Nottingham Forest,1,1,D,6.0,3.0,11.0,1.0
2023-12-09,2023/24,Aston Villa,Arsenal,1,0,H,10.0,12.0,15.0,10.0
2023-12-10,2023/24,Luton Town,Manchester City,1,2,A,4.0,6.0,4.0,4.0
2023-12-10,2023/24,Everton,Chelsea,2,0,H,10.0,7.0,7.0,9.0
2023-12-10,2023/24,Fulham,West Ham United,5,0,H,6.0,10.0,9.0,6.0
2023-12-10,2023/24,Tottenham Hotspur,Newcastle United,4,1,H,1.0,9.0,6.0,5.0
2023-12-15,2023/24,Nottingham Forest,Tottenham Hotspur,0,2,A,1.0,4.0,5.0,8.0
2023-12-16,2023/24,Chelsea,Sheffield United,2,0,H,4.0,4.0,5.0,1.0
2023-12-16,2023/24,Manchester City,Crystal Palace,2,2,D,6.0,1.0,11.0,7.0
2023-12-16,2023/24,Newcastle United,Fulham,3,0,H,6.0,9.0,15.0,2.0
2023-12-16,2023/24,Burnley,Everton,0,2,A,4.0,12.0,3.0,12.0
2023-12-17,2023/24,Arsenal,Brighton,2,0,H,12.0,8.0,13.0,4.0
2023-12-17,2023/24,Brentford,Aston Villa,1,2,A,3.0,13.0,9.0,8.0
2023-12-17,2023/24,West Ham United,Wolverhampton Wanderers,3,0,H,10.0,7.0,8.0,4.0
2023-12-17,2023/24,Liverpool,Manchester United,0,0,D,13.0,9.0,15.0,12.0
2023-12-21,2023/24,Crystal Palace,Brighton,1,1,D,2.0,7.0,1.0,4.0
2023-12-22,2023/24,Aston Villa,Sheffield United,1,1,D,13.0,3.0,15.0,1.0
2023-12-23,2023/24,Liverpool,Arsenal,1,1,D,11.0,12.0,13.0,7.0
2023-12-23,2023/24,Tottenham Hotspur,Everton,2,1,H,7.0,12.0,6.0,12.0
2023-12-23,2023/24,Nottingham Forest,Bournemouth,2,3,A,1.0,13.0,4.0,9.0
2023-12-23,2023/24,Fulham,Burnley,0,2,A,9.0,4.0,12.0,1.0
2023-12-23,2023/24,West Ham United,Manchester United,2,0,H,10.0,7.0,8.0,10.0
2023-12-23,2023/24,Luton Town,Newcastle United,1,0,H,3.0,9.0,4.0,2.0
2023-12-24,2023/24,Wolverhampton Wanderers,Chelsea,2,1,H,4.0,6.0,9.0,6.0
2023-12-26,2023/24,Newcastle United,Nottingham Forest,1,3,A,6.0,1.0,15.0,2.0
2023-12-26,2023/24,Bournemouth,Fulham,3,0,H,13.0,6.0,7.0,1.0
2023-12-26,2023/24,Sheffield United,Luton Town,2,3,A,4.0,6.0,6.0,4.0
2023-12-26,2023/24,Burnley,Liverpool,0,2,A,7.0,11.0,3.0,9.0
2023-12-26,2023/24,Manchester United,Aston Villa,3,2,H,4.0,11.0,9.0,8.0
2023-12-27,2023/24,Brentford,Wolverhampton Wanderers,1,4,A,3.0,7.0,9.0,3.0
2023-12-27,2023/24,Chelsea,Crystal Palace,2,1,H,6.0,3.0,8.0,5.0
2023-12-27,2023/24,Everton,Manchester City,1,3,A,12.0,6.0,10.0,7.0
2023-12-28,2023/24,Brighton,Tottenham Hotspur,4,2,H,5.0,10.0,7.0,10.0
2023-12-28,2023/24,Arsenal,West Ham United,0,2,A,10.0,10.0,15.0,6.0
2023-12-30,2023/24,Wolverhampton Wanderers,Everton,3,0,H,10.0,9.0,11.0,12.0
2023-12-30,2023/24,Nottingham Forest,Manchester United,2,1,H,4.0,7.0,3.0,7.0
2023-12-30,2023/24,Manchester City,Sheffield United,2,0,H,8.0,4.0,9.0,2.0
2023-12-30,2023/24,Aston Villa,Burnley,3,2,H,10.0,4.0,13.0,4.0
2023-12-30,2023/24,Crystal Palace,Brentford,3,1,H,2.0,3.0,1.0,3.0
2023-12-30,2023/24,Luton Town,Chelsea,2,3,A,6.0,6.0,7.0,3.0
2023-12-31,2023/24,Fulham,Arsenal,2,1,H,6.0,7.0,9.0,7.0
2023-12-31,2023/24,Tottenham Hotspur,Bournemouth,3,1,H,9.0,13.0,6.0,12.0
2024-01-01,2023/24,Liverpool,Newcastle United,4,2,H,11.0,3.0,11.0,1.0
2024-01-02,2023/24,West Ham United,Brighton,0,0,D,12.0,8.0,10.0,5.0
2024-01-12,2023/24,Burnley,Luton Town,1,1,D,4.0,6.0,3.0,4.0
2024-01-13,2023/24,Chelsea,Fulham,1,0,H,9.0,6.0,10.0,1.0
2024-01-13,2023/24,Newcastle United,Manchester City,2,3,A,3.0,10.0,12.0,10.0
2024-01-14,2023/24,Everton,Aston Villa,0,0,D,6.0,10.0,7.0,7.0
2024-01-14,2023/24,Manchester United,Tottenham Hotspur,2,2,D,4.0,12.0,9.0,7.0
2024-01-20,2023/24,Arsenal,Crystal Palace,5,0,H,4.0,5.0,12.0,5.0
2024-01-20,2023/24,Brentford,Nottingham Forest,3,2,H,0.0,7.0,6.0,4.0
2024-01-21,2023/24,Bournemouth,Liverpool,0,4,A,12.0,11.0,10.0,11.0
2024-01-21,2023/24,Sheffield United,West Ham United,2,2,D,4.0,10.0,6.0,9.0
2024-01-22,2023/24,Brighton,Wolverhampton Wanderers,0,0,D,6.0,10.0,9.0,3.0
2024-01-30,2023/24,Nottingham Forest,Arsenal,1,2,A,6.0,7.0,3.0,7.0
2024-01-30,2023/24,Fulham,Everton,0,0,D,3.0,4.0,12.0,9.0
2024-01-30,2023/24,Luton Town,Brighton,4,0,H,7.0,6.0,6.0,5.0
2024-01-30,2023/24,Crystal Palace,Sheffield United,3,2,H,5.0,2.0,4.0,2.0
2024-01-30,2023/24,Aston Villa,Newcastle United,1,3,A,8.0,3.0,13.0,0.0
2024-01-31,2023/24,Manchester City,Burnley,3,1,H,13.0,4.0,9.0,4.0
2024-01-31,2023/24,Tottenham Hotspur,Brentford,3,2,H,10.0,3.0,9.0,3.0
2024-01-31,2023/24,Liverpool,Chelsea,4,1,H,11.0,12.0,11.0,3.0
2024-02-01,2023/24,West Ham United,Bournemouth,1,1,D,11.0,9.0,11.0,12.0
2024-02-01,2023/24,Wolverhampton Wanderers,Manchester United,3,4,A,10.0,5.0,13.0,4.0
2024-02-03,2023/24,Sheffield United,Aston Villa,0,5,A,2.0,5.0,4.0,8.0
2024-02-03,2023/24,Newcastle United,Luton Town,4,4,D,3.0,10.0,9.0,4.0
2024-02-03,2023/24,Brighton,Crystal Palace,4,1,H,6.0,7.0,9.0,2.0
2024-02-03,2023/24,Everton,Tottenham Hotspur,2,2,D,2.0,10.0,7.0,5.0
2024-02-03,2023/24,Burnley,Fulham,2,2,D,4.0,4.0,4.0,0.0
2024-02-04,2023/24,Bournemouth,Nottingham Forest,1,1,D,7.0,6.0,10.0,4.0
2024-02-04,2023/24,Chelsea,Wolverhampton Wanderers,2,4,A,9.0,10.0,13.0,4.0
2024-02-04,2023/24,Manchester United,West Ham United,3,0,H,7.0,9.0,10.0,10.0
2024-02-04,2023/24,Arsenal,Liverpool,3,1,H,7.0,13.0,12.0,13.0
2024-02-05,2023/24,Brentford,Manchester City,1,3,A,3.0,13.0,6.0,10.0
2024-02-10,2023/24,Nottingham Forest,Newcastle United,2,3,A,7.0,4.0,3.0,3.0
2024-02-10,2023/24,Wolverhampton Wanderers,Brentford,0,2,A,10.0,3.0,10.0,0.0
2024-02-10,2023/24,Luton Town,Sheffield United,1,3,A,8.0,1.0,6.0,1.0
2024-02-10,2023/24,Tottenham Hotspur,Brighton,2,1,H,8.0,8.0,12.0,2.0
2024-02-10,2023/24,Fulham,Bournemouth,3,1,H,5.0,5.0,10.0,10.0
2024-02-10,2023/24,Manchester City,Everton,2,0,H,15.0,3.0,9.0,7.0
2024-02-10,2023/24,Liverpool,Burnley,3,1,H,12.0,2.0,11.0,4.0
2024-02-11,2023/24,West Ham United,Arsenal,0,6,A,6.0,9.0,9.0,7.0
2024-02-11,2023/24,Aston Villa,Manchester United,1,2,A,7.0,10.0,10.0,4.0
2024-02-12,2023/24,Crystal Palace,Chelsea,1,3,A,6.0,9.0,7.0,3.0
2024-02-17,2023/24,Tottenham Hotspur,Wolverhampton Wanderers,1,2,A,11.0,7.0,15.0,7.0
2024-02-17,2023/24,Brentford,Liverpool,1,4,A,6.0,12.0,6.0,12.0
2024-02-17,2023/24,Burnley,Arsenal,0,5,A,2.0,12.0,5.0,7.0
2024-02-17,2023/24,Fulham,Aston Villa,1,2,A,8.0,7.0,10.0,8.0
2024-02-17,2023/24,Newcastle United,Bournemouth,2,2,D,7.0,2.0,7.0,7.0
2024-02-17,2023/24,Nottingham Forest,West Ham United,2,0,H,4.0,3.0,3.0,7.0
2024-02-17,2023/24,Manchester City,Chelsea,1,1,D,15.0,9.0,11.0,6.0
2024-02-18,2023/24,Luton Town,Manchester United,1,2,A,5.0,10.0,6.0,7.0
2024-02-18,2023/24,Sheffield United,Brighton,0,5,A,4.0,5.0,4.0,2.0
2024-02-19,2023/24,Everton,Crystal Palace,1,1,D,3.0,6.0,8.0,2.0
2024-02-20,2023/24,Manchester City,Brentford,1,0,H,13.0,6.0,11.0,3.0
2024-02-21,2023/24,Liverpool,Luton Town,4,1,H,12.0,5.0,11.0,5.0
2024-02-24,2023/24,Aston Villa,Nottingham Forest,4,2,H,7.0,4.0,7.0,5.0
2024-02-24,2023/24,Brighton,Everton,1,1,D,7.0,4.0,11.0,4.0
2024-02-24,2023/24,Crystal Palace,Burnley,3,0,H,4.0,2.0,7.0,4.0
2024-02-24,2023/24,Manchester United,Fulham,1,2,A,13.0,5.0,10.0,1.0
2024-02-24,2023/24,Bournemouth,Manchester City,0,1,A,3.0,13.0,8.0,12.0
2024-02-24,2023/24,Arsenal,Newcastle United,4,1,H,15.0,8.0,12.0,6.0
2024-02-25,2023/24,Wolverhampton Wanderers,Sheffield United,1,0,H,7.0,4.0,7.0,4.0
2024-02-26,2023/24,West Ham United,Brentford,4,2,H,2.0,3.0,8.0,3.0
2024-03-02,2023/24,Luton Town,Aston Villa,2,3,A,4.0,9.0,6.0,10.0
2024-03-02,2023/24,Tottenham Hotspur,Crystal Palace,3,1,H,8.0,7.0,12.0,2.0
2024-03-02,2023/24,Newcastle United,Wolverhampton Wanderers,3,0,H,8.0,9.0,5.0,10.0
2024-03-02,2023/24,Nottingham Forest,Liverpool,0,1,A,4.0,12.0,6.0,12.0
2024-03-02,2023/24,Everton,West Ham United,1,3,A,4.0,4.0,6.0,4.0
2024-03-02,2023/24,Brentford,Chelsea,2,2,D,3.0,7.0,3.0,7.0
2024-03-02,2023/24,Fulham,Brighton,3,0,H,8.0,7.0,7.0,5.0
2024-03-03,2023/24,Burnley,Bournemouth,0,2,A,1.0,3.0,2.0,5.0
2024-03-03,2023/24,Manchester City,Manchester United,3,1,H,13.0,12.0,13.0,9.0
2024-03-04,2023/24,Sheffield United,Arsenal,0,6,A,3.0,15.0,4.0,10.0
2024-03-09,2023/24,Manchester United,Everton,2,0,H,9.0,3.0,7.0,2.0
2024-03-09,2023/24,Bournemouth,Sheffield United,2,2,D,5.0,3.0,5.0,4.0
2024-03-09,2023/24,Crystal Palace,Luton Town,1,1,D,4.0,1.0,10.0,5.0
2024-03-09,2023/24,Wolverhampton Wanderers,Fulham,2,1,H,9.0,10.0,9.0,4.0
2024-03-09,2023/24,Arsenal,Brentford,2,1,H,15.0,4.0,12.0,3.0
2024-03-10,2023/24,West Ham United,Burnley,2,2,D,6.0,1.0,8.0,3.0
2024-03-10,2023/24,Aston Villa,Tottenham Hotspur,0,4,A,12.0,10.0,7.0,6.0
2024-03-10,2023/24,Brighton,Nottingham Forest,1,0,H,7.0,4.0,9.0,5.0
2024-03-10,2023/24,Liverpool,Manchester City,1,1,D,12.0,13.0,13.0,15.0
2024-03-11,2023/24,Chelsea,Newcastle United,3,2,H,5.0,8.0,12.0,6.0
2024-03-13,2023/24,Bournemouth,Luton Town,4,3,H,5.0,1.0,5.0,6.0
2024-03-16,2023/24,Burnley,Brentford,2,1,H,1.0,1.0,2.0,3.0
2024-03-16,2023/24,Luton Town,Nottingham Forest,1,1,D,1.0,3.0,3.0,4.0
2024-03-16,2023/24,Fulham,Tottenham Hotspur,3,0,H,9.0,10.0,10.0,8.0
2024-03-17,2023/24,West Ham United,Aston Villa,1,1,D,7.0,9.0,6.0,10.0
2024-03-30,2023/24,Newcastle United,West Ham United,4,3,H,7.0,8.0,5.0,7.0
2024-03-30,2023/24,Bournemouth,Everton,2,1,H,8.0,2.0,5.0,2.0
2024-03-30,2023/24,Chelsea,Burnley,2,2,D,8.0,4.0,12.0,1.0
2024-03-30,2023/24,Nottingham Forest,Crystal Palace,1,1,D,4.0,5.0,6.0,1.0
2024-03-30,2023/24,Sheffield United,Fulham,3,3,D,4.0,9.0,1.0,4.0
2024-03-30,2023/24,Tottenham Hotspur,Luton Town,2,1,H,9.0,2.0,12.0,3.0
2024-03-30,2023/24,Aston Villa,Wolverhampton Wanderers,2,0,H,10.0,9.0,6.0,10.0
2024-03-30,2023/24,Brentford,Manchester United,1,1,D,1.0,9.0,4.0,9.0
2024-03-31,2023/24,Manchester City,Arsenal,0,0,D,11.0,15.0,13.0,12.0
2024-03-31,2023/24,Liverpool,Brighton,2,1,H,13.0,7.0,13.0,4.0
2024-04-02,2023/24,Newcastle United,Everton,1,1,D,7.0,2.0,8.0,2.0
2024-04-02,2023/24,Nottingham Forest,Fulham,3,1,H,2.0,10.0,4.0,5.0
2024-04-02,2023/24,Bournemouth,Crystal Palace,1,0,H,10.0,6.0,8.0,2.0
2024-04-02,2023/24,Burnley,Wolverhampton Wanderers,1,1,D,5.0,9.0,5.0,7.0
2024-04-02,2023/24,West Ham United,Tottenham Hotspur,1,1,D,8.0,9.0,6.0,5.0
2024-04-03,2023/24,Arsenal,Luton Town,2,0,H,13.0,2.0,12.0,2.0
2024-04-03,2023/24,Brentford,Brighton,0,0,D,2.0,7.0,5.0,3.0
2024-04-03,2023/24,Manchester City,Aston Villa,4,1,H,11.0,10.0,11.0,11.0
2024-04-04,2023/24,Liverpool,Sheffield United,3,1,H,13.0,2.0,13.0,4.0
2024-04-04,2023/24,Chelsea,Manchester United,4,3,H,9.0,7.0,10.0,10.0
2024-04-06,2023/24,Brighton,Arsenal,0,3,A,5.0,13.0,11.0,13.0
2024-04-06,2023/24,Wolverhampton Wanderers,West Ham United,1,2,A,7.0,6.0,9.0,4.0
2024-04-06,2023/24,Luton Town,Bournemouth,2,1,H,2.0,13.0,4.0,5.0
2024-04-06,2023/24,Everton,Burnley,1,0,H,2.0,6.0,3.0,2.0
2024-04-06,2023/24,Fulham,Newcastle United,0,1,A,7.0,7.0,10.0,6.0
2024-04-06,2023/24,Aston Villa,Brentford,3,3,D,7.0,3.0,6.0,3.0
2024-04-06,2023/24,Crystal Palace,Manchester City,2,4,A,5.0,11.0,10.0,13.0
2024-04-07,2023/24,Manchester United,Liverpool,2,2,D,4.0,13.0,10.0,12.0
2024-04-07,2023/24,Sheffield United,Chelsea,2,2,D,2.0,9.0,2.0,8.0
2024-04-07,2023/24,Tottenham Hotspur,Nottingham Forest,3,1,H,10.0,5.0,12.0,2.0
2024-04-13,2023/24,Newcastle United,Tottenham Hotspur,4,0,H,10.0,10.0,9.0,6.0
2024-04-13,2023/24,Brentford,Sheffield United,2,0,H,3.0,3.0,3.0,4.0
2024-04-13,2023/24,Burnley,Brighton,1,1,D,6.0,4.0,5.0,4.0
2024-04-13,2023/24,Manchester City,Luton Town,5,1,H,11.0,4.0,11.0,1.0
2024-04-13,2023/24,Nottingham Forest,Wolverhampton Wanderers,2,2,D,5.0,4.0,7.0,7.0
2024-04-13,2023/24,Bournemouth,Manchester United,2,2,D,10.0,5.0,10.0,7.0
2024-04-14,2023/24,Arsenal,Aston Villa,0,2,A,13.0,5.0,15.0,10.0
2024-04-14,2023/24,Liverpool,Crystal Palace,0,1,A,11.0,2.0,13.0,2.0
2024-04-14,2023/24,West Ham United,Fulham,0,2,A,6.0,4.0,6.0,5.0
2024-04-15,2023/24,Chelsea,Everton,6,0,H,9.0,4.0,10.0,2.0
2024-04-20,2023/24,Luton Town,Brentford,1,5,A,4.0,6.0,4.0,1.0
2024-04-20,2023/24,Sheffield United,Burnley,1,4,A,3.0,6.0,2.0,2.0
2024-04-20,2023/24,Wolverhampton Wanderers,Arsenal,0,2,A,5.0,10.0,6.0,13.0
2024-04-21,2023/24,Everton,Nottingham Forest,2,0,H,4.0,6.0,6.0,2.0
2024-04-21,2023/24,Aston Villa,Bournemouth,3,1,H,8.0,10.0,7.0,5.0
2024-04-21,2023/24,Crystal Palace,West Ham United,5,2,H,5.0,5.0,7.0,6.0
2024-04-21,2023/24,Fulham,Liverpool,1,3,A,7.0,8.0,9.0,10.0
2024-04-23,2023/24,Arsenal,Chelsea,5,0,H,10.0,11.0,12.0,6.0
2024-04-24,2023/24,Manchester United,Sheffield United,4,2,H,6.0,2.0,8.0,4.0
2024-04-24,2023/24,Everton,Liverpool,2,0,H,7.0,10.0,8.0,10.0
2024-04-24,2023/24,Wolverhampton Wanderers,Bournemouth,0,1,A,2.0,7.0,6.0,4.0
2024-04-24,2023/24,Crystal Palace,Newcastle United,2,0,H,7.0,10.0,7.0,9.0
2024-04-25,2023/24,Brighton,Manchester City,0,4,A,5.0,11.0,8.0,13.0
2024-04-27,2023/24,West Ham United,Liverpool,2,2,D,4.0,7.0,6.0,10.0
2024-04-27,2023/24,Fulham,Crystal Palace,1,1,D,4.0,9.0,6.0,5.0
2024-04-27,2023/24,Manchester United,Burnley,1,1,D,6.0,6.0,10.0,5.0
2024-04-27,2023/24,Newcastle United,Sheffield United,5,1,H,10.0,1.0,11.0,1.0
2024-04-27,2023/24,Wolverhampton Wanderers,Luton Town,2,1,H,2.0,3.0,6.0,1.0
2024-04-27,2023/24,Everton,Brentford,1,0,H,10.0,9.0,10.0,4.0
2024-04-27,2023/24,Aston Villa,Chelsea,2,2,D,10.0,8.0,10.0,6.0
2024-04-28,2023/24,Nottingham Forest,Manchester City,0,2,A,5.0,13.0,8.0,13.0
2024-04-28,2023/24,Bournemouth,Brighton,3,0,H,7.0,2.0,11.0,5.0
2024-04-28,2023/24,Tottenham Hotspur,Arsenal,2,3,A,7.0,12.0,12.0,13.0
2024-05-02,2023/24,Chelsea,Tottenham Hotspur,2,0,H,8.0,7.0,10.0,5.0
2024-05-03,2023/24,Luton Town,Everton,1,1,D,3.0,12.0,4.0,2.0
2024-05-04,2023/24,Manchester City,Wolverhampton Wanderers,5,1,H,15.0,4.0,13.0,5.0
2024-05-04,2023/24,Arsenal,Bournemouth,3,0,H,12.0,7.0,12.0,7.0
2024-05-04,2023/24,Brentford,Fulham,0,0,D,8.0,4.0,6.0,7.0
2024-05-04,2023/24,Burnley,Newcastle United,1,4,A,6.0,10.0,5.0,6.0
2024-05-04,2023/24,Sheffield United,Nottingham Forest,1,3,A,1.0,4.0,2.0,1.0
2024-05-05,2023/24,Chelsea,West Ham United,5,0,H,8.0,5.0,13.0,6.0
2024-05-05,2023/24,Liverpool,Tottenham Hotspur,4,2,H,5.0,4.0,10.0,4.0
2024-05-05,2023/24,Brighton,Aston Villa,1,0,H,2.0,8.0,7.0,10.0
2024-05-06,2023/24,Crystal Palace,Manchester United,4,0,H,10.0,6.0,10.0,5.0
2024-05-11,2023/24,Wolverhampton Wanderers,Crystal Palace,1,3,A,4.0,13.0,6.0,5.0
2024-05-11,2023/24,Nottingham Forest,Chelsea,2,3,A,4.0,10.0,5.0,4.0
2024-05-11,2023/24,Tottenham Hotspur,Burnley,2,1,H,3.0,5.0,9.0,6.0
2024-05-11,2023/24,West Ham United,Luton Town,3,1,H,4.0,4.0,4.0,0.0
2024-05-11,2023/24,Everton,Sheffield United,1,0,H,10.0,0.0,12.0,1.0
2024-05-11,2023/24,Newcastle United,Brighton,1,1,D,12.0,4.0,13.0,2.0
2024-05-11,2023/24,Bournemouth,Brentford,1,2,A,7.0,8.0,13.0,4.0
2024-05-11,2023/24,Fulham,Manchester City,0,4,A,5.0,15.0,7.0,13.0
2024-05-12,2023/24,Manchester United,Arsenal,0,1,A,6.0,12.0,8.0,13.0
2024-05-13,2023/24,Aston Villa,Liverpool,3,3,D,8.0,7.0,8.0,8.0
2024-05-14,2023/24,Tottenham Hotspur,Manchester City,0,2,A,3.0,15.0,12.0,13.0
2024-05-15,2023/24,Brighton,Chelsea,1,2,A,5.0,10.0,7.0,6.0
2024-05-15,2023/24,Manchester United,Newcastle United,3,2,H,5.0,10.0,8.0,6.0
2024-05-19,2023/24,Sheffield United,Tottenham Hotspur,0,3,A,0.0,3.0,2.0,1.0
2024-05-19,2023/24,Manchester City,West Ham United,3,1,H,15.0,4.0,13.0,6.0
2024-05-19,2023/24,Luton Town,Fulham,2,4,A,1.0,5.0,5.0,5.0
2024-05-19,2023/24,Liverpool,Wolverhampton Wanderers,2,0,H,8.0,3.0,10.0,2.0
2024-05-19,2023/24,Crystal Palace,Aston Villa,5,0,H,13.0,8.0,10.0,7.0
2024-05-19,2023/24,Chelsea,Bournemouth,2,1,H,13.0,6.0,13.0,6.0
2024-05-19,2023/24,Burnley,Nottingham Forest,1,2,A,5.0,4.0,5.0,4.0
2024-05-19,2023/24,Brighton,Manchester United,0,2,A,4.0,7.0,6.0,2.0
2024-05-19,2023/24,Brentford,Newcastle United,2,4,A,10.0,7.0,7.0,6.0
2024-05-19,2023/24,Arsenal,Everton,2,1,H,15.0,13.0,12.0,2.0
2024-08-16,2024/25,Manchester United,Fulham,1,0,H,,,,
2024-08-17,2024/25,Ipswich Town,Liverpool,0,2,A,,,,
2024-08-17,2024/25,Arsenal,Wolverhampton Wanderers,2,0,H,,,,
2024-08-17,2024/25,Everton,Brighton,0,3,A,,,,
2024-08-17,2024/25,Newcastle United,Southampton,1,0,H,,,,
2024-08-17,2024/25,Nottingham Forest,Bournemouth,1,1,D,,,,
2024-08-17,2024/25,West Ham United,Aston Villa,1,2,A,,,,
2024-08-18,2024/25,Brentford,Crystal Palace,2,1,H,,,,
2024-08-18,2024/25,Chelsea,Manchester City,0,2,A,,,,
2024-08-19,2024/25,Leicester City,Tottenham Hotspur,1,1,D,,,,
2024-08-24,2024/25,Brighton,Manchester United,2,1,H,,,,
2024-08-24,2024/25,Crystal Palace,West Ham United,0,2,A,,,,
2024-08-24,2024/25,Fulham,Leicester City,2,1,H,,,,
2024-08-24,2024/25,Manchester City,Ipswich Town,4,1,H,,,,
2024-08-24,2024/25,Southampton,Nottingham Forest,0,1,A,,,,
2024-08-24,2024/25,Tottenham Hotspur,Everton,4,0,H,,,,
2024-08-24,2024/25,Aston Villa,Arsenal,0,2,A,,,,
2024-08-25,2024/25,Bournemouth,Newcastle United,1,1,D,,,,
2024-08-25,2024/25,Wolverhampton Wanderers,Chelsea,2,6,A,,,,
2024-08-25,2024/25,Liverpool,Brentford,2,0,H,,,,
2024-08-31,2024/25,West Ham United,Manchester City,1,3,A,,,,
2024-08-31,2024/25,Nottingham Forest,Wolverhampton Wanderers,1,1,D,,,,
2024-08-31,2024/25,Leicester City,Aston Villa,1,2,A,,,,
2024-08-31,2024/25,Ipswich Town,Fulham,1,1,D,,,,
2024-08-31,2024/25,Everton,Bournemouth,2,3,A,,,,
2024-08-31,2024/25,Brentford,Southampton,3,1,H,,,,
2024-08-31,2024/25,Arsenal,Brighton,1,1,D,,,,
2024-09-01,2024/25,Chelsea,Crystal Palace,1,1,D,,,,
2024-09-01,2024/25,Newcastle United,Tottenham Hotspur,2,1,H,,,,
2024-09-01,2024/25,Manchester United,Liverpool,0,3,A,,,,
2024-09-14,2024/25,Southampton,Manchester United,0,3,A,,,,
2024-09-14,2024/25,Brighton,Ipswich Town,0,0,D,,,,
2024-09-14,2024/25,Crystal Palace,Leicester City,2,2,D,,,,
2024-09-14,2024/25,Fulham,West Ham United,1,1,D,,,,
2024-09-14,2024/25,Liverpool,Nottingham Forest,0,1,A,,,,
2024-09-14,2024/25,Manchester City,Brentford,2,1,H,,,,
2024-09-14,2024/25,Aston Villa,Everton,3,2,H,,,,
2024-09-14,2024/25,Bournemouth,Chelsea,0,1,A,,,,
2024-09-15,2024/25,Tottenham Hotspur,Arsenal,0,1,A,,,,
2024-09-15,2024/25,Wolverhampton Wanderers,Newcastle United,1,2,A,,,,
2024-09-21,2024/25,Crystal Palace,Manchester United,0,0,D,,,,
2024-09-21,2024/25,Southampton,Ipswich Town,1,1,D,,,,
2024-09-21,2024/25,Liverpool,Bournemouth,3,0,H,,,,
2024-09-21,2024/25,Tottenham Hotspur,Brentford,3,1,H,,,,
2024-09-21,2024/25,Fulham,Newcastle United,3,1,H,,,,
2024-09-21,2024/25,West Ham United,Chelsea,0,3,A,,,,
2024-09-21,2024/25,Leicester City,Everton,1,1,D,,,,
2024-09-21,2024/25,Aston Villa,Wolverhampton Wanderers,3,1,H,,,,
2024-09-22,2024/25,Brighton,Nottingham Forest,2,2,D,,,,
2024-09-22,2024/25,Manchester City,Arsenal,2,2,D,,,,
2024-09-28,2024/25,Newcastle United,Manchester City,1,1,D,10.0,13.0,,
2024-09-28,2024/25,Arsenal,Leicester City,4,2,H,11.0,3.0,,
2024-09-28,2024/25,Brentford,West Ham United,1,1,D,6.0,4.0,,
2024-09-28,2024/25,Chelsea,Brighton,4,2,H,10.0,9.0,,
2024-09-28,2024/25,Everton,Crystal Palace,2,1,H,1.0,3.0,,
2024-09-28,2024/25,Nottingham Forest,Fulham,0,1,A,9.0,8.0,,
2024-09-28,2024/25,Wolverhampton Wanderers,Liverpool,1,2,A,1.0,12.0,,
2024-09-29,2024/25,Ipswich Town,Aston Villa,2,2,D,3.0,12.0,,
2024-09-29,2024/25,Manchester United,Tottenham Hotspur,0,3,A,7.0,7.0,,
2024-09-30,2024/25,Bournemouth,Southampton,3,1,H,5.0,1.0,,
2024-10-05,2024/25,Crystal Palace,Liverpool,0,1,A,3.0,12.0,,
2024-10-05,2024/25,Arsenal,Southampton,3,1,H,11.0,1.0,,
2024-10-05,2024/25,Brentford,Wolverhampton Wanderers,5,3,H,4.0,1.0,,
2024-10-05,2024/25,Leicester City,Bournemouth,1,0,H,2.0,7.0,,
2024-10-05,2024/25,Manchester City,Fulham,3,2,H,11.0,11.0,,
2024-10-05,2024/25,West Ham United,Ipswich Town,4,1,H,5.0,4.0,,
2024-10-05,2024/25,Everton,Newcastle United,0,0,D,4.0,8.0,,
2024-10-06,2024/25,Aston Villa,Manchester United,0,0,D,10.0,4.0,,
2024-10-06,2024/25,Chelsea,Nottingham Forest,1,1,D,13.0,8.0,,
2024-10-06,2024/25,Brighton,Tottenham Hotspur,3,2,H,6.0,9.0,,
2024-10-19,2024/25,Bournemouth,Arsenal,2,0,H,6.0,11.0,,
2024-10-19,2024/25,Southampton,Leicester City,2,3,A,1.0,5.0,,
2024-10-19,2024/25,Newcastle United,Brighton,0,1,A,8.0,6.0,,
2024-10-19,2024/25,Manchester United,Brentford,2,1,H,5.0,7.0,,
2024-10-19,2024/25,Fulham,Aston Villa,1,3,A,8.0,11.0,,
2024-10-19,2024/25,Tottenham Hotspur,West Ham United,4,1,H,6.0,5.0,,
2024-10-19,2024/25,Ipswich Town,Everton,0,2,A,4.0,5.0,,
2024-10-20,2024/25,Wolverhampton Wanderers,Manchester City,1,2,A,1.0,11.0,,
2024-10-20,2024/25,Liverpool,Chelsea,2,1,H,12.0,11.0,,
2024-10-21,2024/25,Nottingham Forest,Crystal Palace,1,0,H,6.0,3.0,,
2024-10-25,2024/25,Leicester City,Nottingham Forest,1,3,A,8.0,8.0,,
2024-10-26,2024/25,Aston Villa,Bournemouth,1,1,D,11.0,6.0,,
2024-10-26,2024/25,Brentford,Ipswich Town,4,3,H,4.0,3.0,,
2024-10-26,2024/25,Brighton,Wolverhampton Wanderers,2,2,D,8.0,0.0,,
2024-10-26,2024/25,Manchester City,Southampton,1,0,H,11.0,1.0,,
2024-10-26,2024/25,Everton,Fulham,1,1,D,8.0,7.0,,
2024-10-27,2024/25,Arsenal,Liverpool,2,2,D,10.0,12.0,,
2024-10-27,2024/25,West Ham United,Manchester United,2,1,H,5.0,8.0,,
2024-10-27,2024/25,Crystal Palace,Tottenham Hotspur,1,0,H,2.0,9.0,,
2024-10-27,2024/25,Chelsea,Newcastle United,2,1,H,10.0,5.0,,
2024-11-02,2024/25,Newcastle United,Arsenal,1,0,H,2.0,8.0,,
2024-11-02,2024/25,Bournemouth,Manchester City,2,1,H,7.0,11.0,,
2024-11-02,2024/25,Ipswich Town,Leicester City,1,1,D,2.0,7.0,,
2024-11-02,2024/25,Liverpool,Brighton,2,1,H,13.0,8.0,,
2024-11-02,2024/25,Nottingham Forest,West Ham United,3,0,H,8.0,7.0,,
2024-11-02,2024/25,Southampton,Everton,1,0,H,1.0,9.0,,
2024-11-02,2024/25,Wolverhampton Wanderers,Crystal Palace,2,2,D,1.0,4.0,,
2024-11-03,2024/25,Tottenham Hotspur,Aston Villa,4,1,H,9.0,9.0,,
2024-11-03,2024/25,Manchester United,Chelsea,1,1,D,5.0,10.0,,
2024-11-04,2024/25,Fulham,Brentford,2,1,H,7.0,7.0,,
2024-11-09,2024/25,Liverpool,Aston Villa,2,0,H,13.0,6.0,12.0,10.0
2024-11-09,2024/25,Brighton,Manchester City,2,1,H,7.0,10.0,9.0,10.0
2024-11-09,2024/25,Wolverhampton Wanderers,Southampton,2,0,H,2.0,3.0,1.0,0.0
2024-11-09,2024/25,West Ham United,Everton,0,0,D,7.0,8.0,6.0,4.0
2024-11-09,2024/25,Brentford,Bournemouth,3,2,H,7.0,10.0,13.0,5.0
2024-11-09,2024/25,Crystal Palace,Fulham,0,2,A,4.0,7.0,5.0,5.0
2024-11-10,2024/25,Manchester United,Leicester City,3,0,H,5.0,7.0,7.0,5.0
2024-11-10,2024/25,Nottingham Forest,Newcastle United,1,3,A,10.0,5.0,8.0,5.0
2024-11-10,2024/25,Tottenham Hotspur,Ipswich Town,1,2,A,9.0,2.0,12.0,2.0
2024-11-10,2024/25,Chelsea,Arsenal,1,1,D,8.0,7.0,8.0,7.0
2024-11-23,2024/25,Leicester City,Chelsea,1,2,A,7.0,6.0,5.0,10.0
2024-11-23,2024/25,Arsenal,Nottingham Forest,3,0,H,5.0,10.0,11.0,11.0
2024-11-23,2024/25,Aston Villa,Crystal Palace,2,2,D,5.0,4.0,8.0,2.0
2024-11-23,2024/25,Bournemouth,Brighton,1,2,A,7.0,10.0,10.0,7.0
2024-11-23,2024/25,Everton,Brentford,0,0,D,6.0,9.0,5.0,0.0
2024-11-23,2024/25,Fulham,Wolverhampton Wanderers,1,4,A,7.0,5.0,10.0,2.0
2024-11-23,2024/25,Manchester City,Tottenham Hotspur,0,4,A,9.0,6.0,13.0,4.0
2024-11-24,2024/25,Southampton,Liverpool,2,3,A,3.0,13.0,4.0,13.0
2024-11-24,2024/25,Ipswich Town,Manchester United,1,1,D,4.0,8.0,3.0,5.0
2024-11-25,2024/25,Newcastle United,West Ham United,0,2,A,7.0,7.0,10.0,5.0
2024-11-29,2024/25,Brighton,Southampton,1,1,D,10.0,3.0,9.0,0.0
2024-11-30,2024/25,Brentford,Leicester City,4,1,H,7.0,4.0,13.0,5.0
2024-11-30,2024/25,Crystal Palace,Newcastle United,1,1,D,5.0,6.0,5.0,7.0
2024-11-30,2024/25,Nottingham Forest,Ipswich Town,1,0,H,9.0,5.0,7.0,5.0
2024-11-30,2024/25,Wolverhampton Wanderers,Bournemouth,2,4,A,8.0,7.0,4.0,4.0
2024-11-30,2024/25,West Ham United,Arsenal,2,5,A,7.0,5.0,7.0,5.0
2024-12-01,2024/25,Chelsea,Aston Villa,3,0,H,8.0,5.0,9.0,7.0
2024-12-01,2024/25,Manchester United,Everton,4,0,H,8.0,6.0,7.0,5.0
2024-12-01,2024/25,Tottenham Hotspur,Fulham,1,1,D,9.0,7.0,9.0,8.0
2024-12-01,2024/25,Liverpool,Manchester City,2,0,H,13.0,6.0,12.0,7.0
2024-12-03,2024/25,Ipswich Town,Crystal Palace,0,1,A,5.0,6.0,4.0,3.0
2024-12-03,2024/25,Leicester City,West Ham United,3,1,H,1.0,7.0,4.0,5.0
2024-12-04,2024/25,Aston Villa,Brentford,3,1,H,2.0,10.0,9.0,1.0
2024-12-04,2024/25,Arsenal,Manchester United,2,0,H,8.0,8.0,11.0,6.0
2024-12-04,2024/25,Southampton,Chelsea,1,5,A,4.0,11.0,4.0,10.0
2024-12-04,2024/25,Everton,Wolverhampton Wanderers,4,0,H,3.0,8.0,6.0,5.0
2024-12-04,2024/25,Manchester City,Nottingham Forest,3,0,H,3.0,9.0,10.0,8.0
2024-12-04,2024/25,Newcastle United,Liverpool,3,3,D,7.0,13.0,7.0,13.0
2024-12-05,2024/25,Fulham,Brighton,3,1,H,8.0,8.0,7.0,7.0
2024-12-05,2024/25,Bournemouth,Tottenham Hotspur,1,0,H,7.0,7.0,9.0,6.0
2024-12-07,2024/25,Aston Villa,Southampton,1,0,H,4.0,4.0,9.0,1.0
2024-12-07,2024/25,Brentford,Newcastle United,4,2,H,7.0,8.0,13.0,5.0
2024-12-07,2024/25,Crystal Palace,Manchester City,2,2,D,6.0,3.0,5.0,4.0
2024-12-07,2024/25,Manchester United,Nottingham Forest,2,3,A,8.0,6.0,10.0,5.0
2024-12-08,2024/25,Fulham,Arsenal,1,1,D,10.0,10.0,9.0,5.0
2024-12-08,2024/25,Ipswich Town,Bournemouth,1,2,A,5.0,9.0,3.0,4.0
2024-12-08,2024/25,Leicester City,Brighton,2,2,D,4.0,7.0,7.0,6.0
2024-12-08,2024/25,Tottenham Hotspur,Chelsea,3,4,A,7.0,11.0,10.0,10.0
2024-12-09,2024/25,West Ham United,Wolverhampton Wanderers,2,1,H,4.0,7.0,7.0,4.0
2024-12-14,2024/25,Arsenal,Everton,0,0,D,11.0,5.0,13.0,5.0
2024-12-14,2024/25,Liverpool,Fulham,2,2,D,13.0,8.0,15.0,8.0
2024-12-14,2024/25,Newcastle United,Leicester City,4,0,H,5.0,4.0,5.0,4.0
2024-12-14,2024/25,Wolverhampton Wanderers,Ipswich Town,1,2,A,6.0,4.0,4.0,4.0
2024-12-14,2024/25,Nottingham Forest,Aston Villa,2,1,H,6.0,7.0,9.0,4.0
2024-12-15,2024/25,Brighton,Crystal Palace,1,3,A,8.0,6.0,9.0,5.0
2024-12-15,2024/25,Manchester City,Manchester United,1,2,A,4.0,7.0,10.0,3.0
2024-12-15,2024/25,Chelsea,Brentford,2,1,H,13.0,10.0,11.0,1.0
2024-12-15,2024/25,Southampton,Tottenham Hotspur,0,5,A,1.0,4.0,4.0,6.0
2024-12-16,2024/25,Bournemouth,West Ham United,1,1,D,9.0,7.0,12.0,4.0
2024-12-21,2024/25,Crystal Palace,Arsenal,1,5,A,9.0,11.0,5.0,5.0
2024-12-21,2024/25,Ipswich Town,Newcastle United,0,4,A,4.0,5.0,2.0,5.0
2024-12-21,2024/25,West Ham United,Brighton,1,1,D,7.0,5.0,10.0,7.0
2024-12-21,2024/25,Aston Villa,Manchester City,2,1,H,7.0,4.0,9.0,4.0
2024-12-21,2024/25,Brentford,Nottingham Forest,0,2,A,7.0,9.0,15.0,7.0
2024-12-22,2024/25,Everton,Chelsea,0,0,D,6.0,15.0,9.0,10.0
2024-12-22,2024/25,Fulham,Southampton,0,0,D,6.0,1.0,7.0,1.0
2024-12-22,2024/25,Leicester City,Wolverhampton Wanderers,0,3,A,4.0,3.0,7.0,4.0
2024-12-22,2024/25,Manchester United,Bournemouth,0,3,A,7.0,10.0,10.0,7.0
2024-12-22,2024/25,Tottenham Hotspur,Liverpool,3,6,A,7.0,11.0,7.0,11.0
2024-12-26,2024/25,Manchester City,Everton,1,1,D,4.0,6.0,9.0,5.0
2024-12-26,2024/25,Bournemouth,Crystal Palace,0,0,D,13.0,8.0,10.0,8.0
2024-12-26,2024/25,Chelsea,Fulham,1,2,A,13.0,7.0,11.0,6.0
2024-12-26,2024/25,Newcastle United,Aston Villa,3,0,H,8.0,9.0,7.0,3.0
2024-12-26,2024/25,Nottingham Forest,Tottenham Hotspur,1,0,H,12.0,4.0,12.0,6.0
2024-12-26,2024/25,Southampton,West Ham United,0,1,A,2.0,5.0,3.0,4.0
2024-12-26,2024/25,Wolverhampton Wanderers,Manchester United,2,0,H,3.0,6.0,4.0,5.0
2024-12-26,2024/25,Liverpool,Leicester City,3,1,H,11.0,4.0,13.0,4.0
2024-12-27,2024/25,Arsenal,Ipswich Town,1,0,H,11.0,3.0,11.0,6.0
2024-12-27,2024/25,Brighton,Brentford,0,0,D,3.0,6.0,8.0,1.0
2024-12-29,2024/25,Leicester City,Manchester City,0,2,A,4.0,5.0,4.0,1.0
2024-12-29,2024/25,Crystal Palace,Southampton,2,1,H,8.0,1.0,5.0,2.0
2024-12-29,2024/25,Everton,Nottingham Forest,0,2,A,6.0,12.0,7.0,9.0
2024-12-29,2024/25,Fulham,Bournemouth,2,2,D,9.0,11.0,8.0,10.0
2024-12-29,2024/25,Tottenham Hotspur,Wolverhampton Wanderers,2,2,D,3.0,6.0,4.0,7.0
2024-12-29,2024/25,West Ham United,Liverpool,0,5,A,8.0,11.0,8.0,11.0
2024-12-30,2024/25,Aston Villa,Brighton,2,2,D,9.0,3.0,11.0,5.0
2024-12-30,2024/25,Ipswich Town,Chelsea,2,0,H,3.0,10.0,2.0,11.0
2024-12-30,2024/25,Manchester United,Newcastle United,0,2,A,3.0,10.0,7.0,7.0
2025-01-01,2024/25,Brentford,Arsenal,1,3,A,4.0,11.0,12.0,8.0
2025-01-04,2024/25,Brighton,Arsenal,1,1,D,4.0,11.0,6.0,11.0
2025-01-04,2024/25,Southampton,Brentford,0,5,A,1.0,4.0,3.0,2.0
2025-01-04,2024/25,Manchester City,West Ham United,4,1,H,5.0,8.0,7.0,7.0
2025-01-04,2024/25,Crystal Palace,Chelsea,1,1,D,8.0,7.0,5.0,10.0
2025-01-04,2024/25,Bournemouth,Everton,1,0,H,9.0,6.0,8.0,3.0
2025-01-04,2024/25,Aston Villa,Leicester City,2,1,H,7.0,1.0,11.0,1.0
2025-01-04,2024/25,Tottenham Hotspur,Newcastle United,1,2,A,4.0,12.0,2.0,10.0
2025-01-05,2024/25,Fulham,Ipswich Town,2,2,D,7.0,6.0,6.0,6.0
2025-01-05,2024/25,Liverpool,Manchester United,2,2,D,11.0,3.0,13.0,4.0
2025-01-06,2024/25,Wolverhampton Wanderers,Nottingham Forest,0,3,A,7.0,15.0,7.0,9.0
2025-01-14,2024/25,Brentford,Manchester City,2,2,D,4.0,7.0,9.0,4.0
2025-01-14,2024/25,Chelsea,Bournemouth,2,2,D,5.0,9.0,10.0,10.0
2025-01-14,2024/25,West Ham United,Fulham,3,2,H,5.0,7.0,5.0,9.0
2025-01-14,2024/25,Nottingham Forest,Liverpool,1,1,D,15.0,11.0,12.0,11.0
2025-01-15,2024/25,Everton,Aston Villa,0,1,A,3.0,7.0,6.0,0.0
2025-01-15,2024/25,Leicester City,Crystal Palace,0,2,A,0.0,8.0,4.0,9.0
2025-01-15,2024/25,Newcastle United,Wolverhampton Wanderers,3,0,H,15.0,7.0,10.0,7.0
2025-01-15,2024/25,Arsenal,Tottenham Hotspur,2,1,H,11.0,4.0,11.0,6.0
2025-01-16,2024/25,Manchester United,Southampton,3,1,H,4.0,1.0,6.0,2.0
2025-01-16,2024/25,Ipswich Town,Brighton,0,2,A,7.0,4.0,4.0,6.0
2025-01-18,2024/25,Newcastle United,Bournemouth,1,4,A,15.0,9.0,10.0,11.0
2025-01-18,2024/25,Brentford,Liverpool,0,2,A,5.0,11.0,7.0,11.0
2025-01-18,2024/25,Leicester City,Fulham,0,2,A,0.0,6.0,4.0,8.0
2025-01-18,2024/25,West Ham United,Crystal Palace,0,2,A,7.0,8.0,7.0,11.0
2025-01-18,2024/25,Arsenal,Aston Villa,2,2,D,13.0,10.0,13.0,3.0
2025-01-19,2024/25,Everton,Tottenham Hotspur,3,2,H,2.0,1.0,5.0,6.0
2025-01-19,2024/25,Manchester United,Brighton,1,3,A,4.0,7.0,6.0,6.0
2025-01-19,2024/25,Nottingham Forest,Southampton,3,2,H,13.0,1.0,10.0,2.0
2025-01-19,2024/25,Ipswich Town,Manchester City,0,6,A,4.0,8.0,3.0,5.0
2025-01-20,2024/25,Chelsea,Wolverhampton Wanderers,3,1,H,3.0,7.0,8.0,4.0
2025-01-25,2024/25,Wolverhampton Wanderers,Arsenal,0,1,A,4.0,11.0,6.0,11.0
2025-01-25,2024/25,Manchester City,Chelsea,3,1,H,11.0,5.0,7.0,8.0
2025-01-25,2024/25,Southampton,Newcastle United,1,3,A,0.0,12.0,0.0,10.0
2025-01-25,2024/25,Liverpool,Ipswich Town,4,1,H,11.0,4.0,11.0,7.0
2025-01-25,2024/25,Bournemouth,Nottingham Forest,5,0,H,9.0,13.0,8.0,12.0
2025-01-25,2024/25,Brighton,Everton,0,1,A,9.0,4.0,6.0,3.0
2025-01-26,2024/25,Crystal Palace,Brentford,1,2,A,11.0,5.0,6.0,5.0
2025-01-26,2024/25,Tottenham Hotspur,Leicester City,1,2,A,1.0,0.0,2.0,0.0
2025-01-26,2024/25,Aston Villa,West Ham United,1,1,D,8.0,6.0,13.0,7.0
2025-01-26,2024/25,Fulham,Manchester United,0,1,A,8.0,4.0,7.0,5.0
2025-02-01,2024/25,Nottingham Forest,Brighton,7,0,H,10.0,8.0,13.0,9.0
2025-02-01,2024/25,Bournemouth,Liverpool,0,2,A,11.0,11.0,11.0,11.0
2025-02-01,2024/25,Everton,Leicester City,4,0,H,6.0,3.0,7.0,3.0
2025-02-01,2024/25,Ipswich Town,Southampton,1,2,A,4.0,0.0,3.0,1.0
2025-02-01,2024/25,Newcastle United,Fulham,1,2,A,12.0,5.0,10.0,8.0
2025-02-01,2024/25,Wolverhampton Wanderers,Aston Villa,2,0,H,1.0,9.0,3.0,4.0
2025-02-02,2024/25,Arsenal,Manchester City,5,1,H,11.0,13.0,11.0,8.0
2025-02-02,2024/25,Manchester United,Crystal Palace,0,2,A,7.0,10.0,3.0,13.0
2025-02-02,2024/25,Brentford,Tottenham Hotspur,0,2,A,7.0,1.0,4.0,3.0
2025-02-03,2024/25,Chelsea,West Ham United,2,1,H,5.0,4.0,10.0,5.0
2025-02-12,2024/25,Everton,Liverpool,2,2,D,9.0,11.0,7.0,13.0
2025-02-14,2024/25,Brighton,Chelsea,3,0,H,7.0,8.0,3.0,5.0
2025-02-15,2024/25,Leicester City,Arsenal,0,2,A,3.0,11.0,1.0,11.0
2025-02-15,2024/25,Aston Villa,Ipswich Town,1,1,D,8.0,1.0,11.0,4.0
2025-02-15,2024/25,Fulham,Nottingham Forest,2,1,H,7.0,10.0,4.0,12.0
2025-02-15,2024/25,Manchester City,Newcastle United,4,0,H,10.0,9.0,10.0,12.0
2025-02-15,2024/25,Southampton,Bournemouth,1,3,A,3.0,10.0,0.0,11.0
2025-02-15,2024/25,West Ham United,Brentford,0,1,A,4.0,7.0,7.0,7.0
2025-02-15,2024/25,Crystal Palace,Everton,1,2,A,10.0,10.0,5.0,5.0
2025-02-16,2024/25,Liverpool,Wolverhampton Wanderers,2,1,H,11.0,3.0,11.0,4.0
2025-02-16,2024/25,Tottenham Hotspur,Manchester United,1,0,H,3.0,7.0,1.0,7.0
2025-02-19,2024/25,Aston Villa,Liverpool,2,2,D,6.0,13.0,9.0,11.0
2025-02-21,2024/25,Leicester City,Brentford,0,4,A,3.0,7.0,0.0,10.0
2025-02-22,2024/25,Everton,Manchester United,2,2,D,13.0,6.0,7.0,7.0
2025-02-22,2024/25,Arsenal,West Ham United,0,1,A,13.0,4.0,11.0,5.0
2025-02-22,2024/25,Bournemouth,Wolverhampton Wanderers,0,1,A,10.0,3.0,8.0,4.0
2025-02-22,2024/25,Fulham,Crystal Palace,0,2,A,9.0,9.0,6.0,13.0
2025-02-22,2024/25,Ipswich Town,Tottenham Hotspur,1,4,A,1.0,6.0,3.0,6.0
2025-02-22,2024/25,Southampton,Brighton,0,4,A,3.0,9.0,0.0,8.0
2025-02-22,2024/25,Aston Villa,Chelsea,2,1,H,4.0,7.0,7.0,2.0
2025-02-23,2024/25,Newcastle United,Nottingham Forest,4,3,H,6.0,7.0,9.0,9.0
2025-02-23,2024/25,Manchester City,Liverpool,0,2,A,10.0,11.0,10.0,9.0
2025-02-25,2024/25,Brighton,Bournemouth,2,1,H,9.0,9.0,5.0,11.0
2025-02-25,2024/25,Crystal Palace,Aston Villa,4,1,H,9.0,6.0,4.0,4.0
2025-02-25,2024/25,Wolverhampton Wanderers,Fulham,1,2,A,6.0,9.0,6.0,10.0
2025-02-25,2024/25,Chelsea,Southampton,4,0,H,6.0,3.0,10.0,4.0
2025-02-26,2024/25,Liverpool,Newcastle United,2,0,H,11.0,6.0,11.0,12.0
2025-02-26,2024/25,Tottenham Hotspur,Manchester City,0,1,A,9.0,9.0,4.0,7.0
2025-02-26,2024/25,Manchester United,Ipswich Town,3,2,H,4.0,1.0,3.0,5.0
2025-02-26,2024/25,Brentford,Everton,1,1,D,9.0,11.0,1.0,8.0
2025-02-26,2024/25,Nottingham Forest,Arsenal,0,0,D,6.0,10.0,13.0,13.0
2025-02-27,2024/25,West Ham United,Leicester City,2,0,H,4.0,3.0,4.0,3.0
2025-03-08,2024/25,Nottingham Forest,Manchester City,1,0,H,4.0,9.0,11.0,10.0
2025-03-08,2024/25,Brighton,Fulham,2,1,H,9.0,9.0,8.0,12.0
2025-03-08,2024/25,Crystal Palace,Ipswich Town,1,0,H,9.0,1.0,7.0,2.0
2025-03-08,2024/25,Liverpool,Southampton,3,1,H,11.0,3.0,13.0,3.0
2025-03-08,2024/25,Brentford,Aston Villa,0,1,A,10.0,5.0,2.0,4.0
2025-03-08,2024/25,Wolverhampton Wanderers,Everton,1,1,D,6.0,9.0,6.0,8.0
2025-03-09,2024/25,Manchester United,Arsenal,1,1,D,7.0,10.0,6.0,11.0
2025-03-09,2024/25,Chelsea,Leicester City,1,0,H,6.0,3.0,10.0,3.0
2025-03-09,2024/25,Tottenham Hotspur,Bournemouth,2,2,D,9.0,6.0,4.0,8.0
2025-03-10,2024/25,West Ham United,Newcastle United,0,1,A,7.0,6.0,6.0,9.0
2025-03-15,2024/25,Bournemouth,Brentford,1,2,A,4.0,7.0,7.0,13.0
2025-03-15,2024/25,Southampton,Wolverhampton Wanderers,1,2,A,3.0,7.0,0.0,4.0
2025-03-15,2024/25,Ipswich Town,Nottingham Forest,2,4,A,1.0,7.0,3.0,6.0
2025-03-15,2024/25,Manchester City,Brighton,2,2,D,6.0,12.0,10.0,10.0
2025-03-15,2024/25,Everton,West Ham United,1,1,D,7.0,6.0,8.0,7.0
2025-03-16,2024/25,Arsenal,Chelsea,1,0,H,8.0,9.0,10.0,1.0
2025-03-16,2024/25,Fulham,Tottenham Hotspur,2,0,H,9.0,10.0,5.0,6.0
2025-03-16,2024/25,Leicester City,Manchester United,0,3,A,0.0,5.0,0.0,5.0
2025-04-01,2024/25,Arsenal,Fulham,2,1,H,8.0,9.0,10.0,9.0
2025-04-01,2024/25,Wolverhampton Wanderers,West Ham United,1,0,H,7.0,7.0,4.0,5.0
2025-04-01,2024/25,Nottingham Forest,Manchester United,1,0,H,7.0,8.0,11.0,8.0
2025-04-02,2024/25,Southampton,Crystal Palace,1,1,D,0.0,12.0,0.0,13.0
2025-04-02,2024/25,Newcastle United,Brentford,2,1,H,6.0,10.0,9.0,15.0
2025-04-02,2024/25,Liverpool,Everton,1,0,H,13.0,7.0,13.0,8.0
2025-04-02,2024/25,Brighton,Aston Villa,0,3,A,13.0,8.0,10.0,7.0
2025-04-02,2024/25,Bournemouth,Ipswich Town,1,2,A,4.0,1.0,6.0,2.0
2025-04-02,2024/25,Manchester City,Leicester City,2,0,H,7.0,0.0,10.0,3.0
2025-04-03,2024/25,Chelsea,Tottenham Hotspur,1,0,H,6.0,7.0,13.0,6.0
2025-04-05,2024/25,Everton,Arsenal,1,1,D,4.0,8.0,9.0,9.0
2025-04-05,2024/25,Crystal Palace,Brighton,2,1,H,10.0,10.0,7.0,10.0
2025-04-05,2024/25,Ipswich Town,Wolverhampton Wanderers,1,2,A,3.0,10.0,0.0,6.0
2025-04-05,2024/25,West Ham United,Bournemouth,2,2,D,7.0,1.0,6.0,8.0
2025-04-05,2024/25,Aston Villa,Nottingham Forest,2,1,H,10.0,10.0,9.0,6.0
2025-04-06,2024/25,Brentford,Chelsea,0,0,D,7.0,9.0,2.0,1.0
2025-04-06,2024/25,Fulham,Liverpool,3,2,H,6.0,13.0,7.0,11.0
2025-04-06,2024/25,Tottenham Hotspur,Southampton,3,1,H,4.0,1.0,4.0,3.0
2025-04-06,2024/25,Manchester United,Manchester City,0,0,D,8.0,7.0,7.0,7.0
2025-04-07,2024/25,Leicester City,Newcastle United,0,3,A,0.0,9.0,0.0,9.0
2025-04-12,2024/25,Southampton,Aston Villa,0,3,A,1.0,12.0,1.0,7.0
2025-04-12,2024/25,Nottingham Forest,Everton,0,1,A,10.0,4.0,13.0,8.0
2025-04-12,2024/25,Arsenal,Brentford,1,1,D,9.0,5.0,10.0,12.0
2025-04-12,2024/25,Manchester City,Crystal Palace,5,2,H,8.0,13.0,10.0,13.0
2025-04-12,2024/25,Brighton,Leicester City,2,2,D,7.0,0.0,9.0,3.0
2025-04-13,2024/25,Chelsea,Ipswich Town,2,2,D,10.0,3.0,15.0,4.0
2025-04-13,2024/25,Liverpool,West Ham United,2,1,H,12.0,5.0,15.0,5.0
2025-04-13,2024/25,Wolverhampton Wanderers,Tottenham Hotspur,4,2,H,10.0,4.0,7.0,6.0
2025-04-13,2024/25,Newcastle United,Manchester United,4,1,H,12.0,8.0,9.0,7.0
2025-04-14,2024/25,Bournemouth,Fulham,1,0,H,2.0,9.0,3.0,9.0
2025-04-16,2024/25,Newcastle United,Crystal Palace,5,0,H,12.0,10.0,9.0,10.0
2025-04-19,2024/25,Brentford,Brighton,4,2,H,5.0,5.0,2.0,7.0
2025-04-19,2024/25,Crystal Palace,Bournemouth,0,0,D,7.0,5.0,9.0,8.0
2025-04-19,2024/25,Everton,Manchester City,0,2,A,6.0,8.0,7.0,7.0
2025-04-19,2024/25,West Ham United,Southampton,1,1,D,2.0,1.0,4.0,3.0
2025-04-19,2024/25,Aston Villa,Newcastle United,4,1,H,12.0,15.0,9.0,9.0
2025-04-20,2024/25,Leicester City,Liverpool,0,1,A,1.0,12.0,0.0,8.0
2025-04-20,2024/25,Manchester United,Wolverhampton Wanderers,0,1,A,5.0,13.0,5.0,9.0
2025-04-20,2024/25,Fulham,Chelsea,1,2,A,6.0,8.0,9.0,1.0
2025-04-20,2024/25,Ipswich Town,Arsenal,0,4,A,4.0,9.0,0.0,9.0
2025-04-21,2024/25,Tottenham Hotspur,Nottingham Forest,1,2,A,4.0,9.0,7.0,3.0
2025-04-22,2024/25,Manchester City,Aston Villa,2,1,H,11.0,15.0,10.0,9.0
2025-04-23,2024/25,Arsenal,Crystal Palace,2,2,D,11.0,5.0,10.0,7.0
2025-04-26,2024/25,Chelsea,Everton,1,0,H,8.0,5.0,13.0,8.0
2025-04-26,2024/25,Brighton,West Ham United,3,2,H,2.0,3.0,10.0,4.0
2025-04-26,2024/25,Newcastle United,Ipswich Town,3,0,H,12.0,4.0,12.0,5.0
2025-04-26,2024/25,Southampton,Fulham,1,2,A,2.0,6.0,1.0,6.0
2025-04-26,2024/25,Wolverhampton Wanderers,Leicester City,3,0,H,15.0,1.0,10.0,1.0
2025-04-27,2024/25,Bournemouth,Manchester United,1,1,D,5.0,4.0,3.0,4.0
2025-04-27,2024/25,Liverpool,Tottenham Hotspur,5,1,H,12.0,3.0,15.0,6.0
2025-05-01,2024/25,Nottingham Forest,Brentford,0,2,A,9.0,8.0,10.0,10.0
2025-05-02,2024/25,Manchester City,Wolverhampton Wanderers,1,0,H,13.0,15.0,10.0,12.0
2025-05-03,2024/25,Arsenal,Bournemouth,1,2,A,9.0,6.0,8.0,6.0
2025-05-03,2024/25,Leicester City,Southampton,2,0,H,1.0,2.0,0.0,4.0
2025-05-03,2024/25,Aston Villa,Fulham,1,0,H,12.0,6.0,11.0,6.0
2025-05-03,2024/25,Everton,Ipswich Town,2,2,D,4.0,4.0,4.0,4.0
2025-05-04,2024/25,Brentford,Manchester United,4,3,H,8.0,2.0,5.0,5.0
2025-05-04,2024/25,Brighton,Newcastle United,1,1,D,4.0,12.0,10.0,6.0
2025-05-04,2024/25,West Ham United,Tottenham Hotspur,1,1,D,2.0,3.0,5.0,3.0
2025-05-04,2024/25,Chelsea,Liverpool,3,1,H,11.0,12.0,13.0,8.0
2025-05-05,2024/25,Crystal Palace,Nottingham Forest,1,1,D,5.0,6.0,10.0,6.0
2025-05-10,2024/25,Fulham,Everton,1,3,A,6.0,5.0,9.0,5.0
2025-05-10,2024/25,Ipswich Town,Brentford,0,1,A,2.0,11.0,0.0,10.0
2025-05-10,2024/25,Southampton,Manchester City,0,0,D,1.0,13.0,1.0,7.0
2025-05-10,2024/25,Wolverhampton Wanderers,Brighton,0,2,A,12.0,5.0,10.0,4.0
2025-05-10,2024/25,Bournemouth,Aston Villa,0,1,A,9.0,12.0,4.0,9.0
2025-05-11,2024/25,Liverpool,Arsenal,2,2,D,9.0,6.0,15.0,9.0
2025-05-11,2024/25,Tottenham Hotspur,Crystal Palace,0,2,A,4.0,3.0,7.0,5.0
2025-05-11,2024/25,Newcastle United,Chelsea,2,0,H,10.0,11.0,15.0,4.0
2025-05-11,2024/25,Manchester United,West Ham United,0,2,A,2.0,3.0,5.0,4.0
2025-05-11,2024/25,Nottingham Forest,Leicester City,2,2,D,4.0,4.0,7.0,1.0
2025-05-16,2024/25,Aston Villa,Tottenham Hotspur,2,0,H,12.0,1.0,13.0,1.0
2025-05-16,2024/25,Chelsea,Manchester United,1,0,H,10.0,1.0,13.0,4.0
2025-05-18,2024/25,Arsenal,Newcastle United,1,0,H,6.0,10.0,8.0,7.0
2025-05-18,2024/25,Everton,Southampton,2,0,H,7.0,2.0,4.0,1.0
2025-05-18,2024/25,West Ham United,Nottingham Forest,1,2,A,5.0,5.0,6.0,7.0
2025-05-18,2024/25,Brentford,Fulham,2,3,A,13.0,3.0,8.0,3.0
2025-05-18,2024/25,Leicester City,Ipswich Town,2,0,H,5.0,2.0,3.0,5.0
2025-05-19,2024/25,Brighton,Liverpool,3,2,H,8.0,10.0,8.0,7.0
2025-05-20,2024/25,Manchester City,Bournemouth,3,1,H,13.0,8.0,13.0,6.0
2025-05-20,2024/25,Crystal Palace,Wolverhampton Wanderers,4,2,H,6.0,9.0,11.0,12.0
2025-05-25,2024/25,Wolverhampton Wanderers,Brentford,1,1,D,6.0,12.0,10.0,10.0
2025-05-25,2024/25,Tottenham Hotspur,Brighton,1,4,A,1.0,10.0,4.0,7.0
2025-05-25,2024/25,Nottingham Forest,Chelsea,0,1,A,8.0,12.0,7.0,4.0
2025-05-25,2024/25,Southampton,Arsenal,1,2,A,2.0,8.0,2.0,7.0
2025-05-25,2024/25,Newcastle United,Everton,0,1,A,7.0,7.0,15.0,7.0
2025-05-25,2024/25,Fulham,Manchester City,0,2,A,6.0,13.0,6.0,8.0
2025-05-25,2024/25,Liverpool,Crystal Palace,1,1,D,7.0,9.0,13.0,5.0
2025-05-25,2024/25,Ipswich Town,West Ham United,1,3,A,1.0,5.0,0.0,4.0
2025-05-25,2024/25,Bournemouth,Leicester City,2,0,H,5.0,7.0,4.0,2.0
2025-05-25,2024/25,Manchester United,Aston Villa,2,0,H,1.0,12.0,5.0,12.0
2025-08-15,2025/26,Liverpool,Bournemouth,4,2,H,,,,
2025-08-16,2025/26,Tottenham Hotspur,Burnley,3,0,H,,,,
2025-08-16,2025/26,Sunderland,West Ham United,3,0,H,,,,
2025-08-16,2025/26,Wolverhampton Wanderers,Manchester City,0,4,A,,,,
2025-08-16,2025/26,Aston Villa,Newcastle United,0,0,D,,,,
2025-08-16,2025/26,Brighton,Fulham,1,1,D,,,,
2025-08-17,2025/26,Chelsea,Crystal Palace,0,0,D,,,,
2025-08-17,2025/26,Nottingham Forest,Brentford,3,1,H,,,,
2025-08-17,2025/26,Manchester United,Arsenal,0,1,A,,,,
2025-08-18,2025/26,Leeds United,Everton,1,0,H,,,,
2025-08-22,2025/26,West Ham United,Chelsea,1,5,A,,,,
2025-08-23,2025/26,Burnley,Sunderland,2,0,H,,,,
2025-08-23,2025/26,Manchester City,Tottenham Hotspur,0,2,A,,,,
2025-08-23,2025/26,Bournemouth,Wolverhampton Wanderers,1,0,H,,,,
2025-08-23,2025/26,Brentford,Aston Villa,1,0,H,,,,
2025-08-23,2025/26,Arsenal,Leeds United,5,0,H,,,,
2025-08-24,2025/26,Everton,Brighton,2,0,H,,,,
2025-08-24,2025/26,Crystal Palace,Nottingham Forest,1,1,D,,,,
2025-08-24,2025/26,Fulham,Manchester United,1,1,D,,,,
2025-08-25,2025/26,Newcastle United,Liverpool,2,3,A,,,,
2025-08-30,2025/26,Chelsea,Fulham,2,0,H,,,,
2025-08-30,2025/26,Manchester United,Burnley,3,2,H,,,,
2025-08-30,2025/26,Sunderland,Brentford,2,1,H,,,,
2025-08-30,2025/26,Tottenham Hotspur,Bournemouth,0,1,A,,,,
2025-08-30,2025/26,Wolverhampton Wanderers,Everton,2,3,A,,,,
2025-08-30,2025/26,Leeds United,Newcastle United,0,0,D,,,,
2025-08-31,2025/26,Brighton,Manchester City,2,1,H,,,,
2025-08-31,2025/26,Nottingham Forest,West Ham United,0,3,A,,,,
2025-08-31,2025/26,Liverpool,Arsenal,1,0,H,,,,
2025-08-31,2025/26,Aston Villa,Crystal Palace,0,3,A,,,,
2025-09-13,2025/26,Brentford,Chelsea,2,2,D,,,,
2025-09-13,2025/26,West Ham United,Tottenham Hotspur,0,3,A,,,,
2025-09-13,2025/26,Newcastle United,Wolverhampton Wanderers,1,0,H,,,,
2025-09-13,2025/26,Fulham,Leeds United,1,0,H,,,,
2025-09-13,2025/26,Bournemouth,Brighton,2,1,H,,,,
2025-09-13,2025/26,Crystal Palace,Sunderland,0,0,D,,,,
2025-09-13,2025/26,Arsenal,Nottingham Forest,3,0,H,,,,
2025-09-13,2025/26,Everton,Aston Villa,0,0,D,,,,
2025-09-14,2025/26,Burnley,Liverpool,0,1,A,,,,
2025-09-14,2025/26,Manchester City,Manchester United,3,0,H,,,,
2025-09-20,2025/26,Wolverhampton Wanderers,Leeds United,1,3,A,,,,
2025-09-20,2025/26,Manchester United,Chelsea,2,1,H,,,,
2025-09-20,2025/26,West Ham United,Crystal Palace,1,2,A,,,,
2025-09-20,2025/26,Fulham,Brentford,3,1,H,,,,
2025-09-20,2025/26,Brighton,Tottenham Hotspur,2,2,D,,,,
2025-09-20,2025/26,Liverpool,Everton,2,1,H,,,,
2025-09-20,2025/26,Burnley,Nottingham Forest,1,1,D,,,,
2025-09-21,2025/26,Bournemouth,Newcastle United,0,0,D,,,,
2025-09-21,2025/26,Sunderland,Aston Villa,1,1,D,,,,
2025-09-21,2025/26,Arsenal,Manchester City,1,1,D,,,,
2025-09-27,2025/26,Brentford,Manchester United,3,1,H,4.0,7.0,,
2025-09-27,2025/26,Chelsea,Brighton,1,3,A,8.0,5.0,,
2025-09-27,2025/26,Crystal Palace,Liverpool,2,1,H,9.0,15.0,,
2025-09-27,2025/26,Leeds United,Bournemouth,2,2,D,7.0,10.0,,
2025-09-27,2025/26,Manchester City,Burnley,5,1,H,7.0,4.0,,
2025-09-27,2025/26,Nottingham Forest,Sunderland,0,1,A,5.0,8.0,,
2025-09-27,2025/26,Tottenham Hotspur,Wolverhampton Wanderers,1,1,D,10.0,0.0,,
2025-09-28,2025/26,Newcastle United,Arsenal,1,2,A,6.0,10.0,,
2025-09-28,2025/26,Aston Villa,Fulham,3,1,H,3.0,8.0,,
2025-09-29,2025/26,Everton,West Ham United,1,1,D,7.0,3.0,,
2025-10-03,2025/26,Bournemouth,Fulham,3,1,H,11.0,7.0,,
2025-10-04,2025/26,Leeds United,Tottenham Hotspur,1,2,A,5.0,8.0,,
2025-10-04,2025/26,Arsenal,West Ham United,2,0,H,10.0,4.0,,
2025-10-04,2025/26,Manchester United,Sunderland,2,0,H,7.0,8.0,,
2025-10-04,2025/26,Chelsea,Liverpool,2,1,H,7.0,12.0,,
2025-10-05,2025/26,Aston Villa,Burnley,2,1,H,5.0,4.0,,
2025-10-05,2025/26,Everton,Crystal Palace,2,1,H,8.0,11.0,,
2025-10-05,2025/26,Newcastle United,Nottingham Forest,2,0,H,5.0,2.0,,
2025-10-05,2025/26,Wolverhampton Wanderers,Brighton,1,1,D,1.0,7.0,,
2025-10-05,2025/26,Brentford,Manchester City,0,1,A,7.0,7.0,,
2025-10-18,2025/26,Manchester City,Everton,2,0,H,10.0,8.0,,
2025-10-18,2025/26,Sunderland,Wolverhampton Wanderers,2,0,H,8.0,2.0,,
2025-10-18,2025/26,Crystal Palace,Bournemouth,3,3,D,10.0,11.0,,
2025-10-18,2025/26,Fulham,Arsenal,0,1,A,6.0,10.0,,
2025-10-18,2025/26,Brighton,Newcastle United,2,1,H,8.0,8.0,,
2025-10-18,2025/26,Nottingham Forest,Chelsea,0,3,A,1.0,7.0,,
2025-10-18,2025/26,Burnley,Leeds United,2,0,H,1.0,5.0,,
2025-10-19,2025/26,Tottenham Hotspur,Aston Villa,1,2,A,8.0,8.0,,
2025-10-19,2025/26,Liverpool,Manchester United,1,2,A,9.0,9.0,,
2025-10-20,2025/26,West Ham United,Brentford,0,2,A,4.0,4.0,,
2025-10-24,2025/26,Leeds United,West Ham United,2,1,H,4.0,1.0,,
2025-10-25,2025/26,Chelsea,Sunderland,1,2,A,7.0,8.0,,
2025-10-25,2025/26,Newcastle United,Fulham,2,1,H,7.0,6.0,,
2025-10-25,2025/26,Manchester United,Brighton,4,2,H,9.0,8.0,,
2025-10-25,2025/26,Brentford,Liverpool,3,2,H,7.0,6.0,,
2025-10-26,2025/26,Everton,Tottenham Hotspur,0,3,A,5.0,8.0,,
2025-10-26,2025/26,Wolverhampton Wanderers,Burnley,2,3,A,2.0,4.0,,
2025-10-26,2025/26,Bournemouth,Nottingham Forest,2,0,H,9.0,1.0,,
2025-10-26,2025/26,Arsenal,Crystal Palace,1,0,H,13.0,8.0,,
2025-10-26,2025/26,Aston Villa,Manchester City,1,0,H,11.0,13.0,,
2025-11-01,2025/26,Brighton,Leeds United,3,0,H,8.0,7.0,,
2025-11-01,2025/26,Burnley,Arsenal,0,2,A,7.0,13.0,,
2025-11-01,2025/26,Crystal Palace,Brentford,2,0,H,7.0,9.0,,
2025-11-01,2025/26,Fulham,Wolverhampton Wanderers,3,0,H,3.0,2.0,,
2025-11-01,2025/26,Nottingham Forest,Manchester United,2,2,D,1.0,12.0,,
2025-11-01,2025/26,Tottenham Hotspur,Chelsea,0,1,A,8.0,6.0,,
2025-11-01,2025/26,Liverpool,Aston Villa,2,0,H,3.0,13.0,,
2025-11-02,2025/26,West Ham United,Newcastle United,3,1,H,1.0,7.0,,
2025-11-02,2025/26,Manchester City,Bournemouth,3,1,H,10.0,9.0,,
2025-11-03,2025/26,Sunderland,Everton,1,1,D,10.0,4.0,,
2025-11-08,2025/26,Chelsea,Wolverhampton Wanderers,3,0,H,9.0,2.0,7.0,1.0
2025-11-08,2025/26,West Ham United,Burnley,3,2,H,4.0,6.0,3.0,3.0
2025-11-08,2025/26,Sunderland,Arsenal,2,2,D,10.0,15.0,11.0,12.0
2025-11-08,2025/26,Tottenham Hotspur,Manchester United,2,2,D,7.0,10.0,4.0,5.0
2025-11-08,2025/26,Everton,Fulham,2,0,H,5.0,3.0,8.0,1.0
2025-11-09,2025/26,Aston Villa,Bournemouth,4,0,H,12.0,8.0,10.0,5.0
2025-11-09,2025/26,Brentford,Newcastle United,3,1,H,9.0,6.0,10.0,3.0
2025-11-09,2025/26,Crystal Palace,Brighton,0,0,D,7.0,10.0,9.0,4.0
2025-11-09,2025/26,Nottingham Forest,Leeds United,3,1,H,1.0,4.0,4.0,3.0
2025-11-09,2025/26,Manchester City,Liverpool,3,0,H,12.0,3.0,12.0,6.0
2025-11-22,2025/26,Burnley,Chelsea,0,2,A,6.0,12.0,7.0,10.0
2025-11-22,2025/26,Bournemouth,West Ham United,2,2,D,7.0,6.0,13.0,4.0
2025-11-22,2025/26,Brighton,Brentford,2,1,H,8.0,9.0,11.0,3.0
2025-11-22,2025/26,Fulham,Sunderland,1,0,H,3.0,8.0,10.0,7.0
2025-11-22,2025/26,Liverpool,Nottingham Forest,0,3,A,3.0,4.0,12.0,2.0
2025-11-22,2025/26,Wolverhampton Wanderers,Crystal Palace,0,2,A,1.0,5.0,1.0,7.0
2025-11-22,2025/26,Newcastle United,Manchester City,2,1,H,6.0,12.0,9.0,7.0
2025-11-23,2025/26,Arsenal,Tottenham Hotspur,4,1,H,13.0,7.0,13.0,13.0
2025-11-23,2025/26,Leeds United,Aston Villa,1,2,A,3.0,12.0,8.0,5.0
2025-11-24,2025/26,Manchester United,Everton,0,1,A,11.0,7.0,12.0,4.0
2025-11-29,2025/26,Brentford,Burnley,3,1,H,9.0,6.0,10.0,3.0
2025-11-29,2025/26,Manchester City,Leeds United,3,2,H,9.0,3.0,15.0,3.0
2025-11-29,2025/26,Sunderland,Bournemouth,3,2,H,8.0,5.0,9.0,5.0
2025-11-29,2025/26,Everton,Newcastle United,1,4,A,7.0,6.0,8.0,2.0
2025-11-29,2025/26,Tottenham Hotspur,Fulham,1,2,A,4.0,6.0,2.0,0.0
2025-11-30,2025/26,Crystal Palace,Manchester United,1,2,A,8.0,8.0,9.0,5.0
2025-11-30,2025/26,Aston Villa,Wolverhampton Wanderers,1,0,H,12.0,0.0,12.0,1.0
2025-11-30,2025/26,Nottingham Forest,Brighton,0,2,A,7.0,10.0,4.0,5.0
2025-11-30,2025/26,West Ham United,Liverpool,0,2,A,7.0,3.0,6.0,3.0
2025-11-30,2025/26,Chelsea,Arsenal,1,1,D,12.0,13.0,9.0,10.0
2025-12-02,2025/26,Bournemouth,Everton,0,1,A,4.0,7.0,11.0,7.0
2025-12-02,2025/26,Fulham,Manchester City,4,5,A,9.0,9.0,12.0,4.0
2025-12-02,2025/26,Newcastle United,Tottenham Hotspur,2,2,D,9.0,4.0,12.0,10.0
2025-12-03,2025/26,Liverpool,Sunderland,1,1,D,6.0,8.0,9.0,7.0
2025-12-03,2025/26,Wolverhampton Wanderers,Nottingham Forest,0,1,A,0.0,7.0,1.0,4.0
2025-12-03,2025/26,Leeds United,Chelsea,3,1,H,3.0,10.0,5.0,10.0
2025-12-03,2025/26,Brighton,Aston Villa,3,4,A,10.0,12.0,13.0,8.0
2025-12-03,2025/26,Burnley,Crystal Palace,0,1,A,3.0,7.0,4.0,9.0
2025-12-03,2025/26,Arsenal,Brentford,2,0,H,11.0,9.0,13.0,3.0
2025-12-04,2025/26,Manchester United,West Ham United,1,1,D,8.0,7.0,12.0,5.0
2025-12-06,2025/26,Aston Villa,Arsenal,2,1,H,12.0,11.0,15.0,11.0
2025-12-06,2025/26,Bournemouth,Chelsea,0,0,D,1.0,10.0,8.0,9.0
2025-12-06,2025/26,Everton,Nottingham Forest,3,0,H,10.0,10.0,7.0,7.0
2025-12-06,2025/26,Manchester City,Sunderland,3,0,H,12.0,6.0,15.0,7.0
2025-12-06,2025/26,Newcastle United,Burnley,2,1,H,7.0,0.0,10.0,3.0
2025-12-06,2025/26,Tottenham Hotspur,Brentford,2,0,H,2.0,6.0,2.0,3.0
2025-12-06,2025/26,Leeds United,Liverpool,3,3,D,3.0,7.0,7.0,3.0
2025-12-07,2025/26,Brighton,West Ham United,1,1,D,10.0,8.0,10.0,3.0
2025-12-07,2025/26,Fulham,Crystal Palace,1,2,A,9.0,10.0,9.0,9.0
2025-12-08,2025/26,Wolverhampton Wanderers,Manchester United,1,4,A,0.0,6.0,1.0,8.0
2025-12-13,2025/26,Chelsea,Everton,2,0,H,8.0,12.0,7.0,7.0
2025-12-13,2025/26,Liverpool,Brighton,2,0,H,5.0,8.0,7.0,8.0
2025-12-13,2025/26,Burnley,Fulham,2,3,A,0.0,6.0,4.0,3.0
2025-12-13,2025/26,Arsenal,Wolverhampton Wanderers,2,1,H,8.0,0.0,13.0,1.0
2025-12-14,2025/26,Crystal Palace,Manchester City,0,3,A,10.0,12.0,8.0,7.0
2025-12-14,2025/26,Nottingham Forest,Tottenham Hotspur,3,0,H,9.0,5.0,4.0,8.0
2025-12-14,2025/26,Sunderland,Newcastle United,1,0,H,5.0,10.0,9.0,4.0
2025-12-14,2025/26,West Ham United,Aston Villa,2,3,A,6.0,15.0,6.0,10.0
2025-12-14,2025/26,Brentford,Leeds United,1,1,D,6.0,4.0,12.0,3.0
2025-12-15,2025/26,Manchester United,Bournemouth,4,4,D,8.0,2.0,10.0,2.0
2025-12-20,2025/26,Leeds United,Crystal Palace,4,1,H,5.0,9.0,7.0,9.0
2025-12-20,2025/26,Everton,Arsenal,0,1,A,9.0,10.0,9.0,8.0
2025-12-20,2025/26,Tottenham Hotspur,Liverpool,1,2,A,4.0,8.0,4.0,4.0
2025-12-20,2025/26,Wolverhampton Wanderers,Brentford,0,2,A,0.0,4.0,1.0,3.0
2025-12-20,2025/26,Manchester City,West Ham United,3,0,H,12.0,3.0,15.0,3.0
2025-12-20,2025/26,Brighton,Sunderland,0,0,D,7.0,7.0,10.0,4.0
2025-12-20,2025/26,Bournemouth,Burnley,1,1,D,3.0,0.0,8.0,3.0
2025-12-20,2025/26,Newcastle United,Chelsea,2,2,D,10.0,8.0,13.0,10.0
2025-12-21,2025/26,Aston Villa,Manchester United,2,1,H,15.0,8.0,15.0,11.0
2025-12-22,2025/26,Fulham,Nottingham Forest,1,0,H,9.0,9.0,6.0,6.0
2025-12-26,2025/26,Manchester United,Newcastle United,1,0,H,8.0,8.0,8.0,3.0
2025-12-27,2025/26,West Ham United,Fulham,0,1,A,2.0,9.0,6.0,6.0
2025-12-27,2025/26,Liverpool,Wolverhampton Wanderers,2,1,H,11.0,0.0,7.0,0.0
2025-12-27,2025/26,Burnley,Everton,0,0,D,1.0,6.0,3.0,7.0
2025-12-27,2025/26,Chelsea,Aston Villa,1,2,A,6.0,15.0,10.0,12.0
2025-12-27,2025/26,Arsenal,Brighton,2,1,H,10.0,5.0,15.0,5.0
2025-12-27,2025/26,Nottingham Forest,Manchester City,1,2,A,6.0,15.0,7.0,9.0
2025-12-27,2025/26,Brentford,Bournemouth,4,1,H,7.0,3.0,10.0,2.0
2025-12-28,2025/26,Sunderland,Leeds United,1,1,D,8.0,8.0,11.0,1.0
2025-12-28,2025/26,Crystal Palace,Tottenham Hotspur,0,1,A,6.0,4.0,5.0,7.0
2025-12-30,2025/26,Burnley,Newcastle United,1,3,A,2.0,5.0,1.0,3.0
2025-12-30,2025/26,Chelsea,Bournemouth,2,2,D,5.0,3.0,7.0,1.0
2025-12-30,2025/26,Nottingham Forest,Everton,0,2,A,6.0,7.0,7.0,8.0
2025-12-30,2025/26,West Ham United,Brighton,2,2,D,2.0,2.0,6.0,4.0
2025-12-30,2025/26,Arsenal,Aston Villa,4,1,H,12.0,15.0,15.0,12.0
2025-12-30,2025/26,Manchester United,Wolverhampton Wanderers,1,1,D,8.0,0.0,8.0,0.0
2026-01-01,2025/26,Sunderland,Manchester City,0,0,D,6.0,15.0,9.0,9.0
2026-01-01,2025/26,Crystal Palace,Fulham,1,1,D,6.0,9.0,4.0,9.0
2026-01-01,2025/26,Liverpool,Leeds United,0,0,D,11.0,9.0,10.0,2.0
2026-01-01,2025/26,Brentford,Tottenham Hotspur,0,0,D,7.0,7.0,13.0,7.0
2026-01-03,2025/26,Wolverhampton Wanderers,West Ham United,3,0,H,1.0,2.0,0.0,3.0
2026-01-03,2025/26,Bournemouth,Arsenal,2,3,A,4.0,12.0,6.0,8.0
2026-01-03,2025/26,Aston Villa,Nottingham Forest,3,1,H,12.0,3.0,15.0,6.0
2026-01-03,2025/26,Brighton,Burnley,2,0,H,3.0,2.0,8.0,4.0
2026-01-04,2025/26,Leeds United,Manchester United,1,1,D,7.0,8.0,10.0,8.0
2026-01-04,2025/26,Everton,Brentford,2,4,A,7.0,8.0,6.0,3.0
2026-01-04,2025/26,Newcastle United,Crystal Palace,2,0,H,7.0,4.0,11.0,9.0
2026-01-04,2025/26,Tottenham Hotspur,Sunderland,1,1,D,7.0,6.0,4.0,5.0
2026-01-04,2025/26,Fulham,Liverpool,2,2,D,10.0,11.0,9.0,7.0
2026-01-04,2025/26,Manchester City,Chelsea,1,1,D,13.0,6.0,15.0,8.0
2026-01-06,2025/26,West Ham United,Nottingham Forest,1,2,A,1.0,3.0,4.0,6.0
2026-01-07,2025/26,Newcastle United,Leeds United,4,3,H,7.0,7.0,11.0,3.0
2026-01-07,2025/26,Fulham,Chelsea,2,1,H,11.0,6.0,7.0,6.0
2026-01-07,2025/26,Everton,Wolverhampton Wanderers,1,1,D,4.0,4.0,6.0,1.0
2026-01-07,2025/26,Burnley,Manchester United,2,2,D,2.0,6.0,1.0,8.0
2026-01-07,2025/26,Brentford,Sunderland,3,0,H,11.0,7.0,11.0,3.0
2026-01-07,2025/26,Crystal Palace,Aston Villa,0,0,D,1.0,12.0,2.0,12.0
2026-01-07,2025/26,Bournemouth,Tottenham Hotspur,3,2,H,3.0,5.0,3.0,5.0
2026-01-07,2025/26,Manchester City,Brighton,1,1,D,11.0,5.0,13.0,5.0
2026-01-08,2025/26,Arsenal,Liverpool,0,0,D,15.0,11.0,15.0,8.0
2026-01-17,2025/26,Manchester United,Manchester City,2,0,H,6.0,9.0,6.0,10.0
2026-01-17,2025/26,Chelsea,Brentford,2,0,H,3.0,13.0,8.0,6.0
2026-01-17,2025/26,Leeds United,Fulham,1,0,H,6.0,11.0,8.0,10.0
2026-01-17,2025/26,Sunderland,Crystal Palace,2,1,H,4.0,2.0,9.0,9.0
2026-01-17,2025/26,Tottenham Hotspur,West Ham United,1,2,A,5.0,1.0,5.0,3.0
2026-01-17,2025/26,Nottingham Forest,Arsenal,0,0,D,3.0,13.0,6.0,8.0
2026-01-17,2025/26,Liverpool,Burnley,1,1,D,9.0,3.0,8.0,1.0
2026-01-18,2025/26,Wolverhampton Wanderers,Newcastle United,0,0,D,5.0,10.0,3.0,6.0
2026-01-18,2025/26,Aston Villa,Everton,0,1,A,10.0,5.0,15.0,10.0
2026-01-19,2025/26,Brighton,Bournemouth,1,1,D,6.0,5.0,8.0,2.0
2026-01-24,2025/26,Manchester City,Wolverhampton Wanderers,2,0,H,6.0,6.0,11.0,2.0
2026-01-24,2025/26,Bournemouth,Liverpool,3,2,H,5.0,7.0,5.0,9.0
2026-01-24,2025/26,Burnley,Tottenham Hotspur,2,2,D,3.0,5.0,2.0,5.0
2026-01-24,2025/26,West Ham United,Sunderland,3,1,H,4.0,6.0,1.0,3.0
2026-01-24,2025/26,Fulham,Brighton,2,1,H,8.0,6.0,7.0,5.0
2026-01-25,2025/26,Brentford,Nottingham Forest,0,2,A,10.0,4.0,11.0,6.0
2026-01-25,2025/26,Crystal Palace,Chelsea,1,3,A,2.0,5.0,2.0,3.0
2026-01-25,2025/26,Newcastle United,Aston Villa,0,2,A,10.0,7.0,11.0,10.0
2026-01-25,2025/26,Arsenal,Manchester United,2,3,A,11.0,9.0,13.0,8.0
2026-01-26,2025/26,Everton,Leeds United,1,1,D,8.0,6.0,4.0,3.0
2026-01-31,2025/26,Brighton,Everton,1,1,D,6.0,8.0,6.0,10.0
2026-01-31,2025/26,Leeds United,Arsenal,0,4,A,6.0,8.0,11.0,8.0
2026-01-31,2025/26,Wolverhampton Wanderers,Bournemouth,0,2,A,6.0,8.0,4.0,3.0
2026-01-31,2025/26,Chelsea,West Ham United,3,2,H,8.0,7.0,8.0,5.0
2026-01-31,2025/26,Liverpool,Newcastle United,4,1,H,4.0,10.0,9.0,7.0
2026-02-01,2025/26,Tottenham Hotspur,Manchester City,2,2,D,3.0,6.0,4.0,10.0
2026-02-01,2025/26,Nottingham Forest,Crystal Palace,1,1,D,7.0,2.0,4.0,6.0
2026-02-01,2025/26,Manchester United,Fulham,3,2,H,9.0,8.0,9.0,10.0
2026-02-01,2025/26,Aston Villa,Brentford,0,1,A,7.0,7.0,12.0,6.0
2026-02-02,2025/26,Sunderland,Burnley,3,0,H,5.0,3.0,11.0,2.0
2026-02-06,2025/26,Leeds United,Nottingham Forest,3,1,H,5.0,8.0,8.0,6.0
2026-02-07,2025/26,Manchester United,Tottenham Hotspur,2,0,H,11.0,3.0,11.0,5.0
2026-02-07,2025/26,Arsenal,Sunderland,3,0,H,8.0,7.0,10.0,2.0
2026-02-07,2025/26,Bournemouth,Aston Villa,1,1,D,10.0,7.0,8.0,10.0
2026-02-07,2025/26,Burnley,West Ham United,0,2,A,3.0,6.0,3.0,4.0
2026-02-07,2025/26,Fulham,Everton,1,2,A,7.0,6.0,10.0,8.0
2026-02-07,2025/26,Wolverhampton Wanderers,Chelsea,1,3,A,5.0,10.0,4.0,6.0
2026-02-07,2025/26,Newcastle United,Brentford,2,3,A,7.0,9.0,10.0,9.0
2026-02-08,2025/26,Liverpool,Manchester City,1,2,A,6.0,6.0,11.0,8.0
2026-02-08,2025/26,Brighton,Crystal Palace,0,1,A,6.0,2.0,7.0,4.0
2026-02-10,2025/26,Tottenham Hotspur,Newcastle United,1,2,A,2.0,4.0,5.0,4.0
2026-02-10,2025/26,West Ham United,Manchester United,1,1,D,9.0,13.0,4.0,8.0
2026-02-10,2025/26,Chelsea,Leeds United,2,2,D,12.0,7.0,10.0,4.0
2026-02-10,2025/26,Everton,Bournemouth,1,2,A,9.0,11.0,5.0,6.0
2026-02-11,2025/26,Aston Villa,Brighton,1,0,H,5.0,3.0,9.0,2.0
2026-02-11,2025/26,Crystal Palace,Burnley,2,3,A,5.0,3.0,2.0,2.0
2026-02-11,2025/26,Manchester City,Fulham,3,0,H,8.0,6.0,11.0,7.0
2026-02-11,2025/26,Nottingham Forest,Wolverhampton Wanderers,0,0,D,8.0,2.0,5.0,2.0
2026-02-11,2025/26,Sunderland,Liverpool,0,1,A,6.0,5.0,11.0,6.0
2026-02-12,2025/26,Brentford,Arsenal,1,1,D,9.0,8.0,8.0,10.0
2026-02-18,2025/26,Wolverhampton Wanderers,Arsenal,2,2,D,2.0,8.0,4.0,11.0
2026-02-21,2025/26,Aston Villa,Leeds United,1,1,D,7.0,8.0,9.0,4.0
2026-02-21,2025/26,Brentford,Brighton,0,2,A,7.0,2.0,8.0,2.0
2026-02-21,2025/26,Chelsea,Burnley,1,1,D,13.0,5.0,8.0,5.0
2026-02-21,2025/26,West Ham United,Bournemouth,0,0,D,10.0,11.0,5.0,8.0
2026-02-21,2025/26,Manchester City,Newcastle United,2,1,H,10.0,4.0,11.0,7.0
2026-02-22,2025/26,Tottenham Hotspur,Arsenal,1,4,A,2.0,8.0,2.0,9.0
2026-02-22,2025/26,Sunderland,Fulham,1,3,A,6.0,3.0,8.0,4.0
2026-02-22,2025/26,Crystal Palace,Wolverhampton Wanderers,1,0,H,4.0,2.0,2.0,3.0
2026-02-22,2025/26,Nottingham Forest,Liverpool,0,1,A,6.0,7.0,3.0,8.0
2026-02-23,2025/26,Everton,Manchester United,0,1,A,8.0,13.0,2.0,6.0
2026-02-27,2025/26,Wolverhampton Wanderers,Aston Villa,2,0,H,2.0,8.0,5.0,8.0
2026-02-28,2025/26,Bournemouth,Sunderland,1,1,D,11.0,3.0,8.0,2.0
2026-02-28,2025/26,Burnley,Brentford,3,4,A,5.0,7.0,3.0,12.0
2026-02-28,2025/26,Liverpool,West Ham United,5,2,H,9.0,8.0,8.0,6.0
2026-02-28,2025/26,Newcastle United,Everton,2,3,A,3.0,5.0,7.0,11.0
2026-02-28,2025/26,Leeds United,Manchester City,0,1,A,6.0,13.0,10.0,8.0
2026-03-01,2025/26,Brighton,Nottingham Forest,2,1,H,4.0,5.0,6.0,6.0
2026-03-01,2025/26,Fulham,Tottenham Hotspur,2,1,H,6.0,2.0,10.0,5.0
2026-03-01,2025/26,Manchester United,Crystal Palace,2,1,H,13.0,7.0,13.0,4.0
2026-03-01,2025/26,Arsenal,Chelsea,2,1,H,11.0,11.0,10.0,8.0
2026-03-03,2025/26,Wolverhampton Wanderers,Liverpool,2,1,H,5.0,12.0,5.0,8.0
2026-03-03,2025/26,Leeds United,Sunderland,0,1,A,5.0,4.0,7.0,2.0
2026-03-03,2025/26,Everton,Burnley,2,0,H,7.0,4.0,2.0,5.0
2026-03-03,2025/26,Bournemouth,Brentford,0,0,D,9.0,10.0,8.0,12.0
2026-03-04,2025/26,Aston Villa,Chelsea,1,4,A,5.0,8.0,7.0,7.0
2026-03-04,2025/26,Brighton,Arsenal,0,1,A,7.0,11.0,8.0,9.0
2026-03-04,2025/26,Fulham,West Ham United,0,1,A,6.0,5.0,10.0,6.0
2026-03-04,2025/26,Manchester City,Nottingham Forest,2,2,D,13.0,2.0,11.0,6.0
2026-03-04,2025/26,Newcastle United,Manchester United,2,1,H,3.0,13.0,6.0,9.0
2026-03-05,2025/26,Tottenham Hotspur,Crystal Palace,1,3,A,1.0,7.0,2.0,4.0
2026-03-14,2025/26,Burnley,Bournemouth,0,0,D,4.0,7.0,2.0,9.0
2026-03-14,2025/26,Sunderland,Brighton,0,1,A,4.0,6.0,7.0,5.0
2026-03-14,2025/26,Arsenal,Everton,2,0,H,11.0,9.0,10.0,13.0
2026-03-14,2025/26,Chelsea,Newcastle United,0,1,A,8.0,6.0,9.0,7.0
2026-03-14,2025/26,West Ham United,Manchester City,1,1,D,8.0,13.0,6.0,8.0
2026-03-15,2025/26,Liverpool,Tottenham Hotspur,1,1,D,9.0,0.0,8.0,2.0
2026-03-15,2025/26,Nottingham Forest,Fulham,0,0,D,2.0,6.0,3.0,4.0
2026-03-15,2025/26,Manchester United,Aston Villa,3,1,H,10.0,5.0,13.0,5.0
2026-03-15,2025/26,Crystal Palace,Leeds United,0,0,D,9.0,5.0,5.0,4.0
2026-03-16,2025/26,Brentford,Wolverhampton Wanderers,2,2,D,8.0,8.0,5.0,3.0
2026-03-20,2025/26,Bournemouth,Manchester United,2,2,D,7.0,10.0,9.0,8.0
2026-03-21,2025/26,Brighton,Liverpool,2,1,H,9.0,10.0,5.0,7.0
2026-03-21,2025/26,Fulham,Burnley,3,1,H,7.0,5.0,9.0,5.0
2026-03-21,2025/26,Everton,Chelsea,3,0,H,6.0,5.0,5.0,9.0
2026-03-21,2025/26,Leeds United,Brentford,0,0,D,3.0,6.0,6.0,10.0
2026-03-22,2025/26,Newcastle United,Sunderland,1,2,A,9.0,4.0,6.0,4.0
2026-03-22,2025/26,Aston Villa,West Ham United,2,0,H,4.0,6.0,4.0,9.0
2026-03-22,2025/26,Tottenham Hotspur,Nottingham Forest,0,3,A,1.0,3.0,1.0,7.0
2026-04-10,2025/26,West Ham United,Wolverhampton Wanderers,4,0,H,5.0,8.0,6.0,3.0
2026-04-11,2025/26,Liverpool,Fulham,2,0,H,7.0,10.0,8.0,4.0
2026-04-11,2025/26,Burnley,Brighton,0,2,A,2.0,12.0,3.0,7.0
2026-04-11,2025/26,Brentford,Everton,2,2,D,6.0,9.0,5.0,10.0
2026-04-11,2025/26,Arsenal,Bournemouth,1,2,A,13.0,5.0,10.0,9.0
2026-04-12,2025/26,Crystal Palace,Newcastle United,2,1,H,7.0,6.0,5.0,7.0
2026-04-12,2025/26,Nottingham Forest,Aston Villa,1,1,D,5.0,4.0,4.0,5.0
2026-04-12,2025/26,Sunderland,Tottenham Hotspur,1,0,H,7.0,1.0,6.0,2.0
2026-04-12,2025/26,Chelsea,Manchester City,0,3,A,4.0,11.0,8.0,8.0
2026-04-13,2025/26,Manchester United,Leeds United,1,2,A,10.0,3.0,15.0,4.0
2026-04-18,2025/26,Brentford,Fulham,0,0,D,7.0,7.0,3.0,4.0
2026-04-18,2025/26,Leeds United,Wolverhampton Wanderers,3,0,H,5.0,7.0,4.0,2.0
2026-04-18,2025/26,Newcastle United,Bournemouth,1,2,A,6.0,7.0,3.0,11.0
2026-04-18,2025/26,Tottenham Hotspur,Brighton,2,2,D,1.0,12.0,1.0,9.0
2026-04-18,2025/26,Chelsea,Manchester United,0,1,A,3.0,7.0,5.0,8.0
2026-04-19,2025/26,Nottingham Forest,Burnley,4,1,H,6.0,1.0,4.0,4.0
2026-04-19,2025/26,Manchester City,Arsenal,2,1,H,11.0,12.0,11.0,11.0
2026-04-19,2025/26,Aston Villa,Sunderland,4,3,H,4.0,10.0,7.0,7.0
2026-04-19,2025/26,Everton,Liverpool,1,2,A,10.0,7.0,7.0,6.0
2026-04-20,2025/26,Crystal Palace,West Ham United,0,0,D,10.0,7.0,7.0,6.0
2026-04-21,2025/26,Brighton,Chelsea,3,0,H,10.0,3.0,7.0,9.0
2026-04-22,2025/26,Bournemouth,Leeds United,2,2,D,9.0,8.0,7.0,7.0
2026-04-22,2025/26,Burnley,Manchester City,0,1,A,1.0,11.0,2.0,11.0
2026-04-24,2025/26,Sunderland,Nottingham Forest,0,5,A,9.0,9.0,6.0,7.0
2026-04-25,2025/26,Fulham,Aston Villa,1,0,H,5.0,7.0,9.0,5.0
2026-04-25,2025/26,Liverpool,Crystal Palace,3,1,H,7.0,8.0,10.0,7.0
2026-04-25,2025/26,West Ham United,Everton,2,1,H,8.0,7.0,9.0,8.0
2026-04-25,2025/26,Wolverhampton Wanderers,Tottenham Hotspur,0,1,A,7.0,2.0,7.0,2.0
2026-04-25,2025/26,Arsenal,Newcastle United,1,0,H,9.0,6.0,9.0,6.0
2026-04-27,2025/26,Manchester United,Brentford,2,1,H,7.0,5.0,12.0,11.0
2026-05-01,2025/26,Leeds United,Burnley,3,1,H,9.0,1.0,7.0,4.0
2026-05-02,2025/26,Arsenal,Fulham,3,0,H,9.0,8.0,12.0,5.0
2026-05-02,2025/26,Newcastle United,Brighton,3,1,H,3.0,13.0,3.0,10.0
2026-05-02,2025/26,Brentford,West Ham United,3,0,H,4.0,8.0,4.0,7.0
2026-05-02,2025/26,Wolverhampton Wanderers,Sunderland,1,1,D,4.0,6.0,7.0,7.0
2026-05-03,2025/26,Bournemouth,Crystal Palace,3,0,H,9.0,8.0,5.0,7.0
2026-05-03,2025/26,Manchester United,Liverpool,3,2,H,10.0,10.0,12.0,9.0
2026-05-03,2025/26,Aston Villa,Tottenham Hotspur,1,2,A,7.0,5.0,10.0,4.0
2026-05-04,2025/26,Chelsea,Nottingham Forest,1,3,A,0.0,11.0,2.0,7.0
2026-05-04,2025/26,Everton,Manchester City,3,3,D,4.0,11.0,6.0,13.0
2026-05-09,2025/26,Sunderland,Manchester United,0,0,D,7.0,10.0,3.0,8.0
2026-05-09,2025/26,Liverpool,Chelsea,1,1,D,9.0,0.0,10.0,6.0
2026-05-09,2025/26,Brighton,Wolverhampton Wanderers,3,0,H,10.0,2.0,9.0,2.0
2026-05-09,2025/26,Fulham,Bournemouth,0,1,A,7.0,11.0,9.0,11.0
2026-05-09,2025/26,Manchester City,Brentford,3,0,H,11.0,6.0,13.0,8.0
2026-05-10,2025/26,West Ham United,Arsenal,0,1,A,7.0,9.0,9.0,8.0
2026-05-10,2025/26,Nottingham Forest,Newcastle United,1,1,D,13.0,3.0,6.0,6.0
2026-05-10,2025/26,Crystal Palace,Everton,2,2,D,5.0,5.0,8.0,7.0
2026-05-10,2025/26,Burnley,Aston Villa,2,2,D,0.0,7.0,1.0,2.0
2026-05-11,2025/26,Tottenham Hotspur,Leeds United,1,1,D,7.0,11.0,1.0,7.0
2026-05-13,2025/26,Manchester City,Crystal Palace,3,0,H,13.0,5.0,13.0,6.0
2026-05-15,2025/26,Aston Villa,Liverpool,4,2,H,5.0,10.0,7.0,6.0
2026-05-17,2025/26,Wolverhampton Wanderers,Fulham,1,1,D,1.0,4.0,8.0,5.0
2026-05-17,2025/26,Leeds United,Brighton,1,0,H,11.0,10.0,7.0,10.0
2026-05-17,2025/26,Newcastle United,West Ham United,3,1,H,4.0,7.0,6.0,4.0
2026-05-17,2025/26,Brentford,Crystal Palace,2,2,D,5.0,2.0,6.0,3.0
2026-05-17,2025/26,Manchester United,Nottingham Forest,3,2,H,10.0,11.0,12.0,10.0
2026-05-17,2025/26,Everton,Sunderland,1,3,A,3.0,5.0,7.0,8.0
2026-05-18,2025/26,Arsenal,Burnley,1,0,H,9.0,1.0,12.0,1.0
2026-05-19,2025/26,Chelsea,Tottenham Hotspur,2,1,H,1.0,8.0,1.0,7.0
2026-05-19,2025/26,Bournemouth,Manchester City,1,1,D,13.0,13.0,7.0,11.0
2026-05-24,2025/26,Nottingham Forest,Bournemouth,1,1,D,10.0,11.0,6.0,11.0
2026-05-24,2025/26,Manchester City,Aston Villa,1,2,A,11.0,7.0,13.0,2.0
2026-05-24,2025/26,Sunderland,Chelsea,2,1,H,5.0,4.0,4.0,4.0
2026-05-24,2025/26,Liverpool,Brentford,1,1,D,7.0,5.0,11.0,5.0
2026-05-24,2025/26,Tottenham Hotspur,Everton,1,0,H,8.0,2.0,2.0,5.0
2026-05-24,2025/26,Crystal Palace,Arsenal,1,2,A,2.0,12.0,9.0,10.0
2026-05-24,2025/26,Burnley,Wolverhampton Wanderers,1,1,D,1.0,2.0,2.0,1.0
2026-05-24,2025/26,Brighton,Manchester United,0,3,A,7.0,13.0,12.0,8.0
2026-05-24,2025/26,Fulham,Newcastle United,2,0,H,5.0,7.0,9.0,4.0
2026-05-24,2025/26,West Ham United,Leeds United,3,0,H,4.0,11.0,8.0,7.0
