Date,Season,HomeTeam,AwayTeam,FTHG,FTAG,FTR,HomeLast5Points,AwayLast5Points,Last5HomePoints,Last5AwayPoints,HomeGamesPlayedBefore,AwayGamesPlayedBefore,HomeLeaguePointsBefore,AwayLeaguePointsBefore,LeaguePointsGap,GamesPlayedGap,HomePositionBefore,AwayPositionBefore,HomeH2HLast5Points,AwayH2HLast5Points,H2HMatchesBefore,H2HMatchesUsed,HomeSeasonPPG,HomeRecentPPG,HomeMomentum,AwaySeasonPPG,AwayRecentPPG,AwayMomentum,MomentumGap,SeasonStrengthGap,RecentFormGap,FormSwing,UpsetPotential,UpsetDirection,HomePointsToLeader,AwayPointsToLeader,HomePointsToTop4,AwayPointsToTop4,HomePointsAboveRelegation,AwayPointsAboveRelegation,HomeRelegationDistance,AwayRelegationDistance,HomeInRelegationZone,AwayInRelegationZone,HomeMatchesRemaining,AwayMatchesRemaining,HomeSeasonProgress,AwaySeasonProgress,HomeTitlePressure,AwayTitlePressure,HomeTop4Distance,AwayTop4Distance,HomeTop4Pressure,AwayTop4Pressure,HomeRelegationPressure,AwayRelegationPressure,HomePreviousSeasonPPG,HomePreviousSeasonDataAvailable,HomeCrossSeasonRecentPPG,HomeCrossSeasonMatchesUsed,AwayPreviousSeasonPPG,AwayPreviousSeasonDataAvailable,AwayCrossSeasonRecentPPG,AwayCrossSeasonMatchesUsed,HomeAvgGoalsScoredLast5,HomeAvgGoalsConcededLast5,HomeGoalDifferenceLast5,AwayAvgGoalsScoredLast5,AwayAvgGoalsConcededLast5,AwayGoalDifferenceLast5,AttackStrengthDifference,DefenseStrengthDifference,GoalDifferenceStrengthGap
2021-08-13,2021/22,Brentford,Arsenal,2,0,H,,,,,0,0,0,0,0,0,1,1,0,0,0,0,,,,,,,,,,,,,0,0,0,0,0,0,0,0,0,0,38,38,0.0,0.0,0.0,0.0,0,0,0.0,0.0,0.0,0.0,,0,,0,,0,,0,,,,,,,,,
2021-08-14,2021/22,Manchester United,Leeds United,5,1,H,,,,,0,0,0,0,0,0,2,2,0,0,0,0,,,,,,,,,,,,,3,3,0,0,0,0,0,0,0,0,38,38,0.0,0.0,0.0,0.0,0,0,0.0,0.0,0.0,0.0,,0,,0,,0,,0,,,,,,,,,
2021-08-14,2021/22,Burnley,Brighton,1,2,A,,,,,0,0,0,0,0,0,2,2,0,0,0,0,,,,,,,,,,,,,3,3,0,0,0,0,0,0,0,0,38,38,0.0,0.0,0.0,0.0,0,0,0.0,0.0,0.0,0.0,,0,,0,,0,,0,,,,,,,,,
2021-08-14,2021/22,Chelsea,Crystal Palace,3,0,H,,,,,0,0,0,0,0,0,2,2,0,0,0,0,,,,,,,,,,,,,3,3,0,0,0,0,0,0,0,0,38,38,0.0,0.0,0.0,0.0,0,0,0.0,0.0,0.0,0.0,,0,,0,,0,,0,,,,,,,,,
2021-08-14,2021/22,Everton,Southampton,3,1,H,,,,,0,0,0,0,0,0,2,2,0,0,0,0,,,,,,,,,,,,,3,3,0,0,0,0,0,0,0,0,38,38,0.0,0.0,0.0,0.0,0,0,0.0,0.0,0.0,0.0,,0,,0,,0,,0,,,,,,,,,
2021-08-14,2021/22,Leicester City,Wolverhampton Wanderers,1,0,H,,,,,0,0,0,0,0,0,2,2,0,0,0,0,,,,,,,,,,,,,3,3,0,0,0,0,0,0,0,1,38,38,0.0,0.0,0.0,0.0,0,0,0.0,0.0,0.0,0.0,,0,,0,,0,,0,,,,,,,,,
2021-08-14,2021/22,Watford,Aston Villa,3,2,H,,,,,0,0,0,0,0,0,2,2,0,0,0,0,,,,,,,,,,,,,3,3,0,0,0,0,0,0,0,0,38,38,0.0,0.0,0.0,0.0,0,0,0.0,0.0,0.0,0.0,,0,,0,,0,,0,,,,,,,,,
2021-08-14,2021/22,Norwich City,Liverpool,0,3,A,,,,,0,0,0,0,0,0,2,2,0,0,0,0,,,,,,,,,,,,,3,3,0,0,0,0,0,0,0,0,38,38,0.0,0.0,0.0,0.0,0,0,0.0,0.0,0.0,0.0,,0,,0,,0,,0,,,,,,,,,
2021-08-15,2021/22,Newcastle United,West Ham United,2,4,A,,,,,0,0,0,0,0,0,9,9,0,0,0,0,,,,,,,,,,,,,3,3,3,3,0,0,0,0,0,0,38,38,0.0,0.0,0.0,0.0,3,3,0.0,0.0,0.0,0.0,,0,,0,,0,,0,,,,,,,,,
2021-08-15,2021/22,Tottenham Hotspur,Manchester City,1,0,H,,,,,0,0,0,0,0,0,9,9,0,0,0,0,,,,,,,,,,,,,3,3,3,3,0,0,0,0,0,0,38,38,0.0,0.0,0.0,0.0,3,3,0.0,0.0,0.0,0.0,,0,,0,,0,,0,,,,,,,,,
2021-08-21,2021/22,Aston Villa,Newcastle United,2,0,H,,,,,1,1,0,0,0,0,11,15,0,0,0,0,0.0,,,0.0,,,,0.0,,,,,3,3,3,3,0,0,0,0,0,0,37,37,0.0263157894736842,0.0263157894736842,0.006578947368421,0.006578947368421,3,3,0.006578947368421,0.006578947368421,0.0263157894736842,0.0263157894736842,,0,0.0,1,,0,0.0,1,2.0,3.0,-1.0,2.0,4.0,-2.0,0.0,1.0,1.0
2021-08-21,2021/22,Crystal Palace,Brentford,0,0,D,,,,,1,1,0,3,-3,0,18,6,0,0,0,0,0.0,,,3.0,,,,-3.0,,,,,3,0,3,0,0,3,0,3,1,0,37,37,0.0263157894736842,0.0263157894736842,0.006578947368421,0.0263157894736842,3,0,0.006578947368421,0.0263157894736842,0.0263157894736842,0.006578947368421,,0,0.0,1,,0,3.0,1,0.0,3.0,-3.0,2.0,0.0,2.0,-2.0,-3.0,-5.0
2021-08-21,2021/22,Liverpool,Burnley,2,0,H,,,,,1,1,3,0,3,0,2,12,0,0,0,0,3.0,,,0.0,,,,3.0,,,,,0,3,0,3,3,0,3,0,0,0,37,37,0.0263157894736842,0.0263157894736842,0.0263157894736842,0.006578947368421,0,3,0.0263157894736842,0.006578947368421,0.006578947368421,0.0263157894736842,,0,3.0,1,,0,0.0,1,3.0,0.0,3.0,1.0,2.0,-1.0,2.0,2.0,4.0
2021-08-21,2021/22,Brighton,Watford,2,0,H,,,,,1,1,3,3,0,0,8,7,0,0,0,0,3.0,,,3.0,,,,0.0,,,,,0,0,0,0,3,3,3,3,0,0,37,37,0.0263157894736842,0.0263157894736842,0.0263157894736842,0.0263157894736842,0,0,0.0263157894736842,0.0263157894736842,0.006578947368421,0.006578947368421,,0,3.0,1,,0,3.0,1,2.0,1.0,1.0,3.0,2.0,1.0,-1.0,1.0,0.0
2021-08-21,2021/22,Leeds United,Everton,2,2,D,,,,,1,1,0,3,-3,0,20,5,0,0,0,0,0.0,,,3.0,,,,-3.0,,,,,3,0,3,0,0,3,0,3,1,0,37,37,0.0263157894736842,0.0263157894736842,0.006578947368421,0.0263157894736842,3,0,0.006578947368421,0.0263157894736842,0.0263157894736842,0.006578947368421,,0,0.0,1,,0,3.0,1,1.0,5.0,-4.0,3.0,1.0,2.0,-2.0,-4.0,-6.0
2021-08-21,2021/22,Manchester City,Norwich City,5,0,H,,,,,1,1,0,0,0,0,13,18,0,0,0,0,0.0,,,0.0,,,,0.0,,,,,3,3,3,3,0,0,0,0,0,1,37,37,0.0263157894736842,0.0263157894736842,0.006578947368421,0.006578947368421,3,3,0.006578947368421,0.006578947368421,0.0263157894736842,0.0263157894736842,,0,0.0,1,,0,0.0,1,0.0,1.0,-1.0,0.0,3.0,-3.0,0.0,2.0,2.0
2021-08-22,2021/22,Southampton,Manchester United,1,1,D,,,,,1,1,0,3,-3,0,16,5,0,0,0,0,0.0,,,3.0,,,,-3.0,,,,,6,3,4,1,0,3,0,3,0,0,37,37,0.0263157894736842,0.0263157894736842,0.0037593984962406,0.006578947368421,4,1,0.0052631578947368,0.0131578947368421,0.0263157894736842,0.006578947368421,,0,0.0,1,,0,3.0,1,1.0,3.0,-2.0,5.0,1.0,4.0,-4.0,-2.0,-6.0
2021-08-22,2021/22,Wolverhampton Wanderers,Tottenham Hotspur,0,1,A,,,,,1,1,0,3,-3,0,15,10,0,0,0,0,0.0,,,3.0,,,,-3.0,,,,,6,3,4,1,0,3,0,3,0,0,37,37,0.0263157894736842,0.0263157894736842,0.0037593984962406,0.006578947368421,4,1,0.0052631578947368,0.0131578947368421,0.0263157894736842,0.006578947368421,,0,0.0,1,,0,3.0,1,0.0,1.0,-1.0,1.0,0.0,1.0,-1.0,-1.0,-2.0
2021-08-22,2021/22,Arsenal,Chelsea,0,2,A,,,,,1,1,0,3,-3,0,17,7,0,0,0,0,0.0,,,3.0,,,,-3.0,,,,,6,3,4,1,0,3,0,3,0,0,37,37,0.0263157894736842,0.0263157894736842,0.0037593984962406,0.006578947368421,4,1,0.0052631578947368,0.0131578947368421,0.0263157894736842,0.006578947368421,,0,0.0,1,,0,3.0,1,0.0,2.0,-2.0,3.0,0.0,3.0,-3.0,-2.0,-5.0
2021-08-23,2021/22,West Ham United,Leicester City,4,1,H,,,,,1,1,3,3,0,0,9,11,0,0,0,0,3.0,,,3.0,,,,0.0,,,,,3,3,3,3,3,3,3,3,0,0,37,37,0.0263157894736842,0.0263157894736842,0.006578947368421,0.006578947368421,3,3,0.006578947368421,0.006578947368421,0.006578947368421,0.006578947368421,,0,3.0,1,,0,3.0,1,4.0,2.0,2.0,1.0,0.0,1.0,3.0,-2.0,1.0
2021-08-28,2021/22,Newcastle United,Southampton,2,2,D,,,,,2,2,0,1,-1,0,18,13,0,0,0,0,0.0,,,0.5,,,,-0.5,,,,,6,5,6,5,0,1,0,1,1,0,36,36,0.0526315789473684,0.0526315789473684,0.0075187969924812,0.0087719298245614,6,5,0.0075187969924812,0.0087719298245614,0.0526315789473684,0.0263157894736842,,0,0.0,2,,0,0.5,2,1.0,3.0,-2.0,1.0,2.0,-1.0,0.0,-1.0,-1.0
2021-08-28,2021/22,Norwich City,Leicester City,1,2,A,,,,,2,2,0,3,-3,0,20,12,0,0,0,0,0.0,,,1.5,,,,-1.5,,,,,6,3,6,3,0,3,0,3,1,0,36,36,0.0526315789473684,0.0526315789473684,0.0075187969924812,0.0131578947368421,6,3,0.0075187969924812,0.0131578947368421,0.0526315789473684,0.0131578947368421,,0,0.0,2,,0,1.5,2,0.0,4.0,-4.0,1.0,2.0,-1.0,-1.0,-2.0,-3.0
2021-08-28,2021/22,West Ham United,Crystal Palace,2,2,D,,,,,2,2,6,1,5,0,1,14,0,0,0,0,3.0,,,0.5,,,,2.5,,,,,0,5,0,5,6,1,6,1,0,0,36,36,0.0526315789473684,0.0526315789473684,0.0526315789473684,0.0087719298245614,0,5,0.0526315789473684,0.0087719298245614,0.0075187969924812,0.0263157894736842,,0,3.0,2,,0,0.5,2,4.0,1.5,2.5,0.0,1.5,-1.5,4.0,0.0,4.0
2021-08-28,2021/22,Liverpool,Chelsea,1,1,D,,,,,2,2,6,6,0,0,2,2,0,0,0,0,3.0,,,3.0,,,,0.0,,,,,0,0,0,0,6,6,6,6,0,0,36,36,0.0526315789473684,0.0526315789473684,0.0526315789473684,0.0526315789473684,0,0,0.0526315789473684,0.0526315789473684,0.0075187969924812,0.0075187969924812,,0,3.0,2,,0,3.0,2,2.5,0.0,2.5,2.5,0.0,2.5,0.0,0.0,0.0
2021-08-28,2021/22,Manchester City,Arsenal,5,0,H,,,,,2,2,3,0,3,0,9,19,0,0,0,0,1.5,,,0.0,,,,1.5,,,,,3,6,3,6,3,0,3,0,0,1,36,36,0.0526315789473684,0.0526315789473684,0.0131578947368421,0.0075187969924812,3,6,0.0131578947368421,0.0075187969924812,0.0131578947368421,0.0526315789473684,,0,1.5,2,,0,0.0,2,2.5,0.5,2.0,0.0,2.0,-2.0,2.5,1.5,4.0
2021-08-28,2021/22,Aston Villa,Brentford,1,1,D,,,,,2,2,3,4,-1,0,10,8,0,0,0,0,1.5,,,2.0,,,,-0.5,,,,,3,2,3,2,3,4,3,4,0,0,36,36,0.0526315789473684,0.0526315789473684,0.0131578947368421,0.0175438596491228,3,2,0.0131578947368421,0.0175438596491228,0.0131578947368421,0.0105263157894736,,0,1.5,2,,0,2.0,2,2.0,1.5,0.5,1.0,0.0,1.0,1.0,-1.5,-0.5
2021-08-28,2021/22,Brighton,Everton,0,2,A,,,,,2,2,6,4,2,0,4,7,0,0,0,0,3.0,,,2.0,,,,1.0,,,,,0,2,0,2,6,4,6,4,0,0,36,36,0.0526315789473684,0.0526315789473684,0.0526315789473684,0.0175438596491228,0,2,0.0526315789473684,0.0175438596491228,0.0075187969924812,0.0105263157894736,,0,3.0,2,,0,2.0,2,2.0,0.5,1.5,2.5,1.5,1.0,-0.5,1.0,0.5
2021-08-29,2021/22,Tottenham Hotspur,Watford,1,0,H,,,,,2,2,6,3,3,0,6,12,0,0,0,0,3.0,,,1.5,,,,1.5,,,,,1,4,1,4,6,3,6,3,0,0,36,36,0.0526315789473684,0.0526315789473684,0.0263157894736842,0.0105263157894736,1,4,0.0263157894736842,0.0105263157894736,0.0075187969924812,0.0131578947368421,,0,3.0,2,,0,1.5,2,1.0,0.0,1.0,1.5,2.0,-0.5,-0.5,2.0,1.5
2021-08-29,2021/22,Wolverhampton Wanderers,Manchester United,0,1,A,,,,,2,2,0,4,-4,0,17,10,0,0,0,0,0.0,,,2.0,,,,-2.0,,,,,7,3,7,3,0,4,0,4,0,0,36,36,0.0526315789473684,0.0526315789473684,0.006578947368421,0.0131578947368421,7,3,0.006578947368421,0.0131578947368421,0.0526315789473684,0.0105263157894736,,0,0.0,2,,0,2.0,2,0.0,1.0,-1.0,3.0,1.0,2.0,-3.0,0.0,-3.0
2021-08-29,2021/22,Burnley,Leeds United,1,1,D,,,,,2,2,0,1,-1,0,18,16,0,0,0,0,0.0,,,0.5,,,,-0.5,,,,,7,6,7,6,0,1,0,1,1,0,36,36,0.0526315789473684,0.0526315789473684,0.006578947368421,0.0075187969924812,7,6,0.006578947368421,0.0075187969924812,0.0526315789473684,0.0263157894736842,,0,0.0,2,,0,0.5,2,0.5,2.0,-1.5,1.5,3.5,-2.0,-1.0,1.5,0.5
2021-09-11,2021/22,Crystal Palace,Tottenham Hotspur,3,0,H,,,,,3,3,2,9,-7,0,14,1,0,0,0,0,0.6666666666666666,,,3.0,,,,-2.333333333333333,,,,,7,0,5,-2,2,9,2,9,0,0,35,35,0.0789473684210526,0.0789473684210526,0.0098684210526315,0.0789473684210526,5,2,0.0131578947368421,0.0263157894736842,0.0263157894736842,0.0078947368421052,,0,0.6666666666666666,3,,0,3.0,3,0.6666666666666666,1.6666666666666667,-1.0,1.0,0.0,1.0,-0.33333333333333337,-1.6666666666666667,-2.0
2021-09-11,2021/22,Arsenal,Norwich City,1,0,H,,,,,3,3,0,0,0,0,20,19,0,0,0,0,0.0,,,0.0,,,,0.0,,,,,9,9,7,7,0,0,1,1,1,1,35,35,0.0789473684210526,0.0789473684210526,0.0078947368421052,0.0078947368421052,7,7,0.0098684210526315,0.0098684210526315,0.0394736842105263,0.0394736842105263,,0,0.0,3,,0,0.0,3,0.0,3.0,-3.0,0.3333333333333333,3.3333333333333335,-3.0,-0.3333333333333333,0.3333333333333335,0.0
2021-09-11,2021/22,Brentford,Brighton,0,1,A,,,,,3,3,5,6,-1,0,10,8,0,0,0,0,1.6666666666666667,,,2.0,,,,-0.3333333333333332,,,,,4,3,2,1,5,6,5,6,0,0,35,35,0.0789473684210526,0.0789473684210526,0.0157894736842105,0.0197368421052631,2,1,0.0263157894736842,0.0394736842105263,0.0131578947368421,0.0112781954887218,,0,1.6666666666666667,3,,0,2.0,3,1.0,0.3333333333333333,0.6666666666666666,1.3333333333333333,1.0,0.3333333333333333,-0.33333333333333326,0.6666666666666667,0.3333333333333333
2021-09-11,2021/22,Leicester City,Manchester City,0,1,A,,,,,3,3,6,6,0,0,9,7,0,0,0,0,2.0,,,2.0,,,,0.0,,,,,3,3,1,1,6,6,6,6,0,0,35,35,0.0789473684210526,0.0789473684210526,0.0197368421052631,0.0197368421052631,1,1,0.0394736842105263,0.0394736842105263,0.0112781954887218,0.0112781954887218,,0,2.0,3,,0,2.0,3,1.3333333333333333,1.6666666666666667,-0.3333333333333333,3.3333333333333335,0.3333333333333333,3.0,-2.0,-1.3333333333333335,-3.3333333333333335
2021-09-11,2021/22,Manchester United,Newcastle United,4,1,H,,,,,3,3,7,1,6,0,3,17,0,0,0,0,2.333333333333333,,,0.3333333333333333,,,,2.0,,,,,2,8,0,6,7,1,7,1,0,0,35,35,0.0789473684210526,0.0789473684210526,0.0263157894736842,0.0087719298245614,0,6,0.0789473684210526,0.0112781954887218,0.0098684210526315,0.0394736842105263,,0,2.333333333333333,3,,0,0.3333333333333333,3,2.3333333333333335,0.6666666666666666,1.6666666666666667,1.3333333333333333,2.6666666666666665,-1.3333333333333333,1.0000000000000002,2.0,3.0
2021-09-11,2021/22,Southampton,West Ham United,0,0,D,,,,,3,3,2,7,-5,0,13,2,0,0,0,0,0.6666666666666666,,,2.333333333333333,,,,-1.666666666666667,,,,,7,2,5,0,2,7,2,7,0,0,35,35,0.0789473684210526,0.0789473684210526,0.0098684210526315,0.0263157894736842,5,0,0.0131578947368421,0.0789473684210526,0.0263157894736842,0.0098684210526315,,0,0.6666666666666666,3,,0,2.333333333333333,3,1.3333333333333333,2.0,-0.6666666666666666,3.3333333333333335,1.6666666666666667,1.6666666666666667,-2.0,-0.33333333333333326,-2.3333333333333335
2021-09-11,2021/22,Watford,Wolverhampton Wanderers,0,2,A,,,,,3,3,3,0,3,0,12,18,0,0,0,0,1.0,,,0.0,,,,1.0,,,,,6,9,4,7,3,0,3,1,0,1,35,35,0.0789473684210526,0.0789473684210526,0.0112781954887218,0.0078947368421052,4,7,0.0157894736842105,0.0098684210526315,0.0197368421052631,0.0394736842105263,,0,1.0,3,,0,0.0,3,1.0,1.6666666666666667,-0.6666666666666666,0.0,1.0,-1.0,1.0,-0.6666666666666667,0.33333333333333337
2021-09-11,2021/22,Chelsea,Aston Villa,3,0,H,,,,,3,3,7,4,3,0,4,11,0,0,0,0,2.333333333333333,,,1.3333333333333333,,,,1.0000000000000002,,,,,2,5,0,3,7,4,7,4,0,0,35,35,0.0789473684210526,0.0789473684210526,0.0263157894736842,0.0131578947368421,0,3,0.0789473684210526,0.0197368421052631,0.0098684210526315,0.0157894736842105,,0,2.333333333333333,3,,0,1.3333333333333333,3,2.0,0.3333333333333333,1.6666666666666667,1.6666666666666667,1.3333333333333333,0.3333333333333333,0.33333333333333326,1.0,1.3333333333333335
2021-09-12,2021/22,Leeds United,Liverpool,0,3,A,,,,,3,3,2,7,-5,0,17,7,0,0,0,0,0.6666666666666666,,,2.333333333333333,,,,-1.666666666666667,,,,,8,3,7,2,1,6,1,6,0,0,35,35,0.0789473684210526,0.0789473684210526,0.0087719298245614,0.0197368421052631,7,2,0.0098684210526315,0.0263157894736842,0.0394736842105263,0.0112781954887218,,0,0.6666666666666666,3,,0,2.333333333333333,3,1.3333333333333333,2.6666666666666665,-1.3333333333333333,2.0,0.3333333333333333,1.6666666666666667,-0.6666666666666667,-2.333333333333333,-3.0
2021-09-13,2021/22,Everton,Burnley,3,1,H,,,,,3,3,7,1,6,0,8,18,0,0,0,0,2.333333333333333,,,0.3333333333333333,,,,2.0,,,,,3,9,2,8,6,0,6,1,0,1,35,35,0.0789473684210526,0.0789473684210526,0.0197368421052631,0.0078947368421052,2,8,0.0263157894736842,0.0087719298245614,0.0112781954887218,0.0394736842105263,,0,2.333333333333333,3,,0,0.3333333333333333,3,2.3333333333333335,1.0,1.3333333333333333,0.6666666666666666,1.6666666666666667,-1.0,1.666666666666667,0.6666666666666667,2.333333333333333
2021-09-17,2021/22,Newcastle United,Leeds United,1,1,D,,,,,4,4,1,2,-1,0,19,17,0,0,0,0,0.25,,,0.5,,,,-0.25,,,,,9,8,9,8,0,1,1,1,1,0,34,34,0.1052631578947368,0.1052631578947368,0.0105263157894736,0.0116959064327485,9,8,0.0105263157894736,0.0116959064327485,0.0526315789473684,0.0526315789473684,,0,0.25,4,,0,0.5,4,1.25,3.0,-1.75,1.0,2.75,-1.75,0.25,-0.25,0.0
2021-09-18,2021/22,Liverpool,Crystal Palace,3,0,H,,,,,4,4,10,5,5,0,2,11,0,0,0,0,2.5,,,1.25,,,,1.25,,,,,0,5,0,5,8,3,8,3,0,0,34,34,0.1052631578947368,0.1052631578947368,0.1052631578947368,0.0175438596491228,0,5,0.1052631578947368,0.0175438596491228,0.0116959064327485,0.0263157894736842,,0,2.5,4,,0,1.25,4,2.25,0.25,2.0,1.25,1.25,0.0,1.0,1.0,2.0
2021-09-18,2021/22,Aston Villa,Everton,3,0,H,,,,,4,4,4,10,-6,0,12,4,0,0,0,0,1.0,,,2.5,,,,-1.5,,,,,6,0,6,0,2,8,2,8,0,0,34,34,0.1052631578947368,0.1052631578947368,0.0150375939849624,0.1052631578947368,6,0,0.0150375939849624,0.1052631578947368,0.0350877192982456,0.0116959064327485,,0,1.0,4,,0,2.5,4,1.25,1.75,-0.5,2.5,1.0,1.5,-1.25,-0.75,-2.0
2021-09-18,2021/22,Norwich City,Watford,1,3,A,,,,,4,4,0,3,-3,0,20,15,0,0,0,0,0.0,,,0.75,,,,-0.75,,,,,10,7,10,7,-2,1,3,1,1,0,34,34,0.1052631578947368,0.1052631578947368,0.0095693779904306,0.0131578947368421,10,7,0.0095693779904306,0.0131578947368421,0.0263157894736842,0.0526315789473684,,0,0.0,4,,0,0.75,4,0.25,2.75,-2.5,0.75,1.75,-1.0,-0.5,-1.0,-1.5
2021-09-18,2021/22,Burnley,Arsenal,0,1,A,,,,,4,4,1,3,-2,0,19,17,0,0,0,0,0.25,,,0.75,,,,-0.5,,,,,9,7,9,7,-1,1,2,1,1,0,34,34,0.1052631578947368,0.1052631578947368,0.0105263157894736,0.0131578947368421,9,7,0.0105263157894736,0.0131578947368421,0.0350877192982456,0.0526315789473684,,0,0.25,4,,0,0.75,4,0.75,2.0,-1.25,0.25,2.25,-2.0,0.5,0.25,0.75
2021-09-18,2021/22,Wolverhampton Wanderers,Brentford,0,2,A,,,,,4,4,3,5,-2,0,13,10,0,0,0,0,0.75,,,1.25,,,,-0.5,,,,,7,5,7,5,1,3,1,3,0,0,34,34,0.1052631578947368,0.1052631578947368,0.0131578947368421,0.0175438596491228,7,5,0.0131578947368421,0.0175438596491228,0.0526315789473684,0.0263157894736842,,0,0.75,4,,0,1.25,4,0.5,0.75,-0.25,0.75,0.5,0.25,-0.25,-0.25,-0.5
2021-09-18,2021/22,Manchester City,Southampton,0,0,D,,,,,4,4,9,3,6,0,5,14,0,0,0,0,2.25,,,0.75,,,,1.5,,,,,1,7,1,7,7,1,7,1,0,0,34,34,0.1052631578947368,0.1052631578947368,0.0526315789473684,0.0131578947368421,1,7,0.0526315789473684,0.0131578947368421,0.0131578947368421,0.0526315789473684,,0,2.25,4,,0,0.75,4,2.75,0.25,2.5,1.0,1.5,-0.5,1.75,1.25,3.0
2021-09-19,2021/22,Brighton,Leicester City,2,1,H,,,,,4,4,9,6,3,0,6,12,0,0,0,0,2.25,,,1.5,,,,0.75,,,,,4,7,1,4,7,4,7,4,0,0,34,34,0.1052631578947368,0.1052631578947368,0.0210526315789473,0.0131578947368421,1,4,0.0526315789473684,0.0210526315789473,0.0131578947368421,0.0210526315789473,,0,2.25,4,,0,1.5,4,1.25,0.75,0.5,1.0,1.5,-0.5,0.25,0.75,1.0
2021-09-19,2021/22,West Ham United,Manchester United,1,2,A,,,,,4,4,8,10,-2,0,8,3,0,0,0,0,2.0,,,2.5,,,,-0.5,,,,,5,3,2,0,6,8,6,8,0,0,34,34,0.1052631578947368,0.1052631578947368,0.0175438596491228,0.0263157894736842,2,0,0.0350877192982456,0.1052631578947368,0.0150375939849624,0.0116959064327485,,0,2.0,4,,0,2.5,4,2.5,1.25,1.25,2.75,0.75,2.0,-0.25,-0.5,-0.75
2021-09-19,2021/22,Tottenham Hotspur,Chelsea,0,3,A,,,,,4,4,9,10,-1,0,7,4,0,0,0,0,2.25,,,2.5,,,,-0.25,,,,,4,3,1,0,7,8,7,8,0,0,34,34,0.1052631578947368,0.1052631578947368,0.0210526315789473,0.0263157894736842,1,0,0.0526315789473684,0.1052631578947368,0.0131578947368421,0.0116959064327485,,0,2.25,4,,0,2.5,4,0.75,0.75,0.0,2.25,0.25,2.0,-1.5,-0.5,-2.0
2021-09-25,2021/22,Everton,Norwich City,2,0,H,10.0,0.0,,,5,5,10,0,10,0,6,20,0,0,0,0,2.0,2.0,0.0,0.0,0.0,0.0,0.0,2.0,2.0,0.0,0.0,0.0,3,13,2,12,8,-2,8,3,0,1,33,33,0.131578947368421,0.131578947368421,0.0328947368421052,0.0093984962406015,2,12,0.043859649122807,0.0101214574898785,0.0146198830409356,0.0328947368421052,,0,2.0,5,,0,0.0,5,2.0,1.4,0.6,0.4,2.8,-2.4,1.6,1.4,3.0
2021-09-25,2021/22,Leeds United,West Ham United,1,2,A,3.0,8.0,,,5,5,3,8,-5,0,17,8,0,0,0,0,0.6,0.6,0.0,1.6,1.6,0.0,0.0,-1.0,-1.0,0.0,0.0,0.0,10,5,9,4,1,6,1,6,0,0,33,33,0.131578947368421,0.131578947368421,0.0119617224880382,0.0219298245614035,9,4,0.0131578947368421,0.0263157894736842,0.0657894736842105,0.018796992481203,,0,0.6,5,,0,1.6,5,1.0,2.4,-1.4,2.2,1.4,0.8,-1.2000000000000002,-1.0,-2.2
2021-09-25,2021/22,Leicester City,Burnley,2,2,D,6.0,1.0,,,5,5,6,1,5,0,12,19,0,0,0,0,1.2,1.2,0.0,0.2,0.2,0.0,0.0,1.0,1.0,0.0,0.0,0.0,7,12,6,11,4,-1,4,2,0,1,33,33,0.131578947368421,0.131578947368421,0.0164473684210526,0.0101214574898785,6,11,0.018796992481203,0.0109649122807017,0.0263157894736842,0.043859649122807,,0,1.2,5,,0,0.2,5,1.0,1.6,-0.6,0.6,1.8,-1.2,0.4,0.19999999999999996,0.6
2021-09-25,2021/22,Watford,Newcastle United,1,1,D,6.0,2.0,,,5,5,6,2,4,0,11,18,0,0,0,0,1.2,1.2,0.0,0.4,0.4,0.0,0.0,0.7999999999999999,0.7999999999999999,0.0,0.0,0.0,7,11,6,10,4,0,4,1,0,1,33,33,0.131578947368421,0.131578947368421,0.0164473684210526,0.0109649122807017,6,10,0.018796992481203,0.0119617224880382,0.0263157894736842,0.0657894736842105,,0,1.2,5,,0,0.4,5,1.2,1.6,-0.4,1.2,2.6,-1.4,0.0,1.0,0.9999999999999999
2021-09-25,2021/22,Chelsea,Manchester City,0,1,A,13.0,10.0,,,5,5,13,10,3,0,1,5,0,0,0,0,2.6,2.6,0.0,2.0,2.0,0.0,0.0,0.6000000000000001,0.6000000000000001,0.0,0.0,0.0,0,3,-1,2,11,8,11,8,0,0,33,33,0.131578947368421,0.131578947368421,0.131578947368421,0.0328947368421052,1,2,0.0657894736842105,0.043859649122807,0.0109649122807017,0.0146198830409356,,0,2.6,5,,0,2.0,5,2.4,0.2,2.2,2.2,0.2,2.0,0.19999999999999973,0.0,0.20000000000000018
2021-09-25,2021/22,Manchester United,Aston Villa,0,1,A,13.0,7.0,,,5,5,13,7,6,0,3,10,0,0,0,0,2.6,2.6,0.0,1.4,1.4,0.0,0.0,1.2000000000000002,1.2000000000000002,0.0,0.0,0.0,0,6,-1,5,11,5,11,5,0,0,33,33,0.131578947368421,0.131578947368421,0.131578947368421,0.018796992481203,1,5,0.0657894736842105,0.0219298245614035,0.0109649122807017,0.0219298245614035,,0,2.6,5,,0,1.4,5,2.6,0.8,1.8,1.6,1.4,0.2,1.0,0.5999999999999999,1.6
2021-09-25,2021/22,Brentford,Liverpool,3,3,D,8.0,13.0,,,5,5,8,13,-5,0,9,1,0,0,0,0,1.6,1.6,0.0,2.6,2.6,0.0,0.0,-1.0,-1.0,0.0,0.0,0.0,5,0,4,-1,6,11,6,11,0,0,33,33,0.131578947368421,0.131578947368421,0.0219298245614035,0.131578947368421,4,1,0.0263157894736842,0.0657894736842105,0.018796992481203,0.0109649122807017,,0,1.6,5,,0,2.6,5,1.0,0.4,0.6,2.4,0.2,2.2,-1.4,-0.2,-1.6
2021-09-26,2021/22,Southampton,Wolverhampton Wanderers,0,1,A,4.0,3.0,,,5,5,4,3,1,0,15,16,0,0,0,0,0.8,0.8,0.0,0.6,0.6,0.0,0.0,0.2,0.2,0.0,0.0,0.0,10,11,9,10,1,0,1,0,0,0,33,33,0.131578947368421,0.131578947368421,0.0119617224880382,0.0109649122807017,9,10,0.0131578947368421,0.0119617224880382,0.0657894736842105,0.131578947368421,,0,0.8,5,,0,0.6,5,0.8,1.2,-0.4,0.4,1.0,-0.6,0.4,-0.19999999999999996,0.19999999999999996
2021-09-26,2021/22,Arsenal,Tottenham Hotspur,3,1,H,6.0,9.0,,,5,5,6,9,-3,0,13,10,0,0,0,0,1.2,1.2,0.0,1.8,1.8,0.0,0.0,-0.6000000000000001,-0.6000000000000001,0.0,0.0,0.0,8,5,7,4,3,6,3,6,0,0,33,33,0.131578947368421,0.131578947368421,0.0146198830409356,0.0219298245614035,7,4,0.0164473684210526,0.0263157894736842,0.0328947368421052,0.018796992481203,,0,1.2,5,,0,1.8,5,0.4,1.8,-1.4,0.6,1.2,-0.6,-0.19999999999999996,-0.6000000000000001,-0.7999999999999999
2021-09-27,2021/22,Crystal Palace,Brighton,1,1,D,5.0,12.0,,,5,5,5,12,-7,0,15,6,0,0,0,0,1.0,1.0,0.0,2.4,2.4,0.0,0.0,-1.4,-1.4,0.0,0.0,0.0,9,2,8,1,2,9,2,9,0,0,33,33,0.131578947368421,0.131578947368421,0.0131578947368421,0.043859649122807,8,1,0.0146198830409356,0.0657894736842105,0.043859649122807,0.0131578947368421,,0,1.0,5,,0,2.4,5,1.0,1.6,-0.6,1.4,0.8,0.6,-0.3999999999999999,-0.8,-1.2
2021-10-02,2021/22,Manchester United,Everton,1,1,D,10.0,10.0,,,6,6,13,13,0,0,4,5,0,0,0,0,2.1666666666666665,2.0,-0.1666666666666665,2.1666666666666665,2.0,-0.1666666666666665,0.0,0.0,0.0,0.0,0.0,0.0,1,1,0,0,10,10,10,10,0,0,32,32,0.1578947368421052,0.1578947368421052,0.0789473684210526,0.0789473684210526,0,0,0.1578947368421052,0.1578947368421052,0.0143540669856459,0.0143540669856459,,0,2.0,5,,0,2.0,5,1.6,0.8,0.8,1.8,1.2,0.6,-0.19999999999999996,0.3999999999999999,0.20000000000000007
2021-10-02,2021/22,Burnley,Norwich City,0,0,D,2.0,0.0,,,6,6,2,0,2,0,19,20,0,0,0,0,0.3333333333333333,0.4,0.0666666666666667,0.0,0.0,0.0,0.0666666666666667,0.3333333333333333,0.4,0.0666666666666667,0.0,0.0,12,14,11,13,-1,-3,1,3,1,1,32,32,0.1578947368421052,0.1578947368421052,0.0121457489878542,0.0105263157894736,11,13,0.0131578947368421,0.0112781954887218,0.0789473684210526,0.0394736842105263,,0,0.4,5,,0,0.0,5,0.8,1.8,-1.0,0.4,2.6,-2.2,0.4,0.8,1.2000000000000002
2021-10-02,2021/22,Chelsea,Southampton,3,1,H,10.0,4.0,,,6,6,13,4,9,0,3,16,0,0,0,0,2.1666666666666665,2.0,-0.1666666666666665,0.6666666666666666,0.8,0.1333333333333334,-0.2999999999999999,1.5,1.2,-0.3,0.0,0.0,1,10,0,9,10,1,10,1,0,0,32,32,0.1578947368421052,0.1578947368421052,0.0789473684210526,0.0143540669856459,0,9,0.1578947368421052,0.0157894736842105,0.0143540669856459,0.0789473684210526,,0,2.0,5,,0,0.8,5,1.8,0.4,1.4,0.6,0.8,-0.2,1.2000000000000002,0.4,1.5999999999999999
2021-10-02,2021/22,Leeds United,Watford,1,0,H,3.0,4.0,,,6,6,3,7,-4,0,18,12,0,0,0,0,0.5,0.6,0.0999999999999999,1.1666666666666667,0.8,-0.3666666666666667,0.4666666666666667,-0.6666666666666667,-0.2,0.4666666666666667,0.0,0.0,11,7,10,6,0,4,0,4,1,0,32,32,0.1578947368421052,0.1578947368421052,0.0131578947368421,0.0197368421052631,10,6,0.0143540669856459,0.0225563909774436,0.1578947368421052,0.031578947368421,,0,0.6,5,,0,0.8,5,1.0,1.8,-0.8,0.8,1.4,-0.6,0.19999999999999996,-0.40000000000000013,-0.20000000000000007
2021-10-02,2021/22,Wolverhampton Wanderers,Newcastle United,2,1,H,6.0,3.0,,,6,6,6,3,3,0,14,17,0,0,0,0,1.0,1.2,0.1999999999999999,0.5,0.6,0.0999999999999999,0.0999999999999999,0.5,0.6,0.0999999999999999,0.0,0.0,8,11,7,10,3,0,3,0,0,0,32,32,0.1578947368421052,0.1578947368421052,0.0175438596491228,0.0131578947368421,7,10,0.0197368421052631,0.0143540669856459,0.0394736842105263,0.1578947368421052,,0,1.2,5,,0,0.6,5,0.6,0.8,-0.2,1.0,2.0,-1.0,-0.4,1.2,0.8
2021-10-02,2021/22,Brighton,Arsenal,0,0,D,10.0,9.0,,,6,6,13,9,4,0,6,10,0,0,0,0,2.1666666666666665,2.0,-0.1666666666666665,1.5,1.8,0.3,-0.4666666666666665,0.6666666666666665,0.1999999999999999,-0.4666666666666665,0.0,0.0,1,5,0,4,10,6,10,6,0,0,32,32,0.1578947368421052,0.1578947368421052,0.0789473684210526,0.0263157894736842,0,4,0.1578947368421052,0.031578947368421,0.0143540669856459,0.0225563909774436,,0,2.0,5,,0,1.8,5,1.2,0.8,0.4,1.0,1.6,-0.6,0.19999999999999996,0.8,1.0
2021-10-03,2021/22,Crystal Palace,Leicester City,2,2,D,6.0,4.0,,,6,6,6,7,-1,0,15,13,0,0,0,0,1.0,1.2,0.1999999999999999,1.1666666666666667,0.8,-0.3666666666666667,0.5666666666666667,-0.1666666666666667,0.3999999999999999,0.5666666666666667,0.5666666666666667,1.0,10,9,8,7,3,4,3,4,0,0,32,32,0.1578947368421052,0.1578947368421052,0.0143540669856459,0.0157894736842105,8,7,0.0175438596491228,0.0197368421052631,0.0394736842105263,0.031578947368421,,0,1.2,5,,0,0.8,5,1.2,1.2,0.0,1.2,2.0,-0.8,0.0,0.8,0.8
2021-10-03,2021/22,Tottenham Hotspur,Aston Villa,2,1,H,6.0,10.0,,,6,6,9,10,-1,0,12,8,0,0,0,0,1.5,1.2,-0.3,1.6666666666666667,2.0,0.3333333333333332,-0.6333333333333333,-0.1666666666666667,-0.8,-0.6333333333333333,0.0,0.0,7,6,5,4,6,7,6,7,0,0,32,32,0.1578947368421052,0.1578947368421052,0.0197368421052631,0.0225563909774436,5,4,0.0263157894736842,0.031578947368421,0.0225563909774436,0.0197368421052631,,0,1.2,5,,0,2.0,5,0.6,1.8,-1.2,1.4,0.8,0.6,-0.7999999999999999,-1.0,-1.7999999999999998
2021-10-03,2021/22,West Ham United,Brentford,1,2,A,8.0,6.0,,,6,6,11,9,2,0,7,10,0,0,0,0,1.8333333333333333,1.6,-0.2333333333333331,1.5,1.2,-0.3,0.0666666666666668,0.3333333333333332,0.4000000000000001,0.0666666666666668,0.0,0.0,5,7,3,5,8,6,8,6,0,0,32,32,0.1578947368421052,0.1578947368421052,0.0263157894736842,0.0197368421052631,3,5,0.0394736842105263,0.0263157894736842,0.0175438596491228,0.0225563909774436,,0,1.6,5,,0,1.2,5,1.8,1.2,0.6,1.2,1.0,0.2,0.6000000000000001,-0.19999999999999996,0.39999999999999997
2021-10-03,2021/22,Liverpool,Manchester City,2,2,D,11.0,13.0,,,6,6,14,13,1,0,2,6,0,0,0,0,2.333333333333333,2.2,-0.1333333333333333,2.1666666666666665,2.6,0.4333333333333335,-0.5666666666666669,0.1666666666666669,-0.3999999999999999,-0.5666666666666669,0.5666666666666669,-1.0,2,3,0,1,11,10,11,10,0,0,32,32,0.1578947368421052,0.1578947368421052,0.0526315789473684,0.0394736842105263,0,1,0.1578947368421052,0.0789473684210526,0.0131578947368421,0.0143540669856459,,0,2.2,5,,0,2.6,5,2.4,0.8,1.6,2.4,0.0,2.4,0.0,-0.8,-0.7999999999999998
2021-10-16,2021/22,Watford,Liverpool,0,5,A,4.0,9.0,,,7,7,7,15,-8,0,15,2,0,0,0,0,1.0,0.8,-0.1999999999999999,2.142857142857143,1.8,-0.3428571428571427,0.1428571428571428,-1.1428571428571428,-1.0,0.1428571428571428,0.0,0.0,9,1,7,-1,4,12,4,12,0,0,31,31,0.1842105263157894,0.1842105263157894,0.0184210526315789,0.0921052631578947,7,1,0.0230263157894736,0.0921052631578947,0.0368421052631578,0.0141700404858299,,0,0.8,5,,0,1.8,5,0.8,1.2,-0.4,2.4,1.2,1.2,-1.5999999999999999,0.0,-1.6
2021-10-16,2021/22,Aston Villa,Wolverhampton Wanderers,2,3,A,7.0,9.0,,,7,7,10,9,1,0,10,12,0,0,0,0,1.4285714285714286,1.4,-0.0285714285714286,1.2857142857142858,1.8,0.5142857142857142,-0.5428571428571429,0.1428571428571428,-0.4000000000000001,-0.5428571428571429,0.5428571428571429,-1.0,6,7,4,5,7,6,7,6,0,0,31,31,0.1842105263157894,0.1842105263157894,0.0263157894736842,0.0230263157894736,4,5,0.0368421052631578,0.0307017543859649,0.0230263157894736,0.0263157894736842,,0,1.4,5,,0,1.8,5,1.2,1.2,0.0,1.0,0.8,0.2,0.19999999999999996,-0.3999999999999999,-0.2
2021-10-16,2021/22,Leicester City,Manchester United,4,2,H,5.0,10.0,,,7,7,8,14,-6,0,13,4,0,0,0,0,1.1428571428571428,1.0,-0.1428571428571428,2.0,2.0,0.0,-0.1428571428571428,-0.8571428571428572,-1.0,-0.1428571428571428,0.0,0.0,8,2,6,0,5,11,5,11,0,0,31,31,0.1842105263157894,0.1842105263157894,0.0204678362573099,0.0614035087719298,6,0,0.0263157894736842,0.1842105263157894,0.0307017543859649,0.0153508771929824,,0,1.0,5,,0,2.0,5,1.4,1.6,-0.2,1.6,0.8,0.8,-0.20000000000000018,-0.8,-1.0
2021-10-16,2021/22,Manchester City,Burnley,2,0,H,11.0,3.0,,,7,7,14,3,11,0,3,18,0,0,0,0,2.0,2.2,0.2000000000000001,0.4285714285714285,0.6,0.1714285714285714,0.0285714285714287,1.5714285714285714,1.6,0.0285714285714286,0.0,0.0,2,13,0,11,11,0,11,1,0,1,31,31,0.1842105263157894,0.1842105263157894,0.0614035087719298,0.0131578947368421,0,11,0.1842105263157894,0.0153508771929824,0.0153508771929824,0.0921052631578947,,0,2.2,5,,0,0.6,5,1.8,0.4,1.4,0.8,1.4,-0.6,1.0,0.9999999999999999,2.0
2021-10-16,2021/22,Norwich City,Brighton,0,0,D,1.0,8.0,,,7,7,1,14,-13,0,20,6,0,0,0,0,0.1428571428571428,0.2,0.0571428571428571,2.0,1.6,-0.3999999999999999,0.4571428571428571,-1.8571428571428568,-1.4,0.4571428571428571,0.0,0.0,15,2,13,0,-2,11,3,11,1,0,31,31,0.1842105263157894,0.1842105263157894,0.0115131578947368,0.0614035087719298,13,0,0.0131578947368421,0.1842105263157894,0.0460526315789473,0.0153508771929824,,0,0.2,5,,0,1.6,5,0.4,1.6,-1.2,0.8,0.8,0.0,-0.4,-0.8,-1.2
2021-10-16,2021/22,Southampton,Leeds United,1,0,H,3.0,5.0,,,7,7,4,6,-2,0,17,16,0,0,0,0,0.5714285714285714,0.6,0.0285714285714285,0.8571428571428571,1.0,0.1428571428571429,-0.1142857142857143,-0.2857142857142857,-0.4,-0.1142857142857143,0.0,0.0,12,10,10,8,1,3,1,3,0,0,31,31,0.1842105263157894,0.1842105263157894,0.0141700404858299,0.0167464114832535,10,8,0.0167464114832535,0.0204678362573099,0.0921052631578947,0.0460526315789473,,0,0.6,5,,0,1.0,5,0.6,1.2,-0.6,0.8,1.4,-0.6,-0.20000000000000007,0.19999999999999996,0.0
2021-10-16,2021/22,Brentford,Chelsea,0,1,A,8.0,10.0,,,7,7,12,16,-4,0,7,1,0,0,0,0,1.7142857142857142,1.6,-0.1142857142857141,2.2857142857142856,2.0,-0.2857142857142856,0.1714285714285714,-0.5714285714285714,-0.3999999999999999,0.1714285714285714,0.0,0.0,4,0,2,-2,9,13,9,13,0,0,31,31,0.1842105263157894,0.1842105263157894,0.0368421052631578,0.1842105263157894,2,2,0.0614035087719298,0.0614035087719298,0.0184210526315789,0.0131578947368421,,0,1.6,5,,0,2.0,5,1.6,1.2,0.4,2.0,0.6,1.4,-0.3999999999999999,-0.6,-0.9999999999999999
2021-10-17,2021/22,Everton,West Ham United,0,1,A,10.0,5.0,,,7,7,14,11,3,0,6,10,0,0,0,0,2.0,2.0,0.0,1.5714285714285714,1.0,-0.5714285714285714,0.5714285714285714,0.4285714285714286,1.0,0.5714285714285714,0.0,0.0,5,8,1,4,11,8,11,8,0,0,31,31,0.1842105263157894,0.1842105263157894,0.0307017543859649,0.0204678362573099,1,4,0.0921052631578947,0.0368421052631578,0.0153508771929824,0.0204678362573099,,0,2.0,5,,0,1.0,5,1.6,1.0,0.6,1.2,1.4,-0.2,0.40000000000000013,0.3999999999999999,0.8
2021-10-17,2021/22,Newcastle United,Tottenham Hotspur,2,3,A,3.0,6.0,,,7,7,3,12,-9,0,18,9,0,0,0,0,0.4285714285714285,0.6,0.1714285714285714,1.7142857142857142,1.2,-0.5142857142857142,0.6857142857142857,-1.2857142857142856,-0.6,0.6857142857142856,0.0,0.0,16,7,12,3,0,9,3,9,1,0,31,31,0.1842105263157894,0.1842105263157894,0.0108359133126934,0.0230263157894736,12,3,0.0141700404858299,0.0460526315789473,0.0460526315789473,0.0184210526315789,,0,0.6,5,,0,1.2,5,1.2,2.0,-0.8,0.8,2.0,-1.2,0.3999999999999999,0.0,0.3999999999999999
2021-10-18,2021/22,Arsenal,Crystal Palace,2,2,D,10.0,6.0,,,7,7,10,7,3,0,13,14,0,0,0,0,1.4285714285714286,2.0,0.5714285714285714,1.0,1.2,0.1999999999999999,0.3714285714285714,0.4285714285714286,0.8,0.3714285714285714,0.0,0.0,9,12,5,8,7,4,7,4,0,0,31,31,0.1842105263157894,0.1842105263157894,0.0184210526315789,0.0141700404858299,5,8,0.0307017543859649,0.0204678362573099,0.0230263157894736,0.0368421052631578,,0,2.0,5,,0,1.2,5,1.0,1.2,-0.2,1.6,1.6,0.0,-0.6000000000000001,0.40000000000000013,-0.2
2021-10-22,2021/22,Arsenal,Aston Villa,3,1,H,11.0,6.0,,,8,8,11,10,1,0,12,13,0,0,0,0,1.375,2.2,0.8250000000000002,1.25,1.2,-0.05,0.8750000000000002,0.125,1.0000000000000002,0.8750000000000002,0.0,0.0,8,9,4,5,8,7,8,7,0,0,30,30,0.2105263157894736,0.2105263157894736,0.023391812865497,0.0210526315789473,4,5,0.0421052631578947,0.0350877192982456,0.023391812865497,0.0263157894736842,,0,2.2,5,,0,1.2,5,1.4,0.6,0.8,1.4,1.6,-0.2,0.0,1.0,1.0
2021-10-23,2021/22,Chelsea,Norwich City,7,0,H,12.0,2.0,,,8,8,19,2,17,0,1,20,0,0,0,0,2.375,2.4,0.0249999999999999,0.25,0.4,0.15,-0.1250000000000001,2.125,2.0,-0.125,0.0,0.0,0,17,-4,13,16,-1,16,4,0,1,30,30,0.2105263157894736,0.2105263157894736,0.2105263157894736,0.0116959064327485,4,13,0.0421052631578947,0.0150375939849624,0.0123839009287925,0.0421052631578947,,0,2.4,5,,0,0.4,5,2.0,0.4,1.6,0.2,1.2,-1.0,1.8,0.7999999999999999,2.6
2021-10-23,2021/22,Crystal Palace,Newcastle United,1,1,D,6.0,2.0,,,8,8,8,3,5,0,14,19,0,0,0,0,1.0,1.2,0.1999999999999999,0.375,0.4,0.025,0.1749999999999999,0.625,0.7999999999999999,0.1749999999999999,0.0,0.0,11,16,7,12,5,0,5,3,0,1,30,30,0.2105263157894736,0.2105263157894736,0.0175438596491228,0.0123839009287925,7,12,0.0263157894736842,0.0161943319838056,0.0350877192982456,0.0526315789473684,,0,1.2,5,,0,0.4,5,1.6,1.6,0.0,1.2,2.2,-1.0,0.40000000000000013,0.6000000000000001,1.0
2021-10-23,2021/22,Everton,Watford,2,5,A,7.0,4.0,,,8,8,14,7,7,0,8,16,0,0,0,0,1.75,1.4,-0.3500000000000001,0.875,0.8,-0.0749999999999999,-0.2750000000000001,0.875,0.5999999999999999,-0.2750000000000001,0.0,0.0,5,12,1,8,11,4,11,4,0,0,30,30,0.2105263157894736,0.2105263157894736,0.0350877192982456,0.0161943319838056,1,8,0.1052631578947368,0.023391812865497,0.0175438596491228,0.0421052631578947,,0,1.4,5,,0,0.8,5,1.2,1.2,0.0,0.8,2.0,-1.2,0.3999999999999999,0.8,1.2
2021-10-23,2021/22,Leeds United,Wolverhampton Wanderers,1,1,D,4.0,12.0,,,8,8,6,12,-6,0,17,11,0,0,0,0,0.75,0.8,0.05,1.5,2.4,0.8999999999999999,-0.8499999999999999,-0.75,-1.6,-0.8499999999999999,0.0,0.0,13,7,9,3,3,9,3,9,0,0,30,30,0.2105263157894736,0.2105263157894736,0.0150375939849624,0.0263157894736842,9,3,0.0210526315789473,0.0526315789473684,0.0526315789473684,0.0210526315789473,,0,0.8,5,,0,2.4,5,0.6,1.4,-0.8,1.6,1.0,0.6,-1.0,-0.3999999999999999,-1.4
2021-10-23,2021/22,Southampton,Burnley,2,2,D,5.0,2.0,,,8,8,7,3,4,0,15,18,0,0,0,0,0.875,1.0,0.125,0.375,0.4,0.025,0.0999999999999999,0.5,0.6,0.0999999999999999,0.0,0.0,12,16,8,12,4,0,4,3,0,1,30,30,0.2105263157894736,0.2105263157894736,0.0161943319838056,0.0123839009287925,8,12,0.023391812865497,0.0161943319838056,0.0421052631578947,0.0526315789473684,,0,1.0,5,,0,0.4,5,0.4,0.8,-0.4,0.6,1.6,-1.0,-0.19999999999999996,0.8,0.6
2021-10-23,2021/22,Brighton,Manchester City,1,4,A,9.0,11.0,,,8,8,15,17,-2,0,4,3,0,0,0,0,1.875,1.8,-0.0749999999999999,2.125,2.2,0.0750000000000001,-0.1500000000000001,-0.25,-0.4000000000000001,-0.1500000000000001,0.0,0.0,4,2,0,-2,12,14,12,14,0,0,30,30,0.2105263157894736,0.2105263157894736,0.0421052631578947,0.0701754385964912,0,2,0.2105263157894736,0.0701754385964912,0.0161943319838056,0.0140350877192982,,0,1.8,5,,0,2.2,5,0.8,0.4,0.4,1.2,0.4,0.8,-0.3999999999999999,0.0,-0.4
2021-10-24,2021/22,West Ham United,Tottenham Hotspur,1,0,H,7.0,6.0,,,8,8,14,15,-1,0,7,5,0,0,0,0,1.75,1.4,-0.3500000000000001,1.875,1.2,-0.675,0.3249999999999999,-0.125,0.1999999999999999,0.3249999999999999,0.3249999999999999,1.0,8,7,1,0,10,11,10,11,0,0,30,30,0.2105263157894736,0.2105263157894736,0.023391812865497,0.0263157894736842,1,0,0.1052631578947368,0.2105263157894736,0.0191387559808612,0.0175438596491228,,0,1.4,5,,0,1.2,5,1.0,1.0,0.0,1.2,2.4,-1.2,-0.19999999999999996,1.4,1.2
2021-10-24,2021/22,Manchester United,Liverpool,0,5,A,7.0,11.0,,,8,8,14,18,-4,0,6,3,0,0,0,0,1.75,1.4,-0.3500000000000001,2.25,2.2,-0.0499999999999998,-0.3000000000000002,-0.5,-0.8000000000000003,-0.3000000000000002,0.0,0.0,8,4,1,-3,10,14,10,14,0,0,30,30,0.2105263157894736,0.2105263157894736,0.023391812865497,0.0421052631578947,1,3,0.1052631578947368,0.0526315789473684,0.0191387559808612,0.0140350877192982,,0,1.4,5,,0,2.2,5,1.8,1.6,0.2,3.2,1.0,2.2,-1.4000000000000001,-0.6000000000000001,-2.0
2021-10-24,2021/22,Brentford,Leicester City,1,2,A,7.0,5.0,,,8,8,12,11,1,0,11,12,0,0,0,0,1.5,1.4,-0.1,1.375,1.0,-0.375,0.2749999999999999,0.125,0.3999999999999999,0.2749999999999999,0.0,0.0,10,11,3,4,8,7,8,7,0,0,30,30,0.2105263157894736,0.2105263157894736,0.0191387559808612,0.0175438596491228,3,4,0.0526315789473684,0.0421052631578947,0.023391812865497,0.0263157894736842,,0,1.4,5,,0,1.0,5,1.4,1.2,0.2,1.8,1.8,0.0,-0.40000000000000013,0.6000000000000001,0.2
2021-10-30,2021/22,Leicester City,Arsenal,0,2,A,8.0,11.0,,,9,9,14,14,0,0,9,10,0,0,0,0,1.5555555555555556,1.6,0.0444444444444445,1.5555555555555556,2.2,0.6444444444444446,-0.6000000000000001,0.0,-0.6000000000000001,-0.6000000000000001,0.0,0.0,8,8,3,3,10,10,10,10,0,0,29,29,0.2368421052631578,0.2368421052631578,0.0263157894736842,0.0263157894736842,3,3,0.0592105263157894,0.0592105263157894,0.0215311004784688,0.0215311004784688,,0,1.6,5,,0,2.2,5,2.2,1.8,0.4,1.8,0.8,1.0,0.40000000000000013,-1.0,-0.6
2021-10-30,2021/22,Burnley,Brentford,3,1,H,3.0,7.0,,,9,9,4,12,-8,0,18,12,0,0,0,0,0.4444444444444444,0.6,0.1555555555555555,1.3333333333333333,1.4,0.0666666666666666,0.0888888888888889,-0.8888888888888888,-0.7999999999999999,0.0888888888888889,0.0,0.0,18,10,13,5,0,8,3,8,1,0,29,29,0.2368421052631578,0.2368421052631578,0.0124653739612188,0.0215311004784688,13,5,0.0169172932330827,0.0394736842105263,0.0592105263157894,0.0263157894736842,,0,0.6,5,,0,1.4,5,0.8,1.4,-0.6,1.6,1.4,0.2,-0.8,0.0,-0.8
2021-10-30,2021/22,Liverpool,Brighton,2,2,D,11.0,6.0,,,9,9,21,15,6,0,2,5,0,0,0,0,2.333333333333333,2.2,-0.1333333333333333,1.6666666666666667,1.2,-0.4666666666666668,0.3333333333333335,0.6666666666666667,1.0000000000000002,0.3333333333333335,0.0,0.0,1,7,-4,2,17,11,17,11,0,0,29,29,0.2368421052631578,0.2368421052631578,0.1184210526315789,0.0296052631578947,4,2,0.0473684210526315,0.0789473684210526,0.0131578947368421,0.0197368421052631,,0,2.2,5,,0,1.2,5,3.6,1.0,2.6,0.8,1.2,-0.4,2.8,0.19999999999999996,3.0
2021-10-30,2021/22,Manchester City,Crystal Palace,0,2,A,11.0,4.0,,,9,9,20,9,11,0,3,15,0,0,0,0,2.2222222222222223,2.2,-0.0222222222222221,1.0,0.8,-0.1999999999999999,0.1777777777777778,1.2222222222222223,1.4,0.1777777777777778,0.0,0.0,2,13,-3,8,16,5,16,5,0,0,29,29,0.2368421052631578,0.2368421052631578,0.0789473684210526,0.0169172932330827,3,8,0.0592105263157894,0.0263157894736842,0.0139318885448916,0.0394736842105263,,0,2.2,5,,0,0.8,5,1.8,0.6,1.2,1.2,1.8,-0.6,0.6000000000000001,1.2000000000000002,1.7999999999999998
2021-10-30,2021/22,Newcastle United,Chelsea,0,3,A,3.0,12.0,,,9,9,4,22,-18,0,19,1,0,0,0,0,0.4444444444444444,0.6,0.1555555555555555,2.4444444444444446,2.4,-0.0444444444444447,0.2000000000000003,-2.0,-1.7999999999999998,0.2000000000000001,0.0,0.0,18,0,13,-5,0,18,3,18,1,0,29,29,0.2368421052631578,0.2368421052631578,0.0124653739612188,0.2368421052631578,13,5,0.0169172932330827,0.0394736842105263,0.0592105263157894,0.0124653739612188,,0,0.6,5,,0,2.4,5,1.2,1.6,-0.4,2.8,0.4,2.4,-1.5999999999999999,-1.2000000000000002,-2.8
2021-10-30,2021/22,Watford,Southampton,0,1,A,7.0,5.0,,,9,9,10,8,2,0,14,16,0,0,0,0,1.1111111111111112,1.4,0.2888888888888887,0.8888888888888888,1.0,0.1111111111111111,0.1777777777777776,0.2222222222222223,0.3999999999999999,0.1777777777777776,0.0,0.0,12,14,7,9,6,4,6,4,0,0,29,29,0.2368421052631578,0.2368421052631578,0.0182186234817813,0.0157894736842105,7,9,0.0296052631578947,0.0236842105263157,0.0338345864661654,0.0473684210526315,,0,1.4,5,,0,1.0,5,1.8,2.0,-0.2,0.8,1.2,-0.4,1.0,-0.8,0.2
2021-10-30,2021/22,Tottenham Hotspur,Manchester United,0,3,A,6.0,4.0,,,9,9,15,14,1,0,6,7,0,0,0,0,1.6666666666666667,1.2,-0.4666666666666668,1.5555555555555556,0.8,-0.7555555555555555,0.2888888888888887,0.1111111111111111,0.3999999999999999,0.2888888888888887,0.0,0.0,7,8,2,3,11,10,11,10,0,0,29,29,0.2368421052631578,0.2368421052631578,0.0296052631578947,0.0263157894736842,2,3,0.0789473684210526,0.0592105263157894,0.0197368421052631,0.0215311004784688,,0,1.2,5,,0,0.8,5,1.2,2.0,-0.8,1.0,2.4,-1.4,0.19999999999999996,0.3999999999999999,0.5999999999999999
2021-10-31,2021/22,Norwich City,Leeds United,1,2,A,2.0,5.0,,,9,9,2,7,-5,0,20,18,0,0,0,0,0.2222222222222222,0.4,0.1777777777777778,0.7777777777777778,1.0,0.2222222222222222,-0.0444444444444444,-0.5555555555555556,-0.6,-0.0444444444444444,0.0,0.0,23,18,15,10,-5,0,5,0,1,1,29,29,0.2368421052631578,0.2368421052631578,0.0098684210526315,0.0124653739612188,15,10,0.0148026315789473,0.0215311004784688,0.0394736842105263,0.2368421052631578,,0,0.4,5,,0,1.0,5,0.2,2.4,-2.2,0.8,1.0,-0.2,-0.6000000000000001,-1.4,-2.0
2021-10-31,2021/22,Aston Villa,West Ham United,1,4,A,6.0,9.0,,,9,9,10,17,-7,0,15,4,0,0,0,0,1.1111111111111112,1.2,0.0888888888888888,1.8888888888888888,1.8,-0.0888888888888888,0.1777777777777776,-0.7777777777777777,-0.6000000000000001,0.1777777777777776,0.0,0.0,15,8,7,0,3,10,3,10,0,0,29,29,0.2368421052631578,0.2368421052631578,0.0148026315789473,0.0263157894736842,7,0,0.0296052631578947,0.2368421052631578,0.0592105263157894,0.0215311004784688,,0,1.2,5,,0,1.8,5,1.6,1.6,0.0,1.2,1.0,0.2,0.40000000000000013,-0.6000000000000001,-0.2
2021-11-01,2021/22,Wolverhampton Wanderers,Everton,2,1,H,10.0,4.0,,,9,9,13,14,-1,0,11,9,0,0,0,0,1.4444444444444444,2.0,0.5555555555555556,1.5555555555555556,0.8,-0.7555555555555555,1.3111111111111111,-0.1111111111111111,1.2,1.3111111111111111,1.3111111111111111,1.0,12,11,7,6,6,7,6,7,0,0,29,29,0.2368421052631578,0.2368421052631578,0.0182186234817813,0.0197368421052631,7,6,0.0296052631578947,0.0338345864661654,0.0338345864661654,0.0296052631578947,,0,2.0,5,,0,0.8,5,1.4,1.2,0.2,1.0,2.0,-1.0,0.3999999999999999,0.8,1.2
2021-11-05,2021/22,Southampton,Aston Villa,1,0,H,7.0,3.0,6.0,3.0,10,10,11,10,1,0,14,15,0,0,0,0,1.1,1.4,0.2999999999999998,1.0,0.6,-0.4,0.6999999999999998,0.1,0.7999999999999999,0.6999999999999998,0.0,0.0,14,15,9,10,4,3,4,3,0,0,28,28,0.2631578947368421,0.2631578947368421,0.0175438596491228,0.0164473684210526,9,10,0.0263157894736842,0.0239234449760765,0.0526315789473684,0.0657894736842105,,0,1.4,5,,0,0.6,5,1.0,1.2,-0.2,1.2,2.4,-1.2,-0.19999999999999996,1.2,1.0
2021-11-06,2021/22,Manchester United,Manchester City,0,2,A,4.0,10.0,7.0,10.0,10,10,17,20,-3,0,5,3,0,0,0,0,1.7,0.8,-0.8999999999999999,2.0,2.0,0.0,-0.8999999999999999,-0.3,-1.2,-0.8999999999999999,0.0,0.0,8,5,3,0,10,13,10,13,0,0,28,28,0.2631578947368421,0.2631578947368421,0.0292397660818713,0.043859649122807,3,0,0.0657894736842105,0.2631578947368421,0.0239234449760765,0.018796992481203,,0,0.8,5,,0,2.0,5,1.2,2.2,-1.0,1.8,1.0,0.8,-0.6000000000000001,-1.2000000000000002,-1.8
2021-11-06,2021/22,Brentford,Norwich City,1,2,A,4.0,2.0,4.0,1.0,10,10,12,2,10,0,13,20,0,0,0,0,1.2,0.8,-0.3999999999999999,0.2,0.4,0.2,-0.5999999999999999,1.0,0.4,-0.6,0.0,0.0,13,23,8,18,5,-5,5,8,0,1,28,28,0.2631578947368421,0.2631578947368421,0.018796992481203,0.0109649122807017,8,18,0.0292397660818713,0.0138504155124653,0.043859649122807,0.0292397660818713,,0,0.8,5,,0,0.4,5,1.4,2.0,-0.6,0.2,2.2,-2.0,1.2,0.20000000000000018,1.4
2021-11-06,2021/22,Chelsea,Burnley,1,1,D,12.0,6.0,12.0,2.0,10,10,25,7,18,0,1,18,0,0,0,0,2.5,2.4,-0.1,0.7,1.2,0.5,-0.6000000000000001,1.8,1.2,-0.6000000000000001,0.0,0.0,0,18,-5,13,18,0,18,3,0,1,28,28,0.2631578947368421,0.2631578947368421,0.2631578947368421,0.0138504155124653,5,13,0.043859649122807,0.018796992481203,0.0138504155124653,0.0657894736842105,,0,2.4,5,,0,1.2,5,2.8,0.4,2.4,1.4,1.4,0.0,1.4,0.9999999999999999,2.4
2021-11-06,2021/22,Crystal Palace,Wolverhampton Wanderers,2,0,H,7.0,13.0,7.0,10.0,10,10,12,16,-4,0,14,7,0,0,0,0,1.2,1.4,0.1999999999999999,1.6,2.6,1.0,-0.8,-0.4000000000000001,-1.2000000000000002,-0.8,0.0,0.0,13,9,8,4,5,9,5,9,0,0,28,28,0.2631578947368421,0.2631578947368421,0.018796992481203,0.0263157894736842,8,4,0.0292397660818713,0.0526315789473684,0.043859649122807,0.0263157894736842,,0,1.4,5,,0,2.6,5,1.6,1.2,0.4,1.8,1.0,0.8,-0.19999999999999996,-0.19999999999999996,-0.4
2021-11-06,2021/22,Brighton,Newcastle United,1,1,D,4.0,2.0,7.0,2.0,10,10,16,4,12,0,8,19,0,0,0,0,1.6,0.8,-0.8,0.4,0.4,0.0,-0.8,1.2000000000000002,0.4,-0.8000000000000002,0.0,0.0,9,21,4,16,9,-3,9,6,0,1,28,28,0.2631578947368421,0.2631578947368421,0.0263157894736842,0.0119617224880382,4,16,0.0526315789473684,0.0154798761609907,0.0263157894736842,0.037593984962406,,0,0.8,5,,0,0.4,5,0.8,1.4,-0.6,1.0,2.0,-1.0,-0.19999999999999996,0.6000000000000001,0.4
2021-11-07,2021/22,Arsenal,Watford,1,0,H,11.0,4.0,10.0,6.0,10,10,17,10,7,0,7,16,0,0,0,0,1.7,2.2,0.5000000000000002,1.0,0.8,-0.1999999999999999,0.7000000000000002,0.7,1.4,0.7000000000000002,0.0,0.0,9,16,3,10,9,2,9,2,0,0,28,28,0.2631578947368421,0.2631578947368421,0.0263157894736842,0.0154798761609907,3,10,0.0657894736842105,0.0239234449760765,0.0263157894736842,0.087719298245614,,0,2.2,5,,0,0.8,5,2.0,0.8,1.2,1.2,2.0,-0.8,0.8,1.2,2.0
2021-11-07,2021/22,Everton,Tottenham Hotspur,0,0,D,4.0,6.0,9.0,6.0,10,10,14,15,-1,0,11,10,0,0,0,0,1.4,0.8,-0.5999999999999999,1.5,1.2,-0.3,-0.2999999999999998,-0.1,-0.3999999999999999,-0.2999999999999998,0.0,0.0,12,11,6,5,6,7,6,7,0,0,28,28,0.2631578947368421,0.2631578947368421,0.020242914979757,0.0219298245614035,6,5,0.037593984962406,0.043859649122807,0.037593984962406,0.0328947368421052,,0,0.8,5,,0,1.2,5,1.2,1.8,-0.6,1.2,2.0,-0.8,0.0,0.19999999999999996,0.20000000000000007
2021-11-07,2021/22,Leeds United,Leicester City,1,1,D,7.0,8.0,5.0,7.0,10,10,10,14,-4,0,17,12,0,0,0,0,1.0,1.4,0.3999999999999999,1.4,1.6,0.2000000000000001,0.1999999999999997,-0.3999999999999999,-0.2000000000000001,0.1999999999999997,0.0,0.0,16,12,10,6,2,6,2,6,0,0,28,28,0.2631578947368421,0.2631578947368421,0.0154798761609907,0.020242914979757,10,6,0.0239234449760765,0.037593984962406,0.087719298245614,0.037593984962406,,0,1.4,5,,0,1.6,5,1.0,1.0,0.0,2.0,1.8,0.2,-1.0,0.8,-0.2
2021-11-07,2021/22,West Ham United,Liverpool,3,2,H,12.0,9.0,7.0,13.0,10,10,20,22,-2,0,4,3,0,0,0,0,2.0,2.4,0.3999999999999999,2.2,1.8,-0.4000000000000001,0.8,-0.2000000000000001,0.5999999999999999,0.8,0.8,1.0,6,4,0,-2,12,14,12,14,0,0,28,28,0.2631578947368421,0.2631578947368421,0.037593984962406,0.0526315789473684,0,2,0.2631578947368421,0.087719298245614,0.020242914979757,0.0175438596491228,,0,2.4,5,,0,1.8,5,1.8,0.8,1.0,3.4,1.4,2.0,-1.5999999999999999,0.5999999999999999,-1.0
2021-11-20,2021/22,Leicester City,Chelsea,0,3,A,8.0,13.0,7.0,13.0,11,11,15,26,-11,0,12,1,0,0,0,0,1.3636363636363635,1.6,0.2363636363636365,2.363636363636364,2.6,0.2363636363636363,2.220446049250313e-16,-1.0000000000000002,-1.0,2.220446049250313e-16,0.0,0.0,11,0,7,-4,7,18,7,18,0,0,27,27,0.2894736842105263,0.2894736842105263,0.0241228070175438,0.2894736842105263,7,4,0.0361842105263157,0.0578947368421052,0.0361842105263157,0.0152354570637119,,0,1.6,5,,0,2.6,5,1.8,1.6,0.2,3.0,0.4,2.6,-1.2,-1.2000000000000002,-2.4
2021-11-20,2021/22,Aston Villa,Brighton,2,0,H,0.0,4.0,7.0,9.0,11,11,10,17,-7,0,16,7,0,0,0,0,0.9090909090909092,0.0,-0.9090909090909092,1.5454545454545454,0.8,-0.7454545454545454,-0.1636363636363637,-0.6363636363636364,-0.8,-0.1636363636363637,0.0,0.0,16,9,12,5,2,9,2,9,0,0,27,27,0.2894736842105263,0.2894736842105263,0.0170278637770897,0.0289473684210526,12,5,0.0222672064777327,0.0482456140350877,0.0964912280701754,0.0289473684210526,,0,0.0,5,,0,0.8,5,1.0,2.6,-1.6,0.8,1.4,-0.6,0.19999999999999996,-1.2000000000000002,-1.0
2021-11-20,2021/22,Burnley,Crystal Palace,3,3,D,6.0,9.0,5.0,5.0,11,11,8,15,-7,0,18,10,0,0,0,0,0.7272727272727273,1.2,0.4727272727272726,1.3636363636363635,1.8,0.4363636363636365,0.0363636363636361,-0.6363636363636362,-0.6000000000000001,0.0363636363636361,0.0,0.0,18,11,14,7,0,7,2,7,1,0,27,27,0.2894736842105263,0.2894736842105263,0.0152354570637119,0.0241228070175438,14,7,0.019298245614035,0.0361842105263157,0.0964912280701754,0.0361842105263157,,0,1.2,5,,0,1.8,5,1.2,1.2,0.0,1.8,1.0,0.8,-0.6000000000000001,-0.19999999999999996,-0.8
2021-11-20,2021/22,Newcastle United,Brentford,3,3,D,2.0,3.0,2.0,8.0,11,11,5,12,-7,0,19,14,0,0,0,0,0.4545454545454545,0.4,-0.0545454545454545,1.0909090909090908,0.6,-0.4909090909090908,0.4363636363636363,-0.6363636363636362,-0.1999999999999999,0.4363636363636363,0.0,0.0,21,14,17,10,-3,4,5,4,1,0,27,27,0.2894736842105263,0.2894736842105263,0.0131578947368421,0.019298245614035,17,10,0.0160818713450292,0.0263157894736842,0.0482456140350877,0.0578947368421052,,0,0.4,5,,0,0.6,5,1.0,2.0,-1.0,1.0,1.8,-0.8,0.0,-0.19999999999999996,-0.19999999999999996
2021-11-20,2021/22,Norwich City,Southampton,2,1,H,5.0,10.0,1.0,5.0,11,11,5,14,-9,0,20,13,0,0,0,0,0.4545454545454545,1.0,0.5454545454545454,1.2727272727272727,2.0,0.7272727272727273,-0.1818181818181818,-0.8181818181818181,-1.0,-0.1818181818181818,0.0,0.0,21,12,17,8,-3,6,5,6,1,0,27,27,0.2894736842105263,0.2894736842105263,0.0131578947368421,0.0222672064777327,17,8,0.0160818713450292,0.0321637426900584,0.0482456140350877,0.0413533834586466,,0,1.0,5,,0,2.0,5,0.6,2.0,-1.4,1.2,1.0,0.2,-0.6,-1.0,-1.5999999999999999
2021-11-20,2021/22,Watford,Manchester United,4,1,H,3.0,4.0,4.0,10.0,11,11,10,17,-7,0,17,6,0,0,0,0,0.9090909090909092,0.6,-0.3090909090909091,1.5454545454545454,0.8,-0.7454545454545454,0.4363636363636363,-0.6363636363636364,-0.2,0.4363636363636363,0.0,0.0,16,9,12,5,2,9,2,9,0,0,27,27,0.2894736842105263,0.2894736842105263,0.0170278637770897,0.0289473684210526,12,5,0.0222672064777327,0.0482456140350877,0.0964912280701754,0.0289473684210526,,0,0.6,5,,0,0.8,5,1.0,2.0,-1.0,1.2,2.4,-1.2,-0.19999999999999996,0.3999999999999999,0.19999999999999996
2021-11-20,2021/22,Wolverhampton Wanderers,West Ham United,1,0,H,10.0,12.0,6.0,13.0,11,11,16,23,-7,0,8,3,0,0,0,0,1.4545454545454546,2.0,0.5454545454545454,2.090909090909091,2.4,0.3090909090909091,0.2363636363636363,-0.6363636363636362,-0.3999999999999999,0.2363636363636363,0.0,0.0,10,3,6,-1,8,15,8,15,0,0,27,27,0.2894736842105263,0.2894736842105263,0.0263157894736842,0.0723684210526315,6,1,0.0413533834586466,0.1447368421052631,0.0321637426900584,0.0180921052631578,,0,2.0,5,,0,2.4,5,1.6,1.4,0.2,2.0,1.0,1.0,-0.3999999999999999,-0.3999999999999999,-0.8
2021-11-20,2021/22,Liverpool,Arsenal,4,0,H,8.0,11.0,9.0,7.0,11,11,22,20,2,0,4,5,0,0,0,0,2.0,1.6,-0.3999999999999999,1.818181818181818,2.2,0.381818181818182,-0.781818181818182,0.1818181818181818,-0.6000000000000001,-0.781818181818182,0.781818181818182,-1.0,4,6,0,2,14,12,14,12,0,0,27,27,0.2894736842105263,0.2894736842105263,0.0578947368421052,0.0413533834586466,0,2,0.2894736842105263,0.0964912280701754,0.019298245614035,0.0222672064777327,,0,1.6,5,,0,2.2,5,3.2,1.4,1.8,1.6,0.6,1.0,1.6,-0.7999999999999999,0.8
2021-11-21,2021/22,Manchester City,Everton,3,0,H,10.0,2.0,10.0,5.0,11,11,23,15,8,0,3,11,0,0,0,0,2.090909090909091,2.0,-0.0909090909090908,1.3636363636363635,0.4,-0.9636363636363636,0.8727272727272727,0.7272727272727273,1.6,0.8727272727272728,0.0,0.0,6,14,0,8,14,6,14,6,0,0,27,27,0.2894736842105263,0.2894736842105263,0.0413533834586466,0.019298245614035,0,8,0.2894736842105263,0.0321637426900584,0.019298245614035,0.0413533834586466,,0,2.0,5,,0,0.4,5,2.0,1.0,1.0,0.8,1.8,-1.0,1.2,0.8,2.0
2021-11-21,2021/22,Tottenham Hotspur,Leeds United,2,1,H,7.0,8.0,9.0,5.0,11,11,16,11,5,0,10,17,0,0,0,0,1.4545454545454546,1.4,-0.0545454545454546,1.0,1.6,0.6000000000000001,-0.6545454545454548,0.4545454545454546,-0.2000000000000001,-0.6545454545454548,0.6545454545454548,-1.0,13,18,7,12,7,2,7,2,0,0,27,27,0.2894736842105263,0.2894736842105263,0.0206766917293233,0.0152354570637119,7,12,0.0361842105263157,0.0222672064777327,0.0361842105263157,0.0964912280701754,,0,1.4,5,,0,1.6,5,1.0,1.4,-0.4,1.0,0.8,0.2,0.0,-0.5999999999999999,-0.6000000000000001
2021-11-27,2021/22,Arsenal,Newcastle United,2,0,H,10.0,3.0,13.0,3.0,12,12,20,6,14,0,5,20,0,0,0,0,1.6666666666666667,2.0,0.3333333333333332,0.5,0.6,0.0999999999999999,0.2333333333333332,1.1666666666666667,1.4,0.2333333333333331,0.0,0.0,9,23,3,17,11,-3,11,5,0,1,26,26,0.3157894736842105,0.3157894736842105,0.031578947368421,0.0131578947368421,3,17,0.0789473684210526,0.0175438596491228,0.0263157894736842,0.0526315789473684,,0,2.0,5,,0,0.6,5,1.6,1.4,0.2,1.4,2.2,-0.8,0.20000000000000018,0.8000000000000003,1.0
2021-11-27,2021/22,Crystal Palace,Aston Villa,1,2,A,9.0,3.0,9.0,3.0,12,12,16,13,3,0,10,15,0,0,0,0,1.3333333333333333,1.8,0.4666666666666668,1.0833333333333333,0.6,-0.4833333333333333,0.95,0.25,1.2000000000000002,0.9500000000000002,0.0,0.0,13,16,7,10,7,4,7,4,0,0,26,26,0.3157894736842105,0.3157894736842105,0.0225563909774436,0.0185758513931888,7,10,0.0394736842105263,0.0287081339712918,0.0394736842105263,0.0631578947368421,,0,1.8,5,,0,0.6,5,2.0,1.2,0.8,1.2,2.2,-1.0,0.8,1.0000000000000002,1.8
2021-11-27,2021/22,Liverpool,Southampton,4,0,H,10.0,10.0,9.0,5.0,12,12,25,14,11,0,3,13,0,0,0,0,2.083333333333333,2.0,-0.0833333333333334,1.1666666666666667,2.0,0.8333333333333333,-0.9166666666666669,0.9166666666666669,0.0,-0.9166666666666669,0.0,0.0,4,15,-2,9,16,5,16,5,0,0,26,26,0.3157894736842105,0.3157894736842105,0.0631578947368421,0.0197368421052631,2,9,0.1052631578947368,0.031578947368421,0.0185758513931888,0.0526315789473684,,0,2.0,5,,0,2.0,5,3.6,1.0,2.6,1.2,0.8,0.4,2.4000000000000004,-0.19999999999999996,2.2
2021-11-27,2021/22,Norwich City,Wolverhampton Wanderers,0,0,D,7.0,10.0,4.0,10.0,12,12,8,19,-11,0,19,6,0,0,0,0,0.6666666666666666,1.4,0.7333333333333333,1.5833333333333333,2.0,0.4166666666666667,0.3166666666666665,-0.9166666666666666,-0.6000000000000001,0.3166666666666665,0.0,0.0,21,10,15,4,-1,10,3,10,1,0,26,26,0.3157894736842105,0.3157894736842105,0.0143540669856459,0.0287081339712918,15,4,0.0197368421052631,0.0631578947368421,0.0789473684210526,0.0287081339712918,,0,1.4,5,,0,2.0,5,1.0,2.2,-1.2,1.4,1.2,0.2,-0.3999999999999999,-1.0000000000000002,-1.4
2021-11-27,2021/22,Brighton,Leeds United,0,0,D,3.0,5.0,5.0,5.0,12,12,17,11,6,0,9,17,0,0,0,0,1.4166666666666667,0.6,-0.8166666666666668,0.9166666666666666,1.0,0.0833333333333333,-0.9000000000000001,0.5000000000000001,-0.4,-0.9000000000000001,0.9000000000000001,-1.0,12,18,6,12,8,2,8,2,0,0,26,26,0.3157894736842105,0.3157894736842105,0.0242914979757085,0.0166204986149584,6,12,0.0451127819548872,0.0242914979757085,0.0350877192982456,0.1052631578947368,,0,0.6,5,,0,1.0,5,0.8,1.8,-1.0,1.0,1.2,-0.2,-0.19999999999999996,-0.6000000000000001,-0.8
2021-11-28,2021/22,Brentford,Everton,1,0,H,1.0,1.0,1.0,4.0,12,12,13,15,-2,0,15,12,0,0,0,0,1.0833333333333333,0.2,-0.8833333333333333,1.25,0.2,-1.05,0.1666666666666667,-0.1666666666666667,0.0,0.1666666666666667,0.0,0.0,16,14,10,8,4,6,4,6,0,0,26,26,0.3157894736842105,0.3157894736842105,0.0185758513931888,0.0210526315789473,10,8,0.0287081339712918,0.0350877192982456,0.0631578947368421,0.0451127819548872,,0,0.2,5,,0,0.2,5,1.2,2.2,-1.0,0.6,2.2,-1.6,0.6,0.0,0.6000000000000001
2021-11-28,2021/22,Leicester City,Watford,4,2,H,7.0,6.0,4.0,6.0,12,12,15,13,2,0,13,16,0,0,0,0,1.25,1.4,0.1499999999999999,1.0833333333333333,1.2,0.1166666666666667,0.0333333333333332,0.1666666666666667,0.1999999999999999,0.0333333333333332,0.0,0.0,14,16,8,10,6,4,6,4,0,0,26,26,0.3157894736842105,0.3157894736842105,0.0210526315789473,0.0185758513931888,8,10,0.0350877192982456,0.0287081339712918,0.0451127819548872,0.0631578947368421,,0,1.4,5,,0,1.2,5,1.4,1.8,-0.4,1.8,2.0,-0.2,-0.40000000000000013,0.19999999999999996,-0.2
2021-11-28,2021/22,Manchester City,West Ham United,2,1,H,12.0,12.0,10.0,10.0,12,12,26,23,3,0,3,4,0,0,0,0,2.1666666666666665,2.4,0.2333333333333334,1.9166666666666667,2.4,0.4833333333333331,-0.2499999999999997,0.2499999999999997,0.0,-0.2499999999999997,0.0,0.0,3,6,-3,0,17,14,17,14,0,0,26,26,0.3157894736842105,0.3157894736842105,0.0789473684210526,0.0451127819548872,3,0,0.0789473684210526,0.3157894736842105,0.0175438596491228,0.0210526315789473,,0,2.4,5,,0,2.4,5,2.2,0.6,1.6,1.8,0.8,1.0,0.40000000000000013,0.20000000000000007,0.6000000000000001
2021-11-28,2021/22,Chelsea,Manchester United,1,1,D,13.0,3.0,10.0,9.0,12,12,29,17,12,0,1,9,0,0,0,0,2.4166666666666665,2.6,0.1833333333333335,1.4166666666666667,0.6,-0.8166666666666668,1.0000000000000004,0.9999999999999998,2.0,1.0000000000000002,0.0,0.0,0,12,-6,6,20,8,20,8,0,0,26,26,0.3157894736842105,0.3157894736842105,0.3157894736842105,0.0242914979757085,6,6,0.0451127819548872,0.0451127819548872,0.0150375939849624,0.0350877192982456,,0,2.6,5,,0,0.6,5,3.0,0.2,2.8,1.2,3.0,-1.8,1.8,2.8,4.6
2021-11-30,2021/22,Newcastle United,Norwich City,1,1,D,3.0,7.0,3.0,4.0,13,13,6,9,-3,0,20,19,0,0,0,0,0.4615384615384615,0.6,0.1384615384615384,0.6923076923076923,1.4,0.7076923076923076,-0.5692307692307692,-0.2307692307692307,-0.7999999999999999,-0.5692307692307692,0.0,0.0,24,21,17,14,-3,0,6,3,1,1,25,25,0.3421052631578947,0.3421052631578947,0.0136842105263157,0.0155502392344497,17,14,0.0190058479532163,0.0228070175438596,0.0488721804511278,0.0855263157894736,,0,0.6,5,,0,1.4,5,1.0,2.0,-1.0,1.0,2.2,-1.2,0.0,0.20000000000000018,0.19999999999999996
2021-11-30,2021/22,Leeds United,Crystal Palace,1,0,H,6.0,8.0,5.0,6.0,13,13,12,16,-4,0,17,11,0,0,0,0,0.9230769230769232,1.2,0.2769230769230768,1.2307692307692308,1.6,0.3692307692307692,-0.0923076923076924,-0.3076923076923077,-0.4000000000000001,-0.0923076923076924,0.0,0.0,18,14,11,7,3,7,3,7,0,0,25,25,0.3421052631578947,0.3421052631578947,0.0180055401662049,0.0228070175438596,11,7,0.0285087719298245,0.0427631578947368,0.0855263157894736,0.0427631578947368,,0,1.2,5,,0,1.6,5,1.0,1.0,0.0,1.8,1.2,0.6,-0.8,0.19999999999999996,-0.6
2021-12-01,2021/22,Southampton,Leicester City,2,2,D,7.0,7.0,8.0,8.0,13,13,14,18,-4,0,16,10,0,0,0,0,1.0769230769230769,1.4,0.323076923076923,1.3846153846153846,1.4,0.0153846153846153,0.3076923076923077,-0.3076923076923077,0.0,0.3076923076923077,0.0,0.0,16,12,9,5,4,8,4,8,0,0,25,25,0.3421052631578947,0.3421052631578947,0.0201238390092879,0.0263157894736842,9,5,0.0342105263157894,0.0570175438596491,0.0684210526315789,0.0380116959064327,,0,1.4,5,,0,1.4,5,1.0,1.6,-0.6,1.4,1.8,-0.4,-0.3999999999999999,0.19999999999999996,-0.19999999999999996
2021-12-01,2021/22,Watford,Chelsea,1,2,A,6.0,11.0,4.0,13.0,13,13,13,30,-17,0,17,1,0,0,0,0,1.0,1.2,0.1999999999999999,2.3076923076923075,2.2,-0.1076923076923073,0.3076923076923072,-1.3076923076923077,-1.0000000000000002,0.3076923076923072,0.0,0.0,17,0,10,-7,3,20,3,20,0,0,25,25,0.3421052631578947,0.3421052631578947,0.0190058479532163,0.3421052631578947,10,7,0.0311004784688995,0.0427631578947368,0.0855263157894736,0.0162907268170426,,0,1.2,5,,0,2.2,5,2.2,1.8,0.4,3.0,0.4,2.6,-0.7999999999999998,-1.4,-2.2
2021-12-01,2021/22,West Ham United,Brighton,1,1,D,9.0,3.0,7.0,6.0,13,13,23,18,5,0,4,9,0,0,0,0,1.7692307692307692,1.8,0.0307692307692308,1.3846153846153846,0.6,-0.7846153846153846,0.8153846153846155,0.3846153846153846,1.2000000000000002,0.8153846153846156,0.0,0.0,7,12,0,5,13,8,13,8,0,0,25,25,0.3421052631578947,0.3421052631578947,0.0427631578947368,0.0263157894736842,0,5,0.3421052631578947,0.0570175438596491,0.0244360902255639,0.0380116959064327,,0,1.8,5,,0,0.6,5,1.8,1.2,0.6,0.8,1.8,-1.0,1.0,0.6000000000000001,1.6
2021-12-01,2021/22,Wolverhampton Wanderers,Burnley,0,0,D,8.0,6.0,9.0,3.0,13,12,20,9,11,1,6,19,0,0,0,0,1.5384615384615383,1.6,0.0615384615384615,0.75,1.2,0.4499999999999999,-0.3884615384615384,0.7884615384615385,0.4000000000000001,-0.3884615384615384,0.0,0.0,10,21,3,14,10,-1,10,4,0,1,25,26,0.3421052631578947,0.3157894736842105,0.0311004784688995,0.0143540669856459,3,14,0.0855263157894736,0.0210526315789473,0.0311004784688995,0.0631578947368421,,0,1.6,5,,0,1.2,5,0.8,0.8,0.0,1.8,1.8,0.0,-1.0,1.0,0.0
2021-12-01,2021/22,Aston Villa,Manchester City,1,2,A,6.0,12.0,7.0,13.0,13,13,16,29,-13,0,13,2,0,0,0,0,1.2307692307692308,1.2,-0.0307692307692308,2.230769230769231,2.4,0.169230769230769,-0.1999999999999999,-1.0,-1.2,-0.1999999999999999,0.0,0.0,14,1,7,-6,6,19,6,19,0,0,25,25,0.3421052631578947,0.3421052631578947,0.0228070175438596,0.1710526315789473,7,6,0.0427631578947368,0.0488721804511278,0.0488721804511278,0.0171052631578947,,0,1.2,5,,0,2.4,5,1.2,1.8,-0.6,2.2,0.8,1.4,-1.0000000000000002,-1.0,-2.0
2021-12-01,2021/22,Everton,Liverpool,1,4,A,1.0,10.0,7.0,10.0,13,13,15,28,-13,0,14,3,0,0,0,0,1.1538461538461535,0.2,-0.9538461538461538,2.1538461538461537,2.0,-0.1538461538461537,-0.8,-1.0,-1.8,-0.8,0.0,0.0,15,2,8,-5,5,18,5,18,0,0,25,25,0.3421052631578947,0.3421052631578947,0.0213815789473684,0.1140350877192982,8,5,0.0380116959064327,0.0570175438596491,0.0570175438596491,0.0180055401662049,,0,0.2,5,,0,2.0,5,0.6,2.2,-1.6,3.4,1.0,2.4,-2.8,-1.2000000000000002,-4.0
2021-12-02,2021/22,Tottenham Hotspur,Brentford,2,0,H,7.0,4.0,9.0,8.0,12,13,19,16,3,-1,9,11,0,0,0,0,1.5833333333333333,1.4,-0.1833333333333333,1.2307692307692308,0.8,-0.4307692307692308,0.2474358974358974,0.3525641025641024,0.5999999999999999,0.2474358974358974,0.0,0.0,14,17,5,8,9,6,9,6,0,0,26,25,0.3157894736842105,0.3421052631578947,0.0210526315789473,0.0190058479532163,5,8,0.0526315789473684,0.0380116959064327,0.031578947368421,0.0488721804511278,,0,1.4,5,,0,0.8,5,1.0,1.4,-0.4,1.4,2.0,-0.6,-0.3999999999999999,0.6000000000000001,0.19999999999999996
2021-12-02,2021/22,Manchester United,Arsenal,3,2,H,4.0,12.0,4.0,7.0,13,13,18,23,-5,0,10,5,0,0,0,0,1.3846153846153846,0.8,-0.5846153846153845,1.7692307692307692,2.4,0.6307692307692307,-1.2153846153846153,-0.3846153846153846,-1.6,-1.2153846153846153,0.0,0.0,15,10,6,1,8,13,8,13,0,0,25,25,0.3421052631578947,0.3421052631578947,0.0213815789473684,0.0311004784688995,6,1,0.0488721804511278,0.1710526315789473,0.0380116959064327,0.0244360902255639,,0,0.8,5,,0,2.4,5,1.0,2.4,-1.4,1.6,1.0,0.6,-0.6000000000000001,-1.4,-2.0
2021-12-04,2021/22,West Ham United,Chelsea,3,2,H,7.0,11.0,7.0,15.0,14,14,24,33,-9,0,4,1,0,0,0,0,1.7142857142857142,1.4,-0.3142857142857143,2.357142857142857,2.2,-0.157142857142857,-0.1571428571428572,-0.642857142857143,-0.8000000000000003,-0.1571428571428572,0.0,0.0,9,0,0,-9,14,23,14,23,0,0,24,24,0.3684210526315789,0.3684210526315789,0.0368421052631578,0.3684210526315789,0,9,0.3684210526315789,0.0368421052631578,0.0245614035087719,0.0153508771929824,,0,1.4,5,,0,2.2,5,1.8,1.4,0.4,2.0,0.6,1.4,-0.19999999999999996,-0.7999999999999999,-0.9999999999999999
2021-12-04,2021/22,Newcastle United,Burnley,1,0,H,3.0,7.0,3.0,4.0,14,13,7,10,-3,1,20,18,0,0,0,0,0.5,0.6,0.0999999999999999,0.7692307692307693,1.4,0.6307692307692306,-0.5307692307692307,-0.2692307692307693,-0.7999999999999999,-0.5307692307692307,0.0,0.0,26,23,17,14,-3,0,6,3,1,1,24,25,0.3684210526315789,0.3421052631578947,0.0136452241715399,0.0142543859649122,17,14,0.0204678362573099,0.0228070175438596,0.0526315789473684,0.0855263157894736,,0,0.6,5,,0,1.4,5,1.0,2.0,-1.0,1.8,1.4,0.4,-0.8,-0.6000000000000001,-1.4
2021-12-04,2021/22,Southampton,Brighton,1,1,D,7.0,4.0,8.0,4.0,14,14,15,19,-4,0,15,9,0,0,0,0,1.0714285714285714,1.4,0.3285714285714285,1.3571428571428572,0.8,-0.5571428571428572,0.8857142857142857,-0.2857142857142858,0.5999999999999999,0.8857142857142857,0.8857142857142857,1.0,18,14,9,5,5,9,5,9,0,0,24,24,0.3684210526315789,0.3684210526315789,0.0193905817174515,0.0245614035087719,9,5,0.0368421052631578,0.0614035087719298,0.0614035087719298,0.0368421052631578,,0,1.4,5,,0,0.8,5,1.0,1.6,-0.6,0.8,1.2,-0.4,0.19999999999999996,-0.40000000000000013,-0.19999999999999996
2021-12-04,2021/22,Wolverhampton Wanderers,Liverpool,0,1,A,8.0,10.0,10.0,10.0,14,14,21,31,-10,0,8,3,0,0,0,0,1.5,1.6,0.1,2.2142857142857144,2.0,-0.2142857142857144,0.3142857142857145,-0.7142857142857144,-0.3999999999999999,0.3142857142857145,0.0,0.0,12,2,3,-7,11,21,11,21,0,0,24,24,0.3684210526315789,0.3684210526315789,0.0283400809716599,0.1228070175438596,3,7,0.0921052631578947,0.0460526315789473,0.0307017543859649,0.0167464114832535,,0,1.6,5,,0,2.0,5,0.6,0.6,0.0,3.2,1.2,2.0,-2.6,0.6,-2.0
2021-12-04,2021/22,Watford,Manchester City,1,3,A,3.0,12.0,4.0,13.0,14,14,13,32,-19,0,17,2,0,0,0,0,0.9285714285714286,0.6,-0.3285714285714286,2.2857142857142856,2.4,0.1142857142857143,-0.4428571428571429,-1.357142857142857,-1.7999999999999998,-0.4428571428571428,0.0,0.0,20,1,11,-8,3,22,3,22,0,0,24,24,0.3684210526315789,0.3684210526315789,0.0175438596491228,0.1842105263157894,11,8,0.0307017543859649,0.0409356725146198,0.0921052631578947,0.0160183066361556,,0,0.6,5,,0,2.4,5,1.4,1.8,-0.4,1.8,0.8,1.0,-0.40000000000000013,-1.0,-1.4
2021-12-05,2021/22,Leeds United,Brentford,2,2,D,8.0,4.0,8.0,7.0,14,14,15,16,-1,0,16,12,0,0,0,0,1.0714285714285714,1.6,0.5285714285714287,1.1428571428571428,0.8,-0.3428571428571427,0.8714285714285714,-0.0714285714285714,0.8,0.8714285714285714,0.8714285714285714,1.0,20,19,12,11,5,6,5,6,0,0,24,24,0.3684210526315789,0.3684210526315789,0.0175438596491228,0.0184210526315789,12,11,0.0283400809716599,0.0307017543859649,0.0614035087719298,0.0526315789473684,,0,1.6,5,,0,0.8,5,1.0,0.8,0.2,1.2,2.0,-0.8,-0.19999999999999996,1.2,1.0
2021-12-05,2021/22,Manchester United,Crystal Palace,1,0,H,7.0,7.0,4.0,5.0,14,14,21,16,5,0,7,11,0,0,0,0,1.5,1.4,-0.1,1.1428571428571428,1.4,0.2571428571428571,-0.3571428571428572,0.3571428571428572,0.0,-0.3571428571428572,0.0,0.0,14,19,6,11,11,6,11,6,0,0,24,24,0.3684210526315789,0.3684210526315789,0.0245614035087719,0.0184210526315789,6,11,0.0526315789473684,0.0307017543859649,0.0307017543859649,0.0526315789473684,,0,1.4,5,,0,1.4,5,1.6,1.8,-0.2,1.6,1.2,0.4,0.0,-0.6000000000000001,-0.6000000000000001
2021-12-05,2021/22,Tottenham Hotspur,Norwich City,3,0,H,7.0,8.0,9.0,5.0,13,14,22,10,12,-1,6,20,0,0,0,0,1.6923076923076923,1.4,-0.2923076923076924,0.7142857142857143,1.6,0.8857142857142858,-1.1780219780219785,0.978021978021978,-0.2000000000000001,-1.1780219780219785,1.1780219780219785,-1.0,13,25,5,17,12,0,12,3,0,1,25,24,0.3421052631578947,0.3684210526315789,0.0244360902255639,0.0141700404858299,5,17,0.0570175438596491,0.0204678362573099,0.0263157894736842,0.0921052631578947,,0,1.4,5,,0,1.6,5,0.8,1.0,-0.2,1.2,1.0,0.2,-0.3999999999999999,0.0,-0.4
2021-12-05,2021/22,Aston Villa,Leicester City,2,1,H,6.0,5.0,6.0,6.0,14,14,16,19,-3,0,13,10,0,0,0,0,1.1428571428571428,1.2,0.0571428571428571,1.3571428571428572,1.0,-0.3571428571428572,0.4142857142857143,-0.2142857142857144,0.1999999999999999,0.4142857142857143,0.4142857142857143,1.0,19,16,11,8,6,9,6,9,0,0,24,24,0.3684210526315789,0.3684210526315789,0.0184210526315789,0.0216718266253869,11,8,0.0307017543859649,0.0409356725146198,0.0526315789473684,0.0368421052631578,,0,1.2,5,,0,1.0,5,1.2,1.6,-0.4,1.4,2.0,-0.6,-0.19999999999999996,0.3999999999999999,0.19999999999999996
2021-12-06,2021/22,Everton,Arsenal,2,1,H,1.0,9.0,4.0,7.0,14,14,15,23,-8,0,16,7,0,0,0,0,1.0714285714285714,0.2,-0.8714285714285714,1.6428571428571428,1.8,0.1571428571428572,-1.0285714285714287,-0.5714285714285714,-1.6,-1.0285714285714287,0.0,0.0,20,12,12,4,5,13,5,13,0,0,24,24,0.3684210526315789,0.3684210526315789,0.0175438596491228,0.0283400809716599,12,4,0.0283400809716599,0.0736842105263157,0.0614035087719298,0.0263157894736842,,0,0.2,5,,0,1.8,5,0.4,2.0,-1.6,1.4,1.4,0.0,-0.9999999999999999,-0.6000000000000001,-1.6
2021-12-10,2021/22,Brentford,Watford,2,1,H,5.0,3.0,4.0,6.0,15,15,17,13,4,0,13,17,0,0,0,0,1.1333333333333333,1.0,-0.1333333333333333,0.8666666666666667,0.6,-0.2666666666666667,0.1333333333333334,0.2666666666666666,0.4,0.1333333333333334,0.0,0.0,18,22,10,14,7,3,7,3,0,0,23,23,0.3947368421052631,0.3947368421052631,0.020775623268698,0.017162471395881,10,14,0.0358851674641148,0.0263157894736842,0.0493421052631578,0.0986842105263157,,0,1.0,5,,0,0.6,5,1.4,1.8,-0.4,1.6,2.2,-0.6,-0.20000000000000018,0.40000000000000013,0.19999999999999996
2021-12-11,2021/22,Manchester City,Wolverhampton Wanderers,1,0,H,15.0,5.0,10.0,8.0,15,15,35,21,14,0,1,8,0,0,0,0,2.333333333333333,3.0,0.6666666666666665,1.4,1.0,-0.3999999999999999,1.0666666666666664,0.9333333333333336,2.0,1.0666666666666664,0.0,0.0,0,14,-8,6,25,11,25,11,0,0,23,23,0.3947368421052631,0.3947368421052631,0.3947368421052631,0.0263157894736842,8,6,0.043859649122807,0.056390977443609,0.0151821862348178,0.0328947368421052,,0,3.0,5,,0,1.0,5,2.4,0.6,1.8,0.2,0.6,-0.4,2.1999999999999997,0.0,2.2
2021-12-11,2021/22,Arsenal,Southampton,3,0,H,6.0,5.0,13.0,4.0,15,15,23,16,7,0,7,16,0,0,0,0,1.5333333333333334,1.2,-0.3333333333333335,1.0666666666666669,1.0,-0.0666666666666666,-0.2666666666666668,0.4666666666666668,0.1999999999999999,-0.2666666666666668,0.0,0.0,12,19,4,11,13,6,13,6,0,0,23,23,0.3947368421052631,0.3947368421052631,0.0303643724696356,0.0197368421052631,4,11,0.0789473684210526,0.0328947368421052,0.0281954887218045,0.056390977443609,,0,1.2,5,,0,1.0,5,1.2,1.8,-0.6,1.0,1.8,-0.8,0.19999999999999996,0.0,0.20000000000000007
2021-12-11,2021/22,Chelsea,Leeds United,3,2,H,8.0,6.0,8.0,5.0,15,15,33,16,17,0,3,15,0,0,0,0,2.2,1.6,-0.6000000000000001,1.0666666666666669,1.2,0.1333333333333333,-0.7333333333333334,1.1333333333333335,0.4000000000000001,-0.7333333333333334,0.0,0.0,2,19,-6,11,23,6,23,6,0,0,23,23,0.3947368421052631,0.3947368421052631,0.131578947368421,0.0197368421052631,6,11,0.056390977443609,0.0328947368421052,0.0164473684210526,0.056390977443609,,0,1.6,5,,0,1.2,5,1.8,1.2,0.6,1.0,1.0,0.0,0.8,-0.19999999999999996,0.6
2021-12-11,2021/22,Liverpool,Aston Villa,1,0,H,12.0,9.0,11.0,6.0,15,15,34,19,15,0,2,11,0,0,0,0,2.2666666666666666,2.4,0.1333333333333333,1.2666666666666666,1.8,0.5333333333333334,-0.4000000000000001,1.0,0.5999999999999999,-0.4000000000000001,0.0,0.0,1,16,-7,8,24,9,24,9,0,0,23,23,0.3947368421052631,0.3947368421052631,0.1973684210526315,0.023219814241486,7,8,0.0493421052631578,0.043859649122807,0.0157894736842105,0.0394736842105263,,0,2.4,5,,0,1.8,5,3.0,0.8,2.2,1.4,1.0,0.4,1.6,0.19999999999999996,1.8000000000000003
2021-12-11,2021/22,Norwich City,Manchester United,0,1,A,8.0,7.0,5.0,7.0,15,15,10,24,-14,0,20,6,0,0,0,0,0.6666666666666666,1.6,0.9333333333333336,1.6,1.4,-0.2000000000000001,1.1333333333333335,-0.9333333333333336,0.2000000000000001,1.1333333333333335,1.1333333333333335,1.0,25,11,17,3,0,14,3,14,1,0,23,23,0.3947368421052631,0.3947368421052631,0.0151821862348178,0.0328947368421052,17,3,0.0219298245614035,0.0986842105263157,0.0986842105263157,0.0263157894736842,,0,1.6,5,,0,1.4,5,1.0,1.2,-0.2,1.2,1.8,-0.6,-0.19999999999999996,0.6000000000000001,0.39999999999999997
2021-12-12,2021/22,Burnley,West Ham United,0,0,D,6.0,7.0,6.0,9.0,14,15,10,27,-17,-1,18,4,0,0,0,0,0.7142857142857143,1.2,0.4857142857142856,1.8,1.4,-0.4000000000000001,0.8857142857142858,-1.085714285714286,-0.1999999999999999,0.8857142857142859,0.0,0.0,28,11,17,0,0,17,3,17,1,0,24,23,0.3684210526315789,0.3947368421052631,0.0127041742286751,0.0328947368421052,17,0,0.0204678362573099,0.3947368421052631,0.0921052631578947,0.0219298245614035,,0,1.2,5,,0,1.4,5,1.4,1.2,0.2,1.6,1.6,0.0,-0.20000000000000018,0.40000000000000013,0.2
2021-12-12,2021/22,Leicester City,Newcastle United,4,0,H,5.0,6.0,7.0,3.0,15,15,19,10,9,0,11,19,0,0,0,0,1.2666666666666666,1.0,-0.2666666666666666,0.6666666666666666,1.2,0.5333333333333333,-0.7999999999999999,0.6,-0.1999999999999999,-0.7999999999999999,0.7999999999999999,-1.0,19,28,8,17,9,0,9,3,0,1,23,23,0.3947368421052631,0.3947368421052631,0.0197368421052631,0.013611615245009,8,17,0.043859649122807,0.0219298245614035,0.0394736842105263,0.0986842105263157,,0,1.0,5,,0,1.2,5,1.6,2.0,-0.4,1.2,1.4,-0.2,0.40000000000000013,-0.6000000000000001,-0.2
2021-12-12,2021/22,Crystal Palace,Everton,3,1,H,4.0,4.0,6.0,1.0,15,15,16,18,-2,0,14,13,0,0,0,0,1.0666666666666669,0.8,-0.2666666666666666,1.2,0.8,-0.3999999999999999,0.1333333333333333,-0.1333333333333333,0.0,0.1333333333333333,0.0,0.0,22,20,11,9,6,8,6,8,0,0,23,23,0.3947368421052631,0.3947368421052631,0.017162471395881,0.018796992481203,11,9,0.0328947368421052,0.0394736842105263,0.056390977443609,0.043859649122807,,0,0.8,5,,0,0.8,5,1.2,1.4,-0.2,0.6,1.8,-1.2,0.6,0.40000000000000013,1.0
2021-12-14,2021/22,Norwich City,Aston Villa,0,2,A,5.0,9.0,5.0,3.0,16,16,10,19,-9,0,20,13,0,0,0,0,0.625,1.0,0.375,1.1875,1.8,0.6125,-0.2375,-0.5625,-0.8,-0.2375,0.0,0.0,28,19,18,9,-1,8,3,8,1,0,22,22,0.4210526315789473,0.4210526315789473,0.014519056261343,0.0210526315789473,18,9,0.0221606648199446,0.0421052631578947,0.1052631578947368,0.0467836257309941,,0,1.0,5,,0,1.8,5,0.6,1.2,-0.6,1.4,1.0,0.4,-0.7999999999999999,-0.19999999999999996,-1.0
2021-12-14,2021/22,Manchester City,Leeds United,7,0,H,15.0,5.0,12.0,4.0,16,16,38,16,22,0,1,15,0,0,0,0,2.375,3.0,0.625,1.0,1.0,0.0,0.625,1.375,2.0,0.625,0.0,0.0,0,22,-10,12,27,5,27,5,0,0,22,22,0.4210526315789473,0.4210526315789473,0.4210526315789473,0.0183066361556064,10,12,0.0382775119617224,0.0323886639676113,0.0150375939849624,0.0701754385964912,,0,3.0,5,,0,1.0,5,2.2,0.6,1.6,1.2,1.4,-0.2,1.0000000000000002,0.7999999999999999,1.8
2021-12-15,2021/22,Crystal Palace,Southampton,2,2,D,4.0,2.0,8.0,3.0,16,16,19,16,3,0,13,15,0,0,0,0,1.1875,0.8,-0.3874999999999999,1.0,0.4,-0.6,0.2125,0.1875,0.4,0.2125,0.0,0.0,22,25,9,12,8,5,8,5,0,0,22,22,0.4210526315789473,0.4210526315789473,0.0183066361556064,0.0161943319838056,9,12,0.0421052631578947,0.0323886639676113,0.0467836257309941,0.0701754385964912,,0,0.8,5,,0,0.4,5,1.4,1.6,-0.2,0.8,2.4,-1.6,0.5999999999999999,0.7999999999999998,1.4000000000000001
2021-12-15,2021/22,Arsenal,West Ham United,2,0,H,6.0,5.0,13.0,7.0,16,16,26,28,-2,0,6,4,0,0,0,0,1.625,1.2,-0.425,1.75,1.0,-0.75,0.3249999999999999,-0.125,0.1999999999999999,0.3249999999999999,0.3249999999999999,1.0,15,13,2,0,15,17,15,17,0,0,22,22,0.4210526315789473,0.4210526315789473,0.0263157894736842,0.0300751879699248,2,0,0.1403508771929824,0.4210526315789473,0.0263157894736842,0.023391812865497,,0,1.2,5,,0,1.0,5,1.6,1.8,-0.2,1.0,1.2,-0.2,0.6000000000000001,-0.6000000000000001,0.0
2021-12-15,2021/22,Brighton,Wolverhampton Wanderers,0,1,A,4.0,5.0,6.0,5.0,15,16,20,21,-1,-1,12,10,0,0,0,0,1.3333333333333333,0.8,-0.5333333333333332,1.3125,1.0,-0.3125,-0.2208333333333332,0.0208333333333332,-0.1999999999999999,-0.2208333333333332,0.2208333333333332,-1.0,21,20,8,7,9,10,9,10,0,0,23,22,0.3947368421052631,0.4210526315789473,0.0179425837320574,0.0200501253132832,8,7,0.043859649122807,0.0526315789473684,0.0394736842105263,0.0382775119617224,,0,0.8,5,,0,1.0,5,0.6,1.0,-0.4,0.2,0.4,-0.2,0.39999999999999997,-0.6,-0.2
2021-12-16,2021/22,Chelsea,Everton,1,1,D,10.0,3.0,11.0,1.0,16,16,36,18,18,0,3,14,0,0,0,0,2.25,2.0,-0.25,1.125,0.6,-0.525,0.275,1.125,1.4,0.2749999999999999,0.0,0.0,5,23,-7,11,25,7,25,7,0,0,22,22,0.4210526315789473,0.4210526315789473,0.0701754385964912,0.0175438596491228,7,11,0.0526315789473684,0.0350877192982456,0.0161943319838056,0.0526315789473684,,0,2.0,5,,0,0.6,5,2.2,1.4,0.8,0.8,2.4,-1.6,1.4000000000000001,1.0,2.4000000000000004
2021-12-16,2021/22,Liverpool,Newcastle United,3,1,H,15.0,5.0,11.0,2.0,16,16,37,10,27,0,2,19,0,0,0,0,2.3125,3.0,0.6875,0.625,1.0,0.375,0.3125,1.6875,2.0,0.3125,0.0,0.0,4,31,-8,19,26,-1,26,3,0,1,22,22,0.4210526315789473,0.4210526315789473,0.0842105263157894,0.0131578947368421,8,19,0.0467836257309941,0.0210526315789473,0.0155945419103313,0.1052631578947368,,0,3.0,5,,0,1.0,5,2.8,0.2,2.6,1.0,2.0,-1.0,1.7999999999999998,1.8,3.6
2021-12-18,2021/22,Leeds United,Arsenal,1,4,A,5.0,9.0,9.0,4.0,17,17,16,29,-13,0,16,4,0,0,0,0,0.9411764705882352,1.0,0.0588235294117647,1.7058823529411764,1.8,0.0941176470588236,-0.0352941176470589,-0.7647058823529411,-0.8,-0.0352941176470589,0.0,0.0,25,12,13,0,5,18,5,18,0,0,21,21,0.4473684210526316,0.4473684210526316,0.0172064777327935,0.034412955465587,13,0,0.0319548872180451,0.4473684210526316,0.0745614035087719,0.0235457063711911,,0,1.0,5,,0,1.8,5,1.0,2.4,-1.4,2.0,1.0,1.0,-1.0,-1.4,-2.4
2021-12-19,2021/22,Newcastle United,Manchester City,0,4,A,4.0,15.0,5.0,13.0,17,17,10,41,-31,0,19,1,0,0,0,0,0.5882352941176471,0.8,0.2117647058823529,2.411764705882353,3.0,0.5882352941176472,-0.3764705882352942,-1.8235294117647056,-2.2,-0.3764705882352945,0.0,0.0,31,0,22,-9,-1,30,3,30,1,0,21,21,0.4473684210526316,0.4473684210526316,0.0139802631578947,0.4473684210526316,22,9,0.0194508009153318,0.0447368421052631,0.1118421052631579,0.0144312393887945,,0,0.8,5,,0,3.0,5,0.6,2.0,-1.4,3.0,0.6,2.4,-2.4,-1.4,-3.8
2021-12-19,2021/22,Wolverhampton Wanderers,Chelsea,0,0,D,5.0,8.0,10.0,12.0,17,17,24,37,-13,0,8,3,0,0,0,0,1.411764705882353,1.0,-0.411764705882353,2.176470588235294,1.6,-0.5764705882352938,0.1647058823529408,-0.7647058823529409,-0.6000000000000001,0.1647058823529408,0.0,0.0,17,4,8,-5,13,26,13,26,0,0,21,21,0.4473684210526316,0.4473684210526316,0.0248538011695906,0.0894736842105263,8,5,0.0497076023391812,0.0745614035087719,0.0319548872180451,0.016569200779727,,0,1.0,5,,0,1.6,5,0.2,0.4,-0.2,1.8,1.6,0.2,-1.6,1.2000000000000002,-0.4
2021-12-19,2021/22,Tottenham Hotspur,Liverpool,2,2,D,10.0,15.0,12.0,12.0,14,17,25,40,-15,-3,7,2,0,0,0,0,1.7857142857142858,2.0,0.2142857142857142,2.3529411764705883,3.0,0.6470588235294117,-0.4327731092436975,-0.5672268907563025,-1.0,-0.4327731092436975,0.0,0.0,16,1,7,-8,14,29,14,29,0,0,24,21,0.3684210526315789,0.4473684210526316,0.0216718266253869,0.2236842105263158,7,8,0.0460526315789473,0.0497076023391812,0.0245614035087719,0.0149122807017543,,0,2.0,5,,0,3.0,5,1.4,0.8,0.6,2.6,0.4,2.2,-1.2000000000000002,-0.4,-1.6
2021-12-26,2021/22,Manchester City,Leicester City,6,3,H,15.0,7.0,12.0,6.0,18,16,44,22,22,2,1,9,3,0,1,1,2.4444444444444446,3.0,0.5555555555555554,1.375,1.4,0.0249999999999999,0.5305555555555554,1.0694444444444446,1.6,0.5305555555555554,0.0,0.0,0,22,-12,10,33,11,33,11,0,0,20,22,0.4736842105263157,0.4210526315789473,0.4736842105263157,0.0183066361556064,12,10,0.0364372469635627,0.0382775119617224,0.0139318885448916,0.0350877192982456,,0,3.0,5,,0,1.4,5,3.4,0.4,3.0,2.2,1.8,0.4,1.1999999999999997,1.4,2.6
2021-12-26,2021/22,Norwich City,Arsenal,0,5,A,2.0,9.0,4.0,6.0,17,18,10,32,-22,-1,20,4,0,3,1,1,0.5882352941176471,0.4,-0.188235294117647,1.7777777777777777,1.8,0.0222222222222223,-0.2104575163398694,-1.1895424836601305,-1.4,-0.2104575163398694,0.0,0.0,34,12,22,0,-1,21,3,21,1,0,21,20,0.4473684210526316,0.4736842105263157,0.012781954887218,0.0364372469635627,22,0,0.0194508009153318,0.4736842105263157,0.1118421052631579,0.0215311004784688,,0,0.4,5,,0,1.8,5,0.2,1.4,-1.2,2.4,1.2,1.2,-2.1999999999999997,-0.19999999999999996,-2.4
2021-12-26,2021/22,Tottenham Hotspur,Crystal Palace,3,0,H,11.0,4.0,10.0,5.0,15,17,26,20,6,-2,7,11,0,3,1,1,1.7333333333333334,2.2,0.4666666666666668,1.1764705882352942,0.8,-0.3764705882352941,0.8431372549019609,0.5568627450980392,1.4,0.8431372549019609,0.0,0.0,18,24,6,12,15,9,15,9,0,0,23,21,0.3947368421052631,0.4473684210526316,0.020775623268698,0.0178947368421052,6,12,0.056390977443609,0.034412955465587,0.0246710526315789,0.0447368421052631,,0,2.2,5,,0,0.8,5,1.8,0.6,1.2,1.2,1.4,-0.2,0.6000000000000001,0.7999999999999999,1.4
2021-12-26,2021/22,West Ham United,Southampton,2,3,A,5.0,3.0,10.0,4.0,17,17,28,17,11,0,5,15,1,1,1,1,1.6470588235294117,1.0,-0.6470588235294117,1.0,0.6,-0.4,-0.2470588235294116,0.6470588235294117,0.4,-0.2470588235294116,0.0,0.0,16,27,4,15,17,6,17,6,0,0,21,21,0.4473684210526316,0.4473684210526316,0.0263157894736842,0.0159774436090225,4,15,0.0894736842105263,0.0279605263157894,0.0248538011695906,0.0639097744360902,,0,1.0,5,,0,0.6,5,1.0,1.4,-0.4,1.0,2.4,-1.4,0.0,1.0,0.9999999999999999
2021-12-26,2021/22,Aston Villa,Chelsea,1,3,A,9.0,8.0,6.0,10.0,17,18,22,38,-16,-1,10,3,0,3,1,1,1.2941176470588236,1.8,0.5058823529411764,2.111111111111111,1.6,-0.5111111111111111,1.0169934640522875,-0.8169934640522876,0.1999999999999999,1.0169934640522875,1.0169934640522875,1.0,22,6,10,-6,11,27,11,27,0,0,21,20,0.4473684210526316,0.4736842105263157,0.0194508009153318,0.0676691729323308,10,6,0.0406698564593301,0.0676691729323308,0.0372807017543859,0.0169172932330827,,0,1.8,5,,0,1.6,5,1.4,1.0,0.4,1.6,1.4,0.2,-0.20000000000000018,0.3999999999999999,0.2
2021-12-26,2021/22,Brighton,Brentford,2,0,H,3.0,8.0,3.0,5.0,16,16,20,20,0,0,13,12,3,0,1,1,1.25,0.6,-0.65,1.25,1.6,0.3500000000000001,-1.0,0.0,-1.0,-1.0,0.0,0.0,24,24,12,12,9,9,9,9,0,0,22,22,0.4210526315789473,0.4210526315789473,0.0168421052631578,0.0168421052631578,12,12,0.0323886639676113,0.0323886639676113,0.0421052631578947,0.0421052631578947,,0,0.6,5,,0,1.6,5,0.4,1.0,-0.6,1.6,1.6,0.0,-1.2000000000000002,0.6000000000000001,-0.6
2021-12-27,2021/22,Newcastle United,Manchester United,1,1,D,4.0,10.0,5.0,7.0,18,16,10,27,-17,2,19,7,0,3,1,1,0.5555555555555556,0.8,0.2444444444444444,1.6875,2.0,0.3125,-0.0680555555555555,-1.1319444444444444,-1.2,-0.0680555555555555,0.0,0.0,37,20,25,8,-1,16,3,16,1,0,20,22,0.4736842105263157,0.4210526315789473,0.0124653739612188,0.0200501253132832,25,8,0.0182186234817813,0.0467836257309941,0.1184210526315789,0.0247678018575851,,0,0.8,5,,0,2.0,5,0.6,2.4,-1.8,1.4,1.4,0.0,-0.7999999999999999,-1.0,-1.8
2021-12-28,2021/22,Crystal Palace,Norwich City,3,0,H,4.0,1.0,8.0,5.0,18,18,20,10,10,0,12,20,0,0,0,0,1.1111111111111112,0.8,-0.3111111111111111,0.5555555555555556,0.2,-0.3555555555555555,0.0444444444444444,0.5555555555555556,0.6000000000000001,0.0444444444444445,0.0,0.0,27,37,15,25,9,-1,9,3,0,1,20,20,0.4736842105263157,0.4736842105263157,0.0169172932330827,0.0124653739612188,15,25,0.0296052631578947,0.0182186234817813,0.0473684210526315,0.1184210526315789,,0,0.8,5,,0,0.2,5,1.0,1.6,-0.6,0.2,2.4,-2.2,0.8,0.7999999999999998,1.6
2021-12-28,2021/22,Southampton,Tottenham Hotspur,1,1,D,6.0,13.0,9.0,4.0,18,16,20,29,-9,2,14,5,0,0,0,0,1.1111111111111112,1.2,0.0888888888888888,1.8125,2.6,0.7875000000000001,-0.6986111111111113,-0.7013888888888888,-1.4,-0.6986111111111113,0.0,0.0,27,18,15,6,9,18,9,18,0,0,20,22,0.4736842105263157,0.4210526315789473,0.0169172932330827,0.0221606648199446,15,6,0.0296052631578947,0.0601503759398496,0.0473684210526315,0.0221606648199446,,0,1.2,5,,0,2.6,5,1.6,2.0,-0.4,2.4,0.6,1.8,-0.7999999999999998,-1.4,-2.2
2021-12-28,2021/22,Watford,West Ham United,1,4,A,3.0,5.0,3.0,4.0,16,18,13,28,-15,-2,17,6,0,0,0,0,0.8125,0.6,-0.2125,1.5555555555555556,1.0,-0.5555555555555556,0.3430555555555555,-0.7430555555555556,-0.4,0.3430555555555555,0.0,0.0,34,19,22,7,2,17,2,17,0,0,22,20,0.4210526315789473,0.4736842105263157,0.0120300751879699,0.0236842105263157,22,7,0.0183066361556064,0.0592105263157894,0.1403508771929824,0.0263157894736842,,0,0.6,5,,0,1.0,5,1.8,2.4,-0.6,1.2,1.6,-0.4,0.6000000000000001,-0.7999999999999998,-0.19999999999999996
2021-12-28,2021/22,Leicester City,Liverpool,1,0,H,7.0,13.0,9.0,10.0,17,18,22,41,-19,-1,10,2,0,0,0,0,1.2941176470588236,1.4,0.1058823529411763,2.2777777777777777,2.6,0.3222222222222224,-0.2163398692810461,-0.983660130718954,-1.2000000000000002,-0.2163398692810461,0.0,0.0,25,6,13,-6,11,30,11,30,0,0,21,20,0.4473684210526316,0.4736842105263157,0.0172064777327935,0.0676691729323308,13,6,0.0319548872180451,0.0676691729323308,0.0372807017543859,0.0152801358234295,,0,1.4,5,,0,2.6,5,2.8,2.4,0.4,2.2,0.8,1.4,0.5999999999999996,-1.5999999999999999,-0.9999999999999999
2021-12-29,2021/22,Chelsea,Brighton,1,1,D,8.0,6.0,9.0,4.0,19,17,41,23,18,2,3,11,0,0,0,0,2.1578947368421053,1.6,-0.5578947368421052,1.3529411764705883,1.2,-0.1529411764705883,-0.4049535603715168,0.804953560371517,0.4000000000000001,-0.4049535603715168,0.0,0.0,6,24,-6,12,30,12,30,12,0,0,19,21,0.5,0.4473684210526316,0.0714285714285714,0.0178947368421052,6,12,0.0714285714285714,0.034412955465587,0.0161290322580645,0.034412955465587,,0,1.6,5,,0,1.2,5,1.8,1.4,0.4,0.8,0.6,0.2,1.0,-0.7999999999999999,0.2
2021-12-29,2021/22,Brentford,Manchester City,0,1,A,7.0,15.0,6.0,15.0,17,19,20,47,-27,-2,14,1,0,0,0,0,1.1764705882352942,1.4,0.2235294117647057,2.473684210526316,3.0,0.5263157894736841,-0.3027863777089783,-1.2972136222910218,-1.6,-0.3027863777089783,0.0,0.0,27,0,15,-12,9,36,9,36,0,0,21,19,0.4473684210526316,0.5,0.0159774436090225,0.5,15,12,0.0279605263157894,0.0384615384615384,0.0447368421052631,0.0135135135135135,,0,1.4,5,,0,3.0,5,1.0,1.4,-0.4,4.2,0.8,3.4,-3.2,-0.5999999999999999,-3.8
2021-12-30,2021/22,Manchester United,Burnley,3,1,H,11.0,4.0,7.0,3.0,17,15,28,11,17,2,7,18,0,0,0,0,1.6470588235294117,2.2,0.5529411764705885,0.7333333333333333,0.8,0.0666666666666667,0.4862745098039217,0.9137254901960784,1.4,0.4862745098039217,0.0,0.0,22,39,7,24,17,0,17,2,0,1,21,23,0.4473684210526316,0.3947368421052631,0.0194508009153318,0.0098684210526315,7,24,0.0559210526315789,0.0157894736842105,0.0248538011695906,0.131578947368421,,0,2.2,5,,0,0.8,5,1.4,0.8,0.6,0.8,1.0,-0.2,0.5999999999999999,0.19999999999999996,0.8
2022-01-01,2021/22,Arsenal,Manchester City,1,2,A,12.0,15.0,15.0,15.0,19,20,35,50,-15,-1,4,1,0,3,1,1,1.8421052631578947,2.4,0.5578947368421052,2.5,3.0,0.5,0.0578947368421052,-0.6578947368421053,-0.6000000000000001,0.0578947368421052,0.0,0.0,15,0,0,-15,24,39,24,39,0,0,19,18,0.5,0.5263157894736842,0.03125,0.5263157894736842,0,15,0.5,0.0328947368421052,0.02,0.0131578947368421,,0,2.4,5,,0,3.0,5,3.0,0.6,2.4,3.8,0.6,3.2,-0.7999999999999998,0.0,-0.8000000000000003
2022-01-01,2021/22,Watford,Tottenham Hotspur,0,1,A,0.0,11.0,3.0,5.0,17,17,13,30,-17,0,17,7,0,3,1,1,0.7647058823529411,0.0,-0.7647058823529411,1.7647058823529411,2.2,0.435294117647059,-1.2000000000000002,-1.0,-2.2,-1.2000000000000002,0.0,0.0,37,20,22,5,2,19,2,19,0,0,21,21,0.4473684210526316,0.4473684210526316,0.0117728531855955,0.0213032581453634,22,5,0.0194508009153318,0.0745614035087719,0.1491228070175438,0.0223684210526315,,0,0.0,5,,0,2.2,5,1.2,3.0,-1.8,2.2,0.6,1.6,-1.0000000000000002,-2.4,-3.4000000000000004
2022-01-01,2021/22,Crystal Palace,West Ham United,2,3,A,7.0,7.0,10.0,4.0,19,19,23,31,-8,0,11,5,1,1,1,1,1.2105263157894737,1.4,0.1894736842105262,1.631578947368421,1.4,-0.2315789473684211,0.4210526315789473,-0.4210526315789473,0.0,0.4210526315789473,0.0,0.0,27,19,12,4,12,20,12,20,0,0,19,19,0.5,0.5,0.0178571428571428,0.025,12,4,0.0384615384615384,0.1,0.0384615384615384,0.0238095238095238,,0,1.4,5,,0,1.4,5,1.6,1.4,0.2,1.8,1.6,0.2,-0.19999999999999996,0.20000000000000018,0.0
2022-01-02,2021/22,Brentford,Aston Villa,2,1,H,4.0,6.0,6.0,6.0,18,18,20,22,-2,0,14,12,1,1,1,1,1.1111111111111112,0.8,-0.3111111111111111,1.2222222222222223,1.2,-0.0222222222222223,-0.2888888888888887,-0.1111111111111111,-0.3999999999999999,-0.2888888888888887,0.0,0.0,33,31,15,13,9,11,9,11,0,0,20,20,0.4736842105263157,0.4736842105263157,0.0139318885448916,0.0148026315789473,15,13,0.0296052631578947,0.0338345864661654,0.0473684210526315,0.0394736842105263,,0,0.8,5,,0,1.2,5,0.8,1.6,-0.8,1.2,1.4,-0.2,-0.3999999999999999,-0.20000000000000018,-0.6000000000000001
2022-01-02,2021/22,Everton,Brighton,2,3,A,4.0,6.0,4.0,4.0,17,18,19,24,-5,-1,15,10,3,0,1,1,1.1176470588235294,0.8,-0.3176470588235294,1.3333333333333333,1.2,-0.1333333333333333,-0.1843137254901961,-0.2156862745098038,-0.3999999999999999,-0.1843137254901961,0.0,0.0,34,29,16,11,8,13,8,13,0,0,21,20,0.4473684210526316,0.4736842105263157,0.012781954887218,0.0157894736842105,16,11,0.0263157894736842,0.0394736842105263,0.0497076023391812,0.0338345864661654,,0,0.8,5,,0,1.2,5,1.0,2.0,-1.0,1.0,0.8,0.2,0.0,-1.2,-1.2
2022-01-02,2021/22,Leeds United,Burnley,3,1,H,4.0,3.0,6.0,3.0,18,16,16,11,5,2,16,18,1,1,1,1,0.8888888888888888,0.8,-0.0888888888888888,0.6875,0.6,-0.0875,-0.0013888888888887,0.2013888888888888,0.2,-0.0013888888888887,0.0,0.0,37,42,19,24,5,0,5,2,0,1,20,22,0.4736842105263157,0.4210526315789473,0.0124653739612188,0.0097919216646266,19,24,0.0236842105263157,0.0168421052631578,0.0789473684210526,0.1403508771929824,,0,0.8,5,,0,0.6,5,1.2,3.2,-2.0,0.8,1.4,-0.6,0.3999999999999999,-1.8000000000000003,-1.4
2022-01-02,2021/22,Chelsea,Liverpool,2,2,D,9.0,10.0,7.0,7.0,20,19,42,41,1,1,2,3,1,1,1,1,2.1,1.8,-0.3,2.1578947368421053,2.0,-0.1578947368421053,-0.1421052631578947,-0.0578947368421052,-0.1999999999999999,-0.1421052631578947,0.0,0.0,11,12,-7,-6,31,30,31,30,0,0,18,19,0.5263157894736842,0.5,0.043859649122807,0.0384615384615384,7,6,0.0657894736842105,0.0714285714285714,0.0164473684210526,0.0161290322580645,,0,1.8,5,,0,2.0,5,1.6,1.0,0.6,1.4,0.8,0.6,0.20000000000000018,-0.19999999999999996,0.0
2022-01-03,2021/22,Manchester United,Wolverhampton Wanderers,0,1,A,13.0,5.0,9.0,5.0,18,18,31,25,6,0,7,9,3,0,1,1,1.7222222222222223,2.6,0.8777777777777778,1.3888888888888888,1.0,-0.3888888888888888,1.2666666666666666,0.3333333333333335,1.6,1.2666666666666666,0.0,0.0,22,28,4,10,20,14,20,14,0,0,20,20,0.4736842105263157,0.4736842105263157,0.0205949656750572,0.0163339382940108,4,10,0.0947368421052631,0.0430622009569377,0.0225563909774436,0.031578947368421,,0,2.6,5,,0,1.0,5,1.8,0.8,1.0,0.2,0.4,-0.2,1.6,-0.4,1.2
2022-01-11,2021/22,Southampton,Brentford,4,1,H,6.0,7.0,7.0,2.0,19,19,21,23,-2,0,14,12,0,0,0,0,1.105263157894737,1.2,0.094736842105263,1.2105263157894737,1.4,0.1894736842105262,-0.0947368421052632,-0.1052631578947367,-0.1999999999999999,-0.0947368421052632,0.0,0.0,32,30,14,12,10,12,10,12,0,0,19,19,0.5,0.5,0.0151515151515151,0.0161290322580645,14,12,0.0333333333333333,0.0384615384615384,0.0454545454545454,0.0384615384615384,,0,1.2,5,,0,1.4,5,1.4,1.8,-0.4,1.2,1.4,-0.2,0.19999999999999996,-0.40000000000000013,-0.2
2022-01-12,2021/22,West Ham United,Norwich City,2,0,H,7.0,0.0,10.0,4.0,20,19,34,10,24,1,5,20,0,0,0,0,1.7,1.4,-0.3,0.5263157894736842,0.0,-0.5263157894736842,0.2263157894736841,1.1736842105263157,1.4,0.2263157894736842,0.0,0.0,19,43,1,25,23,-1,23,3,0,1,18,19,0.5263157894736842,0.5,0.0263157894736842,0.0113636363636363,1,25,0.2631578947368421,0.0192307692307692,0.0219298245614035,0.125,,0,1.4,5,,0,0.0,5,1.8,1.6,0.2,0.0,2.8,-2.8,1.8,1.1999999999999997,3.0
2022-01-14,2021/22,Brighton,Crystal Palace,1,1,D,8.0,7.0,5.0,4.0,19,20,27,23,4,-1,9,12,1,1,1,1,1.4210526315789471,1.6,0.1789473684210527,1.15,1.4,0.25,-0.0710526315789472,0.2710526315789474,0.2000000000000001,-0.0710526315789472,0.0,0.0,26,30,10,14,16,12,16,12,0,0,19,18,0.5,0.5263157894736842,0.0185185185185185,0.0169779286926994,10,14,0.0454545454545454,0.0350877192982456,0.0294117647058823,0.0404858299595141,,0,1.6,5,,0,1.4,5,1.4,1.0,0.4,2.0,1.8,0.2,-0.6000000000000001,0.8,0.2
2022-01-15,2021/22,Manchester City,Chelsea,1,0,H,15.0,7.0,15.0,10.0,21,21,53,43,10,0,1,2,3,0,1,1,2.523809523809524,3.0,0.4761904761904763,2.0476190476190474,1.4,-0.6476190476190475,1.1238095238095238,0.4761904761904763,1.6,1.1238095238095238,0.0,0.0,0,10,-16,-6,42,32,42,32,0,0,17,17,0.5526315789473685,0.5526315789473685,0.5526315789473685,0.0502392344497607,16,6,0.0325077399380804,0.0789473684210526,0.0128518971848225,0.0167464114832535,,0,3.0,5,,0,1.4,5,4.0,0.8,3.2,1.4,1.0,0.4,2.6,0.19999999999999996,2.8000000000000003
2022-01-15,2021/22,Newcastle United,Watford,1,1,D,4.0,0.0,6.0,3.0,19,18,11,13,-2,1,19,17,1,1,1,1,0.5789473684210527,0.8,0.2210526315789474,0.7222222222222222,0.0,-0.7222222222222222,0.9432748538011696,-0.1432748538011695,0.8,0.9432748538011696,0.9432748538011696,1.0,42,40,26,24,0,2,2,2,1,0,19,20,0.5,0.4736842105263157,0.0116279069767441,0.0115532734274711,26,24,0.0185185185185185,0.0189473684210526,0.1666666666666666,0.1578947368421052,,0,0.8,5,,0,0.0,5,0.6,2.4,-1.8,0.8,2.4,-1.6,-0.20000000000000007,0.0,-0.19999999999999996
2022-01-15,2021/22,Norwich City,Everton,2,1,H,0.0,4.0,4.0,1.0,20,18,10,19,-9,2,20,15,0,3,1,1,0.5,0.0,-0.5,1.0555555555555556,0.8,-0.2555555555555555,-0.2444444444444444,-0.5555555555555556,-0.8,-0.2444444444444444,0.0,0.0,43,34,27,18,-1,8,3,8,1,0,18,20,0.5263157894736842,0.4736842105263157,0.0119617224880382,0.0135338345864661,27,18,0.018796992481203,0.0249307479224376,0.131578947368421,0.0526315789473684,,0,0.0,5,,0,0.8,5,0.0,2.6,-2.6,1.4,2.4,-1.0,-1.4,-0.20000000000000018,-1.6
2022-01-15,2021/22,Wolverhampton Wanderers,Southampton,3,1,H,7.0,8.0,8.0,4.0,19,20,28,24,4,-1,9,12,3,0,1,1,1.4736842105263157,1.4,-0.0736842105263158,1.2,1.6,0.4000000000000001,-0.4736842105263159,0.2736842105263157,-0.2000000000000001,-0.4736842105263159,0.4736842105263159,-1.0,25,29,9,13,17,13,17,13,0,0,19,18,0.5,0.5263157894736842,0.0192307692307692,0.0175438596491228,9,13,0.05,0.037593984962406,0.0277777777777777,0.037593984962406,,0,1.4,5,,0,1.6,5,0.4,0.4,0.0,2.0,1.8,0.2,-1.6,1.4,-0.2
2022-01-15,2021/22,Aston Villa,Manchester United,2,2,D,6.0,10.0,6.0,8.0,19,19,22,31,-9,0,14,7,3,0,1,1,1.1578947368421053,1.2,0.0421052631578946,1.631578947368421,2.0,0.368421052631579,-0.3263157894736843,-0.4736842105263157,-0.8,-0.3263157894736843,0.0,0.0,31,22,15,6,11,20,11,20,0,0,19,19,0.5,0.5,0.015625,0.0217391304347826,15,6,0.03125,0.0714285714285714,0.0416666666666666,0.0238095238095238,,0,1.2,5,,0,2.0,5,1.2,1.4,-0.2,1.2,0.6,0.6,0.0,-0.7999999999999999,-0.8
2022-01-16,2021/22,Liverpool,Brentford,3,0,H,8.0,6.0,13.0,2.0,20,20,42,23,19,0,3,14,1,1,1,1,2.1,1.6,-0.5,1.15,1.2,0.05,-0.55,0.9500000000000002,0.4000000000000001,-0.55,0.0,0.0,14,33,-5,14,29,10,29,10,0,0,18,18,0.5263157894736842,0.5263157894736842,0.0350877192982456,0.0154798761609907,5,14,0.087719298245614,0.0350877192982456,0.0175438596491228,0.0478468899521531,,0,1.6,5,,0,1.2,5,1.6,1.2,0.4,1.0,1.8,-0.8,0.6000000000000001,0.6000000000000001,1.2000000000000002
2022-01-16,2021/22,West Ham United,Leeds United,2,3,A,9.0,4.0,10.0,4.0,21,19,37,19,18,2,4,16,3,0,1,1,1.761904761904762,1.8,0.0380952380952381,1.0,0.8,-0.1999999999999999,0.2380952380952381,0.7619047619047619,1.0,0.2380952380952381,0.0,0.0,19,37,0,18,24,6,24,6,0,0,17,19,0.5526315789473685,0.5,0.0276315789473684,0.0131578947368421,0,18,0.5526315789473685,0.0263157894736842,0.0221052631578947,0.0714285714285714,,0,1.8,5,,0,0.8,5,2.2,1.6,0.6,1.6,3.4,-1.8,0.6000000000000001,1.7999999999999998,2.4
2022-01-18,2021/22,Brighton,Chelsea,1,1,D,8.0,6.0,6.0,7.0,20,22,28,43,-15,-2,9,3,1,1,1,1,1.4,1.6,0.2000000000000001,1.9545454545454544,1.2,-0.7545454545454546,0.9545454545454548,-0.5545454545454547,0.4000000000000001,0.9545454545454548,0.9545454545454548,1.0,28,13,9,-6,15,30,15,30,0,0,18,16,0.5263157894736842,0.5789473684210527,0.0181488203266787,0.0413533834586466,9,6,0.0526315789473684,0.0827067669172932,0.0328947368421052,0.0186757215619694,,0,1.6,5,,0,1.2,5,1.4,1.0,0.4,1.2,1.0,0.2,0.19999999999999996,0.0,0.2
2022-01-19,2021/22,Leicester City,Tottenham Hotspur,2,3,A,7.0,11.0,9.0,8.0,18,18,25,33,-8,0,10,6,0,0,0,0,1.3888888888888888,1.4,0.011111111111111,1.8333333333333333,2.2,0.3666666666666669,-0.3555555555555558,-0.4444444444444444,-0.8000000000000003,-0.3555555555555558,0.0,0.0,31,23,12,4,12,20,12,20,0,0,20,20,0.4736842105263157,0.4736842105263157,0.0148026315789473,0.0197368421052631,12,4,0.0364372469635627,0.0947368421052631,0.0364372469635627,0.0225563909774436,,0,1.4,5,,0,2.2,5,2.2,2.0,0.2,2.0,0.6,1.4,0.20000000000000018,-1.4,-1.2
2022-01-19,2021/22,Brentford,Manchester United,1,3,A,3.0,8.0,9.0,6.0,21,20,23,32,-9,1,14,7,0,0,0,0,1.0952380952380951,0.6,-0.4952380952380953,1.6,1.6,0.0,-0.4952380952380953,-0.5047619047619047,-1.0,-0.4952380952380952,0.0,0.0,33,24,14,5,10,19,10,19,0,0,17,18,0.5526315789473685,0.5263157894736842,0.0162538699690402,0.0210526315789473,14,5,0.0368421052631579,0.087719298245614,0.0502392344497607,0.0263157894736842,,0,0.6,5,,0,1.6,5,0.6,2.2,-1.6,1.4,1.0,0.4,-0.7999999999999999,-1.2000000000000002,-2.0
2022-01-21,2021/22,Watford,Norwich City,0,3,A,1.0,3.0,3.0,4.0,19,21,14,13,1,-2,17,18,3,0,1,1,0.7368421052631579,0.2,-0.5368421052631578,0.6190476190476191,0.6,-0.019047619047619,-0.5177944862155387,0.1177944862155387,-0.3999999999999999,-0.5177944862155388,0.5177944862155388,-1.0,42,43,23,24,1,0,1,1,0,1,19,17,0.5,0.5526315789473685,0.0116279069767441,0.0125598086124401,23,24,0.0208333333333333,0.0221052631578947,0.25,0.2763157894736842,,0,0.2,5,,0,0.6,5,0.8,2.2,-1.4,0.4,2.6,-2.2,0.4,0.3999999999999999,0.8000000000000003
2022-01-22,2021/22,Everton,Aston Villa,0,1,A,4.0,4.0,4.0,6.0,19,20,19,23,-4,-1,16,13,0,3,1,1,1.0,0.8,-0.1999999999999999,1.15,0.8,-0.3499999999999998,0.1499999999999999,-0.1499999999999999,0.0,0.1499999999999999,0.0,0.0,37,33,18,14,5,9,5,9,0,0,19,18,0.5,0.5263157894736842,0.0131578947368421,0.0154798761609907,18,14,0.0263157894736842,0.0350877192982456,0.0833333333333333,0.0526315789473684,,0,0.8,5,,0,0.8,5,1.4,2.0,-0.6,1.2,1.6,-0.4,0.19999999999999996,-0.3999999999999999,-0.19999999999999996
2022-01-22,2021/22,Brentford,Wolverhampton Wanderers,1,2,A,3.0,10.0,9.0,7.0,22,20,23,31,-8,2,14,8,3,0,1,1,1.0454545454545454,0.6,-0.4454545454545454,1.55,2.0,0.4499999999999999,-0.8954545454545454,-0.5045454545454546,-1.4,-0.8954545454545453,0.0,0.0,33,25,14,6,9,17,9,17,0,0,16,18,0.5789473684210527,0.5263157894736842,0.0170278637770897,0.020242914979757,14,6,0.0385964912280701,0.075187969924812,0.0578947368421052,0.0292397660818713,,0,0.6,5,,0,2.0,5,0.8,2.4,-1.6,1.0,0.4,0.6,-0.19999999999999996,-2.0,-2.2
2022-01-22,2021/22,Leeds United,Newcastle United,0,1,A,6.0,2.0,8.0,2.0,20,20,22,12,10,0,15,19,1,1,1,1,1.1,1.2,0.0999999999999998,0.6,0.4,-0.1999999999999999,0.2999999999999998,0.5000000000000001,0.7999999999999999,0.2999999999999998,0.0,0.0,34,44,15,25,8,-2,8,4,0,1,18,18,0.5263157894736842,0.5263157894736842,0.0150375939849624,0.0116959064327485,15,25,0.0328947368421052,0.020242914979757,0.0584795321637426,0.1052631578947368,,0,1.2,5,,0,0.4,5,1.8,3.4,-1.6,0.6,2.6,-2.0,1.2000000000000002,-0.7999999999999998,0.3999999999999999
2022-01-22,2021/22,Manchester United,West Ham United,1,0,H,8.0,9.0,9.0,7.0,21,22,35,37,-2,-1,7,4,3,0,1,1,1.6666666666666667,1.6,-0.0666666666666666,1.681818181818182,1.8,0.1181818181818181,-0.1848484848484848,-0.0151515151515151,-0.1999999999999999,-0.1848484848484848,0.0,0.0,21,19,2,0,21,23,21,23,0,0,17,16,0.5526315789473685,0.5789473684210527,0.0251196172248803,0.0289473684210526,2,0,0.1842105263157895,0.5789473684210527,0.0251196172248803,0.0241228070175438,,0,1.6,5,,0,1.8,5,1.8,1.2,0.6,2.6,1.8,0.8,-0.8,0.6000000000000001,-0.20000000000000007
2022-01-22,2021/22,Southampton,Manchester City,1,1,D,8.0,15.0,9.0,15.0,21,22,24,56,-32,-1,12,1,1,1,1,1,1.1428571428571428,1.6,0.4571428571428573,2.5454545454545454,3.0,0.4545454545454546,0.0025974025974027,-1.4025974025974026,-1.4,0.0025974025974027,0.0,0.0,32,0,13,-19,10,42,10,42,0,0,17,16,0.5526315789473685,0.5789473684210527,0.0167464114832535,0.5789473684210527,13,19,0.0394736842105263,0.0289473684210526,0.0502392344497607,0.0134638922888616,,0,1.6,5,,0,3.0,5,2.2,1.8,0.4,2.8,0.8,2.0,-0.5999999999999996,-1.0,-1.6
2022-01-23,2021/22,Arsenal,Burnley,0,0,D,12.0,2.0,12.0,2.0,20,17,35,11,24,3,7,20,3,0,1,1,1.75,2.4,0.6499999999999999,0.6470588235294118,0.4,-0.2470588235294117,0.8970588235294117,1.1029411764705883,2.0,0.8970588235294117,0.0,0.0,22,46,3,27,20,-4,20,5,0,1,18,21,0.5263157894736842,0.4473684210526316,0.022883295194508,0.009518477043673,3,27,0.131578947368421,0.0159774436090225,0.025062656641604,0.0745614035087719,,0,2.4,5,,0,0.4,5,3.0,0.6,2.4,0.4,1.4,-1.0,2.6,0.7999999999999999,3.4
2022-01-23,2021/22,Crystal Palace,Liverpool,1,3,A,5.0,8.0,7.0,8.0,21,21,24,45,-21,0,13,2,0,3,1,1,1.1428571428571428,1.0,-0.1428571428571428,2.142857142857143,1.6,-0.5428571428571427,0.3999999999999999,-1.0,-0.6000000000000001,0.3999999999999999,0.0,0.0,33,12,14,-7,9,30,9,30,0,0,17,17,0.5526315789473685,0.5526315789473685,0.0162538699690402,0.0425101214574898,14,7,0.0368421052631579,0.069078947368421,0.0552631578947368,0.0178268251273344,,0,1.0,5,,0,1.6,5,1.6,1.8,-0.2,2.0,1.2,0.8,-0.3999999999999999,-0.6000000000000001,-1.0
2022-01-23,2021/22,Leicester City,Brighton,1,1,D,6.0,9.0,9.0,6.0,19,21,25,29,-4,-2,11,9,0,3,1,1,1.3157894736842106,1.2,-0.1157894736842106,1.380952380952381,1.8,0.4190476190476191,-0.5348370927318298,-0.0651629072681703,-0.6000000000000001,-0.5348370927318298,0.0,0.0,32,28,13,9,10,14,10,14,0,0,19,17,0.5,0.5526315789473685,0.0151515151515151,0.0190562613430127,13,9,0.0357142857142857,0.0552631578947368,0.0454545454545454,0.0368421052631579,,0,1.2,5,,0,1.8,5,2.2,2.2,0.0,1.6,1.0,0.6,0.6000000000000001,-1.2000000000000002,-0.6
2022-01-23,2021/22,Chelsea,Tottenham Hotspur,2,0,H,6.0,11.0,7.0,8.0,23,19,44,36,8,4,3,6,3,0,1,1,1.9130434782608696,1.2,-0.7130434782608697,1.894736842105263,2.2,0.3052631578947371,-1.0183066361556068,0.0183066361556065,-1.0000000000000002,-1.0183066361556068,1.0183066361556068,-1.0,13,21,-6,2,29,21,29,21,0,0,15,19,0.6052631578947368,0.5,0.0432330827067669,0.0227272727272727,6,2,0.0864661654135338,0.1666666666666666,0.0201754385964912,0.0227272727272727,,0,1.2,5,,0,2.2,5,1.4,1.2,0.2,2.0,1.0,1.0,-0.6000000000000001,-0.19999999999999996,-0.8
2022-02-05,2021/22,Burnley,Watford,0,0,D,2.0,1.0,6.0,4.0,18,20,12,14,-2,-2,20,19,0,0,0,0,0.6666666666666666,0.4,-0.2666666666666666,0.7,0.2,-0.4999999999999999,0.2333333333333333,-0.0333333333333333,0.2,0.2333333333333333,0.2333333333333333,1.0,45,43,26,24,-3,-1,4,2,1,1,20,18,0.4736842105263157,0.5263157894736842,0.0102974828375286,0.0119617224880382,26,24,0.0175438596491228,0.0210526315789473,0.0947368421052631,0.175438596491228,,0,0.4,5,,0,0.2,5,0.4,1.4,-1.0,0.6,2.2,-1.6,-0.19999999999999996,0.8000000000000003,0.6000000000000001
2022-02-08,2021/22,Newcastle United,Everton,3,1,H,5.0,1.0,6.0,1.0,21,20,15,19,-4,1,19,16,0,0,0,0,0.7142857142857143,1.0,0.2857142857142857,0.95,0.2,-0.75,1.0357142857142856,-0.2357142857142856,0.8,1.0357142857142856,1.0357142857142856,1.0,42,38,23,19,0,4,1,4,1,0,17,18,0.5526315789473685,0.5263157894736842,0.0128518971848225,0.0134952766531713,23,19,0.0230263157894736,0.0263157894736842,0.2763157894736842,0.1052631578947368,,0,1.0,5,,0,0.2,5,0.8,1.8,-1.0,1.0,2.0,-1.0,-0.19999999999999996,0.19999999999999996,0.0
2022-02-08,2021/22,West Ham United,Watford,1,0,H,9.0,2.0,7.0,2.0,23,21,37,15,22,2,5,18,3,0,1,1,1.608695652173913,1.8,0.1913043478260869,0.7142857142857143,0.4,-0.3142857142857143,0.5055900621118012,0.8944099378881988,1.4,0.5055900621118011,0.0,0.0,20,42,1,23,22,0,22,1,0,1,15,17,0.6052631578947368,0.5526315789473685,0.0288220551378446,0.0128518971848225,1,23,0.3026315789473684,0.0230263157894736,0.0263157894736842,0.2763157894736842,,0,1.8,5,,0,0.4,5,2.2,1.4,0.8,0.4,1.8,-1.4,1.8000000000000003,0.40000000000000013,2.2
2022-02-08,2021/22,Burnley,Manchester United,1,1,D,3.0,10.0,7.0,9.0,19,22,13,38,-25,-3,20,4,0,3,1,1,0.6842105263157895,0.6,-0.0842105263157895,1.7272727272727273,2.0,0.2727272727272727,-0.3569377990430622,-1.0430622009569377,-1.4,-0.3569377990430622,0.0,0.0,44,19,25,0,-2,23,3,23,1,0,19,16,0.5,0.5789473684210527,0.0111111111111111,0.0289473684210526,25,0,0.0192307692307692,0.5789473684210527,0.125,0.0241228070175438,,0,0.6,5,,0,2.0,5,0.4,1.2,-0.8,1.8,1.0,0.8,-1.4,-0.19999999999999996,-1.6
2022-02-09,2021/22,Manchester City,Brentford,2,0,H,13.0,3.0,15.0,1.0,23,23,57,23,34,0,1,14,3,0,1,1,2.4782608695652173,2.6,0.1217391304347828,1.0,0.6,-0.4,0.5217391304347828,1.4782608695652173,2.0,0.5217391304347827,0.0,0.0,0,34,-17,17,41,7,41,7,0,0,15,15,0.6052631578947368,0.6052631578947368,0.6052631578947368,0.0172932330827067,17,17,0.033625730994152,0.033625730994152,0.0144110275689223,0.0756578947368421,,0,2.6,5,,0,0.6,5,2.2,1.0,1.2,1.0,2.6,-1.6,1.2000000000000002,1.6,2.8
2022-02-09,2021/22,Norwich City,Crystal Palace,1,1,D,6.0,4.0,4.0,2.0,22,22,16,24,-8,0,18,13,0,3,1,1,0.7272727272727273,1.2,0.4727272727272726,1.0909090909090908,0.8,-0.2909090909090908,0.7636363636363634,-0.3636363636363635,0.3999999999999999,0.7636363636363634,0.7636363636363634,1.0,41,33,24,16,0,8,2,8,1,0,16,16,0.5789473684210527,0.5789473684210527,0.0137844611528822,0.0170278637770897,24,16,0.0231578947368421,0.0340557275541795,0.1929824561403509,0.0643274853801169,,0,1.2,5,,0,0.8,5,1.0,2.2,-1.2,1.4,2.0,-0.6,-0.3999999999999999,-0.20000000000000018,-0.6
2022-02-09,2021/22,Tottenham Hotspur,Southampton,2,3,A,10.0,8.0,13.0,4.0,20,22,36,25,11,-2,7,12,1,1,1,1,1.8,2.0,0.1999999999999999,1.1363636363636365,1.6,0.4636363636363636,-0.2636363636363636,0.6636363636363636,0.3999999999999999,-0.2636363636363636,0.0,0.0,21,32,4,15,20,9,20,9,0,0,18,16,0.5263157894736842,0.5789473684210527,0.0239234449760765,0.0175438596491228,4,15,0.1052631578947368,0.0361842105263157,0.025062656641604,0.0578947368421052,,0,2.0,5,,0,1.6,5,1.6,1.0,0.6,2.0,1.6,0.4,-0.3999999999999999,0.6000000000000001,0.19999999999999996
2022-02-09,2021/22,Aston Villa,Leeds United,3,3,D,7.0,6.0,7.0,4.0,21,21,26,22,4,0,11,15,0,0,0,0,1.238095238095238,1.4,0.1619047619047617,1.0476190476190477,1.2,0.1523809523809522,0.0095238095238094,0.1904761904761904,0.1999999999999999,0.0095238095238094,0.0,0.0,31,35,14,18,10,6,10,6,0,0,17,17,0.5526315789473685,0.5526315789473685,0.0172697368421052,0.0153508771929824,14,18,0.0368421052631579,0.0290858725761772,0.0502392344497607,0.0789473684210526,,0,1.4,5,,0,1.2,5,1.4,1.4,0.0,1.4,3.0,-1.6,0.0,1.6,1.6
2022-02-10,2021/22,Liverpool,Leicester City,2,0,H,8.0,7.0,15.0,5.0,22,20,48,26,22,2,2,12,0,3,1,1,2.1818181818181817,1.6,-0.5818181818181816,1.3,1.4,0.0999999999999998,-0.6818181818181814,0.8818181818181816,0.2000000000000001,-0.6818181818181814,0.0,0.0,12,34,-8,14,31,9,31,9,0,0,16,18,0.5789473684210527,0.5263157894736842,0.0445344129554655,0.0150375939849624,8,14,0.0643274853801169,0.0350877192982456,0.0180921052631578,0.0526315789473684,,0,1.6,5,,0,1.4,5,2.0,1.2,0.8,2.2,2.0,0.2,-0.20000000000000018,0.8,0.6000000000000001
2022-02-10,2021/22,Wolverhampton Wanderers,Arsenal,0,1,A,13.0,10.0,8.0,6.0,21,21,34,36,-2,0,8,6,0,0,0,0,1.619047619047619,2.6,0.980952380952381,1.7142857142857142,2.0,0.2857142857142858,0.6952380952380952,-0.0952380952380951,0.6000000000000001,0.6952380952380952,0.6952380952380952,1.0,26,24,6,4,17,19,17,19,0,0,17,17,0.5526315789473685,0.5526315789473685,0.0204678362573099,0.0221052631578947,6,4,0.0789473684210526,0.1105263157894737,0.0307017543859649,0.0276315789473684,,0,2.6,5,,0,2.0,5,1.4,0.4,1.0,2.4,0.6,1.8,-1.0,0.19999999999999996,-0.8
2022-02-12,2021/22,Manchester United,Southampton,1,1,D,8.0,8.0,12.0,7.0,23,23,39,28,11,0,6,10,1,1,1,1,1.6956521739130437,1.6,-0.0956521739130433,1.2173913043478262,1.6,0.3826086956521739,-0.4782608695652173,0.4782608695652173,0.0,-0.4782608695652173,0.0,0.0,21,32,1,12,22,11,22,11,0,0,15,15,0.6052631578947368,0.6052631578947368,0.027511961722488,0.018341307814992,1,12,0.3026315789473684,0.0465587044534413,0.0263157894736842,0.050438596491228,,0,1.6,5,,0,1.6,5,1.4,1.0,0.4,2.0,1.6,0.4,-0.6000000000000001,0.6000000000000001,0.0
2022-02-12,2021/22,Brentford,Crystal Palace,0,0,D,0.0,5.0,6.0,2.0,24,23,23,25,-2,1,14,13,1,1,1,1,0.9583333333333334,0.0,-0.9583333333333334,1.0869565217391304,1.0,-0.0869565217391303,-0.871376811594203,-0.128623188405797,-1.0,-0.871376811594203,0.0,0.0,37,35,17,15,6,8,6,8,0,0,14,15,0.631578947368421,0.6052631578947368,0.0166204986149584,0.016812865497076,17,15,0.0350877192982456,0.037828947368421,0.0902255639097744,0.067251461988304,,0,0.0,5,,0,1.0,5,0.6,2.8,-2.2,1.6,1.6,0.0,-1.0,-1.1999999999999997,-2.2
2022-02-12,2021/22,Everton,Leeds United,3,0,H,1.0,7.0,4.0,5.0,21,22,19,23,-4,-1,16,15,1,1,1,1,0.9047619047619048,0.2,-0.7047619047619047,1.0454545454545454,1.4,0.3545454545454545,-1.0593073593073592,-0.1406926406926406,-1.2,-1.0593073593073594,0.0,0.0,41,37,21,17,2,6,2,6,0,0,17,16,0.5526315789473685,0.5789473684210527,0.0131578947368421,0.0152354570637119,21,17,0.0251196172248803,0.0321637426900584,0.1842105263157895,0.0827067669172932,,0,0.2,5,,0,1.4,5,1.0,2.0,-1.0,2.0,2.2,-0.2,-1.0,0.20000000000000018,-0.8
2022-02-12,2021/22,Watford,Brighton,0,2,A,2.0,7.0,0.0,7.0,22,22,15,30,-15,0,19,9,0,3,1,1,0.6818181818181818,0.4,-0.2818181818181817,1.3636363636363635,1.4,0.0363636363636363,-0.3181818181818181,-0.6818181818181818,-1.0,-0.3181818181818181,0.0,0.0,45,30,25,10,-2,13,3,13,1,0,16,16,0.5789473684210527,0.5789473684210527,0.0125858123569794,0.0186757215619694,25,10,0.0222672064777327,0.0526315789473684,0.1447368421052631,0.0413533834586466,,0,0.4,5,,0,1.4,5,0.2,1.2,-1.0,1.4,1.2,0.2,-1.2,0.0,-1.2
2022-02-12,2021/22,Norwich City,Manchester City,0,4,A,7.0,13.0,4.0,13.0,23,24,17,60,-43,-1,18,1,0,3,1,1,0.7391304347826086,1.4,0.6608695652173913,2.5,2.6,0.1,0.5608695652173912,-1.7608695652173914,-1.2000000000000002,0.5608695652173912,0.0,0.0,43,0,23,-20,0,43,1,43,1,0,15,14,0.6052631578947368,0.631578947368421,0.013755980861244,0.631578947368421,23,20,0.025219298245614,0.0300751879699248,0.3026315789473684,0.0143540669856459,,0,1.4,5,,0,2.6,5,1.2,1.4,-0.2,1.4,0.4,1.0,-0.19999999999999996,-0.9999999999999999,-1.2
2022-02-13,2021/22,Burnley,Liverpool,0,1,A,3.0,10.0,7.0,8.0,20,23,14,51,-37,-3,20,2,0,3,1,1,0.7,0.6,-0.0999999999999999,2.217391304347826,2.0,-0.2173913043478261,0.1173913043478261,-1.5173913043478262,-1.4,0.1173913043478263,0.0,0.0,49,12,26,-11,-3,34,4,34,1,0,18,15,0.5263157894736842,0.6052631578947368,0.0105263157894736,0.0465587044534413,26,11,0.0194931773879142,0.050438596491228,0.1052631578947368,0.0172932330827067,,0,0.6,5,,0,2.0,5,0.6,1.4,-0.8,2.0,0.8,1.2,-1.4,-0.5999999999999999,-2.0
2022-02-13,2021/22,Newcastle United,Aston Villa,1,0,H,8.0,5.0,8.0,9.0,22,22,18,27,-9,0,17,11,0,3,1,1,0.8181818181818182,1.6,0.7818181818181819,1.2272727272727273,1.0,-0.2272727272727273,1.0090909090909093,-0.409090909090909,0.6000000000000001,1.0090909090909093,1.0090909090909093,1.0,45,36,22,13,1,10,1,10,0,0,16,16,0.5789473684210527,0.5789473684210527,0.0125858123569794,0.0156472261735419,22,13,0.0251716247139588,0.0413533834586466,0.2894736842105263,0.0526315789473684,,0,1.6,5,,0,1.0,5,1.2,1.4,-0.2,1.6,2.0,-0.4,-0.40000000000000013,0.6000000000000001,0.2
2022-02-13,2021/22,Tottenham Hotspur,Wolverhampton Wanderers,0,2,A,7.0,10.0,10.0,10.0,21,22,36,34,2,-1,7,8,3,0,1,1,1.7142857142857142,1.4,-0.3142857142857143,1.5454545454545454,2.0,0.4545454545454546,-0.7688311688311689,0.1688311688311687,-0.6000000000000001,-0.7688311688311689,0.7688311688311689,-1.0,27,29,4,6,19,17,19,17,0,0,17,16,0.5526315789473685,0.5789473684210527,0.0197368421052631,0.019298245614035,4,6,0.1105263157894737,0.0827067669172932,0.0276315789473684,0.0321637426900584,,0,1.4,5,,0,2.0,5,1.4,1.6,-0.2,1.2,0.6,0.6,0.19999999999999996,-1.0,-0.8
2022-02-13,2021/22,Leicester City,West Ham United,2,2,D,4.0,9.0,10.0,7.0,21,24,26,40,-14,-3,13,4,0,3,1,1,1.238095238095238,0.8,-0.4380952380952381,1.6666666666666667,1.8,0.1333333333333333,-0.5714285714285714,-0.4285714285714286,-1.0,-0.5714285714285714,0.0,0.0,37,23,14,0,9,23,9,23,0,0,17,14,0.5526315789473685,0.631578947368421,0.0145429362880886,0.0263157894736842,14,0,0.0368421052631579,0.631578947368421,0.0552631578947368,0.0263157894736842,,0,0.8,5,,0,1.8,5,1.4,2.4,-1.0,1.6,1.2,0.4,-0.20000000000000018,-1.2,-1.4
2022-02-15,2021/22,Manchester United,Brighton,2,0,H,9.0,9.0,10.0,9.0,24,23,40,33,7,1,5,9,0,0,0,0,1.6666666666666667,1.8,0.1333333333333333,1.434782608695652,1.8,0.3652173913043479,-0.2318840579710146,0.2318840579710146,0.0,-0.2318840579710146,0.0,0.0,23,30,1,8,23,16,23,16,0,0,14,15,0.631578947368421,0.6052631578947368,0.0263157894736842,0.0195246179966044,1,8,0.3157894736842105,0.067251461988304,0.0263157894736842,0.0356037151702786,,0,1.8,5,,0,1.8,5,1.6,1.0,0.6,1.6,1.0,0.6,0.0,0.0,0.0
2022-02-19,2021/22,Brighton,Burnley,0,3,A,6.0,3.0,6.0,2.0,24,21,33,14,19,3,9,20,3,0,1,1,1.375,1.2,-0.175,0.6666666666666666,0.6,-0.0666666666666666,-0.1083333333333333,0.7083333333333334,0.6,-0.1083333333333333,0.0,0.0,30,49,10,29,16,-3,16,7,0,1,14,17,0.631578947368421,0.5526315789473685,0.0203735144312393,0.0110526315789473,10,29,0.0574162679425837,0.0184210526315789,0.0371517027863777,0.069078947368421,,0,1.2,5,,0,0.6,5,1.0,1.0,0.0,0.4,1.0,-0.6,0.6,0.0,0.6
2022-02-19,2021/22,Aston Villa,Watford,0,1,A,5.0,2.0,5.0,2.0,23,23,27,15,12,0,12,19,0,3,1,1,1.173913043478261,1.0,-0.1739130434782609,0.6521739130434783,0.4,-0.2521739130434782,0.0782608695652172,0.5217391304347827,0.6,0.0782608695652172,0.0,0.0,36,48,16,28,10,-2,10,6,0,1,15,15,0.6052631578947368,0.6052631578947368,0.0163584637268847,0.0,16,28,0.0356037151702786,0.0208711433756805,0.055023923444976,0.0864661654135338,,0,1.0,5,,0,0.4,5,1.4,1.6,-0.2,0.2,1.4,-1.2,1.2,-0.20000000000000018,1.0
2022-02-19,2021/22,Arsenal,Brentford,2,1,H,10.0,1.0,10.0,1.0,22,25,39,24,15,-3,6,14,0,3,1,1,1.7727272727272727,2.0,0.2272727272727273,0.96,0.2,-0.76,0.9872727272727272,0.8127272727272727,1.8,0.9872727272727272,0.0,0.0,24,39,4,19,22,7,22,7,0,0,16,13,0.5789473684210527,0.6578947368421053,0.0231578947368421,0.0164473684210526,4,19,0.1157894736842105,0.0328947368421052,0.0251716247139588,0.0822368421052631,,0,2.0,5,,0,0.2,5,2.2,0.6,1.6,0.4,2.0,-1.6,1.8000000000000003,1.4,3.2
2022-02-19,2021/22,West Ham United,Newcastle United,1,1,D,7.0,11.0,9.0,4.0,25,23,41,21,20,2,5,17,3,0,1,1,1.64,1.4,-0.24,0.9130434782608696,2.2,1.2869565217391306,-1.5269565217391303,0.7269565217391304,-0.8000000000000003,-1.5269565217391308,1.5269565217391308,-1.0,22,42,2,22,24,4,24,4,0,0,13,15,0.6578947368421053,0.6052631578947368,0.028604118993135,0.0140758873929008,2,22,0.2192982456140351,0.0263157894736842,0.0263157894736842,0.1210526315789473,,0,1.4,5,,0,2.2,5,1.4,1.2,0.2,1.4,0.6,0.8,0.0,-0.6,-0.6000000000000001
2022-02-19,2021/22,Southampton,Everton,2,0,H,8.0,3.0,7.0,1.0,24,22,29,22,7,2,10,16,0,3,1,1,1.2083333333333333,1.6,0.3916666666666668,1.0,0.6,-0.4,0.7916666666666669,0.2083333333333332,1.0,0.7916666666666667,0.0,0.0,34,41,14,21,12,5,12,5,0,0,14,16,0.631578947368421,0.5789473684210527,0.0180451127819548,0.0137844611528822,14,21,0.0421052631578947,0.0263157894736842,0.048582995951417,0.0964912280701754,,0,1.6,5,,0,0.6,5,2.0,1.6,0.4,1.4,1.8,-0.4,0.6000000000000001,0.19999999999999996,0.8
2022-02-19,2021/22,Manchester City,Tottenham Hotspur,2,3,A,13.0,6.0,15.0,8.0,25,22,63,36,27,3,1,8,0,3,1,1,2.52,2.6,0.08,1.6363636363636365,1.2,-0.4363636363636365,0.5163636363636366,0.8836363636363636,1.4,0.5163636363636366,0.0,0.0,0,27,-20,7,46,19,46,19,0,0,13,16,0.6578947368421053,0.5789473684210527,0.6578947368421053,0.0206766917293233,20,7,0.031328320802005,0.0723684210526315,0.0139977603583426,0.0289473684210526,,0,2.6,5,,0,1.2,5,2.0,0.4,1.6,1.2,1.8,-0.6,0.8,1.4,2.2
2022-02-19,2021/22,Crystal Palace,Chelsea,0,1,A,3.0,6.0,7.0,5.0,24,24,26,47,-21,0,13,3,0,3,1,1,1.0833333333333333,0.6,-0.4833333333333333,1.9583333333333333,1.2,-0.7583333333333333,0.275,-0.875,-0.6,0.275,0.0,0.0,37,16,17,-4,9,30,9,30,0,0,14,14,0.631578947368421,0.631578947368421,0.0166204986149584,0.0371517027863777,17,4,0.0350877192982456,0.1263157894736842,0.0631578947368421,0.0203735144312393,,0,0.6,5,,0,1.2,5,1.0,1.6,-0.6,1.2,1.0,0.2,-0.19999999999999996,-0.6000000000000001,-0.8
2022-02-19,2021/22,Liverpool,Norwich City,3,1,H,13.0,7.0,15.0,4.0,24,24,54,17,37,0,2,18,3,0,1,1,2.25,2.6,0.3500000000000001,0.7083333333333334,1.4,0.6916666666666665,-0.3416666666666664,1.5416666666666663,1.2000000000000002,-0.3416666666666663,0.0,0.0,9,46,-11,26,37,0,37,4,0,1,14,14,0.631578947368421,0.631578947368421,0.0631578947368421,0.0,11,26,0.0526315789473684,0.023391812865497,0.0166204986149584,0.1263157894736842,,0,2.6,5,,0,1.4,5,2.2,0.6,1.6,1.2,1.6,-0.4,1.0000000000000002,1.0,2.0
2022-02-20,2021/22,Leeds United,Manchester United,2,4,A,7.0,11.0,7.0,9.0,23,25,23,43,-20,-2,15,4,0,3,1,1,1.0,1.4,0.3999999999999999,1.72,2.2,0.4800000000000002,-0.0800000000000003,-0.72,-0.8000000000000003,-0.0800000000000003,0.0,0.0,40,20,20,0,5,25,5,25,0,0,15,13,0.6052631578947368,0.6578947368421053,0.014762516046213,0.031328320802005,20,0,0.0288220551378446,0.6578947368421053,0.1008771929824561,0.0253036437246963,,0,1.4,5,,0,2.2,5,1.8,2.0,-0.2,1.6,0.6,1.0,0.19999999999999996,-1.4,-1.2
2022-02-20,2021/22,Wolverhampton Wanderers,Leicester City,2,1,H,12.0,5.0,5.0,2.0,23,22,37,27,10,1,8,11,0,3,1,1,1.608695652173913,2.4,0.7913043478260868,1.2272727272727273,1.0,-0.2272727272727273,1.018577075098814,0.3814229249011858,1.4,1.018577075098814,0.0,0.0,26,36,6,16,19,9,19,9,0,0,15,16,0.6052631578947368,0.5789473684210527,0.0224171539961013,0.0156472261735419,6,16,0.0864661654135338,0.0340557275541795,0.0302631578947368,0.0578947368421052,,0,2.4,5,,0,1.0,5,1.6,0.6,1.0,1.2,1.6,-0.4,0.40000000000000013,1.0,1.4
2022-02-23,2021/22,Burnley,Tottenham Hotspur,1,0,H,6.0,6.0,4.0,10.0,22,23,17,39,-22,-1,19,8,0,0,0,0,0.7727272727272727,1.2,0.4272727272727272,1.6956521739130437,1.2,-0.4956521739130435,0.9229249011857708,-0.9229249011857708,0.0,0.9229249011857708,0.0,0.0,46,24,29,7,-1,21,5,21,1,0,16,15,0.5789473684210527,0.6052631578947368,0.0123180291153415,0.0242105263157894,29,7,0.019298245614035,0.0756578947368421,0.0964912280701754,0.027511961722488,,0,1.2,5,,0,1.2,5,0.8,0.4,0.4,1.6,2.2,-0.6,-0.8,1.8000000000000003,1.0
2022-02-23,2021/22,Watford,Crystal Palace,1,4,A,4.0,3.0,0.0,3.0,24,25,18,26,-8,-1,18,13,0,0,0,0,0.75,0.8,0.05,1.04,0.6,-0.44,0.4900000000000001,-0.29,0.2,0.4900000000000001,0.4900000000000001,1.0,45,37,28,20,0,8,4,8,1,0,14,13,0.631578947368421,0.6578947368421053,0.0,0.0173130193905817,28,20,0.0217785843920145,0.031328320802005,0.1263157894736842,0.0730994152046783,,0,0.8,5,,0,0.6,5,0.2,1.2,-1.0,0.6,1.2,-0.6,-0.39999999999999997,0.0,-0.4
2022-02-23,2021/22,Liverpool,Leeds United,6,0,H,15.0,4.0,15.0,4.0,25,24,57,23,34,1,2,15,3,0,1,1,2.28,3.0,0.7200000000000002,0.9583333333333334,0.8,-0.1583333333333333,0.8783333333333335,1.3216666666666663,2.2,0.8783333333333339,0.0,0.0,6,40,-11,23,39,5,39,5,0,0,13,14,0.6578947368421053,0.631578947368421,0.093984962406015,0.0154043645699614,11,23,0.0548245614035087,0.0263157894736842,0.0164473684210526,0.1052631578947368,,0,3.0,5,,0,0.8,5,2.4,0.4,2.0,1.6,2.6,-1.0,0.7999999999999998,2.2,3.0
2022-02-24,2021/22,Arsenal,Wolverhampton Wanderers,2,1,H,10.0,12.0,10.0,12.0,23,24,42,40,2,-1,6,7,3,0,1,1,1.826086956521739,2.0,0.1739130434782609,1.6666666666666667,2.4,0.7333333333333332,-0.5594202898550722,0.1594202898550722,-0.3999999999999999,-0.5594202898550722,0.5594202898550722,-1.0,21,23,4,6,22,20,22,20,0,0,15,14,0.6052631578947368,0.631578947368421,0.027511961722488,0.0263157894736842,4,6,0.1210526315789473,0.0902255639097744,0.0263157894736842,0.0300751879699248,,0,2.0,5,,0,2.4,5,1.8,0.6,1.2,1.8,0.8,1.0,0.0,0.20000000000000007,0.19999999999999996
2022-02-25,2021/22,Southampton,Norwich City,2,0,H,8.0,7.0,9.0,3.0,25,25,32,17,15,0,10,20,0,3,1,1,1.28,1.6,0.32,0.68,1.4,0.7199999999999999,-0.3999999999999998,0.6,0.2000000000000001,-0.3999999999999998,0.0,0.0,31,46,14,29,12,-3,12,5,0,1,13,13,0.6578947368421053,0.6578947368421053,0.0205592105263157,0.0,14,29,0.043859649122807,0.0219298245614035,0.0506072874493927,0.1096491228070175,,0,1.6,5,,0,1.4,5,1.6,1.4,0.2,1.4,1.8,-0.4,0.20000000000000018,0.40000000000000013,0.6000000000000001
2022-02-26,2021/22,Brentford,Newcastle United,0,2,A,1.0,11.0,4.0,4.0,26,24,24,22,2,2,14,17,1,1,1,1,0.9230769230769232,0.2,-0.7230769230769232,0.9166666666666666,2.2,1.2833333333333337,-2.006410256410257,0.0064102564102564,-2.0,-2.0064102564102564,2.0064102564102564,-1.0,39,41,22,24,4,2,4,2,0,0,12,14,0.6842105263157895,0.631578947368421,0.0,0.0150375939849624,22,24,0.0297482837528604,0.0252631578947368,0.1368421052631579,0.2105263157894736,,0,0.2,5,,0,2.2,5,0.6,1.8,-1.2,1.4,0.6,0.8,-0.7999999999999999,-1.2000000000000002,-2.0
2022-02-26,2021/22,Crystal Palace,Burnley,1,1,D,5.0,8.0,4.0,4.0,26,23,29,20,9,3,11,18,1,1,1,1,1.1153846153846154,1.0,-0.1153846153846154,0.8695652173913043,1.6,0.7304347826086958,-0.8458193979933112,0.2458193979933111,-0.6000000000000001,-0.8458193979933112,0.8458193979933112,-1.0,34,43,17,26,9,0,9,2,0,1,12,15,0.6842105263157895,0.6052631578947368,0.0195488721804511,0.013755980861244,17,26,0.0380116959064327,0.0224171539961013,0.0684210526315789,0.2017543859649122,,0,1.0,5,,0,1.6,5,1.2,1.2,0.0,1.0,0.4,0.6,0.19999999999999996,-0.7999999999999999,-0.6
2022-02-26,2021/22,Leeds United,Tottenham Hotspur,0,4,A,1.0,3.0,4.0,9.0,25,24,23,39,-16,1,15,8,0,3,1,1,0.92,0.2,-0.72,1.625,0.6,-1.025,0.3049999999999999,-0.705,-0.3999999999999999,0.305,0.0,0.0,40,24,23,7,3,19,3,19,0,0,13,14,0.6578947368421053,0.631578947368421,0.0,0.0252631578947368,23,7,0.0274122807017543,0.0789473684210526,0.1644736842105263,0.031578947368421,,0,0.2,5,,0,0.6,5,1.0,3.4,-2.4,1.0,2.0,-1.0,0.0,-1.4,-1.4
2022-02-26,2021/22,Everton,Manchester City,0,1,A,3.0,10.0,6.0,13.0,23,26,22,63,-41,-3,16,1,0,3,1,1,0.9565217391304348,0.6,-0.3565217391304348,2.423076923076923,2.0,-0.4230769230769229,0.066555183946488,-1.466555183946488,-1.4,0.0665551839464881,0.0,0.0,41,0,24,-17,2,43,2,43,0,0,15,12,0.6052631578947368,0.6842105263157895,0.0144110275689223,0.6842105263157895,24,17,0.0242105263157894,0.0380116959064327,0.2017543859649122,0.0155502392344497,,0,0.6,5,,0,2.0,5,1.0,1.6,-0.6,2.0,0.8,1.2,-1.0,-0.8,-1.7999999999999998
2022-02-26,2021/22,Manchester United,Watford,0,0,D,11.0,4.0,10.0,5.0,26,25,46,18,28,1,4,19,0,3,1,1,1.7692307692307692,2.2,0.430769230769231,0.72,0.8,0.08,0.3507692307692309,1.0492307692307692,1.4,0.3507692307692309,0.0,0.0,17,45,0,28,26,-2,26,4,0,1,12,13,0.6842105263157895,0.6578947368421053,0.0380116959064327,0.0,0,28,0.6842105263157895,0.0226860254083484,0.0253411306042885,0.131578947368421,,0,2.2,5,,0,0.8,5,1.8,0.8,1.0,0.4,1.4,-1.0,1.4,0.5999999999999999,2.0
2022-02-26,2021/22,Brighton,Aston Villa,0,2,A,5.0,5.0,5.0,6.0,25,24,33,27,6,1,10,13,0,3,1,1,1.32,1.0,-0.32,1.125,1.0,-0.125,-0.195,0.195,0.0,-0.195,0.0,0.0,30,36,13,19,13,7,13,7,0,0,13,14,0.6578947368421053,0.631578947368421,0.0212224108658743,0.0170697012802275,13,19,0.0469924812030075,0.031578947368421,0.0469924812030075,0.0789473684210526,,0,1.0,5,,0,1.0,5,0.8,1.4,-0.6,1.2,1.4,-0.2,-0.3999999999999999,0.0,-0.39999999999999997
2022-02-27,2021/22,West Ham United,Wolverhampton Wanderers,1,0,H,5.0,9.0,7.0,12.0,26,25,42,40,2,1,6,8,0,3,1,1,1.6153846153846154,1.0,-0.6153846153846154,1.6,1.8,0.1999999999999999,-0.8153846153846154,0.0153846153846153,-0.8,-0.8153846153846154,0.8153846153846154,-1.0,24,26,5,7,21,19,21,19,0,0,12,13,0.6842105263157895,0.6578947368421053,0.0273684210526315,0.0243664717348927,5,7,0.1140350877192982,0.0822368421052631,0.0311004784688995,0.0328947368421052,,0,1.0,5,,0,1.8,5,1.2,1.4,-0.2,1.4,1.0,0.4,-0.19999999999999996,-0.3999999999999999,-0.6000000000000001
2022-03-01,2021/22,Burnley,Leicester City,0,2,A,8.0,2.0,6.0,1.0,24,23,21,27,-6,1,18,13,1,1,1,1,0.875,1.6,0.7250000000000001,1.173913043478261,0.4,-0.773913043478261,1.498913043478261,-0.298913043478261,1.2000000000000002,1.4989130434782612,1.4989130434782612,1.0,45,39,26,20,0,6,1,6,1,0,14,15,0.631578947368421,0.6052631578947368,0.0,0.0151315789473684,26,20,0.023391812865497,0.0288220551378446,0.3157894736842105,0.0864661654135338,,0,1.6,5,,0,0.4,5,1.2,0.6,0.6,1.2,2.0,-0.8,0.0,1.4,1.4
2022-03-05,2021/22,Leicester City,Leeds United,1,0,H,5.0,1.0,8.0,4.0,24,26,30,23,7,-2,12,16,1,1,1,1,1.25,1.0,-0.25,0.8846153846153846,0.2,-0.6846153846153846,0.4346153846153846,0.3653846153846154,0.8,0.4346153846153846,0.0,0.0,36,43,17,24,9,2,9,2,0,0,14,12,0.631578947368421,0.6842105263157895,0.0170697012802275,0.0,17,24,0.0350877192982456,0.0273684210526315,0.0631578947368421,0.2280701754385965,,0,1.0,5,,0,0.2,5,1.2,1.4,-0.2,1.0,4.0,-3.0,0.19999999999999996,2.6,2.8
2022-03-05,2021/22,Aston Villa,Southampton,4,0,H,7.0,11.0,5.0,8.0,25,26,30,35,-5,-1,13,9,0,3,1,1,1.2,1.4,0.1999999999999999,1.3461538461538465,2.2,0.8538461538461539,-0.653846153846154,-0.1461538461538463,-0.8000000000000003,-0.653846153846154,0.0,0.0,36,31,17,12,9,14,9,14,0,0,13,12,0.6578947368421053,0.6842105263157895,0.0177809388335704,0.0213815789473684,17,12,0.0365497076023391,0.0526315789473684,0.0657894736842105,0.0456140350877193,,0,1.4,5,,0,2.2,5,1.2,1.0,0.2,1.8,0.8,1.0,-0.6000000000000001,-0.19999999999999996,-0.8
2022-03-05,2021/22,Burnley,Chelsea,0,4,A,7.0,8.0,5.0,8.0,25,25,21,50,-29,0,18,3,1,1,1,1,0.84,1.4,0.5599999999999999,2.0,1.6,-0.3999999999999999,0.96,-1.16,-0.2000000000000001,0.96,0.0,0.0,45,16,26,-3,0,29,1,29,1,0,13,13,0.6578947368421053,0.6578947368421053,0.0,0.0386996904024767,26,3,0.0243664717348927,0.1644736842105263,0.3289473684210526,0.0219298245614035,,0,1.4,5,,0,1.6,5,1.0,0.8,0.2,1.2,0.8,0.4,-0.19999999999999996,0.0,-0.2
2022-03-05,2021/22,Newcastle United,Brighton,2,1,H,13.0,4.0,8.0,8.0,25,26,25,33,-8,-1,14,10,1,1,1,1,1.0,2.6,1.6,1.2692307692307692,0.8,-0.4692307692307691,2.069230769230769,-0.2692307692307691,1.8,2.069230769230769,2.069230769230769,1.0,41,33,22,14,4,12,4,12,0,0,13,12,0.6578947368421053,0.6842105263157895,0.0,0.0201238390092879,22,14,0.028604118993135,0.0456140350877193,0.131578947368421,0.0526315789473684,,0,2.6,5,,0,0.8,5,1.6,0.4,1.2,0.6,1.6,-1.0,1.0,1.2000000000000002,2.2
2022-03-05,2021/22,Norwich City,Brentford,1,3,A,4.0,1.0,4.0,0.0,26,27,17,24,-7,-1,20,15,3,0,1,1,0.6538461538461539,0.8,0.1461538461538462,0.8888888888888888,0.2,-0.6888888888888889,0.8350427350427351,-0.2350427350427349,0.6000000000000001,0.8350427350427351,0.8350427350427351,1.0,49,42,30,23,-4,3,5,3,1,0,12,11,0.6842105263157895,0.7105263157894737,0.0,0.0,30,23,0.0220713073005093,0.0296052631578947,0.1140350877192982,0.1776315789473684,,0,0.8,5,,0,0.2,5,1.0,2.0,-1.0,0.4,1.6,-1.2,0.6,-0.3999999999999999,0.19999999999999996
2022-03-05,2021/22,Wolverhampton Wanderers,Crystal Palace,0,2,A,6.0,6.0,7.0,6.0,26,27,40,30,10,-1,8,11,0,3,1,1,1.5384615384615383,1.2,-0.3384615384615386,1.1111111111111112,1.2,0.0888888888888888,-0.4273504273504274,0.4273504273504274,0.0,-0.4273504273504274,0.0,0.0,26,36,7,17,19,9,19,9,0,0,12,11,0.6842105263157895,0.7105263157894737,0.0253411306042885,0.0,7,17,0.0855263157894736,0.0394736842105263,0.0342105263157894,0.0710526315789473,,0,1.2,5,,0,1.2,5,1.0,1.0,0.0,1.2,0.8,0.4,-0.19999999999999996,-0.19999999999999996,-0.4
2022-03-05,2021/22,Liverpool,West Ham United,1,0,H,15.0,8.0,15.0,7.0,26,27,60,45,15,-1,2,5,0,3,1,1,2.3076923076923075,3.0,0.6923076923076925,1.6666666666666667,1.6,-0.0666666666666666,0.7589743589743592,0.6410256410256407,1.4,0.7589743589743592,0.0,0.0,6,21,-13,2,39,24,39,24,0,0,12,11,0.6842105263157895,0.7105263157894737,0.0977443609022556,0.0322966507177033,13,2,0.0488721804511278,0.2368421052631578,0.0171052631578947,0.0284210526315789,,0,3.0,5,,0,1.6,5,3.0,0.4,2.6,1.0,0.8,0.2,2.0,0.4,2.4
2022-03-06,2021/22,Watford,Arsenal,2,3,A,4.0,10.0,0.0,9.0,26,24,19,45,-26,2,19,6,0,3,1,1,0.7307692307692307,0.8,0.0692307692307693,1.875,2.0,0.125,-0.0557692307692306,-1.1442307692307692,-1.2,-0.0557692307692307,0.0,0.0,47,21,28,2,-2,24,3,24,1,0,12,14,0.6842105263157895,0.631578947368421,0.0,0.0287081339712918,28,2,0.0235934664246823,0.2105263157894736,0.1710526315789473,0.0252631578947368,,0,0.8,5,,0,2.0,5,0.4,1.4,-1.0,1.2,0.8,0.4,-0.7999999999999999,-0.5999999999999999,-1.4
2022-03-06,2021/22,Manchester City,Manchester United,4,1,H,10.0,9.0,12.0,9.0,27,27,66,47,19,0,1,4,3,0,1,1,2.4444444444444446,2.0,-0.4444444444444446,1.7407407407407407,1.8,0.0592592592592593,-0.503703703703704,0.7037037037037039,0.1999999999999999,-0.503703703703704,0.0,0.0,0,19,-19,0,45,26,45,26,0,0,11,11,0.7105263157894737,0.7105263157894737,0.7105263157894737,0.0355263157894736,19,0,0.0355263157894736,0.7105263157894737,0.0154462242562929,0.0263157894736842,,0,2.0,5,,0,1.8,5,2.0,0.8,1.2,1.6,0.8,0.8,0.3999999999999999,0.0,0.3999999999999999
2022-03-07,2021/22,Tottenham Hotspur,Everton,5,0,H,6.0,3.0,7.0,1.0,25,24,42,22,20,1,7,17,1,1,1,1,1.68,1.2,-0.48,0.9166666666666666,0.6,-0.3166666666666666,-0.1633333333333333,0.7633333333333333,0.6,-0.1633333333333333,0.0,0.0,27,47,6,26,21,1,21,1,0,0,13,14,0.6578947368421053,0.631578947368421,0.0234962406015037,0.0,6,26,0.093984962406015,0.023391812865497,0.0299043062200956,0.3157894736842105,,0,1.2,5,,0,0.6,5,1.8,1.6,0.2,0.8,1.4,-0.6,1.0,-0.20000000000000018,0.8
2022-03-10,2021/22,Norwich City,Chelsea,1,3,A,1.0,10.0,4.0,10.0,27,26,17,53,-36,1,20,3,0,3,1,1,0.6296296296296297,0.2,-0.4296296296296296,2.0384615384615383,2.0,-0.0384615384615383,-0.3911680911680913,-1.4088319088319086,-1.8,-0.3911680911680915,0.0,0.0,52,16,31,-5,-4,32,5,32,1,0,11,12,0.7105263157894737,0.6842105263157895,0.0,0.0402476780185758,31,5,0.022203947368421,0.1140350877192982,0.1184210526315789,0.0207336523125996,,0,0.2,5,,0,2.0,5,0.6,2.6,-2.0,1.6,0.4,1.2,-1.0,-2.2,-3.2
2022-03-10,2021/22,Southampton,Newcastle United,1,2,A,10.0,13.0,11.0,7.0,27,26,35,28,7,1,9,14,1,1,1,1,1.2962962962962965,2.0,0.7037037037037037,1.0769230769230769,2.6,1.5230769230769232,-0.8193732193732195,0.2193732193732194,-0.6000000000000001,-0.8193732193732195,0.8193732193732195,-1.0,34,41,13,20,14,7,14,7,0,0,11,12,0.7105263157894737,0.6842105263157895,0.0,0.0,13,20,0.0507518796992481,0.0325814536340852,0.0473684210526315,0.0855263157894736,,0,2.0,5,,0,2.6,5,1.6,1.4,0.2,1.8,0.6,1.2,-0.19999999999999996,-0.7999999999999999,-1.0
2022-03-10,2021/22,Wolverhampton Wanderers,Watford,4,0,H,6.0,4.0,7.0,6.0,27,27,40,19,21,0,8,19,3,0,1,1,1.4814814814814814,1.2,-0.2814814814814814,0.7037037037037037,0.8,0.0962962962962963,-0.3777777777777777,0.7777777777777777,0.3999999999999999,-0.3777777777777777,0.0,0.0,29,50,8,29,19,-2,19,3,0,1,11,11,0.7105263157894737,0.7105263157894737,0.0236842105263157,0.0,8,29,0.0789473684210526,0.0236842105263157,0.0355263157894736,0.1776315789473684,,0,1.2,5,,0,0.8,5,1.0,1.2,-0.2,0.8,1.8,-1.0,0.19999999999999996,0.6000000000000001,0.8
2022-03-10,2021/22,Leeds United,Aston Villa,0,3,A,0.0,7.0,3.0,9.0,27,26,23,33,-10,1,16,11,1,1,1,1,0.8518518518518519,0.0,-0.8518518518518519,1.2692307692307692,1.4,0.1307692307692307,-0.9826210826210826,-0.4173789173789173,-1.4,-0.9826210826210826,0.0,0.0,46,36,25,15,2,12,2,12,0,0,11,12,0.7105263157894737,0.6842105263157895,0.0,0.0184921763869132,25,15,0.027327935222672,0.0427631578947368,0.2368421052631578,0.0526315789473684,,0,0.0,5,,0,1.4,5,0.4,3.6,-3.2,1.8,1.0,0.8,-1.4,-2.6,-4.0
2022-03-12,2021/22,Brighton,Liverpool,0,2,A,3.0,15.0,5.0,8.0,27,27,33,63,-30,0,13,2,1,1,1,1,1.2222222222222223,0.6,-0.6222222222222223,2.333333333333333,3.0,0.6666666666666665,-1.2888888888888888,-1.1111111111111112,-2.4,-1.2888888888888888,0.0,0.0,36,6,15,-15,12,42,12,42,0,0,11,11,0.7105263157894737,0.7105263157894737,0.0,0.1015037593984962,15,15,0.0444078947368421,0.0444078947368421,0.0546558704453441,0.0165238678090575,,0,0.6,5,,0,3.0,5,0.6,1.8,-1.2,2.6,0.2,2.4,-2.0,-1.6,-3.5999999999999996
2022-03-12,2021/22,Brentford,Burnley,2,0,H,4.0,7.0,4.0,5.0,28,26,27,21,6,2,15,18,0,3,1,1,0.9642857142857144,0.8,-0.1642857142857142,0.8076923076923077,1.4,0.5923076923076922,-0.7565934065934065,0.1565934065934066,-0.5999999999999999,-0.7565934065934065,0.7565934065934065,-1.0,42,48,21,27,6,0,6,1,0,1,10,12,0.7368421052631579,0.6842105263157895,0.0,0.0,21,27,0.0334928229665071,0.0244360902255639,0.1052631578947368,0.3421052631578947,,0,0.8,5,,0,1.4,5,0.8,1.4,-0.6,1.0,1.4,-0.4,-0.19999999999999996,0.0,-0.19999999999999996
2022-03-12,2021/22,Manchester United,Tottenham Hotspur,3,2,H,8.0,9.0,8.0,9.0,28,26,47,45,2,2,5,7,3,0,1,1,1.6785714285714286,1.6,-0.0785714285714285,1.7307692307692308,1.8,0.0692307692307692,-0.1478021978021977,-0.0521978021978022,-0.1999999999999999,-0.1478021978021977,0.0,0.0,22,24,1,3,26,24,26,24,0,0,10,12,0.7368421052631579,0.6842105263157895,0.0320366132723112,0.0273684210526315,1,3,0.3684210526315789,0.1710526315789473,0.0272904483430799,0.0273684210526315,,0,1.6,5,,0,1.8,5,1.6,1.4,0.2,2.4,1.0,1.4,-0.7999999999999998,-0.3999999999999999,-1.2
2022-03-13,2021/22,Chelsea,Newcastle United,1,0,H,13.0,13.0,9.0,10.0,27,27,56,31,25,0,3,14,3,0,1,1,2.074074074074074,2.6,0.5259259259259261,1.148148148148148,2.6,1.451851851851852,-0.9259259259259258,0.9259259259259258,0.0,-0.9259259259259258,0.0,0.0,13,38,-6,19,35,10,35,10,0,0,11,11,0.7105263157894737,0.7105263157894737,0.0507518796992481,0.0,6,19,0.1015037593984962,0.0355263157894736,0.0197368421052631,0.0645933014354067,,0,2.6,5,,0,2.6,5,2.2,0.4,1.8,1.6,0.6,1.0,0.6000000000000001,0.19999999999999996,0.8
2022-03-13,2021/22,Everton,Wolverhampton Wanderers,0,1,A,3.0,6.0,6.0,9.0,25,28,22,43,-21,-3,17,8,0,3,1,1,0.88,0.6,-0.28,1.5357142857142858,1.2,-0.3357142857142858,0.0557142857142858,-0.6557142857142858,-0.6,0.0557142857142858,0.0,0.0,47,26,28,7,1,22,1,22,0,0,13,10,0.6578947368421053,0.7368421052631579,0.0,0.0272904483430799,28,7,0.0226860254083484,0.0921052631578947,0.3289473684210526,0.0320366132723112,,0,0.6,5,,0,1.2,5,0.8,2.2,-1.4,1.4,1.2,0.2,-0.5999999999999999,-1.0000000000000002,-1.5999999999999999
2022-03-13,2021/22,Leeds United,Norwich City,2,1,H,0.0,0.0,3.0,3.0,28,28,23,17,6,0,16,20,3,0,1,1,0.8214285714285714,0.0,-0.8214285714285714,0.6071428571428571,0.0,-0.6071428571428571,-0.2142857142857143,0.2142857142857143,0.0,-0.2142857142857143,0.0,0.0,46,52,27,33,2,-4,2,5,0,1,10,10,0.7368421052631579,0.7368421052631579,0.0,0.0,27,33,0.0263157894736842,0.0,0.2456140350877192,0.1228070175438596,,0,0.0,5,,0,0.0,5,0.4,3.6,-3.2,0.6,3.0,-2.4,-0.19999999999999996,-0.6000000000000001,-0.8000000000000003
2022-03-13,2021/22,Southampton,Watford,1,2,A,7.0,4.0,10.0,5.0,28,28,35,19,16,0,10,19,3,0,1,1,1.25,1.4,0.1499999999999999,0.6785714285714286,0.8,0.1214285714285714,0.0285714285714284,0.5714285714285714,0.5999999999999999,0.0285714285714284,0.0,0.0,34,50,15,31,14,-2,14,3,0,1,10,10,0.7368421052631579,0.7368421052631579,0.0,0.0,15,31,0.0460526315789473,0.0,0.0491228070175438,0.1842105263157894,,0,1.4,5,,0,0.8,5,1.2,1.4,-0.2,0.8,2.2,-1.4,0.3999999999999999,0.8000000000000003,1.2
2022-03-13,2021/22,West Ham United,Aston Villa,2,1,H,8.0,9.0,10.0,9.0,28,27,45,36,9,1,6,9,3,0,1,1,1.6071428571428572,1.6,-0.0071428571428571,1.3333333333333333,1.8,0.4666666666666668,-0.4738095238095239,0.2738095238095239,-0.1999999999999999,-0.4738095238095239,0.4738095238095239,-1.0,24,33,5,14,24,15,24,15,0,0,10,11,0.7368421052631579,0.7105263157894737,0.0294736842105263,0.0208978328173374,5,14,0.1228070175438596,0.0473684210526315,0.0294736842105263,0.0444078947368421,,0,1.6,5,,0,1.8,5,1.0,0.8,0.2,1.8,0.4,1.4,-0.8,-0.4,-1.2
2022-03-13,2021/22,Arsenal,Leicester City,2,0,H,13.0,7.0,10.0,3.0,25,25,48,33,15,0,5,12,3,0,1,1,1.92,2.6,0.6800000000000002,1.32,1.4,0.0799999999999998,0.6000000000000003,0.5999999999999999,1.2000000000000002,0.6000000000000003,0.0,0.0,21,36,2,17,27,12,27,12,0,0,13,13,0.6578947368421053,0.6578947368421053,0.0299043062200956,0.0177809388335704,2,17,0.2192982456140351,0.0365497076023391,0.0234962406015037,0.0506072874493927,,0,2.6,5,,0,1.4,5,1.6,0.8,0.8,1.2,1.2,0.0,0.40000000000000013,0.3999999999999999,0.8
2022-03-14,2021/22,Crystal Palace,Manchester City,0,0,D,8.0,12.0,4.0,13.0,28,28,33,69,-36,0,11,1,3,0,1,1,1.1785714285714286,1.6,0.4214285714285715,2.4642857142857144,2.4,-0.0642857142857145,0.485714285714286,-1.2857142857142858,-0.7999999999999998,0.485714285714286,0.0,0.0,36,0,18,-18,11,47,11,47,0,0,10,10,0.7368421052631579,0.7368421052631579,0.0,0.7368421052631579,18,18,0.038781163434903,0.038781163434903,0.0614035087719298,0.0153508771929824,,0,1.6,5,,0,2.4,5,1.4,0.6,0.8,2.6,0.8,1.8,-1.2000000000000002,0.20000000000000007,-1.0
2022-03-16,2021/22,Brighton,Tottenham Hotspur,0,2,A,0.0,9.0,2.0,6.0,28,27,33,45,-12,1,13,8,0,0,0,0,1.1785714285714286,0.0,-1.1785714285714286,1.6666666666666667,1.8,0.1333333333333333,-1.311904761904762,-0.4880952380952381,-1.8,-1.311904761904762,0.0,0.0,37,25,18,6,11,23,11,23,0,0,10,11,0.7368421052631579,0.7105263157894737,0.0,0.027327935222672,18,6,0.038781163434903,0.1015037593984962,0.0614035087719298,0.0296052631578947,,0,0.0,5,,0,1.8,5,0.2,2.2,-2.0,2.8,1.2,1.6,-2.5999999999999996,-1.0000000000000002,-3.6
2022-03-16,2021/22,Arsenal,Liverpool,0,2,A,15.0,15.0,10.0,10.0,26,28,51,66,-15,-2,4,2,0,3,1,1,1.9615384615384608,3.0,1.0384615384615383,2.357142857142857,3.0,0.6428571428571428,0.3956043956043957,-0.3956043956043957,0.0,0.3956043956043957,0.0,0.0,19,4,0,-15,29,44,29,44,0,0,12,10,0.6842105263157895,0.7368421052631579,0.0342105263157894,0.1473684210526315,0,15,0.6842105263157895,0.0460526315789473,0.0228070175438596,0.0163742690058479,,0,3.0,5,,0,3.0,5,2.0,0.8,1.2,2.6,0.2,2.4,-0.6000000000000001,-0.6000000000000001,-1.2
2022-03-17,2021/22,Everton,Newcastle United,1,0,H,3.0,10.0,3.0,10.0,26,28,22,31,-9,-2,17,14,0,3,1,1,0.8461538461538461,0.6,-0.2461538461538461,1.1071428571428572,2.0,0.8928571428571428,-1.139010989010989,-0.260989010989011,-1.4,-1.139010989010989,0.0,0.0,48,39,29,20,0,9,0,9,0,0,12,10,0.6842105263157895,0.7368421052631579,0.0,0.0,29,20,0.0228070175438596,0.0350877192982456,0.6842105263157895,0.0736842105263157,,0,0.6,5,,0,2.0,5,0.6,1.8,-1.2,1.4,0.8,0.6,-0.7999999999999999,-1.0,-1.7999999999999998
2022-03-18,2021/22,Wolverhampton Wanderers,Leeds United,2,3,A,6.0,3.0,9.0,4.0,29,29,46,26,20,0,8,16,1,1,1,1,1.5862068965517242,1.2,-0.3862068965517242,0.896551724137931,0.6,-0.296551724137931,-0.0896551724137931,0.6896551724137931,0.6,-0.0896551724137931,0.0,0.0,24,44,5,25,24,4,24,4,0,0,9,9,0.7631578947368421,0.7631578947368421,0.0305263157894736,0.0,5,25,0.1271929824561403,0.0293522267206477,0.0305263157894736,0.1526315789473684,,0,1.2,5,,0,0.6,5,1.2,1.0,0.2,0.4,3.0,-2.6,0.7999999999999999,2.0,2.8000000000000003
2022-03-19,2021/22,Aston Villa,Arsenal,0,1,A,9.0,12.0,5.0,12.0,28,27,36,51,-15,1,9,4,0,3,1,1,1.2857142857142858,1.8,0.5142857142857142,1.8888888888888888,2.4,0.5111111111111111,0.0031746031746031,-0.603174603174603,-0.5999999999999999,0.0031746031746031,0.0,0.0,34,19,15,0,14,29,14,29,0,0,10,11,0.7368421052631579,0.7105263157894737,0.0,0.0355263157894736,15,0,0.0460526315789473,0.7105263157894737,0.0491228070175438,0.0236842105263157,,0,1.8,5,,0,2.4,5,2.0,0.6,1.4,1.8,1.2,0.6,0.19999999999999996,0.6,0.7999999999999999
2022-03-20,2021/22,Leicester City,Brentford,2,1,H,7.0,7.0,8.0,3.0,26,29,33,30,3,-3,12,15,3,0,1,1,1.2692307692307692,1.4,0.1307692307692307,1.0344827586206895,1.4,0.3655172413793102,-0.2347480106100794,0.2347480106100794,0.0,-0.2347480106100794,0.0,0.0,37,40,21,24,11,8,11,8,0,0,12,9,0.6842105263157895,0.7631578947368421,0.0,0.0,21,24,0.0311004784688995,0.0305263157894736,0.0570175438596491,0.0847953216374269,,0,1.4,5,,0,1.4,5,1.2,1.2,0.0,1.2,1.0,0.2,0.0,-0.19999999999999996,-0.2
2022-03-20,2021/22,Tottenham Hotspur,West Ham United,3,1,H,9.0,8.0,7.0,7.0,28,29,48,48,0,-1,7,6,0,3,1,1,1.7142857142857142,1.8,0.0857142857142858,1.6551724137931034,1.6,-0.0551724137931033,0.1408866995073892,0.0591133004926107,0.1999999999999999,0.1408866995073892,0.0,0.0,22,22,6,6,26,26,26,26,0,0,10,9,0.7368421052631579,0.7631578947368421,0.0320366132723112,0.0331807780320366,6,6,0.1052631578947368,0.1090225563909774,0.0272904483430799,0.0282651072124756,,0,1.8,5,,0,1.6,5,2.6,0.8,1.8,1.2,1.0,0.2,1.4000000000000001,0.19999999999999996,1.6
2022-04-02,2021/22,Liverpool,Watford,2,0,H,15.0,4.0,15.0,7.0,29,29,69,22,47,0,2,18,3,0,1,1,2.3793103448275863,3.0,0.6206896551724137,0.7586206896551724,0.8,0.0413793103448276,0.579310344827586,1.620689655172414,2.2,0.5793103448275863,0.0,0.0,1,48,-15,32,47,0,47,3,0,1,9,9,0.7631578947368421,0.7631578947368421,0.3815789473684211,0.0,15,32,0.0476973684210526,0.0,0.0158991228070175,0.1907894736842105,,0,3.0,5,,0,0.8,5,2.8,0.2,2.6,1.0,2.4,-1.4,1.7999999999999998,2.1999999999999997,4.0
2022-04-02,2021/22,Brighton,Norwich City,0,0,D,0.0,0.0,1.0,3.0,29,29,33,17,16,0,13,20,1,1,1,1,1.137931034482759,0.0,-1.137931034482759,0.5862068965517241,0.0,-0.5862068965517241,-0.5517241379310346,0.5517241379310346,0.0,-0.5517241379310346,0.0,0.0,37,53,21,37,11,-5,11,8,0,1,9,9,0.7631578947368421,0.7631578947368421,0.0,0.0,21,37,0.034688995215311,0.0,0.0635964912280701,0.0847953216374269,,0,0.0,5,,0,0.0,5,0.2,2.2,-2.0,0.8,2.6,-1.8,-0.6000000000000001,0.3999999999999999,-0.19999999999999996
2022-04-02,2021/22,Burnley,Manchester City,0,2,A,4.0,10.0,4.0,11.0,27,29,21,70,-49,-2,19,1,0,3,1,1,0.7777777777777778,0.8,0.0222222222222222,2.413793103448276,2.0,-0.4137931034482758,0.436015325670498,-1.636015325670498,-1.2,0.4360153256704981,0.0,0.0,49,0,33,-16,-1,48,4,48,1,0,11,9,0.7105263157894737,0.7631578947368421,0.0,0.7631578947368421,33,16,0.0208978328173374,0.044891640866873,0.1421052631578947,0.0155746509129967,,0,0.8,5,,0,2.0,5,0.4,1.8,-1.4,2.2,0.8,1.4,-1.8000000000000003,-1.0,-2.8
2022-04-02,2021/22,Chelsea,Brentford,1,4,A,15.0,6.0,9.0,3.0,28,30,59,30,29,-2,3,15,3,0,1,1,2.107142857142857,3.0,0.8928571428571428,1.0,1.2,0.1999999999999999,0.6928571428571428,1.1071428571428572,1.8,0.6928571428571428,0.0,0.0,11,40,-5,24,37,8,37,8,0,0,10,8,0.7368421052631579,0.7894736842105263,0.0614035087719298,0.0,5,24,0.1228070175438596,0.031578947368421,0.0193905817174515,0.087719298245614,,0,3.0,5,,0,1.2,5,2.2,0.2,2.0,1.4,1.4,0.0,0.8000000000000003,1.2,2.0
2022-04-02,2021/22,Leeds United,Southampton,1,1,D,6.0,6.0,3.0,7.0,30,29,29,35,-6,1,16,11,0,3,1,1,0.9666666666666668,1.2,0.2333333333333332,1.206896551724138,1.2,-0.0068965517241379,0.2402298850574712,-0.2402298850574712,0.0,0.2402298850574712,0.0,0.0,41,35,25,19,7,13,7,13,0,0,8,9,0.7894736842105263,0.7631578947368421,0.0,0.0,25,19,0.0,0.0381578947368421,0.0986842105263157,0.0545112781954887,,0,1.2,5,,0,1.2,5,1.0,2.2,-1.2,1.2,1.6,-0.4,-0.19999999999999996,-0.6000000000000001,-0.7999999999999999
2022-04-02,2021/22,Wolverhampton Wanderers,Aston Villa,2,1,H,6.0,9.0,6.0,9.0,30,29,46,36,10,1,8,9,3,0,1,1,1.5333333333333334,1.2,-0.3333333333333335,1.2413793103448276,1.8,0.5586206896551724,-0.8919540229885059,0.2919540229885058,-0.6000000000000001,-0.8919540229885059,0.8919540229885059,-1.0,24,34,8,18,24,14,24,14,0,0,8,9,0.7894736842105263,0.7631578947368421,0.031578947368421,0.0,8,18,0.087719298245614,0.0401662049861495,0.031578947368421,0.0508771929824561,,0,1.2,5,,0,1.8,5,1.4,1.2,0.2,2.0,0.6,1.4,-0.6000000000000001,-0.6,-1.2
2022-04-02,2021/22,Manchester United,Leicester City,1,1,D,10.0,9.0,11.0,3.0,29,27,50,36,14,2,6,10,0,3,1,1,1.7241379310344829,2.0,0.2758620689655173,1.3333333333333333,1.8,0.4666666666666668,-0.1908045977011494,0.3908045977011494,0.1999999999999999,-0.1908045977011494,0.0,0.0,20,34,4,18,28,14,28,14,0,0,9,11,0.7631578947368421,0.7105263157894737,0.0363408521303258,0.0,4,18,0.1526315789473684,0.0373961218836565,0.0263157894736842,0.0473684210526315,,0,2.0,5,,0,1.8,5,2.0,1.6,0.4,1.2,1.0,0.2,0.8,-0.6000000000000001,0.2
2022-04-03,2021/22,West Ham United,Everton,2,1,H,7.0,3.0,10.0,1.0,30,27,48,25,23,3,8,17,3,0,1,1,1.6,1.4,-0.2000000000000001,0.925925925925926,0.6,-0.3259259259259259,0.1259259259259257,0.6740740740740742,0.7999999999999999,0.1259259259259257,0.0,0.0,25,48,6,29,26,3,26,3,0,0,8,11,0.7894736842105263,0.7105263157894737,0.0,0.0,6,29,0.112781954887218,0.0236842105263157,0.0292397660818713,0.1776315789473684,,0,1.4,5,,0,0.6,5,1.0,1.2,-0.2,0.2,1.8,-1.6,0.8,0.6000000000000001,1.4000000000000001
2022-04-03,2021/22,Tottenham Hotspur,Newcastle United,5,1,H,12.0,9.0,9.0,7.0,29,29,51,31,20,0,5,15,3,0,1,1,1.7586206896551724,2.4,0.6413793103448275,1.0689655172413792,1.8,0.7310344827586208,-0.0896551724137932,0.6896551724137931,0.5999999999999999,-0.0896551724137932,0.0,0.0,22,42,3,23,29,9,29,9,0,0,9,9,0.7631578947368421,0.7631578947368421,0.0331807780320366,0.0,3,23,0.1907894736842105,0.031798245614035,0.025438596491228,0.0763157894736842,,0,2.4,5,,0,1.8,5,3.2,0.8,2.4,1.2,0.8,0.4,2.0,0.0,2.0
2022-04-04,2021/22,Crystal Palace,Arsenal,3,0,H,8.0,12.0,2.0,15.0,29,28,34,54,-20,1,12,5,1,1,1,1,1.1724137931034482,1.6,0.4275862068965519,1.9285714285714288,2.4,0.4714285714285713,-0.0438423645320193,-0.7561576354679804,-0.7999999999999998,-0.0438423645320193,0.0,0.0,39,19,20,0,12,32,12,32,0,0,9,10,0.7631578947368421,0.7368421052631579,0.0,0.0368421052631578,20,0,0.0363408521303258,0.7368421052631579,0.0587044534412955,0.0223285486443381,,0,1.6,5,,0,2.4,5,1.4,0.6,0.8,1.6,1.0,0.6,-0.20000000000000018,0.4,0.20000000000000007
2022-04-06,2021/22,Burnley,Everton,3,2,H,1.0,3.0,3.0,0.0,28,28,21,25,-4,0,19,17,0,3,1,1,0.75,0.2,-0.55,0.8928571428571429,0.6,-0.2928571428571429,-0.2571428571428571,-0.1428571428571429,-0.3999999999999999,-0.257142857142857,0.0,0.0,52,48,33,29,-1,3,4,3,1,0,10,10,0.7368421052631579,0.7368421052631579,0.0,0.0,33,29,0.0,0.0245614035087719,0.1473684210526315,0.1842105263157894,,0,0.2,5,,0,0.6,5,0.2,2.2,-2.0,0.4,1.8,-1.4,-0.2,-0.40000000000000013,-0.6000000000000001
2022-04-08,2021/22,Newcastle United,Wolverhampton Wanderers,1,0,H,6.0,9.0,11.0,9.0,30,31,31,49,-18,-1,15,8,0,3,1,1,1.0333333333333334,1.2,0.1666666666666665,1.5806451612903225,1.8,0.2193548387096775,-0.052688172043011,-0.5473118279569891,-0.6000000000000001,-0.052688172043011,0.0,0.0,42,24,23,5,7,25,7,25,0,0,8,7,0.7894736842105263,0.8157894736842105,0.0,0.0,23,5,0.0328947368421052,0.1359649122807017,0.0986842105263157,0.0313765182186234,,0,1.2,5,,0,1.8,5,1.0,1.8,-0.8,1.8,1.2,0.6,-0.8,-0.6000000000000001,-1.4
2022-04-09,2021/22,Everton,Manchester United,1,0,H,3.0,8.0,6.0,8.0,29,30,25,51,-26,-1,17,7,1,1,1,1,0.8620689655172413,0.6,-0.2620689655172413,1.7,1.6,-0.0999999999999998,-0.1620689655172414,-0.8379310344827586,-1.0,-0.1620689655172413,0.0,0.0,48,22,29,3,1,27,1,27,0,0,9,8,0.7631578947368421,0.7894736842105263,0.0,0.034324942791762,29,3,0.0,0.1973684210526315,0.3815789473684211,0.0281954887218045,,0,0.6,5,,0,1.6,5,0.8,2.2,-1.4,1.8,1.8,0.0,-1.0,-0.40000000000000013,-1.4
2022-04-09,2021/22,Arsenal,Brighton,1,2,A,9.0,1.0,10.0,7.0,29,30,54,34,20,-1,5,13,1,1,1,1,1.862068965517241,1.8,-0.0620689655172412,1.1333333333333333,0.2,-0.9333333333333332,0.8712643678160921,0.728735632183908,1.6,0.8712643678160921,0.0,0.0,19,39,0,20,30,10,30,10,0,0,9,8,0.7631578947368421,0.7894736842105263,0.0381578947368421,0.0,0,20,0.7631578947368421,0.037593984962406,0.0246179966044142,0.0717703349282296,,0,1.8,5,,0,0.2,5,1.2,1.4,-0.2,0.2,1.6,-1.4,1.0,0.20000000000000018,1.2
2022-04-09,2021/22,Southampton,Chelsea,0,6,A,4.0,12.0,7.0,10.0,30,29,36,59,-23,1,12,3,0,3,1,1,1.2,0.8,-0.3999999999999999,2.034482758620689,2.4,0.3655172413793104,-0.7655172413793103,-0.8344827586206895,-1.6,-0.7655172413793103,0.0,0.0,37,14,18,-5,12,35,12,35,0,0,8,9,0.7894736842105263,0.7631578947368421,0.0,0.0508771929824561,18,5,0.0415512465373961,0.1271929824561403,0.0607287449392712,0.0211988304093567,,0,0.8,5,,0,2.4,5,1.0,1.8,-0.8,2.0,1.0,1.0,-1.0,-0.8,-1.8
2022-04-09,2021/22,Watford,Leeds United,0,3,A,4.0,7.0,0.0,4.0,30,31,22,30,-8,-1,19,16,0,3,1,1,0.7333333333333333,0.8,0.0666666666666667,0.967741935483871,1.4,0.4322580645161289,-0.3655913978494621,-0.2344086021505377,-0.5999999999999999,-0.3655913978494621,0.0,0.0,51,43,32,24,-2,6,3,6,1,0,8,7,0.7894736842105263,0.8157894736842105,0.0,0.0,32,24,0.0,0.0,0.1973684210526315,0.1165413533834586,,0,0.8,5,,0,1.4,5,0.8,2.0,-1.2,1.2,1.6,-0.4,-0.3999999999999999,-0.3999999999999999,-0.7999999999999999
2022-04-09,2021/22,Aston Villa,Tottenham Hotspur,0,4,A,6.0,12.0,5.0,9.0,30,30,36,54,-18,0,11,4,0,3,1,1,1.2,1.2,0.0,1.8,2.4,0.5999999999999999,-0.5999999999999999,-0.6000000000000001,-1.2,-0.5999999999999999,0.0,0.0,37,19,18,0,12,30,12,30,0,0,8,8,0.7894736842105263,0.7894736842105263,0.0,0.0394736842105263,18,0,0.0415512465373961,0.7894736842105263,0.0607287449392712,0.0254668930390492,,0,1.2,5,,0,2.4,5,1.8,1.0,0.8,3.4,1.0,2.4,-1.5999999999999999,0.0,-1.5999999999999999
2022-04-10,2021/22,Brentford,West Ham United,2,0,H,9.0,9.0,4.0,4.0,31,31,33,51,-18,0,15,6,3,0,1,1,1.064516129032258,1.8,0.735483870967742,1.6451612903225807,1.8,0.1548387096774193,0.5806451612903227,-0.5806451612903227,0.0,0.5806451612903227,0.0,0.0,40,22,24,6,9,27,9,27,0,0,7,7,0.8157894736842105,0.8157894736842105,0.0,0.0,24,6,0.0,0.1165413533834586,0.081578947368421,0.0291353383458646,,0,1.8,5,,0,1.8,5,2.0,1.2,0.8,1.2,1.2,0.0,0.8,0.0,0.8
2022-04-10,2021/22,Leicester City,Crystal Palace,2,1,H,10.0,11.0,8.0,9.0,28,30,37,37,0,-2,10,9,1,1,1,1,1.3214285714285714,2.0,0.6785714285714286,1.2333333333333334,2.2,0.9666666666666668,-0.2880952380952382,0.088095238095238,-0.2000000000000001,-0.2880952380952382,0.2880952380952382,-1.0,36,36,20,20,13,13,13,13,0,0,10,8,0.7368421052631579,0.7894736842105263,0.0,0.0,20,20,0.0350877192982456,0.037593984962406,0.0526315789473684,0.056390977443609,,0,2.0,5,,0,2.2,5,1.2,0.8,0.4,2.0,0.4,1.6,-0.8,-0.4,-1.2000000000000002
2022-04-10,2021/22,Norwich City,Burnley,2,0,H,1.0,3.0,4.0,5.0,30,29,18,24,-6,1,20,18,1,1,1,1,0.6,0.2,-0.3999999999999999,0.8275862068965517,0.6,-0.2275862068965517,-0.1724137931034482,-0.2275862068965517,-0.3999999999999999,-0.1724137931034482,0.0,0.0,55,49,39,33,-6,0,10,4,1,1,8,9,0.7894736842105263,0.7631578947368421,0.0,0.0,39,33,0.0,0.0,0.0717703349282296,0.1526315789473684,,0,0.2,5,,0,0.6,5,0.6,2.0,-1.4,0.6,2.4,-1.8,0.0,0.3999999999999999,0.40000000000000013
2022-04-10,2021/22,Manchester City,Liverpool,2,2,D,10.0,15.0,12.0,13.0,30,30,73,72,1,0,1,2,1,1,1,1,2.433333333333333,2.0,-0.4333333333333331,2.4,3.0,0.6000000000000001,-1.0333333333333332,0.0333333333333332,-1.0,-1.0333333333333332,1.0333333333333332,-1.0,0,1,-16,-15,49,48,49,48,0,0,8,8,0.7894736842105263,0.7894736842105263,0.7894736842105263,0.3947368421052631,16,15,0.0464396284829721,0.0493421052631578,0.0157894736842105,0.0161117078410311,,0,2.0,5,,0,3.0,5,1.8,0.8,1.0,2.6,0.0,2.6,-0.8,-0.8,-1.6
2022-04-16,2021/22,Tottenham Hotspur,Brighton,0,1,A,12.0,4.0,9.0,7.0,31,31,57,37,20,0,4,11,3,0,1,1,1.8387096774193548,2.4,0.5612903225806452,1.1935483870967742,0.8,-0.3935483870967742,0.9548387096774194,0.6451612903225805,1.6,0.9548387096774194,0.0,0.0,17,37,0,20,33,13,33,13,0,0,7,7,0.8157894736842105,0.8157894736842105,0.0453216374269005,0.0,0,20,0.8157894736842105,0.0388471177944862,0.0239938080495356,0.0582706766917293,,0,2.4,5,,0,0.8,5,3.2,1.0,2.2,0.6,1.4,-0.8,2.6,0.3999999999999999,3.0
2022-04-16,2021/22,Manchester United,Norwich City,3,2,H,5.0,4.0,9.0,4.0,31,31,51,21,30,0,7,20,3,0,1,1,1.6451612903225807,1.0,-0.6451612903225807,0.6774193548387096,0.8,0.1225806451612904,-0.7677419354838712,0.9677419354838712,0.1999999999999999,-0.7677419354838712,0.0,0.0,23,53,6,36,27,-3,27,7,0,1,7,7,0.8157894736842105,0.8157894736842105,0.0,0.0,6,36,0.1165413533834586,0.0,0.0291353383458646,0.1019736842105263,,0,1.0,5,,0,0.8,5,1.0,1.6,-0.6,1.0,1.6,-0.6,0.0,0.0,0.0
2022-04-16,2021/22,Southampton,Arsenal,1,0,H,1.0,6.0,6.0,12.0,31,30,36,54,-18,1,14,5,0,3,1,1,1.1612903225806452,0.2,-0.9612903225806452,1.8,1.2,-0.6000000000000001,-0.3612903225806452,-0.6387096774193548,-1.0,-0.3612903225806452,0.0,0.0,38,20,21,3,12,30,12,30,0,0,7,8,0.8157894736842105,0.7894736842105263,0.0,0.037593984962406,21,3,0.0370813397129186,0.1973684210526315,0.0627530364372469,0.0254668930390492,,0,0.2,5,,0,1.2,5,0.6,3.0,-2.4,0.8,1.4,-0.6,-0.20000000000000007,-1.6,-1.7999999999999998
2022-04-16,2021/22,Watford,Brentford,1,2,A,3.0,12.0,0.0,6.0,31,32,22,36,-14,-1,19,13,0,3,1,1,0.7096774193548387,0.6,-0.1096774193548387,1.125,2.4,1.275,-1.3846774193548388,-0.4153225806451612,-1.7999999999999998,-1.3846774193548386,0.0,0.0,52,38,35,21,-2,12,6,12,1,0,7,6,0.8157894736842105,0.8421052631578947,0.0,0.0,35,21,0.0,0.0,0.1165413533834586,0.0647773279352226,,0,0.6,5,,0,2.4,5,0.8,2.6,-1.8,2.4,0.8,1.6,-1.5999999999999999,-1.8,-3.4000000000000004
2022-04-17,2021/22,Newcastle United,Leicester City,2,1,H,6.0,10.0,13.0,4.0,31,29,34,40,-6,2,15,9,0,3,1,1,1.096774193548387,1.2,0.1032258064516129,1.3793103448275863,2.0,0.6206896551724137,-0.5174638487208008,-0.2825361512791993,-0.8,-0.5174638487208008,0.0,0.0,40,34,23,17,10,16,10,16,0,0,7,9,0.8157894736842105,0.7631578947368421,0.0,0.0,23,17,0.0,0.0423976608187134,0.0741626794258373,0.044891640866873,,0,1.2,5,,0,2.0,5,0.8,1.6,-0.8,1.2,1.0,0.2,-0.3999999999999999,-0.6000000000000001,-1.0
2022-04-17,2021/22,West Ham United,Burnley,1,1,D,6.0,3.0,13.0,5.0,32,30,51,24,27,2,7,18,1,1,1,1,1.59375,1.2,-0.39375,0.8,0.6,-0.2,-0.1937499999999999,0.79375,0.6,-0.1937499999999999,0.0,0.0,23,50,6,33,27,0,27,4,0,1,6,8,0.8421052631578947,0.7894736842105263,0.0,0.0,6,33,0.1203007518796992,0.0,0.0300751879699248,0.1578947368421052,,0,1.2,5,,0,0.6,5,1.0,1.6,-0.6,0.6,2.4,-1.8,0.4,0.7999999999999998,1.2000000000000002
2022-04-19,2021/22,Liverpool,Manchester United,4,0,H,13.0,7.0,15.0,7.0,31,32,73,54,19,-1,2,5,3,0,1,1,2.3548387096774195,2.6,0.2451612903225806,1.6875,1.4,-0.2875000000000001,0.5326612903225807,0.6673387096774195,1.2000000000000002,0.5326612903225807,0.0,0.0,1,20,-16,3,48,29,48,29,0,0,7,6,0.8157894736842105,0.8421052631578947,0.4078947368421052,0.0,16,3,0.0479876160990712,0.2105263157894736,0.0166487647690655,0.0280701754385964,,0,2.6,5,,0,1.4,5,1.8,0.4,1.4,1.6,2.0,-0.4,0.19999999999999996,1.6,1.7999999999999998
2022-04-20,2021/22,Chelsea,Arsenal,2,4,A,12.0,3.0,8.0,9.0,30,31,62,54,8,-1,3,5,3,0,1,1,2.066666666666667,2.4,0.333333333333333,1.7419354838709675,0.6,-1.141935483870968,1.475268817204301,0.3247311827956991,1.7999999999999998,1.4752688172043007,0.0,0.0,14,22,-5,3,37,29,37,29,0,0,8,7,0.7894736842105263,0.8157894736842105,0.0526315789473684,0.0,5,3,0.131578947368421,0.2039473684210526,0.020775623268698,0.0271929824561403,,0,2.4,5,,0,0.6,5,3.0,1.0,2.0,0.4,1.6,-1.2,2.6,0.6000000000000001,3.2
2022-04-20,2021/22,Everton,Leicester City,1,1,D,6.0,7.0,9.0,4.0,30,30,28,40,-12,0,17,9,0,0,0,0,0.9333333333333332,1.2,0.2666666666666666,1.3333333333333333,1.4,0.0666666666666666,0.1999999999999999,-0.3999999999999999,-0.1999999999999999,0.1999999999999999,0.0,0.0,48,36,29,17,3,15,3,15,0,0,8,8,0.7894736842105263,0.7894736842105263,0.0,0.0,29,17,0.0,0.043859649122807,0.1973684210526315,0.0493421052631578,,0,1.2,5,,0,1.4,5,1.0,1.2,-0.2,1.2,1.4,-0.2,-0.19999999999999996,0.19999999999999996,0.0
2022-04-20,2021/22,Newcastle United,Crystal Palace,1,0,H,6.0,8.0,15.0,8.0,32,31,37,37,0,1,14,13,1,1,1,1,1.15625,1.2,0.0437499999999999,1.1935483870967742,1.6,0.4064516129032258,-0.3627016129032259,-0.0372983870967742,-0.4000000000000001,-0.3627016129032259,0.0,0.0,39,39,20,20,12,12,12,12,0,0,6,7,0.8421052631578947,0.8157894736842105,0.0,0.0,20,20,0.0,0.0388471177944862,0.0647773279352226,0.0627530364372469,,0,1.2,5,,0,1.6,5,0.8,1.6,-0.8,1.4,0.6,0.8,-0.5999999999999999,-1.0,-1.6
2022-04-20,2021/22,Manchester City,Brighton,3,0,H,11.0,7.0,10.0,9.0,31,32,74,40,34,-1,2,10,3,0,1,1,2.3870967741935485,2.2,-0.1870967741935483,1.25,1.4,0.1499999999999999,-0.3370967741935482,1.1370967741935485,0.8000000000000003,-0.3370967741935482,0.0,0.0,2,36,-17,17,49,15,49,15,0,0,7,6,0.8157894736842105,0.8421052631578947,0.2719298245614035,0.0,17,17,0.0453216374269005,0.0467836257309941,0.0163157894736842,0.0526315789473684,,0,2.2,5,,0,1.4,5,1.8,0.6,1.2,0.6,1.0,-0.4,1.2000000000000002,0.4,1.6
2022-04-21,2021/22,Burnley,Southampton,2,0,H,4.0,4.0,6.0,5.0,31,32,25,39,-14,-1,18,13,1,1,1,1,0.8064516129032258,0.8,-0.0064516129032257,1.21875,0.8,-0.4187499999999999,0.4122983870967742,-0.4122983870967742,0.0,0.4122983870967742,0.0,0.0,52,38,32,18,0,14,4,14,1,0,7,6,0.8157894736842105,0.8421052631578947,0.0,0.0,32,18,0.0,0.0443213296398892,0.1631578947368421,0.0561403508771929,,0,0.8,5,,0,0.8,5,0.8,1.8,-1.0,0.8,2.2,-1.4,0.0,0.40000000000000013,0.3999999999999999
2022-04-23,2021/22,Arsenal,Manchester United,3,1,H,6.0,7.0,9.0,4.0,32,33,57,54,3,-1,5,6,0,3,1,1,1.78125,1.2,-0.58125,1.6363636363636365,1.4,-0.2363636363636365,-0.3448863636363635,0.1448863636363635,-0.1999999999999999,-0.3448863636363635,0.3448863636363635,-1.0,20,23,0,3,29,26,29,26,0,0,6,5,0.8421052631578947,0.868421052631579,0.0,0.0,0,3,0.8421052631578947,0.2171052631578947,0.0280701754385964,0.0321637426900584,,0,1.2,5,,0,1.4,5,1.2,1.6,-0.4,1.4,2.0,-0.6,-0.19999999999999996,0.3999999999999999,0.19999999999999996
2022-04-23,2021/22,Leicester City,Aston Villa,0,0,D,8.0,3.0,11.0,6.0,31,31,41,36,5,0,9,15,0,3,1,1,1.3225806451612905,1.6,0.2774193548387098,1.1612903225806452,0.6,-0.5612903225806453,0.8387096774193551,0.161290322580645,1.0,0.838709677419355,0.0,0.0,36,41,16,21,13,8,13,8,0,0,7,7,0.8157894736842105,0.8157894736842105,0.0,0.0,16,21,0.0479876160990712,0.0370813397129186,0.0582706766917293,0.0906432748538011,,0,1.6,5,,0,0.6,5,1.4,1.2,0.2,1.0,1.8,-0.8,0.3999999999999999,0.6000000000000001,1.0
2022-04-23,2021/22,Manchester City,Watford,5,1,H,11.0,3.0,10.0,7.0,32,32,77,22,55,0,1,19,3,0,1,1,2.40625,2.2,-0.2062499999999998,0.6875,0.6,-0.0875,-0.1187499999999998,1.71875,1.6,-0.1187499999999999,0.0,0.0,0,55,-20,35,49,-6,49,7,0,1,6,6,0.8421052631578947,0.8421052631578947,0.8421052631578947,0.0,20,35,0.0401002506265664,0.0,0.0168421052631578,0.1052631578947368,,0,2.2,5,,0,0.6,5,2.2,0.6,1.6,0.6,2.4,-1.8,1.6,1.7999999999999998,3.4000000000000004
2022-04-23,2021/22,Norwich City,Newcastle United,0,3,A,4.0,9.0,4.0,6.0,32,33,21,40,-19,-1,20,11,1,1,1,1,0.65625,0.8,0.14375,1.2121212121212122,1.8,0.5878787878787879,-0.4441287878787878,-0.5558712121212122,-1.0,-0.4441287878787878,0.0,0.0,56,37,36,17,-7,12,8,12,1,0,6,5,0.8421052631578947,0.868421052631579,0.0,0.0,36,17,0.0,0.0,0.0935672514619883,0.0668016194331983,,0,0.8,5,,0,1.8,5,1.2,1.6,-0.4,1.0,1.4,-0.4,0.19999999999999996,-0.20000000000000018,0.0
2022-04-23,2021/22,Brentford,Tottenham Hotspur,0,0,D,12.0,12.0,7.0,9.0,33,32,39,57,-18,1,12,4,0,3,1,1,1.181818181818182,2.4,1.218181818181818,1.78125,2.4,0.6187499999999999,0.5994318181818181,-0.5994318181818181,0.0,0.5994318181818181,0.0,0.0,38,20,18,0,11,29,11,29,0,0,5,6,0.868421052631579,0.8421052631578947,0.0,0.0,18,0,0.0,0.8421052631578947,0.0723684210526315,0.0280701754385964,,0,2.4,5,,0,2.4,5,2.2,0.8,1.4,2.8,0.6,2.2,-0.5999999999999996,-0.20000000000000007,-0.8000000000000003
2022-04-24,2021/22,Brighton,Southampton,2,2,D,7.0,4.0,1.0,5.0,33,33,40,39,1,0,12,13,1,1,1,1,1.2121212121212122,1.4,0.1878787878787877,1.181818181818182,0.8,-0.3818181818181818,0.5696969696969696,0.0303030303030302,0.5999999999999999,0.5696969696969696,0.0,0.0,40,41,20,21,12,11,12,11,0,0,5,5,0.868421052631579,0.868421052631579,0.0,0.0,20,21,0.0,0.0,0.0668016194331983,0.0723684210526315,,0,1.4,5,,0,0.8,5,0.6,1.2,-0.6,0.6,2.2,-1.6,0.0,1.0000000000000002,1.0
2022-04-24,2021/22,Burnley,Wolverhampton Wanderers,1,0,H,7.0,9.0,6.0,6.0,32,32,28,49,-21,0,18,8,1,1,1,1,0.875,1.4,0.5249999999999999,1.53125,1.8,0.26875,0.2562499999999998,-0.65625,-0.4000000000000001,0.2562499999999998,0.0,0.0,52,31,32,11,0,21,1,21,1,0,6,6,0.8421052631578947,0.8421052631578947,0.0,0.0,32,11,0.0,0.0701754385964912,0.4210526315789473,0.0382775119617224,,0,1.4,5,,0,1.8,5,1.2,1.4,-0.2,1.8,1.0,0.8,-0.6000000000000001,-0.3999999999999999,-1.0
2022-04-24,2021/22,Chelsea,West Ham United,1,0,H,9.0,7.0,7.0,1.0,31,33,62,52,10,-2,3,7,0,3,1,1,2.0,1.8,-0.1999999999999999,1.5757575757575757,1.4,-0.1757575757575757,-0.0242424242424241,0.4242424242424243,0.4000000000000001,-0.0242424242424241,0.0,0.0,18,28,-2,8,34,24,34,24,0,0,7,5,0.8157894736842105,0.868421052631579,0.0429362880886426,0.0,2,8,0.2719298245614035,0.0964912280701754,0.0233082706766917,0.0347368421052631,,0,1.8,5,,0,1.4,5,2.6,1.8,0.8,1.2,1.6,-0.4,1.4000000000000001,-0.19999999999999996,1.2000000000000002
2022-04-24,2021/22,Liverpool,Everton,2,0,H,13.0,7.0,15.0,0.0,32,31,76,29,47,1,2,17,3,0,1,1,2.375,2.6,0.2250000000000001,0.935483870967742,1.4,0.464516129032258,-0.2395161290322579,1.439516129032258,1.2000000000000002,-0.2395161290322578,0.0,0.0,4,51,-16,31,48,1,48,1,0,0,6,7,0.8421052631578947,0.8157894736842105,0.1684210526315789,0.0,16,31,0.0495356037151702,0.0,0.0171858216970998,0.4078947368421052,,0,2.6,5,,0,1.4,5,2.4,0.4,2.0,1.2,1.2,0.0,1.2,0.7999999999999999,2.0
2022-04-25,2021/22,Crystal Palace,Leeds United,0,0,D,7.0,10.0,5.0,6.0,32,32,37,33,4,0,14,16,0,3,1,1,1.15625,1.4,0.2437499999999999,1.03125,2.0,0.96875,-0.7250000000000001,0.125,-0.6000000000000001,-0.7250000000000001,0.7250000000000001,-1.0,43,47,23,27,8,4,8,4,0,0,6,6,0.8421052631578947,0.8421052631578947,0.0,0.0,23,27,0.0,0.0,0.0935672514619883,0.1684210526315789,,0,1.4,5,,0,2.0,5,1.2,0.6,0.6,1.8,1.4,0.4,-0.6000000000000001,0.7999999999999999,0.19999999999999996
2022-04-28,2021/22,Manchester United,Chelsea,1,1,D,4.0,9.0,11.0,13.0,34,32,54,65,-11,2,6,3,1,1,1,1,1.588235294117647,0.8,-0.7882352941176469,2.03125,1.8,-0.2312499999999999,-0.556985294117647,-0.443014705882353,-1.0,-0.556985294117647,0.0,0.0,26,15,6,-5,25,36,25,36,0,0,4,6,0.8947368421052632,0.8421052631578947,0.0,0.0526315789473684,6,5,0.1278195488721804,0.1403508771929824,0.034412955465587,0.0227596017069701,,0,0.8,5,,0,1.8,5,1.0,2.2,-1.2,2.2,1.6,0.6,-1.2000000000000002,-0.6000000000000001,-1.7999999999999998
2022-04-30,2021/22,Newcastle United,Liverpool,0,1,A,12.0,13.0,15.0,13.0,34,33,43,79,-36,1,9,2,0,3,1,1,1.2647058823529411,2.4,1.1352941176470588,2.393939393939394,2.6,0.206060606060606,0.9292335115864528,-1.129233511586453,-0.2000000000000001,0.9292335115864528,0.0,0.0,37,1,17,-19,14,50,14,50,0,0,4,5,0.8947368421052632,0.868421052631579,0.0,0.4342105263157895,17,19,0.0,0.0434210526315789,0.0596491228070175,0.0170278637770897,,0,2.4,5,,0,2.6,5,1.6,1.2,0.4,2.4,0.4,2.0,-0.7999999999999998,-0.7999999999999999,-1.6
2022-04-30,2021/22,Aston Villa,Norwich City,2,0,H,1.0,4.0,4.0,1.0,32,33,37,21,16,-1,15,20,3,0,1,1,1.15625,0.2,-0.95625,0.6363636363636364,0.8,0.1636363636363637,-1.1198863636363638,0.5198863636363636,-0.6000000000000001,-1.1198863636363638,1.1198863636363638,-1.0,43,59,23,39,8,-8,8,10,0,1,6,5,0.8421052631578947,0.868421052631579,0.0,0.0,23,39,0.0,0.0,0.0935672514619883,0.0789473684210526,,0,0.2,5,,0,0.8,5,0.4,1.8,-1.4,1.0,1.6,-0.6,-0.6,-0.19999999999999996,-0.7999999999999999
2022-04-30,2021/22,Southampton,Crystal Palace,1,2,A,5.0,5.0,6.0,7.0,34,33,40,38,2,1,13,14,1,1,1,1,1.1764705882352942,1.0,-0.1764705882352941,1.1515151515151516,1.0,-0.1515151515151516,-0.0249554367201425,0.0249554367201425,0.0,-0.0249554367201425,0.0,0.0,40,42,20,22,11,9,11,9,0,0,4,5,0.8947368421052632,0.868421052631579,0.0,0.0,20,22,0.0,0.0,0.0745614035087719,0.0868421052631579,,0,1.0,5,,0,1.0,5,0.8,2.2,-1.4,0.8,0.6,0.2,0.0,-1.6,-1.5999999999999999
2022-04-30,2021/22,Watford,Burnley,1,2,A,3.0,10.0,0.0,5.0,33,33,22,31,-9,0,19,17,1,1,1,1,0.6666666666666666,0.6,-0.0666666666666666,0.9393939393939394,2.0,1.0606060606060606,-1.1272727272727272,-0.2727272727272728,-1.4,-1.127272727272727,0.0,0.0,58,49,38,29,-7,2,9,2,1,0,5,5,0.868421052631579,0.868421052631579,0.0,0.0,38,29,0.0,0.0,0.0868421052631579,0.2894736842105263,,0,0.6,5,,0,2.0,5,0.8,2.6,-1.8,1.4,1.0,0.4,-0.5999999999999999,-1.6,-2.2
2022-04-30,2021/22,Wolverhampton Wanderers,Brighton,0,3,A,6.0,8.0,9.0,6.0,33,34,49,41,8,-1,8,11,3,0,1,1,1.4848484848484849,1.2,-0.2848484848484849,1.2058823529411764,1.6,0.3941176470588237,-0.6789661319073086,0.2789661319073084,-0.4000000000000001,-0.6789661319073086,0.6789661319073086,-1.0,31,39,11,19,20,12,20,12,0,0,5,4,0.868421052631579,0.8947368421052632,0.0,0.0,11,19,0.0723684210526315,0.0,0.0413533834586466,0.068825910931174,,0,1.2,5,,0,1.6,5,1.0,1.2,-0.2,1.0,1.2,-0.2,0.0,0.0,0.0
2022-04-30,2021/22,Leeds United,Manchester City,0,4,A,11.0,11.0,4.0,11.0,33,33,34,80,-46,0,16,1,0,3,1,1,1.0303030303030305,2.2,1.16969696969697,2.4242424242424243,2.2,-0.2242424242424241,1.393939393939394,-1.393939393939394,0.0,1.393939393939394,0.0,0.0,46,0,26,-20,5,51,5,51,0,0,5,5,0.868421052631579,0.868421052631579,0.0,0.868421052631579,26,20,0.0,0.0413533834586466,0.1447368421052631,0.0167004048582995,,0,2.2,5,,0,2.2,5,1.8,0.8,1.0,2.4,0.6,1.8,-0.5999999999999999,-0.20000000000000007,-0.8
2022-05-01,2021/22,Everton,Chelsea,1,0,H,4.0,7.0,7.0,13.0,32,33,29,66,-37,-1,18,3,1,1,1,1,0.90625,0.8,-0.1062499999999999,2.0,1.4,-0.6000000000000001,0.4937500000000001,-1.09375,-0.5999999999999999,0.4937500000000001,0.0,0.0,54,17,31,-6,0,37,5,37,1,0,6,5,0.8421052631578947,0.868421052631579,0.0,0.0,31,6,0.0,0.1240601503759398,0.1403508771929824,0.0228531855955678,,0,0.8,5,,0,1.4,5,1.0,1.6,-0.6,2.2,1.8,0.4,-1.2000000000000002,0.19999999999999996,-1.0
2022-05-01,2021/22,Tottenham Hotspur,Leicester City,3,1,H,10.0,6.0,9.0,5.0,33,32,58,42,16,1,5,11,3,0,1,1,1.7575757575757576,2.0,0.2424242424242424,1.3125,1.2,-0.1125,0.3549242424242425,0.4450757575757575,0.8,0.3549242424242425,0.0,0.0,25,41,2,18,29,13,29,13,0,0,5,6,0.868421052631579,0.8421052631578947,0.0,0.0,2,18,0.2894736842105263,0.0443213296398892,0.0289473684210526,0.0601503759398496,,0,2.0,5,,0,1.2,5,2.4,0.6,1.8,1.0,1.0,0.0,1.4,0.4,1.8
2022-05-01,2021/22,West Ham United,Arsenal,1,2,A,4.0,6.0,11.0,9.0,34,33,52,60,-8,1,7,4,0,3,1,1,1.5294117647058822,0.8,-0.7294117647058822,1.818181818181818,1.2,-0.6181818181818182,-0.111229946524064,-0.2887700534759359,-0.3999999999999999,-0.111229946524064,0.0,0.0,31,23,8,0,23,31,23,31,0,0,4,5,0.8947368421052632,0.868421052631579,0.0,0.0,8,0,0.0994152046783625,0.868421052631579,0.0372807017543859,0.0271381578947368,,0,0.8,5,,0,1.2,5,0.8,1.6,-0.8,1.6,1.8,-0.2,-0.8,0.19999999999999996,-0.6000000000000001
2022-05-02,2021/22,Manchester United,Brentford,3,0,H,4.0,10.0,9.0,9.0,35,34,55,40,15,1,6,14,3,0,1,1,1.5714285714285714,0.8,-0.7714285714285714,1.1764705882352942,2.0,0.8235294117647058,-1.5949579831932772,0.3949579831932772,-1.2,-1.5949579831932772,1.5949579831932772,-1.0,28,43,8,23,23,8,23,8,0,0,3,4,0.9210526315789472,0.8947368421052632,0.0,0.0,8,23,0.1023391812865497,0.0,0.0383771929824561,0.0994152046783625,,0,0.8,5,,0,2.0,5,1.0,2.2,-1.2,1.8,0.8,1.0,-0.8,-1.4000000000000001,-2.2
2022-05-07,2021/22,Burnley,Aston Villa,1,3,A,10.0,4.0,9.0,7.0,34,33,34,40,-6,1,16,13,0,0,0,0,1.0,2.0,1.0,1.2121212121212122,0.8,-0.4121212121212121,1.412121212121212,-0.2121212121212121,1.2,1.412121212121212,1.412121212121212,1.0,49,43,29,23,2,8,2,8,0,0,4,5,0.8947368421052632,0.868421052631579,0.0,0.0,29,23,0.0,0.0,0.2982456140350877,0.0964912280701754,,0,2.0,5,,0,0.8,5,1.2,0.8,0.4,0.6,1.4,-0.8,0.6,0.5999999999999999,1.2000000000000002
2022-05-07,2021/22,Chelsea,Wolverhampton Wanderers,2,2,D,7.0,3.0,9.0,3.0,34,34,66,49,17,0,3,8,1,1,1,1,1.9411764705882355,1.4,-0.5411764705882354,1.4411764705882353,0.6,-0.8411764705882353,0.2999999999999999,0.5,0.7999999999999999,0.2999999999999999,0.0,0.0,17,34,-3,14,34,17,34,17,0,0,4,4,0.8947368421052632,0.8947368421052632,0.0,0.0,3,14,0.2236842105263158,0.0,0.025563909774436,0.0497076023391812,,0,1.4,5,,0,0.6,5,2.0,1.2,0.8,0.8,1.8,-1.0,1.2,0.6000000000000001,1.8
2022-05-07,2021/22,Brentford,Southampton,3,0,H,10.0,4.0,8.0,3.0,35,35,40,40,0,0,14,15,0,3,1,1,1.1428571428571428,2.0,0.8571428571428572,1.1428571428571428,0.8,-0.3428571428571427,1.2,0.0,1.2,1.2,0.0,0.0,43,43,23,23,8,8,8,8,0,0,3,3,0.9210526315789472,0.9210526315789472,0.0,0.0,23,23,0.0,0.0,0.1023391812865497,0.1023391812865497,,0,2.0,5,,0,0.8,5,1.6,1.0,0.6,0.8,2.4,-1.6,0.8,1.4,2.2
2022-05-07,2021/22,Liverpool,Tottenham Hotspur,1,1,D,13.0,10.0,15.0,10.0,34,34,82,61,21,0,2,5,1,1,1,1,2.411764705882353,2.6,0.1882352941176472,1.7941176470588236,2.0,0.2058823529411764,-0.0176470588235291,0.6176470588235292,0.6000000000000001,-0.0176470588235291,0.0,0.0,1,22,-19,2,50,29,50,29,0,0,4,4,0.8947368421052632,0.8947368421052632,0.4473684210526316,0.0,19,2,0.0447368421052631,0.2982456140350877,0.0175438596491228,0.0298245614035087,,0,2.6,5,,0,2.0,5,2.2,0.4,1.8,2.4,0.6,1.8,-0.19999999999999973,0.19999999999999996,0.0
2022-05-07,2021/22,Crystal Palace,Watford,1,0,H,7.0,0.0,6.0,4.0,34,34,41,22,19,0,12,19,3,0,1,1,1.2058823529411764,1.4,0.1941176470588235,0.6470588235294118,0.0,-0.6470588235294118,0.8411764705882353,0.5588235294117646,1.4,0.8411764705882353,0.0,0.0,42,61,22,41,9,-10,9,12,0,1,4,4,0.8947368421052632,0.8947368421052632,0.0,0.0,22,41,0.0,0.0,0.0894736842105263,0.068825910931174,,0,1.4,5,,0,0.0,5,1.2,0.8,0.4,0.6,2.8,-2.2,0.6,1.9999999999999998,2.6
2022-05-07,2021/22,Brighton,Manchester United,4,0,H,10.0,7.0,2.0,3.0,35,36,44,58,-14,-1,9,6,0,3,1,1,1.2571428571428571,2.0,0.7428571428571429,1.6111111111111112,1.4,-0.2111111111111112,0.953968253968254,-0.353968253968254,0.6000000000000001,0.953968253968254,0.953968253968254,1.0,39,25,19,5,12,26,12,26,0,0,3,2,0.9210526315789472,0.9473684210526316,0.0,0.0,19,5,0.0,0.1578947368421052,0.0708502024291498,0.0350877192982456,,0,2.0,5,,0,1.4,5,1.6,1.2,0.4,1.6,2.0,-0.4,0.0,0.8,0.8
2022-05-08,2021/22,Norwich City,West Ham United,0,4,A,4.0,4.0,3.0,1.0,34,35,21,52,-31,-1,20,7,0,3,1,1,0.6176470588235294,0.8,0.1823529411764706,1.4857142857142858,0.8,-0.6857142857142857,0.8680672268907563,-0.8680672268907563,0.0,0.8680672268907563,0.0,0.0,62,31,42,11,-11,20,13,20,1,0,4,3,0.8947368421052632,0.9210526315789472,0.0,0.0,42,11,0.0,0.0,0.0639097744360902,0.043859649122807,,0,0.8,5,,0,0.8,5,0.8,1.6,-0.8,0.8,1.4,-0.6,0.0,-0.20000000000000018,-0.20000000000000007
2022-05-08,2021/22,Arsenal,Leeds United,2,1,H,9.0,8.0,9.0,7.0,34,34,63,34,29,0,4,17,3,0,1,1,1.8529411764705883,1.8,-0.0529411764705882,1.0,1.6,0.6000000000000001,-0.6529411764705884,0.8529411764705883,0.1999999999999999,-0.6529411764705884,0.0,0.0,20,49,0,29,31,2,31,2,0,0,4,4,0.8947368421052632,0.8947368421052632,0.0,0.0,0,29,0.8947368421052632,0.0,0.0279605263157894,0.2982456140350877,,0,1.8,5,,0,1.6,5,2.0,1.4,0.6,1.4,1.4,0.0,0.6000000000000001,0.0,0.6
2022-05-08,2021/22,Leicester City,Everton,1,2,A,5.0,7.0,11.0,0.0,33,33,42,32,10,0,14,18,1,1,1,1,1.2727272727272727,1.0,-0.2727272727272727,0.9696969696969696,1.4,0.4303030303030302,-0.7030303030303029,0.303030303030303,-0.3999999999999999,-0.7030303030303029,0.7030303030303029,-1.0,41,51,21,31,10,0,10,2,0,1,5,5,0.868421052631579,0.868421052631579,0.0,0.0,21,31,0.0,0.0,0.0789473684210526,0.2894736842105263,,0,1.0,5,,0,1.4,5,1.0,1.4,-0.4,1.0,1.2,-0.2,0.0,-0.19999999999999996,-0.2
2022-05-08,2021/22,Manchester City,Newcastle United,5,0,H,13.0,12.0,10.0,6.0,34,35,83,43,40,-1,2,13,3,0,1,1,2.4411764705882355,2.6,0.1588235294117645,1.2285714285714286,2.4,1.1714285714285713,-1.012605042016807,1.2126050420168069,0.2000000000000001,-1.012605042016807,0.0,0.0,0,40,-20,20,51,11,51,11,0,0,4,3,0.8947368421052632,0.9210526315789472,0.8947368421052632,0.0,20,20,0.0426065162907268,0.0,0.0172064777327935,0.0767543859649122,,0,2.6,5,,0,2.4,5,3.2,0.6,2.6,1.4,0.4,1.0,1.8000000000000003,-0.19999999999999996,1.6
2022-05-10,2021/22,Aston Villa,Liverpool,1,2,A,7.0,11.0,6.0,13.0,34,35,43,83,-40,-1,11,2,0,3,1,1,1.2647058823529411,1.4,0.1352941176470588,2.3714285714285714,2.2,-0.1714285714285712,0.30672268907563,-1.1067226890756303,-0.8000000000000003,0.30672268907563,0.0,0.0,43,3,23,-17,9,49,9,49,0,0,4,3,0.8947368421052632,0.9210526315789472,0.0,0.2302631578947368,23,17,0.0,0.0511695906432748,0.0894736842105263,0.0184210526315789,,0,1.4,5,,0,2.2,5,1.2,1.4,-0.2,2.0,0.6,1.4,-0.8,-0.7999999999999999,-1.5999999999999999
2022-05-11,2021/22,Leeds United,Chelsea,0,3,A,5.0,5.0,4.0,10.0,35,35,34,67,-33,0,18,3,0,3,1,1,0.9714285714285714,1.0,0.0285714285714285,1.9142857142857144,1.0,-0.9142857142857144,0.942857142857143,-0.942857142857143,0.0,0.942857142857143,0.0,0.0,52,19,32,-1,0,33,0,33,1,0,3,3,0.9210526315789472,0.9210526315789472,0.0,0.0,32,1,0.0,0.4605263157894737,0.9210526315789472,0.0270897832817337,,0,1.0,5,,0,1.0,5,1.0,1.4,-0.4,1.2,1.6,-0.4,-0.19999999999999996,0.20000000000000018,0.0
2022-05-11,2021/22,Leicester City,Norwich City,3,0,H,2.0,3.0,10.0,1.0,34,35,42,21,21,-1,14,20,3,0,1,1,1.2352941176470589,0.4,-0.8352941176470589,0.6,0.6,0.0,-0.8352941176470589,0.6352941176470589,-0.1999999999999999,-0.8352941176470589,0.8352941176470589,-1.0,44,65,24,45,8,-13,8,13,0,1,4,3,0.8947368421052632,0.9210526315789472,0.0,0.0,24,45,0.0,0.0,0.0994152046783625,0.0657894736842105,,0,0.4,5,,0,0.6,5,0.8,1.6,-0.8,0.8,2.4,-1.6,0.0,0.7999999999999998,0.8
2022-05-11,2021/22,Watford,Everton,0,0,D,0.0,10.0,0.0,3.0,35,34,22,35,-13,1,19,16,3,0,1,1,0.6285714285714286,0.0,-0.6285714285714286,1.0294117647058822,2.0,0.9705882352941178,-1.5991596638655463,-0.4008403361344537,-2.0,-1.5991596638655463,0.0,0.0,64,51,44,31,-12,1,12,1,1,0,3,4,0.9210526315789472,0.8947368421052632,0.0,0.0,44,31,0.0,0.0,0.0708502024291498,0.4473684210526316,,0,0.0,5,,0,2.0,5,0.6,2.6,-2.0,1.0,0.8,0.2,-0.4,-1.8,-2.2
2022-05-11,2021/22,Wolverhampton Wanderers,Manchester City,1,5,A,4.0,13.0,6.0,13.0,35,35,50,86,-36,0,8,1,0,3,1,1,1.4285714285714286,0.8,-0.6285714285714286,2.4571428571428573,2.6,0.1428571428571428,-0.7714285714285714,-1.0285714285714287,-1.8,-0.7714285714285714,0.0,0.0,36,0,16,-20,16,52,16,52,0,0,3,3,0.9210526315789472,0.9210526315789472,0.0,0.9210526315789472,16,20,0.0,0.043859649122807,0.0541795665634674,0.0173783515392254,,0,0.8,5,,0,2.6,5,0.8,1.6,-0.8,3.8,0.6,3.2,-3.0,-1.0,-4.0
2022-05-12,2021/22,Tottenham Hotspur,Arsenal,3,0,H,8.0,12.0,12.0,9.0,35,35,62,66,-4,0,5,4,0,3,1,1,1.7714285714285714,1.6,-0.1714285714285712,1.8857142857142857,2.4,0.5142857142857142,-0.6857142857142855,-0.1142857142857143,-0.7999999999999998,-0.6857142857142855,0.0,0.0,27,23,4,0,28,32,28,32,0,0,3,3,0.9210526315789472,0.9210526315789472,0.0,0.0,4,0,0.1842105263157894,0.9210526315789472,0.0317604355716878,0.0279106858054226,,0,1.6,5,,0,2.4,5,1.6,0.6,1.0,2.2,1.2,1.0,-0.6000000000000001,0.6,0.0
2022-05-15,2021/22,Tottenham Hotspur,Burnley,1,0,H,8.0,10.0,12.0,5.0,36,35,65,34,31,1,5,17,0,3,1,1,1.805555555555556,1.6,-0.2055555555555555,0.9714285714285714,2.0,1.0285714285714285,-1.234126984126984,0.8341269841269842,-0.3999999999999999,-1.2341269841269842,1.2341269841269842,-1.0,24,55,1,32,31,0,31,0,0,0,2,3,0.9473684210526316,0.9210526315789472,0.0,0.0,1,32,0.4736842105263157,0.0,0.0296052631578947,0.9210526315789472,,0,1.6,5,,0,2.0,5,1.4,0.6,0.8,1.4,1.0,0.4,0.0,0.4,0.4
2022-05-15,2021/22,Aston Villa,Crystal Palace,1,1,D,7.0,7.0,6.0,9.0,35,35,43,44,-1,0,12,11,3,0,1,1,1.2285714285714286,1.4,0.1714285714285712,1.2571428571428571,1.4,0.1428571428571428,0.0285714285714284,-0.0285714285714284,0.0,0.0285714285714284,0.0,0.0,46,45,23,22,9,10,9,10,0,0,3,3,0.9210526315789472,0.9210526315789472,0.0,0.0,23,22,0.0,0.0,0.0921052631578947,0.0837320574162679,,0,1.4,5,,0,1.4,5,1.2,1.4,-0.2,0.8,0.8,0.0,0.3999999999999999,-0.5999999999999999,-0.2
2022-05-15,2021/22,Leeds United,Brighton,1,1,D,4.0,10.0,4.0,9.0,36,36,34,47,-13,0,18,9,1,1,1,1,0.9444444444444444,0.8,-0.1444444444444443,1.3055555555555556,2.0,0.6944444444444444,-0.8388888888888888,-0.3611111111111111,-1.2,-0.8388888888888888,0.0,0.0,55,42,32,19,0,13,0,13,1,0,2,2,0.9473684210526316,0.9473684210526316,0.0,0.0,32,19,0.0,0.0,0.9473684210526316,0.0676691729323308,,0,0.8,5,,0,2.0,5,0.8,1.8,-1.0,2.0,1.0,1.0,-1.2,-0.8,-2.0
2022-05-15,2021/22,Watford,Leicester City,1,5,A,1.0,5.0,1.0,2.0,36,35,23,45,-22,1,19,10,0,3,1,1,0.6388888888888888,0.2,-0.4388888888888888,1.2857142857142858,1.0,-0.2857142857142858,-0.153174603174603,-0.646825396825397,-0.8,-0.153174603174603,0.0,0.0,66,44,43,21,-11,11,11,11,1,0,2,3,0.9473684210526316,0.9210526315789472,0.0,0.0,43,21,0.0,0.0,0.0789473684210526,0.0767543859649122,,0,0.2,5,,0,1.0,5,0.6,2.0,-1.4,1.2,1.2,0.0,-0.6,-0.8,-1.4
2022-05-15,2021/22,West Ham United,Manchester City,2,2,D,4.0,15.0,10.0,13.0,36,36,55,89,-34,0,7,1,0,3,1,1,1.5277777777777777,0.8,-0.7277777777777776,2.4722222222222223,3.0,0.5277777777777777,-1.255555555555555,-0.9444444444444446,-2.2,-1.2555555555555555,0.0,0.0,34,0,11,-23,21,55,21,55,0,0,2,2,0.9473684210526316,0.9473684210526316,0.0,0.9473684210526316,11,23,0.0,0.0394736842105263,0.0430622009569377,0.0169172932330827,,0,0.8,5,,0,3.0,5,1.2,1.2,0.0,4.4,0.4,4.0,-3.2,-0.7999999999999999,-4.0
2022-05-15,2021/22,Wolverhampton Wanderers,Norwich City,1,1,D,1.0,0.0,6.0,1.0,36,36,50,21,29,0,8,20,1,1,1,1,1.3888888888888888,0.2,-1.1888888888888889,0.5833333333333334,0.0,-0.5833333333333334,-0.6055555555555555,0.8055555555555555,0.2,-0.6055555555555554,0.0,0.0,39,68,16,45,16,-13,16,13,0,1,2,2,0.9473684210526316,0.9473684210526316,0.0,0.0,16,45,0.0,0.0,0.0557275541795665,0.0676691729323308,,0,0.2,5,,0,0.0,5,0.6,2.4,-1.8,0.4,3.0,-2.6,0.19999999999999996,0.6000000000000001,0.8
2022-05-15,2021/22,Everton,Brentford,2,3,A,8.0,10.0,10.0,9.0,35,36,36,43,-7,-1,16,13,0,3,1,1,1.0285714285714285,1.6,0.5714285714285716,1.1944444444444444,2.0,0.8055555555555556,-0.2341269841269839,-0.1658730158730159,-0.3999999999999999,-0.2341269841269839,0.0,0.0,53,46,30,23,2,9,2,9,0,0,3,2,0.9210526315789472,0.9473684210526316,0.0,0.0,30,23,0.0,0.0,0.3070175438596491,0.0947368421052631,,0,1.6,5,,0,2.0,5,0.8,0.8,0.0,1.4,0.8,0.6,-0.5999999999999999,0.0,-0.6
2022-05-16,2021/22,Newcastle United,Arsenal,2,0,H,9.0,12.0,12.0,6.0,36,36,43,66,-23,0,14,5,0,3,1,1,1.1944444444444444,1.8,0.6055555555555556,1.8333333333333333,2.4,0.5666666666666667,0.0388888888888889,-0.6388888888888888,-0.5999999999999999,0.0388888888888889,0.0,0.0,47,24,25,2,9,32,9,32,0,0,2,2,0.9473684210526316,0.9473684210526316,0.0,0.0,25,2,0.0,0.3157894736842105,0.0947368421052631,0.0287081339712918,,0,1.8,5,,0,2.4,5,1.2,1.4,-0.2,2.2,1.6,0.6,-1.0000000000000002,0.20000000000000018,-0.8
2022-05-17,2021/22,Southampton,Liverpool,1,2,A,4.0,13.0,3.0,13.0,36,36,40,86,-46,0,15,2,0,3,1,1,1.1111111111111112,0.8,-0.3111111111111111,2.388888888888889,2.6,0.2111111111111112,-0.5222222222222224,-1.2777777777777777,-1.8,-0.5222222222222224,0.0,0.0,50,4,28,-18,6,52,6,52,0,0,2,2,0.9473684210526316,0.9473684210526316,0.0,0.1894736842105263,28,18,0.0,0.0498614958448753,0.1353383458646616,0.0178748758689175,,0,0.8,5,,0,2.6,5,0.8,1.8,-1.0,2.0,0.4,1.6,-1.2,-1.4,-2.6
2022-05-19,2021/22,Everton,Crystal Palace,3,2,H,7.0,8.0,10.0,7.0,36,36,36,45,-9,0,16,13,0,3,1,1,1.0,1.4,0.3999999999999999,1.25,1.6,0.3500000000000001,0.0499999999999998,-0.25,-0.2000000000000001,0.0499999999999998,0.0,0.0,54,45,32,23,2,11,2,11,0,0,2,2,0.9473684210526316,0.9473684210526316,0.0,0.0,32,23,0.0,0.0,0.3157894736842105,0.0789473684210526,,0,1.4,5,,0,1.6,5,1.0,1.2,-0.2,0.8,0.6,0.2,0.19999999999999996,-0.6,-0.4
2022-05-19,2021/22,Aston Villa,Burnley,1,1,D,8.0,9.0,4.0,4.0,36,36,44,34,10,0,14,18,3,0,1,1,1.2222222222222223,1.6,0.3777777777777777,0.9444444444444444,1.8,0.8555555555555556,-0.4777777777777778,0.2777777777777779,-0.1999999999999999,-0.4777777777777778,0.4777777777777778,-1.0,46,56,24,34,10,0,10,1,0,1,2,2,0.9473684210526316,0.9473684210526316,0.0,0.0,24,34,0.0,0.0,0.0861244019138755,0.4736842105263157,,0,1.6,5,,0,1.8,5,1.4,0.8,0.6,1.2,1.0,0.2,0.19999999999999996,0.19999999999999996,0.39999999999999997
2022-05-19,2021/22,Chelsea,Leicester City,1,1,D,8.0,7.0,7.0,5.0,36,36,70,48,22,0,3,9,3,0,1,1,1.9444444444444444,1.6,-0.3444444444444443,1.3333333333333333,1.4,0.0666666666666666,-0.411111111111111,0.6111111111111112,0.2000000000000001,-0.411111111111111,0.0,0.0,20,42,-2,20,36,14,36,14,0,0,2,2,0.9473684210526316,0.9473684210526316,0.0,0.0,2,20,0.3157894736842105,0.0,0.0256045519203413,0.0631578947368421,,0,1.6,5,,0,1.4,5,1.4,0.8,0.6,2.0,1.2,0.8,-0.6000000000000001,0.3999999999999999,-0.20000000000000007
2022-05-22,2021/22,Arsenal,Everton,5,1,H,9.0,10.0,9.0,4.0,37,37,66,39,27,0,5,16,0,3,1,1,1.7837837837837838,1.8,0.0162162162162162,1.054054054054054,2.0,0.945945945945946,-0.9297297297297298,0.7297297297297298,-0.1999999999999999,-0.9297297297297298,0.9297297297297298,-1.0,24,51,2,29,31,4,31,4,0,0,1,1,0.9736842105263158,0.9736842105263158,0.0,0.0,2,29,0.3245614035087719,0.0,0.0304276315789473,0.1947368421052631,,0,1.8,5,,0,2.0,5,1.4,1.6,-0.2,1.6,1.2,0.4,-0.20000000000000018,-0.40000000000000013,-0.6000000000000001
2022-05-22,2021/22,Brentford,Leeds United,1,2,A,10.0,2.0,10.0,7.0,37,37,46,35,11,0,11,18,1,1,1,1,1.2432432432432432,2.0,0.7567567567567568,0.945945945945946,0.4,-0.5459459459459459,1.3027027027027027,0.2972972972972972,1.6,1.3027027027027027,0.0,0.0,44,55,22,33,11,0,11,0,0,1,1,1,0.9736842105263158,0.9736842105263158,0.0,0.0,22,33,0.0,0.0,0.0811403508771929,0.9736842105263158,,0,2.0,5,,0,0.4,5,1.6,1.2,0.4,0.4,2.0,-1.6,1.2000000000000002,0.8,2.0
2022-05-22,2021/22,Brighton,West Ham United,3,1,H,8.0,5.0,5.0,3.0,37,37,48,56,-8,0,10,7,1,1,1,1,1.2972972972972974,1.6,0.3027027027027027,1.5135135135135136,1.0,-0.5135135135135136,0.8162162162162163,-0.2162162162162162,0.6000000000000001,0.8162162162162163,0.8162162162162163,1.0,42,34,20,12,13,21,13,21,0,0,1,1,0.9736842105263158,0.9736842105263158,0.0,0.0,20,12,0.0,0.0,0.0695488721804511,0.0442583732057416,,0,1.6,5,,0,1.0,5,2.0,1.2,0.8,1.6,1.2,0.4,0.3999999999999999,0.0,0.4
2022-05-22,2021/22,Burnley,Newcastle United,1,2,A,7.0,9.0,9.0,3.0,37,37,35,46,-11,0,17,12,0,3,1,1,0.945945945945946,1.4,0.4540540540540539,1.2432432432432432,1.8,0.5567567567567568,-0.1027027027027028,-0.2972972972972972,-0.4000000000000001,-0.1027027027027028,0.0,0.0,55,44,33,22,0,11,0,11,0,0,1,1,0.9736842105263158,0.9736842105263158,0.0,0.0,33,22,0.0,0.0,0.9736842105263158,0.0811403508771929,,0,1.4,5,,0,1.8,5,1.0,1.2,-0.2,1.2,1.2,0.0,-0.19999999999999996,0.0,-0.2
2022-05-22,2021/22,Chelsea,Watford,2,1,H,6.0,1.0,5.0,3.0,37,37,71,23,48,0,3,19,3,0,1,1,1.9189189189189189,1.2,-0.7189189189189189,0.6216216216216216,0.2,-0.4216216216216216,-0.2972972972972973,1.2972972972972974,1.0,-0.2972972972972973,0.0,0.0,19,67,-3,45,36,-12,36,12,0,1,1,1,0.9736842105263158,0.9736842105263158,0.0,0.0,3,45,0.2434210526315789,0.0,0.0263157894736842,0.0748987854251012,,0,1.2,5,,0,0.2,5,1.4,1.0,0.4,0.6,2.6,-2.0,0.7999999999999999,1.6,2.4
2022-05-22,2021/22,Crystal Palace,Manchester United,1,0,H,8.0,4.0,9.0,0.0,37,37,45,58,-13,0,13,6,0,3,1,1,1.2162162162162162,1.6,0.3837837837837838,1.5675675675675675,0.8,-0.7675675675675675,1.1513513513513514,-0.3513513513513513,0.8,1.1513513513513514,1.1513513513513514,1.0,45,32,23,10,10,23,10,23,0,0,1,1,0.9736842105263158,0.9736842105263158,0.0,0.0,23,10,0.0,0.0,0.0885167464114832,0.0405701754385964,,0,1.6,5,,0,0.8,5,1.2,1.0,0.2,1.0,2.4,-1.4,0.19999999999999996,1.4,1.5999999999999999
2022-05-22,2021/22,Leicester City,Southampton,4,1,H,7.0,1.0,10.0,2.0,37,37,49,40,9,0,9,15,1,1,1,1,1.3243243243243243,1.4,0.0756756756756755,1.0810810810810811,0.2,-0.8810810810810812,0.9567567567567568,0.2432432432432432,1.2,0.9567567567567568,0.0,0.0,41,50,19,28,14,5,14,5,0,0,1,1,0.9736842105263158,0.9736842105263158,0.0,0.0,19,28,0.0,0.0,0.0649122807017544,0.1622807017543859,,0,1.4,5,,0,0.2,5,2.2,1.4,0.8,0.8,2.2,-1.4,1.4000000000000001,0.8000000000000003,2.2
2022-05-22,2021/22,Liverpool,Wolverhampton Wanderers,3,1,H,13.0,2.0,13.0,4.0,37,37,89,51,38,0,2,8,3,0,1,1,2.4054054054054053,2.6,0.1945945945945948,1.3783783783783785,0.4,-0.9783783783783784,1.172972972972973,1.027027027027027,2.2,1.1729729729729732,0.0,0.0,1,39,-21,17,54,16,54,16,0,0,1,1,0.9736842105263158,0.9736842105263158,0.4868421052631579,0.0,21,17,0.0442583732057416,0.0,0.0177033492822966,0.0572755417956656,,0,2.6,5,,0,0.4,5,1.6,0.6,1.0,0.8,2.4,-1.6,0.8,1.7999999999999998,2.6
2022-05-22,2021/22,Manchester City,Aston Villa,3,2,H,13.0,8.0,13.0,7.0,37,37,90,45,45,0,1,14,3,0,1,1,2.4324324324324325,2.6,0.1675675675675676,1.2162162162162162,1.6,0.3837837837837838,-0.2162162162162162,1.2162162162162162,1.0,-0.2162162162162162,0.0,0.0,0,45,-22,23,55,10,55,10,0,0,1,1,0.9736842105263158,0.9736842105263158,0.9736842105263158,0.0,22,23,0.0423340961098398,0.0,0.0173872180451127,0.0885167464114832,,0,2.6,5,,0,1.6,5,4.2,0.8,3.4,1.6,1.0,0.6,2.6,0.19999999999999996,2.8
2022-05-22,2021/22,Norwich City,Tottenham Hotspur,0,5,A,1.0,11.0,3.0,8.0,37,37,22,68,-46,0,20,4,0,3,1,1,0.5945945945945946,0.2,-0.3945945945945946,1.837837837837838,2.2,0.3621621621621622,-0.7567567567567568,-1.2432432432432434,-2.0,-0.7567567567567566,0.0,0.0,68,22,46,0,-13,33,13,33,1,0,1,1,0.9736842105263158,0.9736842105263158,0.0,0.0,46,0,0.0,0.9736842105263158,0.0695488721804511,0.0286377708978328,,0,0.2,5,,0,2.2,5,0.2,2.6,-2.4,1.6,0.4,1.2,-1.4000000000000001,-2.2,-3.5999999999999996
2022-08-05,2022/23,Crystal Palace,Arsenal,0,2,A,,,,,0,0,0,0,0,0,1,1,4,1,2,2,,,,,,,,,,,,,0,0,0,0,0,0,0,0,0,0,38,38,0.0,0.0,0.0,0.0,0,0,0.0,0.0,0.0,0.0,1.263157894736842,1,2.0,5,1.8157894736842104,1,1.8,5,1.4,1.0,0.4,1.8,1.6,0.2,-0.40000000000000013,0.6000000000000001,0.2
2022-08-06,2022/23,Bournemouth,Aston Villa,2,0,H,,,,,0,0,0,0,0,0,2,2,0,0,0,0,,,,,,,,,,,,,3,3,0,0,0,0,0,0,0,0,38,38,0.0,0.0,0.0,0.0,0,0,0.0,0.0,0.0,0.0,,0,,0,1.1842105263157894,1,1.0,5,,,,1.6,1.6,0.0,,,
2022-08-06,2022/23,Leeds United,Wolverhampton Wanderers,2,1,H,,,,,0,0,0,0,0,0,2,2,4,1,2,2,,,,,,,,,,,,,3,3,0,0,0,0,0,0,0,1,38,38,0.0,0.0,0.0,0.0,0,0,0.0,0.0,0.0,0.0,1.0,1,0.8,5,1.3421052631578947,1,0.4,5,0.8,2.2,-1.4,1.0,2.8,-1.8,-0.19999999999999996,0.5999999999999996,0.40000000000000013
2022-08-06,2022/23,Fulham,Liverpool,2,2,D,,,,,0,0,0,0,0,0,2,2,0,0,0,0,,,,,,,,,,,,,3,3,0,0,0,0,0,0,0,0,38,38,0.0,0.0,0.0,0.0,0,0,0.0,0.0,0.0,0.0,,0,,0,2.421052631578948,1,2.6,5,,,,1.8,0.8,1.0,,,
2022-08-06,2022/23,Everton,Chelsea,0,1,A,,,,,0,0,0,0,0,0,2,2,4,1,2,2,,,,,,,,,,,,,3,3,0,0,0,0,0,0,0,0,38,38,0.0,0.0,0.0,0.0,0,0,0.0,0.0,0.0,0.0,1.0263157894736843,1,1.4,5,1.947368421052632,1,1.6,5,1.6,2.2,-0.6,1.6,1.0,0.6,0.0,-1.2000000000000002,-1.2
2022-08-06,2022/23,Newcastle United,Nottingham Forest,2,0,H,,,,,0,0,0,0,0,0,2,2,0,0,0,0,,,,,,,,,,,,,3,3,0,0,0,0,0,0,0,0,38,38,0.0,0.0,0.0,0.0,0,0,0.0,0.0,0.0,0.0,1.2894736842105263,1,1.8,5,,0,,0,1.4,1.4,0.0,,,,,,
2022-08-06,2022/23,Tottenham Hotspur,Southampton,4,1,H,,,,,0,0,0,0,0,0,2,2,1,4,2,2,,,,,,,,,,,,,3,3,0,0,0,0,0,0,0,0,38,38,0.0,0.0,0.0,0.0,0,0,0.0,0.0,0.0,0.0,1.868421052631579,1,2.6,5,1.0526315789473684,1,0.2,5,2.6,0.4,2.2,1.0,2.6,-1.6,1.6,2.2,3.8000000000000003
2022-08-07,2022/23,Leicester City,Brentford,2,2,D,,,,,0,0,0,0,0,0,9,9,6,0,2,2,,,,,,,,,,,,,3,3,3,3,0,0,0,0,0,0,38,38,0.0,0.0,0.0,0.0,3,3,0.0,0.0,0.0,0.0,1.368421052631579,1,2.0,5,1.2105263157894737,1,1.4,5,2.8,1.0,1.8,1.4,1.4,0.0,1.4,0.3999999999999999,1.8
2022-08-07,2022/23,Manchester United,Brighton,1,2,A,,,,,0,0,0,0,0,0,9,9,3,3,2,2,,,,,,,,,,,,,3,3,3,3,0,0,0,0,0,0,38,38,0.0,0.0,0.0,0.0,3,3,0.0,0.0,0.0,0.0,1.5263157894736843,1,0.8,5,1.3421052631578947,1,2.2,5,1.0,1.8,-0.8,2.6,0.8,1.8,-1.6,-1.0,-2.6
2022-08-07,2022/23,West Ham United,Manchester City,0,2,A,,,,,0,0,0,0,0,0,9,9,1,4,2,2,,,,,,,,,,,,,3,3,3,3,0,0,0,0,0,0,38,38,0.0,0.0,0.0,0.0,3,3,0.0,0.0,0.0,0.0,1.4736842105263157,1,0.8,5,2.4473684210526314,1,2.6,5,1.6,1.6,0.0,3.8,1.0,2.8,-2.1999999999999997,-0.6000000000000001,-2.8
2022-08-13,2022/23,Aston Villa,Everton,2,1,H,,,,,1,1,0,0,0,0,16,15,6,0,2,2,0.0,,,0.0,,,,0.0,,,,,3,3,3,3,0,0,0,0,0,0,37,37,0.0263157894736842,0.0263157894736842,0.006578947368421,0.006578947368421,3,3,0.006578947368421,0.006578947368421,0.0263157894736842,0.0263157894736842,1.1842105263157894,1,0.4,5,1.0263157894736843,1,0.8,5,1.0,1.8,-0.8,1.2,2.2,-1.0,-0.19999999999999996,0.40000000000000013,0.19999999999999996
2022-08-13,2022/23,Arsenal,Leicester City,4,2,H,,,,,1,1,3,1,2,0,2,9,6,0,2,2,3.0,,,1.0,,,,2.0,,,,,0,2,0,2,3,1,3,1,0,0,37,37,0.0263157894736842,0.0263157894736842,0.0263157894736842,0.0087719298245614,0,2,0.0263157894736842,0.0087719298245614,0.006578947368421,0.0131578947368421,1.8157894736842104,1,1.8,5,1.368421052631579,1,2.2,5,1.8,1.4,0.4,3.0,1.0,2.0,-1.2,-0.3999999999999999,-1.6
2022-08-13,2022/23,Brighton,Newcastle United,0,0,D,,,,,1,1,3,3,0,0,6,2,1,4,2,2,3.0,,,3.0,,,,0.0,,,,,0,0,0,0,3,3,3,3,0,0,37,37,0.0263157894736842,0.0263157894736842,0.0263157894736842,0.0263157894736842,0,0,0.0263157894736842,0.0263157894736842,0.006578947368421,0.006578947368421,1.3421052631578947,1,2.6,5,1.2894736842105263,1,1.8,5,2.6,0.6,2.0,1.2,1.4,-0.2,1.4000000000000001,0.7999999999999999,2.2
2022-08-13,2022/23,Manchester City,Bournemouth,4,0,H,,,,,1,1,3,3,0,0,2,2,0,0,0,0,3.0,,,3.0,,,,0.0,,,,,0,0,0,0,3,3,3,3,0,0,37,37,0.0263157894736842,0.0263157894736842,0.0263157894736842,0.0263157894736842,0,0,0.0263157894736842,0.0263157894736842,0.006578947368421,0.006578947368421,2.4473684210526314,1,2.6,5,,0,3.0,1,3.4,1.0,2.4,2.0,0.0,2.0,1.4,-1.0,0.3999999999999999
2022-08-13,2022/23,Southampton,Leeds United,2,2,D,,,,,1,1,0,3,-3,0,20,6,4,1,2,2,0.0,,,3.0,,,,-3.0,,,,,3,0,3,0,0,3,0,3,1,0,37,37,0.0263157894736842,0.0263157894736842,0.006578947368421,0.0263157894736842,3,0,0.006578947368421,0.0263157894736842,0.0263157894736842,0.006578947368421,1.0526315789473684,1,0.0,5,1.0,1,1.4,5,0.8,3.0,-2.2,1.2,1.6,-0.4,-0.3999999999999999,-1.4,-1.8000000000000003
2022-08-13,2022/23,Wolverhampton Wanderers,Fulham,0,0,D,,,,,1,1,0,1,-1,0,13,9,0,0,0,0,0.0,,,1.0,,,,-1.0,,,,,3,2,3,2,0,1,0,1,0,0,37,37,0.0263157894736842,0.0263157894736842,0.006578947368421,0.0087719298245614,3,2,0.006578947368421,0.0087719298245614,0.0263157894736842,0.0131578947368421,1.3421052631578947,1,0.4,5,,0,1.0,1,1.2,2.6,-1.4,2.0,2.0,0.0,-0.8,-0.6000000000000001,-1.4
2022-08-13,2022/23,Brentford,Manchester United,4,0,H,,,,,1,1,1,0,1,0,9,13,0,6,2,2,1.0,,,0.0,,,,1.0,,,,,2,3,2,3,1,0,1,0,0,0,37,37,0.0263157894736842,0.0263157894736842,0.0087719298245614,0.006578947368421,2,3,0.0087719298245614,0.006578947368421,0.0131578947368421,0.0263157894736842,1.2105263157894737,1,1.4,5,1.5263157894736843,1,0.8,5,1.8,1.8,0.0,1.0,1.6,-0.6,0.8,-0.19999999999999996,0.6
2022-08-14,2022/23,Nottingham Forest,West Ham United,1,0,H,,,,,1,1,0,0,0,0,17,17,0,0,0,0,0.0,,,0.0,,,,0.0,,,,,6,6,4,4,0,0,0,0,1,1,37,37,0.0263157894736842,0.0263157894736842,0.0037593984962406,0.0037593984962406,4,4,0.0052631578947368,0.0052631578947368,0.0263157894736842,0.0263157894736842,,0,0.0,1,1.4736842105263157,1,0.8,5,0.0,2.0,-2.0,1.6,1.8,-0.2,-1.6,-0.19999999999999996,-1.8
2022-08-14,2022/23,Chelsea,Tottenham Hotspur,2,2,D,,,,,1,1,3,3,0,0,8,7,6,0,2,2,3.0,,,3.0,,,,0.0,,,,,3,3,1,1,3,3,3,3,0,0,37,37,0.0263157894736842,0.0263157894736842,0.006578947368421,0.006578947368421,1,1,0.0131578947368421,0.0131578947368421,0.006578947368421,0.006578947368421,1.947368421052632,1,2.2,5,1.868421052631579,1,2.6,5,1.8,0.8,1.0,2.8,0.4,2.4,-0.9999999999999998,-0.4,-1.4
2022-08-15,2022/23,Liverpool,Crystal Palace,1,1,D,,,,,1,1,1,0,1,0,13,18,6,0,2,2,1.0,,,0.0,,,,1.0,,,,,5,6,3,4,1,0,1,0,0,1,37,37,0.0263157894736842,0.0263157894736842,0.0043859649122807,0.0037593984962406,3,4,0.006578947368421,0.0052631578947368,0.0131578947368421,0.0263157894736842,2.421052631578948,1,2.2,5,1.263157894736842,1,1.4,5,2.0,1.2,0.8,1.0,1.2,-0.2,1.0,0.0,1.0
2022-08-20,2022/23,Tottenham Hotspur,Wolverhampton Wanderers,1,0,H,,,,,2,2,4,1,3,0,4,14,3,3,2,2,2.0,,,0.5,,,,1.5,,,,,2,5,0,3,4,1,4,1,0,0,36,36,0.0526315789473684,0.0526315789473684,0.0175438596491228,0.0087719298245614,0,3,0.0526315789473684,0.0131578947368421,0.0105263157894736,0.0263157894736842,1.868421052631579,1,2.6,5,1.3421052631578947,1,0.4,5,3.0,0.6,2.4,0.8,2.2,-1.4,2.2,1.6,3.8
2022-08-20,2022/23,Crystal Palace,Aston Villa,3,1,H,,,,,2,2,1,3,-2,0,16,9,1,4,2,2,0.5,,,1.5,,,,-1.0,,,,,5,3,3,1,1,3,1,3,0,0,36,36,0.0526315789473684,0.0526315789473684,0.0087719298245614,0.0131578947368421,3,1,0.0131578947368421,0.0263157894736842,0.0263157894736842,0.0131578947368421,1.263157894736842,1,1.0,5,1.1842105263157894,1,1.0,5,1.0,1.4,-0.4,1.2,1.6,-0.4,-0.19999999999999996,0.20000000000000018,0.0
2022-08-20,2022/23,Everton,Nottingham Forest,1,1,D,,,,,2,2,0,3,-3,0,18,10,0,0,0,0,0.0,,,1.5,,,,-1.5,,,,,6,3,4,1,0,3,1,3,1,0,36,36,0.0526315789473684,0.0526315789473684,0.0075187969924812,0.0131578947368421,4,1,0.0105263157894736,0.0263157894736842,0.0263157894736842,0.0131578947368421,1.0263157894736843,1,0.6,5,,0,1.5,2,1.4,2.6,-1.2,0.5,1.0,-0.5,0.8999999999999999,-1.6,-0.7
2022-08-20,2022/23,Fulham,Brentford,3,2,H,,,,,2,2,2,4,-2,0,13,3,0,0,0,0,1.0,,,2.0,,,,-1.0,,,,,4,2,2,0,2,4,2,4,0,0,36,36,0.0526315789473684,0.0526315789473684,0.0105263157894736,0.0175438596491228,2,0,0.0175438596491228,0.0526315789473684,0.0175438596491228,0.0105263157894736,,0,1.0,2,1.2105263157894737,1,2.0,5,1.0,1.0,0.0,2.6,1.2,1.4,-1.6,0.19999999999999996,-1.4
2022-08-20,2022/23,Leicester City,Southampton,1,2,A,,,,,2,2,1,1,0,0,15,17,4,1,2,2,0.5,,,0.5,,,,0.0,,,,,5,5,3,3,1,1,1,1,0,0,36,36,0.0526315789473684,0.0526315789473684,0.0087719298245614,0.0087719298245614,3,3,0.0131578947368421,0.0131578947368421,0.0263157894736842,0.0263157894736842,1.368421052631579,1,1.6,5,1.0526315789473684,1,0.2,5,2.8,1.8,1.0,1.0,3.0,-2.0,1.7999999999999998,1.2,3.0
2022-08-20,2022/23,Bournemouth,Arsenal,0,3,A,,,,,2,2,3,6,-3,0,11,2,0,0,0,0,1.5,,,3.0,,,,-1.5,,,,,3,0,1,-2,3,6,3,6,0,0,36,36,0.0526315789473684,0.0526315789473684,0.0131578947368421,0.0526315789473684,1,2,0.0263157894736842,0.0175438596491228,0.0131578947368421,0.0075187969924812,,0,1.5,2,1.8157894736842104,1,1.8,5,1.0,2.0,-1.0,2.2,1.6,0.6,-1.2000000000000002,-0.3999999999999999,-1.6
2022-08-21,2022/23,Leeds United,Chelsea,3,0,H,,,,,2,2,4,4,0,0,7,8,0,6,2,2,2.0,,,2.0,,,,0.0,,,,,5,5,1,1,3,3,3,3,0,0,36,36,0.0526315789473684,0.0526315789473684,0.0087719298245614,0.0087719298245614,1,1,0.0263157894736842,0.0263157894736842,0.0131578947368421,0.0131578947368421,1.0,1,1.6,5,1.947368421052632,1,2.2,5,1.4,1.6,-0.2,1.8,0.8,1.0,-0.40000000000000013,-0.8,-1.2
2022-08-21,2022/23,West Ham United,Brighton,0,2,A,,,,,2,2,0,4,-4,0,19,9,1,4,2,2,0.0,,,2.0,,,,-2.0,,,,,9,5,5,1,-1,3,1,3,1,0,36,36,0.0526315789473684,0.0526315789473684,0.0052631578947368,0.0087719298245614,5,1,0.0087719298245614,0.0263157894736842,0.0263157894736842,0.0131578947368421,1.4736842105263157,1,0.8,5,1.3421052631578947,1,2.2,5,1.4,1.6,-0.2,2.0,0.6,1.4,-0.6000000000000001,-1.0,-1.5999999999999999
2022-08-21,2022/23,Newcastle United,Manchester City,3,3,D,,,,,2,2,4,6,-2,0,6,3,0,6,2,2,2.0,,,3.0,,,,-1.0,,,,,5,3,1,-1,3,5,3,5,0,0,36,36,0.0526315789473684,0.0526315789473684,0.0087719298245614,0.0131578947368421,1,1,0.0263157894736842,0.0263157894736842,0.0131578947368421,0.0087719298245614,1.2894736842105263,1,2.0,5,2.4473684210526314,1,2.6,5,1.2,1.2,0.0,3.2,1.0,2.2,-2.0,-0.19999999999999996,-2.2
2022-08-22,2022/23,Manchester United,Liverpool,2,1,H,,,,,2,2,0,2,-2,0,19,15,0,6,2,2,0.0,,,1.0,,,,-1.0,,,,,9,7,7,5,-1,1,1,1,1,0,36,36,0.0526315789473684,0.0526315789473684,0.0052631578947368,0.006578947368421,7,5,0.006578947368421,0.0087719298245614,0.0263157894736842,0.0263157894736842,1.5263157894736843,1,0.6,5,2.421052631578948,1,2.2,5,0.8,2.2,-1.4,2.0,1.2,0.8,-1.2,-1.0000000000000002,-2.2
2022-08-27,2022/23,Southampton,Manchester United,0,1,A,,,,,3,3,4,3,1,0,11,14,2,2,2,2,1.3333333333333333,,,1.0,,,,0.3333333333333332,,,,,5,6,3,4,3,2,3,2,0,0,35,35,0.0789473684210526,0.0789473684210526,0.0131578947368421,0.0112781954887218,3,4,0.0197368421052631,0.0157894736842105,0.0197368421052631,0.0263157894736842,1.0526315789473684,1,0.8,5,1.5263157894736843,1,0.6,5,1.4,2.6,-1.2,0.6,2.4,-1.8,0.7999999999999999,-0.20000000000000018,0.6000000000000001
2022-08-27,2022/23,Brentford,Everton,1,1,D,,,,,3,3,4,1,3,0,8,17,6,0,2,2,1.3333333333333333,,,0.3333333333333333,,,,1.0,,,,,5,8,3,6,3,0,3,0,0,0,35,35,0.0789473684210526,0.0789473684210526,0.0131578947368421,0.0087719298245614,3,6,0.0197368421052631,0.0112781954887218,0.0197368421052631,0.0789473684210526,1.2105263157894737,1,1.4,5,1.0263157894736843,1,0.8,5,2.4,1.8,0.6,1.2,2.2,-1.0,1.2,0.40000000000000013,1.6
2022-08-27,2022/23,Brighton,Leeds United,1,0,H,,,,,3,3,7,7,0,0,5,3,2,2,2,2,2.333333333333333,,,2.333333333333333,,,,0.0,,,,,2,2,0,0,6,6,6,6,0,0,35,35,0.0789473684210526,0.0789473684210526,0.0263157894736842,0.0263157894736842,0,0,0.0789473684210526,0.0789473684210526,0.0112781954887218,0.0112781954887218,1.3421052631578947,1,2.2,5,1.0,1,2.2,5,1.6,0.6,1.0,2.0,1.0,1.0,-0.3999999999999999,0.4,0.0
2022-08-27,2022/23,Chelsea,Leicester City,2,1,H,,,,,3,3,4,1,3,0,12,19,4,1,2,2,1.3333333333333333,,,0.3333333333333333,,,,1.0,,,,,5,8,3,6,3,0,3,0,0,1,35,35,0.0789473684210526,0.0789473684210526,0.0131578947368421,0.0087719298245614,3,6,0.0197368421052631,0.0112781954887218,0.0197368421052631,0.0789473684210526,1.947368421052632,1,1.6,5,1.368421052631579,1,1.0,5,1.2,1.4,-0.2,2.0,2.0,0.0,-0.8,0.6000000000000001,-0.2
2022-08-27,2022/23,Liverpool,Bournemouth,9,0,H,,,,,3,3,2,3,-1,0,16,15,0,0,0,0,0.6666666666666666,,,1.0,,,,-0.3333333333333333,,,,,7,6,5,4,1,2,1,2,0,0,35,35,0.0789473684210526,0.0789473684210526,0.0098684210526315,0.0112781954887218,5,4,0.0131578947368421,0.0157894736842105,0.0394736842105263,0.0263157894736842,2.421052631578948,1,1.6,5,,0,1.0,3,1.8,1.4,0.4,0.6666666666666666,2.3333333333333335,-1.6666666666666667,1.1333333333333333,0.9333333333333336,2.066666666666667
2022-08-27,2022/23,Manchester City,Crystal Palace,4,2,H,,,,,3,3,7,4,3,0,2,9,1,4,2,2,2.333333333333333,,,1.3333333333333333,,,,1.0000000000000002,,,,,2,5,0,3,6,3,6,3,0,0,35,35,0.0789473684210526,0.0789473684210526,0.0263157894736842,0.0131578947368421,0,3,0.0789473684210526,0.0197368421052631,0.0112781954887218,0.0197368421052631,2.4473684210526314,1,2.2,5,1.263157894736842,1,1.4,5,2.8,1.4,1.4,1.4,1.4,0.0,1.4,0.0,1.4
2022-08-27,2022/23,Arsenal,Fulham,2,1,H,,,,,3,3,9,5,4,0,1,7,0,0,0,0,3.0,,,1.6666666666666667,,,,1.3333333333333333,,,,,0,4,-2,2,8,4,8,4,0,0,35,35,0.0789473684210526,0.0789473684210526,0.0789473684210526,0.0157894736842105,2,2,0.0263157894736842,0.0263157894736842,0.0087719298245614,0.0157894736842105,1.8157894736842104,1,2.4,5,,0,1.6666666666666667,3,2.8,1.0,1.8,1.6666666666666667,1.3333333333333333,0.3333333333333333,1.133333333333333,0.33333333333333326,1.4666666666666668
2022-08-28,2022/23,Aston Villa,West Ham United,0,1,A,,,,,3,3,3,0,3,0,15,20,0,6,2,2,1.0,,,0.0,,,,1.0,,,,,9,12,4,7,2,-1,2,2,0,1,35,35,0.0789473684210526,0.0789473684210526,0.0078947368421052,0.0060728744939271,4,7,0.0157894736842105,0.0098684210526315,0.0263157894736842,0.0263157894736842,1.1842105263157894,1,0.8,5,1.4736842105263157,1,0.2,5,1.2,2.0,-0.8,0.6,2.0,-1.4,0.6,0.0,0.5999999999999999
2022-08-28,2022/23,Wolverhampton Wanderers,Newcastle United,1,1,D,,,,,3,3,1,5,-4,0,18,10,3,3,2,2,0.3333333333333333,,,1.6666666666666667,,,,-1.3333333333333337,,,,,11,7,6,2,0,4,1,4,1,0,35,35,0.0789473684210526,0.0789473684210526,0.006578947368421,0.0098684210526315,6,2,0.0112781954887218,0.0263157894736842,0.0394736842105263,0.0157894736842105,1.3421052631578947,1,0.4,5,1.2894736842105263,1,2.2,5,0.6,1.4,-0.8,1.8,0.8,1.0,-1.2000000000000002,-0.5999999999999999,-1.8
2022-08-28,2022/23,Nottingham Forest,Tottenham Hotspur,0,2,A,,,,,3,3,4,7,-3,0,12,4,0,0,0,0,1.3333333333333333,,,2.333333333333333,,,,-1.0000000000000002,,,,,8,5,3,0,3,6,3,6,0,0,35,35,0.0789473684210526,0.0789473684210526,0.0087719298245614,0.0131578947368421,3,0,0.0197368421052631,0.0789473684210526,0.0197368421052631,0.0112781954887218,,0,1.3333333333333333,3,1.868421052631579,1,2.6,5,0.6666666666666666,1.0,-0.3333333333333333,2.6,0.6,2.0,-1.9333333333333336,-0.4,-2.3333333333333335
2022-08-30,2022/23,Crystal Palace,Brentford,1,1,D,,,,,4,4,4,5,-1,0,12,10,2,2,2,2,1.0,,,1.25,,,,-0.25,,,,,8,7,6,5,2,3,2,3,0,0,34,34,0.1052631578947368,0.1052631578947368,0.0116959064327485,0.0131578947368421,6,5,0.0150375939849624,0.0175438596491228,0.0350877192982456,0.0263157894736842,1.263157894736842,1,1.4,5,1.2105263157894737,1,1.0,5,1.4,1.6,-0.2,2.0,1.6,0.4,-0.6000000000000001,0.0,-0.6000000000000001
2022-08-30,2022/23,Fulham,Brighton,2,1,H,,,,,4,4,5,10,-5,0,11,4,0,0,0,0,1.25,,,2.5,,,,-1.25,,,,,7,2,5,0,3,8,3,8,0,0,34,34,0.1052631578947368,0.1052631578947368,0.0131578947368421,0.0350877192982456,5,0,0.0175438596491228,0.1052631578947368,0.0263157894736842,0.0116959064327485,,0,1.25,4,1.3421052631578947,1,2.6,5,1.5,1.5,0.0,1.6,0.4,1.2,-0.10000000000000009,-1.1,-1.2
2022-08-30,2022/23,Southampton,Chelsea,2,1,H,,,,,4,4,4,7,-3,0,13,6,0,6,2,2,1.0,,,1.75,,,,-0.75,,,,,8,5,6,3,2,5,2,5,0,0,34,34,0.1052631578947368,0.1052631578947368,0.0116959064327485,0.0175438596491228,6,3,0.0150375939849624,0.0263157894736842,0.0350877192982456,0.0175438596491228,1.0526315789473684,1,0.8,5,1.947368421052632,1,2.0,5,1.2,2.4,-1.2,1.4,1.4,0.0,-0.19999999999999996,-1.0,-1.2
2022-08-30,2022/23,Leeds United,Everton,1,1,D,,,,,4,4,7,2,5,0,5,18,1,4,2,2,1.75,,,0.5,,,,1.25,,,,,5,10,3,8,5,0,5,1,0,1,34,34,0.1052631578947368,0.1052631578947368,0.0175438596491228,0.0095693779904306,3,8,0.0263157894736842,0.0116959064327485,0.0175438596491228,0.0526315789473684,1.0,1,2.0,5,1.0263157894736843,1,0.4,5,1.8,1.0,0.8,0.8,2.0,-1.2,1.0,1.0,2.0
2022-08-31,2022/23,West Ham United,Tottenham Hotspur,1,1,D,,,,,4,4,3,10,-7,0,17,3,3,3,2,2,0.75,,,2.5,,,,-1.75,,,,,9,2,7,0,0,7,0,7,0,0,34,34,0.1052631578947368,0.1052631578947368,0.0105263157894736,0.0350877192982456,7,0,0.0131578947368421,0.1052631578947368,0.1052631578947368,0.0131578947368421,1.4736842105263157,1,0.6,5,1.868421052631579,1,2.6,5,0.4,1.6,-1.2,2.8,0.6,2.2,-2.4,-1.0,-3.4000000000000004
2022-08-31,2022/23,Liverpool,Newcastle United,2,1,H,,,,,4,4,5,6,-1,0,12,10,6,0,2,2,1.25,,,1.5,,,,-0.25,,,,,7,6,5,4,2,3,2,3,0,0,34,34,0.1052631578947368,0.1052631578947368,0.0131578947368421,0.0150375939849624,5,4,0.0175438596491228,0.0210526315789473,0.0350877192982456,0.0263157894736842,2.421052631578948,1,1.6,5,1.2894736842105263,1,1.8,5,3.2,1.2,2.0,1.6,1.0,0.6,1.6,-0.19999999999999996,1.4
2022-08-31,2022/23,Bournemouth,Wolverhampton Wanderers,0,0,D,,,,,4,4,3,2,1,0,18,19,0,0,0,0,0.75,,,0.5,,,,0.25,,,,,9,10,7,8,0,-1,0,1,1,1,34,34,0.1052631578947368,0.1052631578947368,0.0105263157894736,0.0095693779904306,7,8,0.0131578947368421,0.0116959064327485,0.1052631578947368,0.0526315789473684,,0,0.75,4,1.3421052631578947,1,0.4,5,0.5,4.0,-3.5,0.6,1.4,-0.8,-0.09999999999999998,-2.6,-2.7
2022-08-31,2022/23,Manchester City,Nottingham Forest,6,0,H,,,,,4,4,10,4,6,0,2,14,0,0,0,0,2.5,,,1.0,,,,1.5,,,,,2,8,0,6,7,1,7,1,0,0,34,34,0.1052631578947368,0.1052631578947368,0.0350877192982456,0.0116959064327485,0,6,0.1052631578947368,0.0150375939849624,0.0131578947368421,0.0526315789473684,2.4473684210526314,1,2.6,5,,0,1.0,4,3.2,1.4,1.8,0.5,1.25,-0.75,2.7,-0.1499999999999999,2.55
2022-08-31,2022/23,Arsenal,Aston Villa,2,1,H,,,,,4,4,12,3,9,0,1,16,6,0,2,2,3.0,,,0.75,,,,2.25,,,,,0,9,-2,7,9,0,9,0,0,0,34,34,0.1052631578947368,0.1052631578947368,0.1052631578947368,0.0105263157894736,2,7,0.0350877192982456,0.0131578947368421,0.0105263157894736,0.1052631578947368,1.8157894736842104,1,3.0,5,1.1842105263157894,1,0.6,5,3.2,0.8,2.4,1.0,2.0,-1.0,2.2,1.2,3.4
2022-09-01,2022/23,Leicester City,Manchester United,0,1,A,,,,,4,4,1,6,-5,0,20,12,4,1,2,2,0.25,,,1.5,,,,-1.25,,,,,14,9,9,4,-2,3,2,3,1,0,34,34,0.1052631578947368,0.1052631578947368,0.0070175438596491,0.0105263157894736,9,4,0.0105263157894736,0.0210526315789473,0.0350877192982456,0.0263157894736842,1.368421052631579,1,0.8,5,1.5263157894736843,1,1.2,5,2.0,2.2,-0.2,0.8,1.6,-0.8,1.2,-0.6000000000000001,0.6000000000000001
2022-09-03,2022/23,Everton,Liverpool,0,0,D,3.0,8.0,,,5,5,3,8,-5,0,17,6,0,6,2,2,0.6,0.6,0.0,1.6,1.6,0.0,0.0,-1.0,-1.0,0.0,0.0,0.0,12,7,7,2,0,5,0,5,0,0,33,33,0.131578947368421,0.131578947368421,0.0101214574898785,0.0164473684210526,7,2,0.0164473684210526,0.043859649122807,0.131578947368421,0.0219298245614035,1.0263157894736843,1,0.6,5,2.421052631578948,1,1.6,5,0.8,1.2,-0.4,3.0,1.2,1.8,-2.2,0.0,-2.2
2022-09-03,2022/23,Brentford,Leeds United,5,2,H,6.0,8.0,,,5,5,6,8,-2,0,11,7,1,4,2,2,1.2,1.2,0.0,1.6,1.6,0.0,0.0,-0.4000000000000001,-0.4000000000000001,0.0,0.0,0.0,9,7,4,2,3,5,3,5,0,0,33,33,0.131578947368421,0.131578947368421,0.0131578947368421,0.0164473684210526,4,2,0.0263157894736842,0.043859649122807,0.0328947368421052,0.0219298245614035,1.2105263157894737,1,1.2,5,1.0,1,1.6,5,2.0,1.4,0.6,1.6,1.0,0.6,0.3999999999999999,-0.3999999999999999,0.0
2022-09-03,2022/23,Chelsea,West Ham United,2,1,H,7.0,4.0,,,5,5,7,4,3,0,10,14,3,3,2,2,1.4,1.4,0.0,0.8,0.8,0.0,0.0,0.5999999999999999,0.5999999999999999,0.0,0.0,0.0,8,11,3,6,4,1,4,1,0,0,33,33,0.131578947368421,0.131578947368421,0.0146198830409356,0.0109649122807017,3,6,0.0328947368421052,0.018796992481203,0.0263157894736842,0.0657894736842105,1.947368421052632,1,1.4,5,1.4736842105263157,1,0.8,5,1.2,1.6,-0.4,0.4,1.2,-0.8,0.7999999999999999,-0.40000000000000013,0.4
2022-09-03,2022/23,Newcastle United,Crystal Palace,0,0,D,6.0,5.0,,,5,5,6,5,1,0,12,13,4,1,2,2,1.2,1.2,0.0,1.0,1.0,0.0,0.0,0.1999999999999999,0.1999999999999999,0.0,0.0,0.0,9,10,4,5,3,2,3,2,0,0,33,33,0.131578947368421,0.131578947368421,0.0131578947368421,0.0119617224880382,4,5,0.0263157894736842,0.0219298245614035,0.0328947368421052,0.043859649122807,1.2894736842105263,1,1.2,5,1.263157894736842,1,1.0,5,1.4,1.2,0.2,1.4,1.8,-0.4,0.0,0.6000000000000001,0.6000000000000001
2022-09-03,2022/23,Nottingham Forest,Bournemouth,2,3,A,4.0,4.0,,,5,5,4,4,0,0,15,16,0,0,0,0,0.8,0.8,0.0,0.8,0.8,0.0,0.0,0.0,0.0,0.0,0.0,0.0,11,11,6,6,1,1,1,1,0,0,33,33,0.131578947368421,0.131578947368421,0.0109649122807017,0.0109649122807017,6,6,0.018796992481203,0.018796992481203,0.0657894736842105,0.0657894736842105,,0,0.8,5,,0,0.8,5,0.4,2.2,-1.8,0.4,3.2,-2.8,0.0,1.0,0.9999999999999998
2022-09-03,2022/23,Tottenham Hotspur,Fulham,2,1,H,11.0,8.0,,,5,5,11,8,3,0,3,8,0,0,0,0,2.2,2.2,0.0,1.6,1.6,0.0,0.0,0.6000000000000001,0.6000000000000001,0.0,0.0,0.0,4,7,-1,2,8,5,8,5,0,0,33,33,0.131578947368421,0.131578947368421,0.0263157894736842,0.0164473684210526,1,2,0.0657894736842105,0.043859649122807,0.0146198830409356,0.0219298245614035,1.868421052631579,1,2.2,5,,0,1.6,5,2.0,0.8,1.2,1.6,1.4,0.2,0.3999999999999999,0.5999999999999999,1.0
2022-09-03,2022/23,Wolverhampton Wanderers,Southampton,1,0,H,3.0,7.0,,,5,5,3,7,-4,0,18,9,6,0,2,2,0.6,0.6,0.0,1.4,1.4,0.0,0.0,-0.7999999999999999,-0.7999999999999999,0.0,0.0,0.0,12,8,7,3,0,4,0,4,1,0,33,33,0.131578947368421,0.131578947368421,0.0101214574898785,0.0146198830409356,7,3,0.0164473684210526,0.0328947368421052,0.131578947368421,0.0263157894736842,1.3421052631578947,1,0.6,5,1.0526315789473684,1,1.4,5,0.4,0.8,-0.4,1.4,1.8,-0.4,-0.9999999999999999,1.0,0.0
2022-09-03,2022/23,Aston Villa,Manchester City,1,1,D,3.0,13.0,,,5,5,3,13,-10,0,19,2,0,6,2,2,0.6,0.6,0.0,2.6,2.6,0.0,0.0,-2.0,-2.0,0.0,0.0,0.0,12,2,7,-3,0,10,0,10,1,0,33,33,0.131578947368421,0.131578947368421,0.0101214574898785,0.043859649122807,7,3,0.0164473684210526,0.0328947368421052,0.131578947368421,0.0119617224880382,1.1842105263157894,1,0.6,5,2.4473684210526314,1,2.6,5,0.8,1.8,-1.0,3.8,1.0,2.8,-3.0,-0.8,-3.8
2022-09-04,2022/23,Brighton,Leicester City,5,2,H,10.0,1.0,,,5,5,10,1,9,0,4,20,4,1,2,2,2.0,2.0,0.0,0.2,0.2,0.0,0.0,1.8,1.8,0.0,0.0,0.0,5,14,0,9,6,-3,6,3,0,1,33,33,0.131578947368421,0.131578947368421,0.0219298245614035,0.0087719298245614,0,9,0.131578947368421,0.0131578947368421,0.018796992481203,0.0328947368421052,1.3421052631578947,1,2.0,5,1.368421052631579,1,0.2,5,1.2,0.6,0.6,1.2,2.2,-1.0,0.0,1.6,1.6
2022-09-04,2022/23,Manchester United,Arsenal,3,1,H,9.0,15.0,,,5,5,9,15,-6,0,8,1,3,3,2,2,1.8,1.8,0.0,3.0,3.0,0.0,0.0,-1.2,-1.2,0.0,0.0,0.0,6,0,1,-5,5,11,5,11,0,0,33,33,0.131578947368421,0.131578947368421,0.018796992481203,0.131578947368421,1,5,0.0657894736842105,0.0219298245614035,0.0219298245614035,0.0109649122807017,1.5263157894736843,1,1.8,5,1.8157894736842104,1,3.0,5,1.0,1.4,-0.4,2.6,0.8,1.8,-1.6,-0.5999999999999999,-2.2
2022-09-16,2022/23,Aston Villa,Southampton,1,0,H,4.0,7.0,,,6,6,4,7,-3,0,17,12,3,3,2,2,0.6666666666666666,0.8,0.1333333333333334,1.1666666666666667,1.4,0.2333333333333331,-0.0999999999999997,-0.5000000000000001,-0.5999999999999999,-0.0999999999999997,0.0,0.0,11,8,9,6,0,3,0,3,0,0,32,32,0.1578947368421052,0.1578947368421052,0.0131578947368421,0.0175438596491228,9,6,0.0157894736842105,0.0225563909774436,0.1578947368421052,0.0394736842105263,1.1842105263157894,1,0.8,5,1.0526315789473684,1,1.4,5,1.0,1.6,-0.6,1.2,1.2,0.0,-0.19999999999999996,-0.40000000000000013,-0.6
2022-09-16,2022/23,Nottingham Forest,Fulham,2,3,A,4.0,7.0,,,6,6,4,8,-4,0,19,10,0,0,0,0,0.6666666666666666,0.8,0.1333333333333334,1.3333333333333333,1.4,0.0666666666666666,0.0666666666666667,-0.6666666666666666,-0.5999999999999999,0.0666666666666667,0.0,0.0,11,7,9,5,0,4,0,4,1,0,32,32,0.1578947368421052,0.1578947368421052,0.0131578947368421,0.0197368421052631,9,5,0.0157894736842105,0.0263157894736842,0.1578947368421052,0.031578947368421,,0,0.8,5,,0,1.4,5,0.8,2.4,-1.6,1.4,1.4,0.0,-0.5999999999999999,-1.0,-1.6
2022-09-17,2022/23,Wolverhampton Wanderers,Manchester City,0,3,A,6.0,11.0,,,6,6,6,14,-8,0,15,2,0,6,2,2,1.0,1.2,0.1999999999999999,2.333333333333333,2.2,-0.1333333333333333,0.3333333333333332,-1.3333333333333337,-1.0000000000000002,0.3333333333333332,0.0,0.0,9,1,7,-1,2,10,2,10,0,0,32,32,0.1578947368421052,0.1578947368421052,0.0157894736842105,0.0789473684210526,7,1,0.0197368421052631,0.0789473684210526,0.0526315789473684,0.0143540669856459,1.3421052631578947,1,1.2,5,2.4473684210526314,1,2.2,5,0.4,0.4,0.0,3.6,1.2,2.4,-3.2,0.7999999999999999,-2.4
2022-09-17,2022/23,Newcastle United,Bournemouth,1,1,D,4.0,4.0,,,6,6,7,7,0,0,11,14,0,0,0,0,1.1666666666666667,0.8,-0.3666666666666667,1.1666666666666667,0.8,-0.3666666666666667,0.0,0.0,0.0,0.0,0.0,0.0,8,8,6,6,3,3,3,3,0,0,32,32,0.1578947368421052,0.1578947368421052,0.0175438596491228,0.0175438596491228,6,6,0.0225563909774436,0.0225563909774436,0.0394736842105263,0.0394736842105263,1.2894736842105263,1,0.8,5,,0,0.8,5,1.0,1.2,-0.2,0.6,3.6,-3.0,0.4,2.4000000000000004,2.8
2022-09-17,2022/23,Tottenham Hotspur,Leicester City,6,2,H,11.0,0.0,,,6,6,14,1,13,0,3,20,6,0,2,2,2.333333333333333,2.2,-0.1333333333333333,0.1666666666666666,0.0,-0.1666666666666666,0.0333333333333333,2.166666666666667,2.2,0.0333333333333332,0.0,0.0,1,14,-1,12,10,-3,10,3,0,1,32,32,0.1578947368421052,0.1578947368421052,0.0789473684210526,0.0105263157894736,1,12,0.0789473684210526,0.0121457489878542,0.0143540669856459,0.0394736842105263,1.868421052631579,1,2.2,5,1.368421052631579,1,0.0,5,1.6,0.8,0.8,1.2,2.8,-1.6,0.40000000000000013,1.9999999999999998,2.4000000000000004
2022-09-18,2022/23,Brentford,Arsenal,0,3,A,8.0,12.0,,,6,6,9,15,-6,0,9,3,3,3,2,2,1.5,1.6,0.1,2.5,2.4,-0.1,0.2000000000000001,-1.0,-0.7999999999999998,0.2000000000000001,0.0,0.0,8,2,4,-2,5,11,5,11,0,0,32,32,0.1578947368421052,0.1578947368421052,0.0175438596491228,0.0526315789473684,4,2,0.031578947368421,0.0526315789473684,0.0263157894736842,0.0131578947368421,1.2105263157894737,1,1.6,5,1.8157894736842104,1,2.4,5,2.6,1.4,1.2,2.4,1.4,1.0,0.20000000000000018,0.0,0.19999999999999996
2022-09-18,2022/23,Everton,West Ham United,1,0,H,4.0,4.0,,,6,6,4,4,0,0,17,18,0,6,2,2,0.6666666666666666,0.8,0.1333333333333334,0.6666666666666666,0.8,0.1333333333333334,0.0,0.0,0.0,0.0,0.0,0.0,13,13,9,9,0,0,0,0,0,1,32,32,0.1578947368421052,0.1578947368421052,0.0112781954887218,0.0112781954887218,9,9,0.0157894736842105,0.0157894736842105,0.1578947368421052,0.1578947368421052,1.0263157894736843,1,0.8,5,1.4736842105263157,1,0.8,5,0.8,1.0,-0.2,0.6,1.2,-0.6,0.20000000000000007,0.19999999999999996,0.39999999999999997
2022-10-01,2022/23,Arsenal,Tottenham Hotspur,3,1,H,12.0,13.0,,,7,7,18,17,1,0,1,3,3,3,2,2,2.571428571428572,2.4,-0.1714285714285717,2.4285714285714284,2.6,0.1714285714285717,-0.3428571428571434,0.1428571428571432,-0.2000000000000001,-0.3428571428571434,0.3428571428571434,-1.0,0,1,-5,-4,14,13,14,13,0,0,31,31,0.1842105263157894,0.1842105263157894,0.1842105263157894,0.0921052631578947,5,4,0.0307017543859649,0.0368421052631578,0.0122807017543859,0.0131578947368421,1.8157894736842104,1,2.4,5,1.868421052631579,1,2.6,5,2.2,1.0,1.2,2.4,0.8,1.6,-0.19999999999999973,-0.19999999999999996,-0.40000000000000013
2022-10-01,2022/23,Bournemouth,Brentford,0,0,D,5.0,5.0,,,7,7,8,9,-1,0,12,9,0,0,0,0,1.1428571428571428,1.0,-0.1428571428571428,1.2857142857142858,1.0,-0.2857142857142858,0.142857142857143,-0.142857142857143,0.0,0.142857142857143,0.0,0.0,10,9,5,4,4,5,4,5,0,0,31,31,0.1842105263157894,0.1842105263157894,0.0167464114832535,0.0184210526315789,5,4,0.0307017543859649,0.0368421052631578,0.0368421052631578,0.0307017543859649,,0,1.0,5,1.2105263157894737,1,1.0,5,0.8,3.0,-2.2,1.8,2.0,-0.2,-1.0,-1.0,-2.0
2022-10-01,2022/23,Crystal Palace,Chelsea,1,2,A,6.0,7.0,,,6,6,6,10,-4,0,16,7,0,6,2,2,1.0,1.2,0.1999999999999999,1.6666666666666667,1.4,-0.2666666666666668,0.4666666666666668,-0.6666666666666667,-0.1999999999999999,0.4666666666666668,0.0,0.0,12,8,7,3,2,6,2,6,0,0,32,32,0.1578947368421052,0.1578947368421052,0.0121457489878542,0.0175438596491228,7,3,0.0197368421052631,0.0394736842105263,0.0526315789473684,0.0225563909774436,1.263157894736842,1,1.2,5,1.947368421052632,1,1.4,5,1.4,1.4,0.0,1.4,1.8,-0.4,0.0,0.40000000000000013,0.4
2022-10-01,2022/23,Fulham,Newcastle United,1,4,A,9.0,4.0,,,7,7,11,8,3,0,6,10,0,0,0,0,1.5714285714285714,1.8,0.2285714285714286,1.1428571428571428,0.8,-0.3428571428571427,0.5714285714285714,0.4285714285714286,1.0,0.5714285714285714,0.0,0.0,7,10,2,5,7,4,7,4,0,0,31,31,0.1842105263157894,0.1842105263157894,0.0230263157894736,0.0167464114832535,2,5,0.0614035087719298,0.0307017543859649,0.0230263157894736,0.0368421052631578,,0,1.8,5,1.2894736842105263,1,0.8,5,2.0,1.8,0.2,1.2,1.4,-0.2,0.8,-0.40000000000000013,0.4
2022-10-01,2022/23,Liverpool,Brighton,3,3,D,8.0,10.0,,,6,6,9,13,-4,0,8,4,4,1,2,2,1.5,1.6,0.1,2.1666666666666665,2.0,-0.1666666666666665,0.2666666666666666,-0.6666666666666665,-0.3999999999999999,0.2666666666666666,0.0,0.0,9,5,4,0,5,9,5,9,0,0,32,32,0.1578947368421052,0.1578947368421052,0.0157894736842105,0.0263157894736842,4,0,0.031578947368421,0.1578947368421052,0.0263157894736842,0.0157894736842105,2.421052631578948,1,1.6,5,1.3421052631578947,1,2.0,5,2.6,0.8,1.8,1.8,0.8,1.0,0.8,0.0,0.8
2022-10-01,2022/23,Southampton,Everton,1,2,A,6.0,7.0,,,7,7,7,7,0,0,14,13,3,3,2,2,1.0,1.2,0.1999999999999999,1.0,1.4,0.3999999999999999,-0.1999999999999999,0.0,-0.1999999999999999,-0.1999999999999999,0.0,0.0,11,11,6,6,3,3,3,3,0,0,31,31,0.1842105263157894,0.1842105263157894,0.0153508771929824,0.0153508771929824,6,6,0.0263157894736842,0.0263157894736842,0.0460526315789473,0.0460526315789473,1.0526315789473684,1,1.2,5,1.0263157894736843,1,1.4,5,0.8,1.0,-0.2,0.8,0.6,0.2,0.0,-0.4,-0.4
2022-10-01,2022/23,West Ham United,Wolverhampton Wanderers,2,0,H,4.0,5.0,,,7,7,4,6,-2,0,18,17,3,3,2,2,0.5714285714285714,0.8,0.2285714285714286,0.8571428571428571,1.0,0.1428571428571429,0.0857142857142857,-0.2857142857142857,-0.1999999999999999,0.0857142857142857,0.0,0.0,14,12,9,7,0,2,2,2,1,0,31,31,0.1842105263157894,0.1842105263157894,0.0122807017543859,0.0141700404858299,9,7,0.0184210526315789,0.0230263157894736,0.0614035087719298,0.0614035087719298,1.4736842105263157,1,0.8,5,1.3421052631578947,1,1.0,5,0.6,1.2,-0.6,0.4,1.0,-0.6,0.19999999999999996,-0.19999999999999996,0.0
2022-10-02,2022/23,Manchester City,Manchester United,6,3,H,11.0,12.0,,,7,6,17,12,5,1,2,6,6,0,2,2,2.4285714285714284,2.2,-0.2285714285714282,2.0,2.4,0.3999999999999999,-0.6285714285714281,0.4285714285714284,-0.1999999999999997,-0.6285714285714281,0.6285714285714281,-1.0,4,9,-3,2,11,6,11,6,0,0,31,32,0.1842105263157894,0.1578947368421052,0.0368421052631578,0.0157894736842105,3,2,0.0460526315789473,0.0526315789473684,0.0153508771929824,0.0225563909774436,2.4473684210526314,1,2.2,5,1.5263157894736843,1,2.4,5,3.4,1.2,2.2,1.4,1.2,0.2,2.0,0.0,2.0
2022-10-02,2022/23,Leeds United,Aston Villa,0,0,D,5.0,4.0,,,6,7,8,7,1,-1,13,14,1,4,2,2,1.3333333333333333,1.0,-0.3333333333333332,1.0,0.8,-0.1999999999999999,-0.1333333333333333,0.3333333333333332,0.1999999999999999,-0.1333333333333333,0.0,0.0,13,14,6,7,2,1,2,1,0,0,32,31,0.1578947368421052,0.1842105263157894,0.0112781954887218,0.0122807017543859,6,7,0.0225563909774436,0.0230263157894736,0.0526315789473684,0.0921052631578947,1.0,1,1.0,5,1.1842105263157894,1,0.8,5,1.6,1.8,-0.2,0.8,1.4,-0.6,0.8,-0.40000000000000013,0.39999999999999997
2022-10-03,2022/23,Leicester City,Nottingham Forest,4,0,H,0.0,1.0,,,7,7,1,4,-3,0,20,19,0,0,0,0,0.1428571428571428,0.0,-0.1428571428571428,0.5714285714285714,0.2,-0.3714285714285714,0.2285714285714285,-0.4285714285714285,-0.2,0.2285714285714285,0.0,0.0,20,17,13,10,-5,-2,5,2,1,1,31,31,0.1842105263157894,0.1842105263157894,0.0087719298245614,0.0102339181286549,13,10,0.0131578947368421,0.0167464114832535,0.0307017543859649,0.0614035087719298,1.368421052631579,1,0.0,5,,0,0.2,5,1.2,3.2,-2.0,1.0,3.0,-2.0,0.19999999999999996,-0.20000000000000018,0.0
2022-10-08,2022/23,Bournemouth,Leicester City,2,1,H,6.0,3.0,,,8,8,9,4,5,0,13,19,0,0,0,0,1.125,1.2,0.0749999999999999,0.5,0.6,0.0999999999999999,-0.025,0.625,0.6,-0.025,0.0,0.0,12,17,5,10,3,-2,3,2,0,1,30,30,0.2105263157894736,0.2105263157894736,0.0161943319838056,0.0116959064327485,5,10,0.0350877192982456,0.0191387559808612,0.0526315789473684,0.0701754385964912,,0,1.2,5,1.368421052631579,1,0.6,5,0.8,2.4,-1.6,1.8,2.8,-1.0,-1.0,0.3999999999999999,-0.6000000000000001
2022-10-08,2022/23,Chelsea,Wolverhampton Wanderers,3,0,H,9.0,5.0,,,7,8,13,6,7,-1,5,18,2,2,2,2,1.8571428571428568,1.8,-0.0571428571428571,0.75,1.0,0.25,-0.3071428571428571,1.1071428571428572,0.8,-0.3071428571428571,0.0,0.0,8,15,1,8,7,0,7,0,0,1,31,30,0.1842105263157894,0.2105263157894736,0.0204678362573099,0.0131578947368421,1,8,0.0921052631578947,0.023391812865497,0.0230263157894736,0.2105263157894736,1.947368421052632,1,1.8,5,1.3421052631578947,1,1.0,5,1.4,1.6,-0.2,0.4,1.2,-0.8,0.9999999999999999,-0.40000000000000013,0.6000000000000001
2022-10-08,2022/23,Manchester City,Southampton,4,0,H,13.0,3.0,,,8,8,20,7,13,0,2,16,2,2,2,2,2.5,2.6,0.1,0.875,0.6,-0.275,0.3750000000000001,1.625,2.0,0.375,0.0,0.0,1,14,-6,7,14,1,14,1,0,0,30,30,0.2105263157894736,0.2105263157894736,0.1052631578947368,0.0140350877192982,6,7,0.0300751879699248,0.0263157894736842,0.0140350877192982,0.1052631578947368,2.4473684210526314,1,2.6,5,1.0526315789473684,1,0.6,5,4.0,1.2,2.8,0.6,1.2,-0.6,3.4,0.0,3.4
2022-10-08,2022/23,Newcastle United,Brentford,5,1,H,6.0,6.0,,,8,8,11,10,1,0,7,10,4,1,2,2,1.375,1.2,-0.175,1.25,1.2,-0.05,-0.125,0.125,0.0,-0.125,0.0,0.0,10,11,3,4,5,4,5,4,0,0,30,30,0.2105263157894736,0.2105263157894736,0.0191387559808612,0.0175438596491228,3,4,0.0526315789473684,0.0421052631578947,0.0350877192982456,0.0421052631578947,1.2894736842105263,1,1.2,5,1.2105263157894737,1,1.2,5,1.4,1.0,0.4,1.4,1.4,0.0,0.0,0.3999999999999999,0.4
2022-10-08,2022/23,Brighton,Tottenham Hotspur,0,1,A,10.0,10.0,,,7,8,14,17,-3,-1,4,3,3,3,2,2,2.0,2.0,0.0,2.125,2.0,-0.125,0.125,-0.125,0.0,0.125,0.0,0.0,7,4,0,-3,8,11,8,11,0,0,31,30,0.1842105263157894,0.2105263157894736,0.0230263157894736,0.0421052631578947,0,3,0.1842105263157894,0.0526315789473684,0.0204678362573099,0.0175438596491228,1.3421052631578947,1,2.0,5,1.868421052631579,1,2.0,5,2.4,1.4,1.0,2.4,1.4,1.0,0.0,0.0,0.0
2022-10-09,2022/23,Crystal Palace,Leeds United,2,1,H,5.0,5.0,,,7,7,6,9,-3,0,17,13,1,4,2,2,0.8571428571428571,1.0,0.1428571428571429,1.2857142857142858,1.0,-0.2857142857142858,0.4285714285714287,-0.4285714285714287,0.0,0.4285714285714287,0.0,0.0,17,14,10,7,0,3,0,3,0,0,31,31,0.1842105263157894,0.1842105263157894,0.0102339181286549,0.0122807017543859,10,7,0.0167464114832535,0.0230263157894736,0.1842105263157894,0.0460526315789473,1.263157894736842,1,1.0,5,1.0,1,1.0,5,1.4,1.6,-0.2,1.2,1.4,-0.2,0.19999999999999996,-0.20000000000000018,0.0
2022-10-09,2022/23,West Ham United,Fulham,3,1,H,7.0,6.0,,,8,8,7,11,-4,0,15,9,0,0,0,0,0.875,1.4,0.5249999999999999,1.375,1.2,-0.175,0.7,-0.5,0.1999999999999999,0.7,0.7,1.0,16,12,9,5,1,5,1,5,0,0,30,30,0.2105263157894736,0.2105263157894736,0.0123839009287925,0.0161943319838056,9,5,0.0210526315789473,0.0350877192982456,0.1052631578947368,0.0350877192982456,1.4736842105263157,1,1.4,5,,0,1.2,5,1.0,0.8,0.2,1.6,2.2,-0.6,-0.6000000000000001,1.4000000000000001,0.8
2022-10-09,2022/23,Arsenal,Liverpool,3,2,H,12.0,8.0,,,8,7,21,10,11,1,2,10,0,6,2,2,2.625,2.4,-0.2250000000000001,1.4285714285714286,1.6,0.1714285714285714,-0.3964285714285716,1.1964285714285714,0.7999999999999998,-0.3964285714285716,0.0,0.0,2,13,-5,6,15,4,15,4,0,0,30,31,0.2105263157894736,0.1842105263157894,0.0701754385964912,0.0131578947368421,5,6,0.0350877192982456,0.0263157894736842,0.0131578947368421,0.0368421052631578,1.8157894736842104,1,2.4,5,2.421052631578948,1,1.6,5,2.2,1.2,1.0,3.0,1.2,1.8,-0.7999999999999998,0.0,-0.8
2022-10-09,2022/23,Everton,Manchester United,1,2,A,9.0,12.0,,,8,7,10,12,-2,1,11,7,4,1,2,2,1.25,1.8,0.55,1.7142857142857142,2.4,0.6857142857142857,-0.1357142857142856,-0.4642857142857142,-0.5999999999999999,-0.1357142857142856,0.0,0.0,13,11,6,4,4,6,4,6,0,0,30,31,0.2105263157894736,0.1842105263157894,0.0150375939849624,0.0153508771929824,6,4,0.0300751879699248,0.0368421052631578,0.0421052631578947,0.0263157894736842,1.0263157894736843,1,1.8,5,1.5263157894736843,1,2.4,5,1.0,0.6,0.4,2.0,1.6,0.4,-1.0,1.0,0.0
2022-10-10,2022/23,Nottingham Forest,Aston Villa,1,1,D,0.0,5.0,,,8,8,4,8,-4,0,20,16,0,0,0,0,0.5,0.0,-0.5,1.0,1.0,0.0,-0.5,-0.5,-1.0,-0.5,0.0,0.0,20,16,12,8,-2,2,3,2,1,0,30,30,0.2105263157894736,0.2105263157894736,0.0100250626566416,0.0123839009287925,12,8,0.0161943319838056,0.023391812865497,0.0526315789473684,0.0701754385964912,,0,0.0,5,1.1842105263157894,1,1.0,5,0.8,3.6,-2.8,0.6,0.8,-0.2,0.20000000000000007,-2.8,-2.5999999999999996
2022-10-14,2022/23,Brentford,Brighton,2,0,H,5.0,7.0,,,9,8,10,14,-4,1,11,7,0,6,2,2,1.1111111111111112,1.0,-0.1111111111111111,1.75,1.4,-0.3500000000000001,0.2388888888888889,-0.6388888888888888,-0.3999999999999999,0.2388888888888889,0.0,0.0,14,10,6,2,4,8,4,8,0,0,29,30,0.2368421052631578,0.2105263157894736,0.0157894736842105,0.0191387559808612,6,2,0.0338345864661654,0.0701754385964912,0.0473684210526315,0.023391812865497,1.2105263157894737,1,1.0,5,1.3421052631578947,1,1.4,5,1.4,2.2,-0.8,2.0,1.6,0.4,-0.6000000000000001,-0.6000000000000001,-1.2000000000000002
2022-10-15,2022/23,Fulham,Bournemouth,2,2,D,6.0,9.0,,,9,9,11,12,-1,0,10,9,0,0,0,0,1.2222222222222223,1.2,-0.0222222222222223,1.3333333333333333,1.8,0.4666666666666668,-0.4888888888888891,-0.1111111111111109,-0.6000000000000001,-0.4888888888888891,0.0,0.0,13,12,5,4,5,6,5,6,0,0,29,29,0.2368421052631578,0.2368421052631578,0.0169172932330827,0.0182186234817813,5,4,0.0394736842105263,0.0473684210526315,0.0394736842105263,0.0338345864661654,,0,1.2,5,,0,1.8,5,1.6,2.4,-0.8,1.2,0.8,0.4,0.40000000000000013,-1.5999999999999999,-1.2000000000000002
2022-10-15,2022/23,Wolverhampton Wanderers,Nottingham Forest,1,0,H,4.0,1.0,,,9,9,6,5,1,0,18,19,0,0,0,0,0.6666666666666666,0.8,0.1333333333333334,0.5555555555555556,0.2,-0.3555555555555555,0.488888888888889,0.111111111111111,0.6000000000000001,0.488888888888889,0.0,0.0,18,19,10,11,0,-1,1,2,1,1,29,29,0.2368421052631578,0.2368421052631578,0.0124653739612188,0.0118421052631578,10,11,0.0215311004784688,0.0197368421052631,0.1184210526315789,0.0789473684210526,1.3421052631578947,1,0.8,5,,0,0.2,5,0.2,1.6,-1.4,1.0,3.4,-2.4,-0.8,1.7999999999999998,1.0
2022-10-15,2022/23,Leicester City,Crystal Palace,0,0,D,3.0,5.0,,,9,8,4,9,-5,1,20,15,4,1,2,2,0.4444444444444444,0.6,0.1555555555555555,1.125,1.0,-0.125,0.2805555555555555,-0.6805555555555556,-0.4,0.2805555555555555,0.0,0.0,20,15,12,7,-2,3,3,3,1,0,29,30,0.2368421052631578,0.2105263157894736,0.0112781954887218,0.0131578947368421,12,7,0.0182186234817813,0.0263157894736842,0.0592105263157894,0.0526315789473684,1.368421052631579,1,0.6,5,1.263157894736842,1,1.0,5,1.8,2.8,-1.0,1.2,1.6,-0.4,0.6000000000000001,-1.1999999999999997,-0.6
2022-10-15,2022/23,Tottenham Hotspur,Everton,2,0,H,10.0,8.0,,,9,9,20,10,10,0,3,12,4,1,2,2,2.2222222222222223,2.0,-0.2222222222222223,1.1111111111111112,1.6,0.4888888888888889,-0.7111111111111112,1.1111111111111112,0.3999999999999999,-0.7111111111111112,0.0,0.0,4,14,-4,6,14,4,14,4,0,0,29,29,0.2368421052631578,0.2368421052631578,0.0473684210526315,0.0157894736842105,4,6,0.0473684210526315,0.0338345864661654,0.0157894736842105,0.0473684210526315,1.868421052631579,1,2.0,5,1.0263157894736843,1,1.6,5,2.2,1.4,0.8,1.0,0.8,0.2,1.2000000000000002,-0.5999999999999999,0.6000000000000001
2022-10-16,2022/23,Aston Villa,Chelsea,0,2,A,6.0,12.0,,,9,8,9,16,-7,1,16,4,0,6,2,2,1.0,1.2,0.1999999999999999,2.0,2.4,0.3999999999999999,-0.1999999999999999,-1.0,-1.2,-0.1999999999999999,0.0,0.0,15,8,7,0,2,9,2,9,0,0,29,30,0.2368421052631578,0.2105263157894736,0.0148026315789473,0.023391812865497,7,0,0.0296052631578947,0.2105263157894736,0.0789473684210526,0.0210526315789473,1.1842105263157894,1,1.2,5,1.947368421052632,1,2.4,5,0.8,0.8,0.0,2.0,1.0,1.0,-1.2,0.19999999999999996,-1.0
2022-10-16,2022/23,Manchester United,Newcastle United,0,0,D,12.0,8.0,,,8,9,15,14,1,-1,5,6,4,1,2,2,1.875,2.4,0.5249999999999999,1.5555555555555556,1.6,0.0444444444444445,0.4805555555555554,0.3194444444444444,0.7999999999999998,0.4805555555555554,0.0,0.0,9,10,1,2,8,7,8,7,0,0,30,29,0.2105263157894736,0.2368421052631578,0.0210526315789473,0.0215311004784688,1,2,0.1052631578947368,0.0789473684210526,0.023391812865497,0.0296052631578947,1.5263157894736843,1,2.4,5,1.2894736842105263,1,1.6,5,2.0,1.6,0.4,2.2,1.0,1.2,-0.20000000000000018,-0.6000000000000001,-0.7999999999999999
2022-10-16,2022/23,Southampton,West Ham United,1,1,D,3.0,7.0,,,9,9,7,10,-3,0,18,13,4,1,2,2,0.7777777777777778,0.6,-0.1777777777777778,1.1111111111111112,1.4,0.2888888888888887,-0.4666666666666665,-0.3333333333333333,-0.7999999999999999,-0.4666666666666665,0.0,0.0,17,14,9,6,0,3,2,3,1,0,29,29,0.2368421052631578,0.2368421052631578,0.0131578947368421,0.0157894736842105,9,6,0.0236842105263157,0.0338345864661654,0.0789473684210526,0.0592105263157894,1.0526315789473684,1,0.6,5,1.4736842105263157,1,1.4,5,0.6,1.8,-1.2,1.4,1.0,0.4,-0.7999999999999999,-0.8,-1.6
2022-10-16,2022/23,Leeds United,Arsenal,0,1,A,2.0,12.0,,,8,9,9,24,-15,-1,15,1,0,6,2,2,1.125,0.4,-0.725,2.6666666666666665,2.4,-0.2666666666666666,-0.4583333333333333,-1.5416666666666663,-2.0,-0.4583333333333335,0.0,0.0,15,0,7,-8,2,17,2,17,0,0,30,29,0.2105263157894736,0.2368421052631578,0.0131578947368421,0.2368421052631578,7,8,0.0263157894736842,0.0263157894736842,0.0701754385964912,0.0131578947368421,1.0,1,0.4,5,1.8157894736842104,1,2.4,5,0.8,1.8,-1.0,2.4,1.4,1.0,-1.5999999999999999,-0.40000000000000013,-2.0
2022-10-16,2022/23,Liverpool,Manchester City,1,0,H,8.0,13.0,,,8,9,10,23,-13,-1,11,2,2,2,2,2,1.25,1.6,0.3500000000000001,2.555555555555556,2.6,0.0444444444444447,0.3055555555555553,-1.3055555555555554,-1.0,0.3055555555555553,0.0,0.0,14,1,6,-7,3,16,3,16,0,0,30,29,0.2105263157894736,0.2368421052631578,0.0140350877192982,0.1184210526315789,6,7,0.0300751879699248,0.0296052631578947,0.0526315789473684,0.0139318885448916,2.421052631578948,1,1.6,5,2.4473684210526314,1,2.6,5,3.2,1.4,1.8,4.0,0.8,3.2,-0.7999999999999998,-0.5999999999999999,-1.4000000000000001
2022-10-18,2022/23,Brighton,Nottingham Forest,0,0,D,4.0,1.0,,1.0,9,10,14,5,9,-1,7,20,0,0,0,0,1.5555555555555556,0.8,-0.7555555555555555,0.5,0.2,-0.3,-0.4555555555555555,1.0555555555555556,0.6000000000000001,-0.4555555555555555,0.0,0.0,13,22,5,14,6,-3,6,4,0,1,29,28,0.2368421052631578,0.2631578947368421,0.0169172932330827,0.011441647597254,5,14,0.0394736842105263,0.0175438596491228,0.0338345864661654,0.0526315789473684,1.3421052631578947,1,0.8,5,,0,0.2,5,1.8,2.0,-0.2,1.0,2.4,-1.4,0.8,0.3999999999999999,1.2
2022-10-18,2022/23,Crystal Palace,Wolverhampton Wanderers,2,1,H,6.0,6.0,7.0,1.0,9,10,10,9,1,-1,13,17,6,0,2,2,1.1111111111111112,1.2,0.0888888888888888,0.9,1.2,0.2999999999999999,-0.2111111111111111,0.2111111111111111,0.0,-0.2111111111111111,0.0,0.0,17,18,9,10,2,1,2,1,0,0,29,28,0.2368421052631578,0.2631578947368421,0.0131578947368421,0.0138504155124653,9,10,0.0236842105263157,0.0239234449760765,0.0789473684210526,0.131578947368421,1.263157894736842,1,1.2,5,1.3421052631578947,1,1.2,5,0.8,0.8,0.0,0.4,1.6,-1.2,0.4,0.8,1.2
2022-10-19,2022/23,Bournemouth,Southampton,0,1,A,9.0,1.0,8.0,3.0,10,10,13,8,5,0,11,18,0,0,0,0,1.3,1.8,0.5,0.8,0.2,-0.6000000000000001,1.1,0.5,1.6,1.1,0.0,0.0,14,19,6,11,5,0,5,1,0,1,28,28,0.2631578947368421,0.2631578947368421,0.0175438596491228,0.0131578947368421,6,11,0.037593984962406,0.0219298245614035,0.043859649122807,0.131578947368421,,0,1.8,5,1.0526315789473684,1,0.2,5,1.6,1.2,0.4,0.4,1.8,-1.4,1.2000000000000002,0.6000000000000001,1.7999999999999998
2022-10-19,2022/23,Brentford,Chelsea,0,0,D,7.0,12.0,10.0,9.0,10,9,13,19,-6,1,9,4,3,3,2,2,1.3,1.4,0.0999999999999998,2.111111111111111,2.4,0.2888888888888887,-0.1888888888888888,-0.8111111111111111,-1.0,-0.1888888888888888,0.0,0.0,14,8,6,0,5,11,5,11,0,0,28,29,0.2631578947368421,0.2368421052631578,0.0175438596491228,0.0263157894736842,6,0,0.037593984962406,0.2368421052631578,0.043859649122807,0.0197368421052631,1.2105263157894737,1,1.4,5,1.947368421052632,1,2.4,5,1.6,2.0,-0.4,2.0,0.8,1.2,-0.3999999999999999,-1.2,-1.6
2022-10-19,2022/23,Liverpool,West Ham United,1,0,H,8.0,7.0,11.0,4.0,9,10,13,11,2,-1,8,13,3,3,2,2,1.4444444444444444,1.6,0.1555555555555556,1.1,1.4,0.2999999999999998,-0.1444444444444441,0.3444444444444443,0.2000000000000001,-0.1444444444444441,0.0,0.0,14,16,6,8,5,3,5,3,0,0,29,28,0.2368421052631578,0.2631578947368421,0.0157894736842105,0.0154798761609907,6,8,0.0338345864661654,0.0292397660818713,0.0394736842105263,0.0657894736842105,2.421052631578948,1,1.6,5,1.4736842105263157,1,1.4,5,1.6,1.4,0.2,1.4,1.0,0.4,0.20000000000000018,-0.3999999999999999,-0.2
2022-10-19,2022/23,Newcastle United,Everton,1,0,H,9.0,7.0,9.0,5.0,10,10,15,10,5,0,6,14,3,3,2,2,1.5,1.8,0.3,1.0,1.4,0.3999999999999999,-0.0999999999999998,0.5,0.4000000000000001,-0.0999999999999998,0.0,0.0,12,17,4,9,7,2,7,2,0,0,28,28,0.2631578947368421,0.2631578947368421,0.020242914979757,0.0146198830409356,4,9,0.0526315789473684,0.0263157894736842,0.0328947368421052,0.087719298245614,1.2894736842105263,1,1.8,5,1.0263157894736843,1,1.4,5,2.0,0.6,1.4,0.8,1.0,-0.2,1.2,0.4,1.5999999999999999
2022-10-19,2022/23,Manchester United,Tottenham Hotspur,2,0,H,10.0,12.0,,8.0,9,10,16,23,-7,-1,5,3,6,0,2,2,1.7777777777777777,2.0,0.2222222222222223,2.3,2.4,0.1,0.1222222222222222,-0.5222222222222221,-0.3999999999999999,0.1222222222222222,0.0,0.0,11,4,3,-4,8,15,8,15,0,0,29,28,0.2368421052631578,0.2631578947368421,0.0197368421052631,0.0526315789473684,3,4,0.0592105263157894,0.0526315789473684,0.0263157894736842,0.0164473684210526,1.5263157894736843,1,2.0,5,1.868421052631579,1,2.4,5,1.8,1.6,0.2,2.4,1.2,1.2,-0.5999999999999999,-0.40000000000000013,-1.0
2022-10-20,2022/23,Fulham,Aston Villa,3,0,H,4.0,6.0,8.0,2.0,10,10,12,9,3,0,12,17,0,0,0,0,1.2,0.8,-0.3999999999999999,0.9,1.2,0.2999999999999999,-0.6999999999999998,0.2999999999999999,-0.3999999999999999,-0.6999999999999998,0.6999999999999998,-1.0,15,18,8,11,3,0,3,0,0,0,28,28,0.2631578947368421,0.2631578947368421,0.0164473684210526,0.0138504155124653,8,11,0.0292397660818713,0.0219298245614035,0.0657894736842105,0.2631578947368421,,0,0.8,5,1.1842105263157894,1,1.2,5,1.6,2.6,-1.0,0.6,0.8,-0.2,1.0,-1.8,-0.8
2022-10-20,2022/23,Leicester City,Leeds United,2,0,H,4.0,2.0,5.0,,10,9,5,9,-4,1,20,16,4,1,2,2,0.5,0.8,0.3,1.0,0.4,-0.6,0.9,-0.5,0.4,0.9,0.9,1.0,22,18,15,11,-4,0,4,0,1,0,28,29,0.2631578947368421,0.2368421052631578,0.011441647597254,0.0124653739612188,15,11,0.0164473684210526,0.0197368421052631,0.0526315789473684,0.2368421052631578,1.368421052631579,1,0.8,5,1.0,1,0.4,5,1.8,2.6,-0.8,0.8,1.8,-1.0,1.0,-0.8,0.19999999999999996
2022-10-22,2022/23,Nottingham Forest,Liverpool,1,0,H,2.0,8.0,4.0,,11,10,6,16,-10,1,20,7,0,0,0,0,0.5454545454545454,0.4,-0.1454545454545454,1.6,1.6,0.0,-0.1454545454545454,-1.054545454545455,-1.2000000000000002,-0.1454545454545455,0.0,0.0,21,11,14,4,-3,7,3,7,1,0,27,28,0.2894736842105263,0.2631578947368421,0.0131578947368421,0.0219298245614035,14,4,0.019298245614035,0.0526315789473684,0.0723684210526315,0.0328947368421052,,0,0.4,5,2.421052631578948,1,1.6,5,0.6,1.8,-1.2,1.4,1.2,0.2,-0.7999999999999999,-0.6000000000000001,-1.4
2022-10-22,2022/23,Everton,Crystal Palace,3,0,H,6.0,8.0,5.0,,11,10,10,13,-3,1,15,11,3,3,2,2,0.9090909090909092,1.2,0.2909090909090909,1.3,1.6,0.3,-0.0090909090909091,-0.390909090909091,-0.4000000000000001,-0.0090909090909091,0.0,0.0,17,14,10,7,1,4,1,4,0,0,27,28,0.2894736842105263,0.2631578947368421,0.0160818713450292,0.0175438596491228,10,7,0.0263157894736842,0.0328947368421052,0.1447368421052631,0.0526315789473684,1.0263157894736843,1,1.2,5,1.263157894736842,1,1.6,5,0.8,1.2,-0.4,1.0,0.8,0.2,-0.19999999999999996,-0.3999999999999999,-0.6000000000000001
2022-10-22,2022/23,Manchester City,Brighton,3,1,H,10.0,5.0,15.0,7.0,10,10,23,15,8,0,2,8,6,0,2,2,2.3,2.0,-0.2999999999999998,1.5,1.0,-0.5,0.2000000000000001,0.7999999999999998,1.0,0.2000000000000001,0.0,0.0,4,12,-3,5,14,6,14,6,0,0,28,28,0.2631578947368421,0.2631578947368421,0.0526315789473684,0.020242914979757,3,5,0.0657894736842105,0.043859649122807,0.0175438596491228,0.037593984962406,2.4473684210526314,1,2.0,5,1.3421052631578947,1,1.0,5,2.8,1.0,1.8,1.6,1.6,0.0,1.1999999999999997,0.6000000000000001,1.8
2022-10-22,2022/23,Chelsea,Manchester United,1,1,D,13.0,10.0,,9.0,10,10,20,19,1,0,4,5,2,2,2,2,2.0,2.6,0.6000000000000001,1.9,2.0,0.1,0.5,0.1,0.6000000000000001,0.5,0.0,0.0,7,8,0,1,11,10,11,10,0,0,28,28,0.2631578947368421,0.2631578947368421,0.0328947368421052,0.0292397660818713,0,1,0.2631578947368421,0.131578947368421,0.0219298245614035,0.0239234449760765,1.947368421052632,1,2.6,5,1.5263157894736843,1,2.0,5,1.8,0.4,1.4,2.0,1.6,0.4,-0.19999999999999996,1.2000000000000002,0.9999999999999999
2022-10-23,2022/23,Aston Villa,Brentford,4,0,H,5.0,5.0,7.0,3.0,11,11,9,14,-5,0,17,10,1,4,2,2,0.8181818181818182,1.0,0.1818181818181817,1.2727272727272727,1.0,-0.2727272727272727,0.4545454545454545,-0.4545454545454545,0.0,0.4545454545454545,0.0,0.0,18,13,12,7,0,5,0,5,0,0,27,27,0.2894736842105263,0.2894736842105263,0.0152354570637119,0.0206766917293233,12,7,0.0222672064777327,0.0361842105263157,0.2894736842105263,0.0482456140350877,1.1842105263157894,1,1.0,5,1.2105263157894737,1,1.0,5,0.4,1.2,-0.8,0.6,1.6,-1.0,-0.19999999999999996,0.40000000000000013,0.19999999999999996
2022-10-23,2022/23,Leeds United,Fulham,2,3,A,1.0,7.0,8.0,4.0,10,11,9,15,-6,-1,16,9,0,0,0,0,0.9,0.2,-0.7,1.3636363636363635,1.4,0.0363636363636363,-0.7363636363636363,-0.4636363636363635,-1.2,-0.7363636363636364,0.0,0.0,18,12,12,6,0,6,0,6,0,0,28,27,0.2631578947368421,0.2894736842105263,0.0138504155124653,0.0222672064777327,12,6,0.020242914979757,0.0413533834586466,0.2631578947368421,0.0413533834586466,1.0,1,0.2,5,,0,1.4,5,0.6,2.0,-1.4,2.0,2.2,-0.2,-1.4,0.20000000000000018,-1.2
2022-10-23,2022/23,Southampton,Arsenal,1,1,D,4.0,12.0,5.0,12.0,11,10,11,27,-16,1,15,1,3,3,2,2,1.0,0.8,-0.1999999999999999,2.7,2.4,-0.3000000000000002,0.1000000000000003,-1.7000000000000002,-1.6,0.1000000000000003,0.0,0.0,16,0,10,-6,2,18,2,18,0,0,27,28,0.2894736842105263,0.2631578947368421,0.0170278637770897,0.2631578947368421,10,6,0.0263157894736842,0.037593984962406,0.0964912280701754,0.0138504155124653,1.0526315789473684,1,0.8,5,1.8157894736842104,1,2.4,5,0.6,1.6,-1.0,2.2,1.2,1.0,-1.6,-0.40000000000000013,-2.0
2022-10-23,2022/23,Wolverhampton Wanderers,Leicester City,0,4,A,3.0,7.0,8.0,0.0,11,11,9,8,1,0,18,20,3,3,2,2,0.8181818181818182,0.6,-0.2181818181818182,0.7272727272727273,1.4,0.6727272727272726,-0.8909090909090909,0.0909090909090909,-0.7999999999999999,-0.8909090909090909,0.8909090909090909,-1.0,18,19,12,13,0,-1,0,1,1,1,27,27,0.2894736842105263,0.2894736842105263,0.0152354570637119,0.0144736842105263,12,13,0.0222672064777327,0.0206766917293233,0.2894736842105263,0.1447368421052631,1.3421052631578947,1,0.6,5,1.368421052631579,1,1.4,5,0.4,2.0,-1.6,1.8,1.6,0.2,-1.4,-0.3999999999999999,-1.8
2022-10-23,2022/23,Tottenham Hotspur,Newcastle United,1,2,A,9.0,11.0,15.0,6.0,11,11,23,18,5,0,3,6,6,0,2,2,2.090909090909091,1.8,-0.2909090909090908,1.6363636363636365,2.2,0.5636363636363637,-0.8545454545454545,0.4545454545454543,-0.4000000000000001,-0.8545454545454545,0.8545454545454545,-1.0,4,9,-2,3,14,9,14,9,0,0,27,27,0.2894736842105263,0.2894736842105263,0.0578947368421052,0.0289473684210526,2,3,0.0964912280701754,0.0723684210526315,0.019298245614035,0.0289473684210526,1.868421052631579,1,1.8,5,1.2894736842105263,1,2.2,5,2.0,1.4,0.6,2.2,0.6,1.6,-0.20000000000000018,-0.7999999999999999,-1.0
2022-10-24,2022/23,West Ham United,Bournemouth,2,0,H,7.0,6.0,7.0,5.0,11,11,11,13,-2,0,17,13,0,0,0,0,1.0,1.4,0.3999999999999999,1.181818181818182,1.2,0.018181818181818,0.3818181818181818,-0.1818181818181818,0.1999999999999999,0.3818181818181818,0.3818181818181818,1.0,17,15,10,8,2,4,2,4,0,0,27,27,0.2894736842105263,0.2894736842105263,0.0160818713450292,0.0180921052631578,10,8,0.0263157894736842,0.0321637426900584,0.0964912280701754,0.0578947368421052,1.4736842105263157,1,1.4,5,,0,1.2,5,1.2,0.8,0.4,1.0,1.0,0.0,0.19999999999999996,0.19999999999999996,0.4
2022-10-29,2022/23,Leicester City,Manchester City,0,1,A,10.0,12.0,7.0,8.0,12,11,11,26,-15,1,17,2,0,6,2,2,0.9166666666666666,2.0,1.0833333333333337,2.363636363636364,2.4,0.0363636363636361,1.046969696969697,-1.4469696969696972,-0.3999999999999999,1.046969696969697,0.0,0.0,17,2,10,-5,2,17,2,17,0,0,26,27,0.3157894736842105,0.2894736842105263,0.0175438596491228,0.0964912280701754,10,5,0.0287081339712918,0.0482456140350877,0.1052631578947368,0.0160818713450292,1.368421052631579,1,2.0,5,2.4473684210526314,1,2.4,5,2.2,0.4,1.8,3.2,1.0,2.2,-1.0,0.6,-0.40000000000000013
2022-10-29,2022/23,Bournemouth,Tottenham Hotspur,2,3,A,5.0,6.0,5.0,7.0,12,12,13,23,-10,0,14,3,0,0,0,0,1.0833333333333333,1.0,-0.0833333333333332,1.9166666666666667,1.2,-0.7166666666666668,0.6333333333333335,-0.8333333333333335,-0.1999999999999999,0.6333333333333335,0.0,0.0,15,5,8,-2,4,14,4,14,0,0,26,26,0.3157894736842105,0.3157894736842105,0.0197368421052631,0.0526315789473684,8,2,0.0350877192982456,0.1052631578947368,0.0631578947368421,0.0210526315789473,,0,1.0,5,1.868421052631579,1,1.2,5,0.8,1.2,-0.4,1.0,1.4,-0.4,-0.19999999999999996,0.19999999999999996,0.0
2022-10-29,2022/23,Brentford,Wolverhampton Wanderers,1,1,D,5.0,3.0,8.0,1.0,12,12,14,9,5,0,11,19,3,3,2,2,1.1666666666666667,1.0,-0.1666666666666667,0.75,0.6,-0.15,-0.0166666666666667,0.4166666666666667,0.4,-0.0166666666666667,0.0,0.0,14,19,7,12,5,0,5,2,0,1,26,26,0.3157894736842105,0.3157894736842105,0.0210526315789473,0.0157894736842105,7,12,0.0394736842105263,0.0242914979757085,0.0526315789473684,0.1052631578947368,1.2105263157894737,1,1.0,5,1.3421052631578947,1,0.6,5,0.6,1.8,-1.2,0.4,2.2,-1.8,0.19999999999999996,0.40000000000000013,0.6000000000000001
2022-10-29,2022/23,Brighton,Chelsea,4,1,H,2.0,11.0,8.0,7.0,11,11,15,21,-6,0,9,5,2,2,2,2,1.3636363636363635,0.4,-0.9636363636363636,1.9090909090909087,2.2,0.290909090909091,-1.2545454545454544,-0.5454545454545456,-1.8000000000000005,-1.2545454545454546,0.0,0.0,13,7,6,0,6,12,6,12,0,0,27,27,0.2894736842105263,0.2894736842105263,0.0206766917293233,0.0361842105263157,6,0,0.0413533834586466,0.2894736842105263,0.0413533834586466,0.0222672064777327,1.3421052631578947,1,0.4,5,1.947368421052632,1,2.2,5,0.8,1.8,-1.0,1.6,0.4,1.2,-0.8,-1.4,-2.2
2022-10-29,2022/23,Crystal Palace,Southampton,1,0,H,7.0,5.0,10.0,6.0,11,12,13,12,1,-1,13,16,4,1,2,2,1.181818181818182,1.4,0.218181818181818,1.0,1.0,0.0,0.218181818181818,0.1818181818181818,0.3999999999999999,0.218181818181818,0.0,0.0,15,16,8,9,4,3,4,3,0,0,27,26,0.2894736842105263,0.3157894736842105,0.0180921052631578,0.0185758513931888,8,9,0.0321637426900584,0.031578947368421,0.0578947368421052,0.0789473684210526,1.263157894736842,1,1.4,5,1.0526315789473684,1,1.0,5,1.0,1.4,-0.4,0.8,1.6,-0.8,0.19999999999999996,0.20000000000000018,0.4
2022-10-29,2022/23,Newcastle United,Aston Villa,4,0,H,13.0,5.0,9.0,2.0,12,12,21,12,9,0,4,15,3,3,2,2,1.75,2.6,0.8500000000000001,1.0,1.0,0.0,0.8500000000000001,0.75,1.6,0.8500000000000001,0.0,0.0,7,16,0,9,12,3,12,3,0,0,26,26,0.3157894736842105,0.3157894736842105,0.0394736842105263,0.0185758513931888,0,9,0.3157894736842105,0.031578947368421,0.0242914979757085,0.0789473684210526,1.2894736842105263,1,2.6,5,1.1842105263157894,1,1.0,5,2.4,0.6,1.8,1.0,1.2,-0.2,1.4,0.6,2.0
2022-10-29,2022/23,Fulham,Everton,0,0,D,7.0,6.0,10.0,5.0,12,12,18,13,5,0,7,12,0,0,0,0,1.5,1.4,-0.1,1.0833333333333333,1.2,0.1166666666666667,-0.2166666666666667,0.4166666666666667,0.1999999999999999,-0.2166666666666667,0.0,0.0,10,15,3,8,9,4,9,4,0,0,26,26,0.3157894736842105,0.3157894736842105,0.0287081339712918,0.0197368421052631,3,8,0.0789473684210526,0.0350877192982456,0.031578947368421,0.0631578947368421,,0,1.4,5,1.0263157894736843,1,1.2,5,2.0,2.2,-0.2,1.2,1.2,0.0,0.8,-1.0000000000000002,-0.2
2022-10-29,2022/23,Liverpool,Leeds United,1,2,A,7.0,1.0,13.0,1.0,11,11,16,9,7,0,8,18,6,0,2,2,1.4545454545454546,1.4,-0.0545454545454546,0.8181818181818182,0.2,-0.6181818181818182,0.5636363636363635,0.6363636363636364,1.2,0.5636363636363636,0.0,0.0,12,19,5,12,7,0,7,2,0,1,27,27,0.2894736842105263,0.2894736842105263,0.0222672064777327,0.0144736842105263,5,12,0.0482456140350877,0.0222672064777327,0.0361842105263157,0.0964912280701754,2.421052631578948,1,1.4,5,1.0,1,0.2,5,1.4,1.4,0.0,0.6,1.6,-1.0,0.7999999999999999,0.20000000000000018,1.0
2022-10-30,2022/23,Arsenal,Nottingham Forest,5,0,H,13.0,5.0,15.0,2.0,11,12,28,9,19,-1,2,20,0,0,0,0,2.5454545454545454,2.6,0.0545454545454546,0.75,1.0,0.25,-0.1954545454545453,1.7954545454545454,1.6,-0.1954545454545453,0.0,0.0,1,20,-4,15,17,-2,17,3,0,1,27,26,0.2894736842105263,0.3157894736842105,0.1447368421052631,0.0150375939849624,4,15,0.0578947368421052,0.0197368421052631,0.0160818713450292,0.0789473684210526,1.8157894736842104,1,2.6,5,,0,1.0,5,2.2,0.8,1.4,0.4,1.2,-0.8,1.8000000000000003,0.3999999999999999,2.2
2022-10-30,2022/23,Manchester United,West Ham United,1,0,H,8.0,10.0,10.0,4.0,11,12,20,14,6,-1,6,12,6,0,2,2,1.818181818181818,1.6,-0.218181818181818,1.1666666666666667,2.0,0.8333333333333333,-1.0515151515151513,0.6515151515151514,-0.3999999999999999,-1.0515151515151513,1.0515151515151513,-1.0,9,15,4,10,9,3,9,3,0,0,27,26,0.2894736842105263,0.3157894736842105,0.0289473684210526,0.0197368421052631,4,10,0.0578947368421052,0.0287081339712918,0.0289473684210526,0.0789473684210526,1.5263157894736843,1,1.6,5,1.4736842105263157,1,2.0,5,1.6,1.6,0.0,1.6,0.6,1.0,0.0,-1.0,-1.0
2022-11-05,2022/23,Leeds United,Bournemouth,4,3,H,3.0,4.0,5.0,5.0,12,13,12,13,-1,-1,15,14,0,0,0,0,1.0,0.6,-0.4,1.0,0.8,-0.1999999999999999,-0.2,0.0,-0.2,-0.2,0.0,0.0,19,18,12,11,1,2,1,2,0,0,26,25,0.3157894736842105,0.3421052631578947,0.0157894736842105,0.0180055401662049,12,11,0.0242914979757085,0.0285087719298245,0.1578947368421052,0.1140350877192982,1.0,1,0.6,5,,0,0.8,5,1.0,1.8,-0.8,1.2,1.8,-0.6,-0.19999999999999996,0.0,-0.20000000000000007
2022-11-05,2022/23,Manchester City,Fulham,2,1,H,12.0,8.0,15.0,6.0,12,13,29,19,10,-1,2,7,0,0,0,0,2.4166666666666665,2.4,-0.0166666666666666,1.4615384615384617,1.6,0.1384615384615386,-0.1551282051282052,0.9551282051282052,0.7999999999999998,-0.1551282051282052,0.0,0.0,2,12,-5,5,18,8,18,8,0,0,26,25,0.3157894736842105,0.3421052631578947,0.1052631578947368,0.0263157894736842,5,5,0.0526315789473684,0.0570175438596491,0.0166204986149584,0.0380116959064327,2.4473684210526314,1,2.4,5,,0,1.6,5,2.8,1.0,1.8,1.8,1.4,0.4,0.9999999999999998,0.3999999999999999,1.4
2022-11-05,2022/23,Nottingham Forest,Brentford,2,2,D,5.0,5.0,4.0,2.0,13,13,9,15,-6,0,20,11,0,0,0,0,0.6923076923076923,1.0,0.3076923076923077,1.1538461538461535,1.0,-0.1538461538461537,0.4615384615384614,-0.4615384615384614,0.0,0.4615384615384614,0.0,0.0,22,16,15,9,-2,4,3,4,1,0,25,25,0.3421052631578947,0.3421052631578947,0.0148741418764302,0.0201238390092879,15,9,0.0213815789473684,0.0342105263157894,0.0855263157894736,0.0684210526315789,,0,1.0,5,1.2105263157894737,1,1.0,5,0.4,1.4,-1.0,0.8,2.0,-1.2,-0.4,0.6000000000000001,0.19999999999999996
2022-11-05,2022/23,Wolverhampton Wanderers,Brighton,2,3,A,4.0,4.0,7.0,4.0,13,12,10,18,-8,1,19,8,3,3,2,2,0.7692307692307693,0.8,0.0307692307692307,1.5,0.8,-0.7,0.7307692307692307,-0.7307692307692307,0.0,0.7307692307692307,0.0,0.0,21,13,14,6,-1,7,2,7,1,0,25,26,0.3421052631578947,0.3157894736842105,0.0155502392344497,0.0225563909774436,14,6,0.0228070175438596,0.0451127819548872,0.1140350877192982,0.0394736842105263,1.3421052631578947,1,0.8,5,1.3421052631578947,1,0.8,5,0.6,2.0,-1.4,1.0,1.4,-0.4,-0.4,-0.6000000000000001,-0.9999999999999999
2022-11-05,2022/23,Everton,Leicester City,0,2,A,4.0,7.0,8.0,3.0,13,13,14,11,3,0,12,18,4,1,2,2,1.0769230769230769,0.8,-0.2769230769230768,0.8461538461538461,1.4,0.5538461538461538,-0.8307692307692306,0.2307692307692307,-0.5999999999999999,-0.8307692307692306,0.8307692307692306,-1.0,17,20,10,13,3,0,3,1,0,1,25,25,0.3421052631578947,0.3421052631578947,0.0190058479532163,0.0162907268170426,10,13,0.0311004784688995,0.0244360902255639,0.0855263157894736,0.1710526315789473,1.0263157894736843,1,0.8,5,1.368421052631579,1,1.4,5,0.8,1.0,-0.2,1.4,0.6,0.8,-0.5999999999999999,-0.4,-1.0
2022-11-06,2022/23,Chelsea,Arsenal,0,1,A,8.0,13.0,11.0,10.0,12,12,21,31,-10,0,7,2,3,3,2,2,1.75,1.6,-0.1499999999999999,2.583333333333333,2.6,0.0166666666666666,-0.1666666666666665,-0.8333333333333335,-1.0,-0.1666666666666665,0.0,0.0,11,1,3,-7,9,19,9,19,0,0,26,26,0.3157894736842105,0.3157894736842105,0.0263157894736842,0.1578947368421052,3,7,0.0789473684210526,0.0394736842105263,0.031578947368421,0.0157894736842105,1.947368421052632,1,1.6,5,1.8157894736842104,1,2.6,5,1.4,1.0,0.4,2.6,0.8,1.8,-1.2000000000000002,-0.19999999999999996,-1.4
2022-11-06,2022/23,Aston Villa,Manchester United,3,1,H,4.0,11.0,7.0,10.0,13,12,12,23,-11,1,17,5,4,1,2,2,0.9230769230769232,0.8,-0.123076923076923,1.9166666666666667,2.2,0.2833333333333334,-0.4064102564102565,-0.9935897435897436,-1.4,-0.4064102564102565,0.0,0.0,20,9,12,1,0,11,0,11,0,0,25,26,0.3421052631578947,0.3157894736842105,0.0162907268170426,0.031578947368421,12,1,0.0263157894736842,0.1578947368421052,0.3421052631578947,0.0263157894736842,1.1842105263157894,1,0.8,5,1.5263157894736843,1,2.2,5,1.0,2.0,-1.0,1.2,0.4,0.8,-0.19999999999999996,-1.6,-1.8
2022-11-06,2022/23,Southampton,Newcastle United,1,4,A,5.0,13.0,5.0,8.0,13,13,12,24,-12,0,17,4,1,4,2,2,0.9230769230769232,1.0,0.0769230769230768,1.8461538461538465,2.6,0.7538461538461538,-0.676923076923077,-0.9230769230769232,-1.6,-0.676923076923077,0.0,0.0,20,8,12,0,0,12,0,12,1,0,25,25,0.3421052631578947,0.3421052631578947,0.0162907268170426,0.0380116959064327,12,0,0.0263157894736842,0.3421052631578947,0.3421052631578947,0.0263157894736842,1.0526315789473684,1,1.0,5,1.2894736842105263,1,2.6,5,0.6,1.4,-0.8,2.4,0.4,2.0,-1.7999999999999998,-0.9999999999999999,-2.8
2022-11-06,2022/23,West Ham United,Crystal Palace,1,2,A,7.0,10.0,10.0,3.0,13,12,14,16,-2,1,14,11,4,1,2,2,1.0769230769230769,1.4,0.323076923076923,1.3333333333333333,2.0,0.6666666666666667,-0.3435897435897437,-0.2564102564102564,-0.6000000000000001,-0.3435897435897437,0.0,0.0,18,16,10,8,2,4,2,4,0,0,25,26,0.3421052631578947,0.3157894736842105,0.0180055401662049,0.0185758513931888,10,8,0.0311004784688995,0.0350877192982456,0.1140350877192982,0.0631578947368421,1.4736842105263157,1,1.4,5,1.263157894736842,1,2.0,5,1.2,0.8,0.4,1.0,1.0,0.0,0.19999999999999996,0.19999999999999996,0.4
2022-11-06,2022/23,Tottenham Hotspur,Liverpool,1,2,A,9.0,6.0,12.0,2.0,13,12,26,16,10,1,3,9,2,2,2,2,2.0,1.8,-0.1999999999999999,1.3333333333333333,1.2,-0.1333333333333333,-0.0666666666666666,0.6666666666666667,0.6000000000000001,-0.0666666666666666,0.0,0.0,6,16,-2,8,14,4,14,4,0,0,25,26,0.3421052631578947,0.3157894736842105,0.0488721804511278,0.0185758513931888,2,8,0.1140350877192982,0.0350877192982456,0.0228070175438596,0.0631578947368421,1.868421052631579,1,1.8,5,2.421052631578948,1,1.2,5,1.4,1.2,0.2,1.0,1.2,-0.2,0.3999999999999999,0.0,0.4
2022-11-12,2022/23,Manchester City,Brentford,1,2,A,12.0,6.0,15.0,3.0,13,14,32,16,16,-1,2,11,6,0,2,2,2.4615384615384617,2.4,-0.0615384615384617,1.1428571428571428,1.2,0.0571428571428571,-0.1186813186813189,1.3186813186813189,1.2,-0.1186813186813189,0.0,0.0,2,18,-6,10,20,4,20,4,0,0,25,24,0.3421052631578947,0.3684210526315789,0.1140350877192982,0.0193905817174515,6,10,0.0488721804511278,0.0334928229665071,0.0162907268170426,0.0736842105263157,2.4473684210526314,1,2.4,5,1.2105263157894737,1,1.2,5,2.0,0.6,1.4,1.0,1.4,-0.4,1.0,0.7999999999999999,1.7999999999999998
2022-11-12,2022/23,Bournemouth,Everton,3,0,H,1.0,4.0,5.0,5.0,14,14,13,14,-1,0,17,16,0,0,0,0,0.9285714285714286,0.2,-0.7285714285714286,1.0,0.8,-0.1999999999999999,-0.5285714285714287,-0.0714285714285714,-0.6000000000000001,-0.5285714285714287,0.0,0.0,21,20,13,12,1,2,1,2,0,0,24,24,0.3684210526315789,0.3684210526315789,0.0167464114832535,0.0175438596491228,13,12,0.0263157894736842,0.0283400809716599,0.1842105263157894,0.1228070175438596,,0,0.2,5,1.0263157894736843,1,0.8,5,1.4,2.4,-1.0,0.6,1.0,-0.4,0.7999999999999999,-1.4,-0.6
2022-11-12,2022/23,Liverpool,Southampton,3,1,H,9.0,5.0,10.0,3.0,13,14,19,12,7,-1,8,18,6,0,2,2,1.4615384615384617,1.8,0.3384615384615386,0.8571428571428571,1.0,0.1428571428571429,0.1956043956043957,0.6043956043956044,0.8,0.1956043956043957,0.0,0.0,15,22,7,14,7,0,7,1,0,1,25,24,0.3421052631578947,0.3684210526315789,0.0213815789473684,0.0160183066361556,7,14,0.0427631578947368,0.0245614035087719,0.0427631578947368,0.1842105263157894,2.421052631578948,1,1.8,5,1.0526315789473684,1,1.0,5,1.0,0.8,0.2,0.8,1.4,-0.6,0.19999999999999996,0.5999999999999999,0.8
2022-11-12,2022/23,Nottingham Forest,Crystal Palace,1,0,H,5.0,10.0,5.0,5.0,14,13,10,19,-9,1,20,10,0,0,0,0,0.7142857142857143,1.0,0.2857142857142857,1.4615384615384617,2.0,0.5384615384615385,-0.2527472527472528,-0.7472527472527472,-1.0,-0.2527472527472528,0.0,0.0,24,15,16,7,-2,7,3,7,1,0,24,25,0.3684210526315789,0.3421052631578947,0.0147368421052631,0.0213815789473684,16,7,0.0216718266253869,0.0427631578947368,0.0921052631578947,0.0427631578947368,,0,1.0,5,1.263157894736842,1,2.0,5,0.6,1.6,-1.0,1.0,1.0,0.0,-0.4,-0.6000000000000001,-1.0
2022-11-12,2022/23,Tottenham Hotspur,Leeds United,4,3,H,6.0,6.0,9.0,3.0,14,13,26,15,11,1,4,12,6,0,2,2,1.8571428571428568,1.2,-0.6571428571428573,1.1538461538461535,1.2,0.0461538461538462,-0.7032967032967035,0.7032967032967035,0.0,-0.7032967032967035,0.0,0.0,8,19,0,11,14,3,14,3,0,0,24,25,0.3684210526315789,0.3421052631578947,0.0409356725146198,0.0171052631578947,0,11,0.3684210526315789,0.0285087719298245,0.0245614035087719,0.0855263157894736,1.868421052631579,1,1.2,5,1.0,1,1.2,5,1.4,1.6,-0.2,1.6,2.0,-0.4,-0.20000000000000018,0.3999999999999999,0.2
2022-11-12,2022/23,West Ham United,Leicester City,0,2,A,4.0,10.0,10.0,6.0,14,14,14,14,0,0,15,14,4,1,2,2,1.0,0.8,-0.1999999999999999,1.0,2.0,1.0,-1.2,0.0,-1.2,-1.2,0.0,0.0,20,20,12,12,2,2,2,2,0,0,24,24,0.3684210526315789,0.3684210526315789,0.0175438596491228,0.0175438596491228,12,12,0.0283400809716599,0.0283400809716599,0.1228070175438596,0.1228070175438596,1.4736842105263157,1,0.8,5,1.368421052631579,1,2.0,5,0.8,1.0,-0.2,1.6,0.2,1.4,-0.8,-0.8,-1.5999999999999999
2022-11-12,2022/23,Newcastle United,Chelsea,1,0,H,13.0,5.0,11.0,7.0,14,13,27,21,6,1,3,7,0,6,2,2,1.9285714285714288,2.6,0.6714285714285715,1.6153846153846154,1.0,-0.6153846153846154,1.286813186813187,0.3131868131868132,1.6,1.286813186813187,0.0,0.0,7,13,-1,5,15,9,15,9,0,0,24,25,0.3684210526315789,0.3421052631578947,0.0460526315789473,0.0244360902255639,1,5,0.1842105263157894,0.0570175438596491,0.0230263157894736,0.0342105263157894,1.2894736842105263,1,2.6,5,1.947368421052632,1,1.0,5,2.2,0.4,1.8,0.8,1.2,-0.4,1.4000000000000001,0.7999999999999999,2.2
2022-11-12,2022/23,Wolverhampton Wanderers,Arsenal,0,2,A,4.0,13.0,6.0,10.0,14,13,10,34,-24,1,19,1,0,6,2,2,0.7142857142857143,0.8,0.0857142857142857,2.6153846153846154,2.6,-0.0153846153846153,0.101098901098901,-1.901098901098901,-1.8,0.1010989010989009,0.0,0.0,24,0,16,-8,-2,22,3,22,1,0,24,25,0.3684210526315789,0.3421052631578947,0.0147368421052631,0.3421052631578947,16,8,0.0216718266253869,0.0380116959064327,0.0921052631578947,0.0148741418764302,1.3421052631578947,1,0.8,5,1.8157894736842104,1,2.6,5,1.0,2.0,-1.0,2.2,0.6,1.6,-1.2000000000000002,-1.4,-2.6
2022-11-13,2022/23,Brighton,Aston Villa,1,2,A,7.0,6.0,10.0,2.0,13,14,21,15,6,-1,7,15,0,6,2,2,1.6153846153846154,1.4,-0.2153846153846155,1.0714285714285714,1.2,0.1285714285714285,-0.343956043956044,0.543956043956044,0.1999999999999999,-0.343956043956044,0.0,0.0,16,22,8,14,8,2,8,2,0,0,25,24,0.3421052631578947,0.3684210526315789,0.0201238390092879,0.0160183066361556,8,14,0.0380116959064327,0.0245614035087719,0.0380116959064327,0.1228070175438596,1.3421052631578947,1,1.4,5,1.1842105263157894,1,1.2,5,1.6,1.6,0.0,1.4,2.0,-0.6,0.20000000000000018,0.3999999999999999,0.6
2022-11-13,2022/23,Fulham,Manchester United,1,2,A,8.0,8.0,8.0,7.0,14,13,19,23,-4,1,9,5,0,0,0,0,1.3571428571428572,1.6,0.2428571428571428,1.7692307692307692,1.6,-0.169230769230769,0.4120879120879119,-0.4120879120879119,0.0,0.4120879120879119,0.0,0.0,18,14,10,6,6,10,6,10,0,0,24,25,0.3684210526315789,0.3421052631578947,0.0193905817174515,0.0228070175438596,10,6,0.0334928229665071,0.0488721804511278,0.0526315789473684,0.0311004784688995,,0,1.6,5,1.5263157894736843,1,1.6,5,1.8,1.2,0.6,1.0,0.8,0.2,0.8,-0.3999999999999999,0.39999999999999997
2022-12-26,2022/23,Brentford,Tottenham Hotspur,2,2,D,6.0,6.0,8.0,7.0,15,15,19,29,-10,0,10,4,1,4,2,2,1.2666666666666666,1.2,-0.0666666666666666,1.933333333333333,1.2,-0.7333333333333334,0.6666666666666667,-0.6666666666666667,0.0,0.6666666666666667,0.0,0.0,18,8,10,0,6,16,6,16,0,0,23,23,0.3947368421052631,0.3947368421052631,0.020775623268698,0.043859649122807,10,0,0.0358851674641148,0.3947368421052631,0.056390977443609,0.023219814241486,1.2105263157894737,1,1.2,5,1.868421052631579,1,1.2,5,1.0,1.6,-0.6,1.8,2.2,-0.4,-0.8,0.6000000000000001,-0.19999999999999996
2022-12-26,2022/23,Crystal Palace,Fulham,0,3,A,9.0,7.0,10.0,6.0,14,15,19,19,0,-1,11,9,0,0,0,0,1.3571428571428572,1.8,0.4428571428571428,1.2666666666666666,1.4,0.1333333333333333,0.3095238095238095,0.0904761904761906,0.4000000000000001,0.3095238095238095,0.0,0.0,18,18,10,10,6,6,6,6,0,0,24,23,0.3684210526315789,0.3947368421052631,0.0193905817174515,0.020775623268698,10,10,0.0334928229665071,0.0358851674641148,0.0526315789473684,0.056390977443609,1.263157894736842,1,1.8,5,,0,1.4,5,1.0,1.2,-0.2,1.6,1.2,0.4,-0.6000000000000001,0.0,-0.6000000000000001
2022-12-26,2022/23,Everton,Wolverhampton Wanderers,1,2,A,4.0,1.0,7.0,2.0,15,15,14,10,4,0,17,20,0,6,2,2,0.9333333333333332,0.8,-0.1333333333333333,0.6666666666666666,0.2,-0.4666666666666666,0.3333333333333333,0.2666666666666667,0.6000000000000001,0.3333333333333333,0.0,0.0,23,27,15,19,1,-3,1,4,0,1,23,23,0.3947368421052631,0.3947368421052631,0.0164473684210526,0.0140977443609022,15,19,0.0246710526315789,0.0197368421052631,0.1973684210526315,0.0789473684210526,1.0263157894736843,1,0.8,5,1.3421052631578947,1,0.2,5,0.6,1.2,-0.6,0.8,2.4,-1.6,-0.20000000000000007,1.2,1.0
2022-12-26,2022/23,Leicester City,Newcastle United,0,3,A,12.0,15.0,7.0,10.0,15,15,17,30,-13,0,13,3,3,3,2,2,1.1333333333333333,2.4,1.2666666666666666,2.0,3.0,1.0,0.2666666666666666,-0.8666666666666667,-0.6000000000000001,0.2666666666666666,0.0,0.0,20,7,12,-1,4,17,4,17,0,0,23,23,0.3947368421052631,0.3947368421052631,0.018796992481203,0.0493421052631578,12,1,0.0303643724696356,0.1973684210526315,0.0789473684210526,0.0219298245614035,1.368421052631579,1,2.4,5,1.2894736842105263,1,3.0,5,2.0,0.2,1.8,2.4,0.4,2.0,-0.3999999999999999,0.2,-0.19999999999999996
2022-12-26,2022/23,Southampton,Brighton,1,3,A,4.0,7.0,5.0,4.0,15,14,12,21,-9,1,19,7,2,2,2,2,0.8,0.8,0.0,1.5,1.4,-0.1,0.1,-0.7,-0.5999999999999999,0.1,0.0,0.0,25,16,17,8,-1,8,2,8,1,0,23,24,0.3947368421052631,0.3684210526315789,0.0151821862348178,0.0216718266253869,17,8,0.0219298245614035,0.0409356725146198,0.131578947368421,0.0409356725146198,1.0526315789473684,1,0.8,5,1.3421052631578947,1,1.4,5,0.8,1.8,-1.0,1.8,1.6,0.2,-1.0,-0.19999999999999996,-1.2
2022-12-26,2022/23,Aston Villa,Liverpool,1,3,A,9.0,9.0,10.0,4.0,15,14,18,22,-4,1,12,6,0,6,2,2,1.2,1.8,0.6000000000000001,1.5714285714285714,1.8,0.2285714285714286,0.3714285714285714,-0.3714285714285714,0.0,0.3714285714285714,0.0,0.0,19,15,11,7,5,9,5,9,0,0,23,24,0.3947368421052631,0.3684210526315789,0.0197368421052631,0.0230263157894736,11,7,0.0328947368421052,0.0460526315789473,0.0657894736842105,0.0368421052631578,1.1842105263157894,1,1.8,5,2.421052631578948,1,1.8,5,1.8,1.8,0.0,1.4,1.0,0.4,0.40000000000000013,-0.8,-0.4
2022-12-26,2022/23,Arsenal,West Ham United,3,1,H,13.0,3.0,15.0,1.0,14,15,37,14,23,-1,1,16,6,0,2,2,2.642857142857143,2.6,-0.0428571428571427,0.9333333333333332,0.6,-0.3333333333333333,0.2904761904761906,1.7095238095238094,2.0,0.2904761904761905,0.0,0.0,0,23,-8,15,24,1,24,1,0,0,24,23,0.3684210526315789,0.3947368421052631,0.3684210526315789,0.0164473684210526,8,15,0.0409356725146198,0.0246710526315789,0.0147368421052631,0.1973684210526315,1.8157894736842104,1,2.6,5,1.4736842105263157,1,0.6,5,2.0,0.2,1.8,0.6,1.2,-0.6,1.4,1.0,2.4
2022-12-27,2022/23,Chelsea,Bournemouth,2,0,H,2.0,3.0,10.0,5.0,14,15,21,16,5,-1,9,14,0,0,0,0,1.5,0.4,-1.1,1.0666666666666669,0.6,-0.4666666666666667,-0.6333333333333334,0.4333333333333333,-0.1999999999999999,-0.6333333333333333,0.6333333333333333,-1.0,19,24,9,14,8,3,8,3,0,0,24,23,0.3684210526315789,0.3947368421052631,0.0184210526315789,0.0157894736842105,9,14,0.0368421052631578,0.0263157894736842,0.0409356725146198,0.0986842105263157,1.947368421052632,1,0.4,5,,0,0.6,5,0.4,1.4,-1.0,1.6,2.0,-0.4,-1.2000000000000002,0.6000000000000001,-0.6
2022-12-27,2022/23,Manchester United,Nottingham Forest,3,0,H,10.0,8.0,13.0,1.0,14,15,26,13,13,-1,5,19,0,0,0,0,1.8571428571428568,2.0,0.1428571428571428,0.8666666666666667,1.6,0.7333333333333334,-0.5904761904761906,0.9904761904761904,0.3999999999999999,-0.5904761904761906,0.0,0.0,14,27,4,17,13,0,13,1,0,1,24,23,0.3684210526315789,0.3947368421052631,0.0245614035087719,0.0140977443609022,4,17,0.0736842105263157,0.0219298245614035,0.0263157894736842,0.1973684210526315,1.5263157894736843,1,2.0,5,,0,1.6,5,1.4,1.0,0.4,0.8,1.4,-0.6,0.5999999999999999,0.3999999999999999,1.0
2022-12-28,2022/23,Leeds United,Manchester City,1,3,A,6.0,9.0,5.0,8.0,14,14,15,32,-17,0,15,3,0,6,2,2,1.0714285714285714,1.2,0.1285714285714285,2.2857142857142856,1.8,-0.4857142857142855,0.6142857142857141,-1.2142857142857142,-0.6000000000000001,0.6142857142857141,0.0,0.0,25,8,15,-2,2,19,2,19,0,0,24,24,0.3684210526315789,0.3684210526315789,0.0141700404858299,0.0409356725146198,15,2,0.0230263157894736,0.1228070175438596,0.1228070175438596,0.0184210526315789,1.0,1,1.2,5,2.4473684210526314,1,1.8,5,2.2,2.6,-0.4,1.4,1.0,0.4,0.8000000000000003,-1.6,-0.8
2022-12-30,2022/23,West Ham United,Brentford,0,2,A,3.0,6.0,9.0,5.0,16,16,14,20,-6,0,16,10,0,6,2,2,0.875,0.6,-0.275,1.25,1.2,-0.05,-0.2249999999999999,-0.375,-0.6,-0.2249999999999999,0.0,0.0,26,20,16,10,1,7,1,7,0,0,22,22,0.4210526315789473,0.4210526315789473,0.0155945419103313,0.0200501253132832,16,10,0.0247678018575851,0.0382775119617224,0.2105263157894736,0.0526315789473684,1.4736842105263157,1,0.6,5,1.2105263157894737,1,1.2,5,0.8,1.6,-0.8,1.4,2.0,-0.6,-0.5999999999999999,0.3999999999999999,-0.20000000000000007
2022-12-30,2022/23,Liverpool,Leicester City,2,1,H,9.0,9.0,10.0,9.0,15,16,25,17,8,-1,6,13,3,3,2,2,1.6666666666666667,1.8,0.1333333333333333,1.0625,1.8,0.7375,-0.6041666666666667,0.6041666666666667,0.0,-0.6041666666666667,0.0,0.0,15,23,5,13,12,4,12,4,0,0,23,22,0.3947368421052631,0.4210526315789473,0.0246710526315789,0.0175438596491228,5,13,0.0657894736842105,0.0300751879699248,0.0303643724696356,0.0842105263157894,2.421052631578948,1,1.8,5,1.368421052631579,1,1.8,5,1.8,1.2,0.6,1.6,0.8,0.8,0.19999999999999996,-0.3999999999999999,-0.20000000000000007
2022-12-31,2022/23,Wolverhampton Wanderers,Manchester United,0,1,A,4.0,10.0,3.0,7.0,16,15,13,29,-16,1,18,5,3,3,2,2,0.8125,0.8,-0.0124999999999999,1.933333333333333,2.0,0.0666666666666666,-0.0791666666666666,-1.1208333333333331,-1.2,-0.0791666666666666,0.0,0.0,27,11,17,1,0,16,1,16,1,0,22,23,0.4210526315789473,0.3947368421052631,0.0150375939849624,0.0328947368421052,17,1,0.023391812865497,0.1973684210526315,0.2105263157894736,0.023219814241486,1.3421052631578947,1,0.8,5,1.5263157894736843,1,2.0,5,1.0,2.2,-1.2,1.6,1.0,0.6,-0.6000000000000001,-1.2000000000000002,-1.7999999999999998
2022-12-31,2022/23,Bournemouth,Crystal Palace,0,2,A,3.0,6.0,7.0,5.0,16,15,16,19,-3,1,14,11,0,0,0,0,1.0,0.6,-0.4,1.2666666666666666,1.2,-0.0666666666666666,-0.3333333333333333,-0.2666666666666666,-0.6,-0.3333333333333333,0.0,0.0,24,21,14,11,3,6,3,6,0,0,22,23,0.4210526315789473,0.3947368421052631,0.0168421052631578,0.0179425837320574,14,11,0.0280701754385964,0.0328947368421052,0.1052631578947368,0.056390977443609,,0,0.6,5,1.263157894736842,1,1.2,5,1.6,2.2,-0.6,0.6,1.6,-1.0,1.0,-0.6000000000000001,0.4
2022-12-31,2022/23,Fulham,Southampton,2,1,H,7.0,1.0,5.0,3.0,16,16,22,12,10,0,10,20,0,0,0,0,1.375,1.4,0.0249999999999999,0.75,0.2,-0.55,0.575,0.625,1.2,0.575,0.0,0.0,18,28,8,18,9,-1,9,2,0,1,22,22,0.4210526315789473,0.4210526315789473,0.0221606648199446,0.014519056261343,8,18,0.0467836257309941,0.0221606648199446,0.0421052631578947,0.1403508771929824,,0,1.4,5,1.0526315789473684,1,0.2,5,1.6,1.2,0.4,0.8,2.4,-1.6,0.8,1.2,2.0
2022-12-31,2022/23,Manchester City,Everton,1,1,D,12.0,4.0,12.0,4.0,15,16,35,14,21,-1,2,16,6,0,2,2,2.333333333333333,2.4,0.0666666666666664,0.875,0.8,-0.0749999999999999,0.1416666666666663,1.4583333333333337,1.6,0.1416666666666663,0.0,0.0,5,26,-5,16,22,1,22,1,0,0,23,22,0.3947368421052631,0.4210526315789473,0.0657894736842105,0.0155945419103313,5,16,0.0657894736842105,0.0247678018575851,0.017162471395881,0.2105263157894736,2.4473684210526314,1,2.4,5,1.0263157894736843,1,0.8,5,2.0,1.0,1.0,0.8,1.4,-0.6,1.2,0.3999999999999999,1.6
2022-12-31,2022/23,Newcastle United,Leeds United,0,0,D,15.0,6.0,13.0,3.0,16,15,33,15,18,1,3,15,4,1,2,2,2.0625,3.0,0.9375,1.0,1.2,0.1999999999999999,0.7375,1.0625,1.8,0.7375,0.0,0.0,7,25,-3,15,20,2,20,2,0,0,22,23,0.4210526315789473,0.3947368421052631,0.0526315789473684,0.0151821862348178,3,15,0.1052631578947368,0.0246710526315789,0.0200501253132832,0.131578947368421,1.2894736842105263,1,3.0,5,1.0,1,1.2,5,2.8,0.4,2.4,2.4,2.8,-0.4,0.3999999999999999,2.4,2.8
2022-12-31,2022/23,Brighton,Arsenal,2,4,A,9.0,13.0,7.0,13.0,15,15,24,40,-16,0,7,1,4,1,2,2,1.6,1.8,0.1999999999999999,2.6666666666666665,2.6,-0.0666666666666664,0.2666666666666664,-1.0666666666666664,-0.8,0.2666666666666664,0.0,0.0,16,0,6,-10,11,27,11,27,0,0,23,23,0.3947368421052631,0.3947368421052631,0.023219814241486,0.3947368421052631,6,10,0.056390977443609,0.0358851674641148,0.0328947368421052,0.0140977443609022,1.3421052631578947,1,1.8,5,1.8157894736842104,1,2.6,5,2.4,1.8,0.6,2.4,0.4,2.0,0.0,-1.4,-1.4
2023-01-01,2022/23,Tottenham Hotspur,Aston Villa,0,2,A,7.0,9.0,9.0,5.0,16,16,30,18,12,0,5,12,6,0,2,2,1.875,1.4,-0.4750000000000001,1.125,1.8,0.675,-1.15,0.75,-0.4000000000000001,-1.15,1.15,-1.0,13,25,2,14,17,5,17,5,0,0,22,22,0.4210526315789473,0.4210526315789473,0.0300751879699248,0.0161943319838056,2,14,0.1403508771929824,0.0280701754385964,0.023391812865497,0.0701754385964912,1.868421052631579,1,1.4,5,1.1842105263157894,1,1.8,5,2.2,2.2,0.0,2.0,1.8,0.2,0.20000000000000018,-0.40000000000000013,-0.2
2023-01-01,2022/23,Nottingham Forest,Chelsea,1,1,D,7.0,4.0,8.0,7.0,16,15,13,24,-11,1,19,9,0,0,0,0,0.8125,1.4,0.5874999999999999,1.6,0.8,-0.8,1.3875,-0.7875000000000001,0.5999999999999999,1.3875,1.3875,1.0,30,19,19,8,0,11,1,11,1,0,22,23,0.4210526315789473,0.3947368421052631,0.0135823429541595,0.0197368421052631,19,8,0.0210526315789473,0.043859649122807,0.2105263157894736,0.0328947368421052,,0,1.4,5,1.947368421052632,1,0.8,5,0.8,2.0,-1.2,0.8,1.4,-0.6,0.0,-0.6000000000000001,-0.6
2023-01-02,2022/23,Brentford,Liverpool,3,1,H,9.0,12.0,6.0,7.0,17,16,23,28,-5,1,10,6,1,4,2,2,1.3529411764705883,1.8,0.4470588235294117,1.75,2.4,0.6499999999999999,-0.2029411764705881,-0.3970588235294117,-0.5999999999999999,-0.2029411764705881,0.0,0.0,20,15,9,4,9,14,9,14,0,0,21,22,0.4473684210526316,0.4210526315789473,0.0213032581453634,0.0263157894736842,9,4,0.0447368421052631,0.0842105263157894,0.0447368421052631,0.0280701754385964,1.2105263157894737,1,1.8,5,2.421052631578948,1,2.4,5,1.8,1.2,0.6,2.2,1.2,1.0,-0.40000000000000013,0.0,-0.4
2023-01-03,2022/23,Arsenal,Newcastle United,0,0,D,15.0,13.0,15.0,13.0,16,17,43,34,9,-1,1,3,3,3,2,2,2.6875,3.0,0.3125,2.0,2.6,0.6000000000000001,-0.2875000000000001,0.6875,0.3999999999999999,-0.2875000000000001,0.0,0.0,0,9,-11,-2,29,20,29,20,0,0,22,21,0.4210526315789473,0.4473684210526316,0.4210526315789473,0.0447368421052631,11,2,0.0350877192982456,0.1491228070175438,0.0140350877192982,0.0213032581453634,1.8157894736842104,1,3.0,5,1.2894736842105263,1,2.6,5,3.0,0.6,2.4,2.4,0.2,2.2,0.6000000000000001,-0.39999999999999997,0.19999999999999973
2023-01-03,2022/23,Everton,Brighton,1,4,A,2.0,9.0,6.0,7.0,17,16,15,24,-9,1,16,10,3,3,2,2,0.8823529411764706,0.4,-0.4823529411764705,1.5,1.8,0.3,-0.7823529411764706,-0.6176470588235294,-1.4,-0.7823529411764705,0.0,0.0,28,19,17,8,1,10,1,10,0,0,21,22,0.4473684210526316,0.4210526315789473,0.0154264972776769,0.0210526315789473,17,8,0.0248538011695906,0.0467836257309941,0.2236842105263158,0.0382775119617224,1.0263157894736843,1,0.4,5,1.3421052631578947,1,1.8,5,0.4,1.6,-1.2,2.6,2.0,0.6,-2.2,0.3999999999999999,-1.7999999999999998
2023-01-03,2022/23,Leicester City,Fulham,0,1,A,6.0,7.0,7.0,9.0,17,17,17,25,-8,0,13,8,0,0,0,0,1.0,1.2,0.1999999999999999,1.4705882352941178,1.4,-0.0705882352941178,0.2705882352941178,-0.4705882352941177,-0.1999999999999999,0.2705882352941178,0.0,0.0,26,18,15,7,3,11,3,11,0,0,21,21,0.4473684210526316,0.4473684210526316,0.016569200779727,0.0235457063711911,15,7,0.0279605263157894,0.0559210526315789,0.1118421052631579,0.0372807017543859,1.368421052631579,1,1.2,5,,0,1.4,5,1.0,1.2,-0.2,1.4,1.0,0.4,-0.3999999999999999,-0.19999999999999996,-0.6000000000000001
2023-01-03,2022/23,Manchester United,Bournemouth,3,0,H,12.0,3.0,13.0,2.0,16,17,32,16,16,-1,4,15,0,0,0,0,2.0,2.4,0.3999999999999999,0.9411764705882352,0.6,-0.3411764705882353,0.7411764705882352,1.0588235294117647,1.7999999999999998,0.7411764705882351,0.0,0.0,11,27,0,16,18,2,18,2,0,0,22,21,0.4210526315789473,0.4473684210526316,0.0350877192982456,0.0159774436090225,0,16,0.4210526315789473,0.0263157894736842,0.0221606648199446,0.1491228070175438,1.5263157894736843,1,2.4,5,,0,0.6,5,1.6,0.8,0.8,1.6,2.2,-0.6,0.0,1.4000000000000001,1.4
2023-01-04,2022/23,Southampton,Nottingham Forest,0,1,A,0.0,5.0,2.0,1.0,17,17,12,14,-2,0,20,18,0,0,0,0,0.7058823529411765,0.0,-0.7058823529411765,0.8235294117647058,1.0,0.1764705882352941,-0.8823529411764707,-0.1176470588235293,-1.0,-0.8823529411764707,0.0,0.0,32,30,23,21,-2,0,2,0,1,1,21,21,0.4473684210526316,0.4473684210526316,0.0135566188197767,0.0144312393887945,23,21,0.0186403508771929,0.020334928229665,0.1491228070175438,0.4473684210526316,1.0526315789473684,1,0.0,5,,0,1.0,5,0.8,2.6,-1.8,0.8,2.2,-1.4,0.0,-0.3999999999999999,-0.40000000000000013
2023-01-04,2022/23,Leeds United,West Ham United,2,2,D,7.0,0.0,4.0,1.0,16,17,16,14,2,-1,14,17,3,3,2,2,1.0,1.4,0.3999999999999999,0.8235294117647058,0.0,-0.8235294117647058,1.2235294117647058,0.1764705882352941,1.4,1.2235294117647058,0.0,0.0,28,30,19,21,2,0,2,0,0,0,22,21,0.4210526315789473,0.4473684210526316,0.014519056261343,0.0144312393887945,19,21,0.0210526315789473,0.020334928229665,0.1403508771929824,0.4473684210526316,1.0,1,1.4,5,1.4736842105263157,1,0.0,5,2.0,2.2,-0.2,0.4,2.0,-1.6,1.6,-0.20000000000000018,1.4000000000000001
2023-01-04,2022/23,Aston Villa,Wolverhampton Wanderers,1,1,D,9.0,4.0,9.0,4.0,17,17,21,13,8,0,12,19,0,6,2,2,1.2352941176470589,1.8,0.5647058823529412,0.7647058823529411,0.8,0.0352941176470589,0.5294117647058822,0.4705882352941177,1.0,0.5294117647058822,0.0,0.0,23,31,14,22,7,-1,7,1,0,1,21,21,0.4473684210526316,0.4473684210526316,0.0186403508771929,0.0139802631578947,14,22,0.0298245614035087,0.0194508009153318,0.0559210526315789,0.2236842105263158,1.1842105263157894,1,1.8,5,1.3421052631578947,1,0.8,5,1.6,1.8,-0.2,1.0,1.6,-0.6,0.6000000000000001,-0.19999999999999996,0.39999999999999997
2023-01-04,2022/23,Crystal Palace,Tottenham Hotspur,0,4,A,9.0,7.0,9.0,7.0,16,17,22,30,-8,-1,11,5,3,3,2,2,1.375,1.8,0.425,1.7647058823529411,1.4,-0.3647058823529412,0.7897058823529413,-0.3897058823529411,0.4000000000000001,0.7897058823529413,0.7897058823529413,1.0,22,14,13,5,8,16,8,16,0,0,22,21,0.4210526315789473,0.4473684210526316,0.0183066361556064,0.0298245614035087,13,5,0.0300751879699248,0.0745614035087719,0.0467836257309941,0.0263157894736842,1.263157894736842,1,1.8,5,1.868421052631579,1,1.4,5,1.0,1.0,0.0,2.0,2.2,-0.2,-1.0,1.2000000000000002,0.2
2023-01-05,2022/23,Chelsea,Manchester City,0,1,A,4.0,10.0,10.0,10.0,16,16,25,36,-11,0,10,2,0,6,2,2,1.5625,0.8,-0.7625,2.25,2.0,-0.25,-0.5125,-0.6875,-1.2,-0.5125,0.0,0.0,19,8,10,-1,10,21,10,21,0,0,22,22,0.4210526315789473,0.4210526315789473,0.0210526315789473,0.0467836257309941,10,1,0.0382775119617224,0.2105263157894736,0.0382775119617224,0.0191387559808612,1.947368421052632,1,0.8,5,2.4473684210526314,1,2.0,5,0.8,1.4,-0.6,1.6,1.0,0.6,-0.8,-0.3999999999999999,-1.2
2023-01-12,2022/23,Fulham,Chelsea,2,1,H,9.0,4.0,8.0,5.0,18,17,28,25,3,1,7,10,0,0,0,0,1.5555555555555556,1.8,0.2444444444444444,1.4705882352941178,0.8,-0.6705882352941177,0.9150326797385622,0.0849673202614378,1.0,0.9150326797385622,0.0,0.0,16,19,7,10,13,10,13,10,0,0,20,21,0.4736842105263157,0.4473684210526316,0.0278637770897832,0.0223684210526315,7,10,0.0592105263157894,0.0406698564593301,0.0338345864661654,0.0406698564593301,,0,1.8,5,1.947368421052632,1,0.8,5,1.6,1.0,0.6,0.6,0.8,-0.2,1.0,-0.19999999999999996,0.8
2023-01-13,2022/23,Aston Villa,Leeds United,2,1,H,10.0,5.0,7.0,4.0,18,17,22,17,5,1,11,14,5,2,3,3,1.2222222222222223,2.0,0.7777777777777777,1.0,1.0,0.0,0.7777777777777777,0.2222222222222223,1.0,0.7777777777777777,0.0,0.0,22,27,13,18,7,2,7,2,0,0,20,21,0.4736842105263157,0.4473684210526316,0.0205949656750572,0.0159774436090225,13,18,0.0338345864661654,0.0235457063711911,0.0592105263157894,0.1491228070175438,1.1842105263157894,1,2.0,5,1.0,1,1.0,5,1.8,1.2,0.6,2.0,2.4,-0.4,-0.19999999999999996,1.2,1.0
2023-01-14,2022/23,Manchester United,Manchester City,2,1,H,12.0,10.0,13.0,12.0,17,17,35,39,-4,0,4,2,0,9,3,3,2.0588235294117645,2.4,0.3411764705882354,2.294117647058824,2.0,-0.2941176470588234,0.6352941176470588,-0.2352941176470588,0.3999999999999999,0.6352941176470588,0.6352941176470588,1.0,9,5,0,-4,20,24,20,24,0,0,21,21,0.4473684210526316,0.4473684210526316,0.0447368421052631,0.0745614035087719,0,4,0.4473684210526316,0.0894736842105263,0.0213032581453634,0.0178947368421052,1.5263157894736843,1,2.4,5,2.4473684210526314,1,2.0,5,2.0,0.8,1.2,1.6,1.0,0.6,0.3999999999999999,0.19999999999999996,0.6
2023-01-14,2022/23,Brighton,Liverpool,3,0,H,9.0,12.0,4.0,6.0,17,17,27,28,-1,0,8,7,2,5,3,3,1.588235294117647,1.8,0.211764705882353,1.6470588235294117,2.4,0.7529411764705882,-0.5411764705882351,-0.0588235294117647,-0.5999999999999999,-0.5411764705882351,0.0,0.0,17,16,8,7,12,13,12,13,0,0,21,21,0.4473684210526316,0.4473684210526316,0.0248538011695906,0.0263157894736842,8,7,0.0497076023391812,0.0559210526315789,0.034412955465587,0.0319548872180451,1.3421052631578947,1,1.8,5,2.421052631578948,1,2.4,5,2.6,2.0,0.6,2.2,1.4,0.8,0.3999999999999999,-0.6000000000000001,-0.20000000000000007
2023-01-14,2022/23,Everton,Southampton,1,2,A,1.0,0.0,3.0,3.0,18,18,15,12,3,0,18,20,6,3,3,3,0.8333333333333334,0.2,-0.6333333333333333,0.6666666666666666,0.0,-0.6666666666666666,0.0333333333333333,0.1666666666666667,0.2,0.0333333333333332,0.0,0.0,29,32,20,23,0,-3,0,3,1,1,20,20,0.4736842105263157,0.4736842105263157,0.0157894736842105,0.0143540669856459,20,23,0.0225563909774436,0.0197368421052631,0.4736842105263157,0.1184210526315789,1.0263157894736843,1,0.2,5,1.0526315789473684,1,0.0,5,0.6,2.4,-1.8,0.8,2.6,-1.8,-0.20000000000000007,0.20000000000000018,0.0
2023-01-14,2022/23,Nottingham Forest,Leicester City,2,0,H,8.0,6.0,9.0,9.0,18,18,17,17,0,0,15,13,0,3,1,1,0.9444444444444444,1.6,0.6555555555555557,0.9444444444444444,1.2,0.2555555555555555,0.4000000000000001,0.0,0.4000000000000001,0.4000000000000001,0.0,0.0,27,27,18,18,2,2,2,2,0,0,20,20,0.4736842105263157,0.4736842105263157,0.0169172932330827,0.0169172932330827,18,18,0.0249307479224376,0.0249307479224376,0.1578947368421052,0.1578947368421052,,0,1.6,5,1.368421052631579,1,1.2,5,1.0,1.2,-0.2,1.0,1.2,-0.2,0.0,0.0,0.0
2023-01-14,2022/23,Wolverhampton Wanderers,West Ham United,1,0,H,4.0,1.0,3.0,2.0,18,18,14,15,-1,0,19,17,3,6,3,3,0.7777777777777778,0.8,0.0222222222222222,0.8333333333333334,0.2,-0.6333333333333333,0.6555555555555556,-0.0555555555555555,0.6000000000000001,0.6555555555555557,0.6555555555555557,1.0,30,29,21,20,-1,0,1,0,1,0,20,20,0.4736842105263157,0.4736842105263157,0.0152801358234295,0.0157894736842105,21,20,0.0215311004784688,0.0225563909774436,0.2368421052631578,0.4736842105263157,1.3421052631578947,1,0.8,5,1.4736842105263157,1,0.2,5,1.0,1.6,-0.6,0.8,2.2,-1.4,0.19999999999999996,0.6000000000000001,0.7999999999999999
2023-01-14,2022/23,Brentford,Bournemouth,2,0,H,11.0,3.0,9.0,1.0,18,18,26,16,10,0,9,16,1,1,1,1,1.4444444444444444,2.2,0.7555555555555558,0.8888888888888888,0.6,-0.2888888888888888,1.0444444444444447,0.5555555555555556,1.6,1.0444444444444445,0.0,0.0,18,28,9,19,11,1,11,1,0,0,20,20,0.4736842105263157,0.4736842105263157,0.0249307479224376,0.0163339382940108,9,19,0.0473684210526315,0.0236842105263157,0.0394736842105263,0.2368421052631578,1.2105263157894737,1,2.2,5,,0,0.6,5,2.2,1.2,1.0,1.2,2.2,-1.0,1.0000000000000002,1.0000000000000002,2.0
2023-01-15,2022/23,Chelsea,Crystal Palace,1,0,H,4.0,6.0,7.0,7.0,18,17,25,22,3,1,10,12,9,0,3,3,1.3888888888888888,0.8,-0.5888888888888888,1.2941176470588236,1.2,-0.0941176470588236,-0.4947712418300651,0.0947712418300652,-0.3999999999999999,-0.4947712418300651,0.4947712418300651,-1.0,19,22,10,13,10,7,10,7,0,0,20,21,0.4736842105263157,0.4473684210526316,0.0236842105263157,0.0194508009153318,10,13,0.0430622009569377,0.0319548872180451,0.0430622009569377,0.0559210526315789,1.947368421052632,1,0.8,5,1.263157894736842,1,1.2,5,0.8,1.0,-0.2,0.8,1.8,-1.0,0.0,0.8,0.8
2023-01-15,2022/23,Newcastle United,Fulham,1,0,H,11.0,12.0,13.0,9.0,18,19,35,31,4,-1,4,6,3,0,1,1,1.9444444444444444,2.2,0.2555555555555557,1.631578947368421,2.4,0.7684210526315789,-0.5128654970760231,0.3128654970760234,-0.1999999999999997,-0.5128654970760231,0.5128654970760231,-1.0,9,13,0,4,20,16,20,16,0,0,20,19,0.4736842105263157,0.5,0.0473684210526315,0.0357142857142857,0,4,0.4736842105263157,0.1,0.0225563909774436,0.0294117647058823,1.2894736842105263,1,2.2,5,,0,2.4,5,1.6,0.2,1.4,1.8,0.8,1.0,-0.19999999999999996,0.6000000000000001,0.3999999999999999
2023-01-15,2022/23,Tottenham Hotspur,Arsenal,0,2,A,7.0,13.0,6.0,13.0,18,17,33,44,-11,1,5,1,3,6,3,3,1.8333333333333333,1.4,-0.4333333333333333,2.588235294117647,2.6,0.0117647058823529,-0.4450980392156862,-0.7549019607843139,-1.2000000000000002,-0.4450980392156862,0.0,0.0,11,0,2,-9,18,29,18,29,0,0,20,21,0.4736842105263157,0.4473684210526316,0.0394736842105263,0.4473684210526316,2,9,0.1578947368421052,0.0447368421052631,0.0249307479224376,0.0149122807017543,1.868421052631579,1,1.4,5,1.8157894736842104,1,2.6,5,2.2,1.8,0.4,2.0,0.6,1.4,0.20000000000000018,-1.2000000000000002,-0.9999999999999999
2023-01-18,2022/23,Crystal Palace,Manchester United,1,1,D,3.0,15.0,9.0,10.0,18,18,22,38,-16,0,12,4,3,3,2,2,1.2222222222222223,0.6,-0.6222222222222223,2.111111111111111,3.0,0.8888888888888888,-1.511111111111111,-0.8888888888888888,-2.4,-1.511111111111111,0.0,0.0,25,9,16,0,7,23,7,23,0,0,20,20,0.4736842105263157,0.4736842105263157,0.0182186234817813,0.0473684210526315,16,0,0.0278637770897832,0.4736842105263157,0.0592105263157894,0.0197368421052631,1.263157894736842,1,0.6,5,1.5263157894736843,1,3.0,5,0.4,1.8,-1.4,2.2,0.4,1.8,-1.8000000000000003,-1.4,-3.2
2023-01-19,2022/23,Manchester City,Tottenham Hotspur,4,2,H,7.0,7.0,10.0,10.0,18,19,39,33,6,-1,2,5,0,6,2,2,2.1666666666666665,1.4,-0.7666666666666666,1.736842105263158,1.4,-0.336842105263158,-0.4298245614035085,0.4298245614035085,0.0,-0.4298245614035085,0.0,0.0,8,14,-1,5,24,18,24,18,0,0,20,19,0.4736842105263157,0.5,0.0526315789473684,0.0333333333333333,1,5,0.2368421052631578,0.0833333333333333,0.0189473684210526,0.0263157894736842,2.4473684210526314,1,1.4,5,1.868421052631579,1,1.4,5,1.4,1.2,0.2,2.0,1.8,0.2,-0.6000000000000001,0.6000000000000001,0.0
2023-01-21,2022/23,Liverpool,Chelsea,0,0,D,9.0,7.0,12.0,2.0,18,19,28,28,0,-1,9,10,2,2,2,2,1.5555555555555556,1.8,0.2444444444444444,1.4736842105263157,1.4,-0.0736842105263158,0.3181286549707602,0.0818713450292398,0.4000000000000001,0.3181286549707602,0.0,0.0,19,19,10,10,13,13,13,13,0,0,20,19,0.4736842105263157,0.5,0.0236842105263157,0.025,10,10,0.0430622009569377,0.0454545454545454,0.0338345864661654,0.0357142857142857,2.421052631578948,1,1.8,5,1.947368421052632,1,1.4,5,1.8,1.8,0.0,1.0,0.8,0.2,0.8,-1.0,-0.2
2023-01-21,2022/23,Bournemouth,Nottingham Forest,1,1,D,3.0,10.0,6.0,4.0,19,19,16,20,-4,0,17,13,3,0,1,1,0.8421052631578947,0.6,-0.2421052631578947,1.0526315789473684,2.0,0.9473684210526316,-1.1894736842105265,-0.2105263157894736,-1.4,-1.1894736842105262,0.0,0.0,31,27,22,18,1,5,1,5,0,0,19,19,0.5,0.5,0.015625,0.0178571428571428,22,18,0.0217391304347826,0.0263157894736842,0.25,0.0833333333333333,,0,0.6,5,,0,2.0,5,0.6,1.8,-1.2,1.0,0.8,0.2,-0.4,-1.0,-1.4
2023-01-21,2022/23,Leicester City,Brighton,2,2,D,3.0,9.0,4.0,9.0,19,18,17,30,-13,1,14,7,1,7,3,3,0.8947368421052632,0.6,-0.2947368421052632,1.6666666666666667,1.8,0.1333333333333333,-0.4280701754385965,-0.7719298245614036,-1.2000000000000002,-0.4280701754385966,0.0,0.0,30,17,21,8,2,15,2,15,0,0,19,20,0.5,0.4736842105263157,0.0161290322580645,0.0263157894736842,21,8,0.0227272727272727,0.0526315789473684,0.1666666666666666,0.0296052631578947,1.368421052631579,1,0.6,5,1.3421052631578947,1,1.8,5,0.6,1.6,-1.0,2.6,1.6,1.0,-2.0,0.0,-2.0
2023-01-21,2022/23,Southampton,Aston Villa,0,1,A,3.0,10.0,2.0,7.0,19,19,15,25,-10,0,20,11,3,6,3,3,0.7894736842105263,0.6,-0.1894736842105263,1.3157894736842106,2.0,0.6842105263157894,-0.8736842105263157,-0.5263157894736843,-1.4,-0.8736842105263156,0.0,0.0,32,22,23,13,0,10,1,10,1,0,19,19,0.5,0.5,0.0151515151515151,0.0217391304347826,23,13,0.0208333333333333,0.0357142857142857,0.25,0.0454545454545454,1.0526315789473684,1,0.6,5,1.1842105263157894,1,2.0,5,1.0,2.0,-1.0,1.6,1.2,0.4,-0.6000000000000001,-0.8,-1.4
2023-01-21,2022/23,West Ham United,Everton,2,0,H,1.0,1.0,6.0,2.0,19,19,15,15,0,0,18,19,6,3,3,3,0.7894736842105263,0.2,-0.5894736842105264,0.7894736842105263,0.2,-0.5894736842105264,0.0,0.0,0.0,0.0,0.0,0.0,32,32,23,23,0,0,1,1,1,1,19,19,0.5,0.5,0.0151515151515151,0.0151515151515151,23,23,0.0208333333333333,0.0208333333333333,0.25,0.25,1.4736842105263157,1,0.2,5,1.0263157894736843,1,0.2,5,0.6,2.0,-1.4,0.8,2.4,-1.6,-0.20000000000000007,0.3999999999999999,0.20000000000000018
2023-01-21,2022/23,Crystal Palace,Newcastle United,0,0,D,4.0,11.0,7.0,11.0,19,19,23,38,-15,0,12,4,2,5,3,3,1.2105263157894737,0.8,-0.4105263157894736,2.0,2.2,0.2000000000000001,-0.6105263157894738,-0.7894736842105263,-1.4,-0.6105263157894738,0.0,0.0,24,9,15,0,8,23,8,23,0,0,19,19,0.5,0.5,0.02,0.05,15,0,0.03125,0.5,0.0555555555555555,0.0208333333333333,1.263157894736842,1,0.8,5,1.2894736842105263,1,2.2,5,0.6,1.8,-1.2,1.0,0.0,1.0,-0.4,-1.8,-2.2
2023-01-22,2022/23,Leeds United,Brentford,0,0,D,2.0,13.0,4.0,7.0,18,19,17,29,-12,-1,16,9,4,4,3,3,0.9444444444444444,0.4,-0.5444444444444444,1.5263157894736843,2.6,1.0736842105263158,-1.6181286549707603,-0.5818713450292399,-2.2,-1.6181286549707603,0.0,0.0,30,18,22,10,0,12,0,12,0,0,20,19,0.4736842105263157,0.5,0.0152801358234295,0.0263157894736842,22,10,0.0205949656750572,0.0454545454545454,0.4736842105263157,0.0384615384615384,1.0,1,0.4,5,1.2105263157894737,1,2.6,5,1.4,2.2,-0.8,2.2,0.8,1.4,-0.8000000000000003,-1.4000000000000001,-2.2
2023-01-22,2022/23,Manchester City,Wolverhampton Wanderers,3,0,H,10.0,7.0,10.0,5.0,19,19,42,17,25,0,2,17,9,0,3,3,2.210526315789474,2.0,-0.2105263157894739,0.8947368421052632,1.4,0.5052631578947367,-0.7157894736842106,1.3157894736842106,0.6000000000000001,-0.7157894736842105,0.0,0.0,5,30,-3,22,25,0,25,0,0,0,19,19,0.5,0.5,0.0833333333333333,0.0161290322580645,3,22,0.125,0.0217391304347826,0.0192307692307692,0.5,2.4473684210526314,1,2.0,5,1.3421052631578947,1,1.4,5,2.0,1.2,0.8,0.8,1.0,-0.2,1.2,-0.19999999999999996,1.0
2023-01-22,2022/23,Arsenal,Manchester United,3,2,H,13.0,13.0,13.0,8.0,18,19,47,39,8,-1,1,4,3,6,3,3,2.611111111111111,2.6,-0.011111111111111,2.0526315789473686,2.6,0.5473684210526315,-0.5584795321637426,0.5584795321637426,0.0,-0.5584795321637426,0.0,0.0,0,8,-8,0,30,22,30,22,0,0,20,19,0.4736842105263157,0.5,0.4736842105263157,0.0555555555555555,8,0,0.0526315789473684,0.5,0.0152801358234295,0.0217391304347826,1.8157894736842104,1,2.6,5,1.5263157894736843,1,2.6,5,2.2,0.6,1.6,2.0,0.4,1.6,0.20000000000000018,-0.19999999999999996,0.0
2023-01-23,2022/23,Fulham,Tottenham Hotspur,0,1,A,12.0,4.0,10.0,7.0,20,20,31,33,-2,0,7,5,0,3,1,1,1.55,2.4,0.8499999999999999,1.65,0.8,-0.8499999999999999,1.6999999999999995,-0.0999999999999998,1.6,1.6999999999999995,1.6999999999999995,1.0,19,17,8,6,14,16,14,16,0,0,18,18,0.5263157894736842,0.5263157894736842,0.0263157894736842,0.0292397660818713,8,6,0.0584795321637426,0.075187969924812,0.0350877192982456,0.0309597523219814,,0,2.4,5,1.868421052631579,1,0.8,5,1.6,0.6,1.0,1.6,2.0,-0.4,0.0,1.4,1.4
2023-02-03,2022/23,Chelsea,Fulham,0,0,D,5.0,9.0,7.0,9.0,20,21,29,31,-2,-1,10,7,0,3,1,1,1.45,1.0,-0.4499999999999999,1.4761904761904765,1.8,0.3238095238095237,-0.7738095238095237,-0.0261904761904763,-0.8,-0.7738095238095237,0.0,0.0,21,19,10,8,12,14,12,14,0,0,18,17,0.5263157894736842,0.5526315789473685,0.0239234449760765,0.0276315789473684,10,8,0.0478468899521531,0.0614035087719298,0.0404858299595141,0.0368421052631579,1.947368421052632,1,1.0,5,,0,1.8,5,0.6,0.8,-0.2,1.0,0.8,0.2,-0.4,0.0,-0.4
2023-02-04,2022/23,Everton,Arsenal,1,0,H,1.0,13.0,3.0,13.0,20,19,15,50,-35,1,19,1,3,3,2,2,0.75,0.2,-0.55,2.631578947368421,2.6,-0.0315789473684211,-0.5184210526315789,-1.8815789473684208,-2.4,-0.5184210526315787,0.0,0.0,35,0,24,-11,-2,33,2,33,1,0,18,19,0.5263157894736842,0.5,0.0146198830409356,0.5,24,11,0.0210526315789473,0.0416666666666666,0.175438596491228,0.0147058823529411,1.0263157894736843,1,0.2,5,1.8157894736842104,1,2.6,5,0.8,2.2,-1.4,2.4,1.0,1.4,-1.5999999999999999,-1.2000000000000002,-2.8
2023-02-04,2022/23,Aston Villa,Leicester City,2,4,A,10.0,1.0,10.0,9.0,20,20,28,18,10,0,11,14,4,1,2,2,1.4,2.0,0.6000000000000001,0.9,0.2,-0.7,1.3,0.4999999999999999,1.8,1.3000000000000005,0.0,0.0,22,32,11,21,11,1,11,1,0,0,18,18,0.5263157894736842,0.5263157894736842,0.022883295194508,0.0159489633173843,11,21,0.043859649122807,0.0239234449760765,0.043859649122807,0.2631578947368421,1.1842105263157894,1,2.0,5,1.368421052631579,1,0.2,5,1.4,1.0,0.4,0.6,2.0,-1.4,0.7999999999999999,1.0,1.7999999999999998
2023-02-04,2022/23,Brentford,Southampton,3,0,H,11.0,3.0,9.0,6.0,20,20,30,15,15,0,8,20,3,3,2,2,1.5,2.2,0.7000000000000002,0.75,0.6,-0.15,0.8500000000000002,0.75,1.6,0.8500000000000001,0.0,0.0,20,35,9,24,13,-2,13,2,0,1,18,18,0.5263157894736842,0.5263157894736842,0.025062656641604,0.0146198830409356,9,24,0.0526315789473684,0.0210526315789473,0.037593984962406,0.175438596491228,1.2105263157894737,1,2.2,5,1.0526315789473684,1,0.6,5,1.8,0.6,1.2,0.8,1.6,-0.8,1.0,1.0,2.0
2023-02-04,2022/23,Brighton,Bournemouth,1,0,H,10.0,1.0,7.0,0.0,19,20,31,17,14,-1,7,18,0,0,0,0,1.631578947368421,2.0,0.368421052631579,0.85,0.2,-0.6499999999999999,1.018421052631579,0.781578947368421,1.8,1.0184210526315791,0.0,0.0,19,33,8,22,14,0,14,0,0,1,19,18,0.5,0.5263157894736842,0.025,0.0154798761609907,8,22,0.0555555555555555,0.022883295194508,0.0333333333333333,0.5263157894736842,1.3421052631578947,1,2.0,5,,0,0.2,5,2.8,1.6,1.2,0.2,2.0,-1.8,2.5999999999999996,0.3999999999999999,3.0
2023-02-04,2022/23,Manchester United,Crystal Palace,2,1,H,10.0,5.0,15.0,6.0,20,20,39,24,15,0,4,12,4,4,3,3,1.95,2.0,0.05,1.2,1.0,-0.1999999999999999,0.25,0.75,1.0,0.25,0.0,0.0,11,26,0,15,22,7,22,7,0,0,18,18,0.5263157894736842,0.5263157894736842,0.043859649122807,0.0194931773879142,0,15,0.5263157894736842,0.0328947368421052,0.022883295194508,0.0657894736842105,1.5263157894736843,1,2.0,5,1.263157894736842,1,1.0,5,1.8,1.0,0.8,0.6,1.2,-0.6,1.2000000000000002,0.19999999999999996,1.4
2023-02-04,2022/23,Wolverhampton Wanderers,Liverpool,3,0,H,7.0,7.0,3.0,6.0,20,19,17,29,-12,1,17,10,0,6,2,2,0.85,1.4,0.5499999999999999,1.5263157894736843,1.4,-0.1263157894736843,0.6763157894736843,-0.6763157894736843,0.0,0.6763157894736843,0.0,0.0,33,21,22,10,0,12,0,12,0,0,18,19,0.5263157894736842,0.5,0.0154798761609907,0.0227272727272727,22,10,0.022883295194508,0.0454545454545454,0.5263157894736842,0.0384615384615384,1.3421052631578947,1,1.4,5,2.421052631578948,1,1.4,5,0.8,1.2,-0.4,1.2,1.6,-0.4,-0.3999999999999999,0.40000000000000013,0.0
2023-02-04,2022/23,Newcastle United,West Ham United,1,1,D,9.0,4.0,13.0,1.0,20,20,39,18,21,0,3,16,1,4,2,2,1.95,1.8,-0.1499999999999999,0.9,0.8,-0.0999999999999999,-0.0499999999999999,1.0499999999999998,1.0,-0.0499999999999998,0.0,0.0,11,32,0,21,22,1,22,1,0,0,18,18,0.5263157894736842,0.5263157894736842,0.043859649122807,0.0159489633173843,0,21,0.5263157894736842,0.0239234449760765,0.022883295194508,0.2631578947368421,1.2894736842105263,1,1.8,5,1.4736842105263157,1,0.8,5,0.8,0.0,0.8,1.0,1.6,-0.6,-0.19999999999999996,1.6,1.4
2023-02-05,2022/23,Nottingham Forest,Leeds United,1,0,H,8.0,3.0,11.0,4.0,20,19,21,18,3,1,14,17,0,0,0,0,1.05,1.6,0.55,0.9473684210526316,0.6,-0.3473684210526315,0.8973684210526316,0.1026315789473685,1.0,0.8973684210526315,0.0,0.0,29,32,19,22,3,0,3,0,0,0,18,19,0.5263157894736842,0.5,0.0175438596491228,0.0151515151515151,19,22,0.0263157894736842,0.0217391304347826,0.131578947368421,0.5,,0,1.6,5,1.0,1,0.6,5,1.0,1.0,0.0,0.8,1.4,-0.6,0.19999999999999996,0.3999999999999999,0.6
2023-02-05,2022/23,Tottenham Hotspur,Manchester City,1,0,H,6.0,10.0,3.0,9.0,21,20,36,45,-9,1,5,2,6,3,3,3,1.7142857142857142,1.2,-0.5142857142857142,2.25,2.0,-0.25,-0.2642857142857142,-0.5357142857142858,-0.8,-0.2642857142857142,0.0,0.0,14,5,4,-5,18,27,18,27,0,0,17,18,0.5526315789473685,0.5263157894736842,0.0368421052631579,0.087719298245614,4,5,0.1105263157894737,0.087719298245614,0.0290858725761772,0.018796992481203,1.868421052631579,1,1.2,5,2.4473684210526314,1,2.0,5,1.4,1.6,-0.2,2.0,1.0,1.0,-0.6000000000000001,-0.6000000000000001,-1.2
2023-02-08,2022/23,Manchester United,Leeds United,2,2,D,10.0,3.0,15.0,4.0,21,20,42,18,24,1,3,17,6,0,2,2,2.0,2.0,0.0,0.9,0.6,-0.3,0.3,1.1,1.4,0.2999999999999998,0.0,0.0,8,32,-2,22,24,0,24,0,0,0,17,18,0.5526315789473685,0.5263157894736842,0.0614035087719298,0.0159489633173843,2,22,0.1842105263157895,0.022883295194508,0.0221052631578947,0.5263157894736842,1.5263157894736843,1,2.0,5,1.0,1,0.6,5,2.0,1.2,0.8,0.6,1.0,-0.4,1.4,-0.19999999999999996,1.2000000000000002
2023-02-11,2022/23,West Ham United,Chelsea,1,1,D,5.0,5.0,6.0,2.0,21,21,19,30,-11,0,17,9,3,6,3,3,0.9047619047619048,1.0,0.0952380952380952,1.4285714285714286,1.0,-0.4285714285714286,0.5238095238095238,-0.5238095238095238,0.0,0.5238095238095238,0.0,0.0,31,20,21,10,1,12,1,12,0,0,17,17,0.5526315789473685,0.5526315789473685,0.0172697368421052,0.0263157894736842,21,10,0.0251196172248803,0.0502392344497607,0.2763157894736842,0.0425101214574898,1.4736842105263157,1,1.0,5,1.947368421052632,1,1.0,5,1.0,1.2,-0.2,0.4,0.6,-0.2,0.6,-0.6,0.0
2023-02-11,2022/23,Arsenal,Brentford,1,1,D,10.0,13.0,13.0,8.0,20,21,50,33,17,-1,1,7,6,3,3,3,2.5,2.0,-0.5,1.5714285714285714,2.6,1.0285714285714287,-1.5285714285714287,0.9285714285714286,-0.6000000000000001,-1.5285714285714287,1.5285714285714287,-1.0,0,17,-10,7,32,15,32,15,0,0,18,17,0.5263157894736842,0.5526315789473685,0.5263157894736842,0.0307017543859649,10,7,0.0478468899521531,0.069078947368421,0.0159489633173843,0.0345394736842105,1.8157894736842104,1,2.0,5,1.2105263157894737,1,2.6,5,1.8,1.0,0.8,2.0,0.2,1.8,-0.19999999999999996,-0.8,-1.0
2023-02-11,2022/23,Crystal Palace,Brighton,1,1,D,2.0,10.0,5.0,10.0,21,20,24,34,-10,1,12,6,2,2,2,2,1.1428571428571428,0.4,-0.7428571428571428,1.7,2.0,0.3,-1.0428571428571427,-0.5571428571428572,-1.6,-1.042857142857143,0.0,0.0,26,16,16,6,6,16,6,16,0,0,17,18,0.5526315789473685,0.5263157894736842,0.0204678362573099,0.0309597523219814,16,6,0.0325077399380804,0.075187969924812,0.0789473684210526,0.0309597523219814,1.263157894736842,1,0.4,5,1.3421052631578947,1,2.0,5,0.4,1.6,-1.2,2.4,1.4,1.0,-2.0,-0.20000000000000018,-2.2
2023-02-11,2022/23,Fulham,Nottingham Forest,2,0,H,7.0,11.0,7.0,5.0,22,21,32,24,8,1,8,13,3,0,1,1,1.4545454545454546,1.4,-0.0545454545454546,1.1428571428571428,2.2,1.0571428571428574,-1.111688311688312,0.3116883116883118,-0.8000000000000003,-1.111688311688312,1.111688311688312,-1.0,18,26,8,16,14,6,14,6,0,0,16,17,0.5789473684210527,0.5526315789473685,0.0304709141274238,0.0204678362573099,8,16,0.0643274853801169,0.0325077399380804,0.0385964912280701,0.0789473684210526,,0,1.4,5,,0,2.2,5,0.6,0.6,0.0,1.2,0.4,0.8,-0.6,-0.19999999999999996,-0.8
2023-02-11,2022/23,Leicester City,Tottenham Hotspur,4,1,H,4.0,9.0,4.0,10.0,21,22,21,39,-18,-1,14,5,0,9,3,3,1.0,0.8,-0.1999999999999999,1.7727272727272727,1.8,0.0272727272727273,-0.2272727272727273,-0.7727272727272727,-1.0,-0.2272727272727273,0.0,0.0,29,11,19,1,3,21,3,21,0,0,17,16,0.5526315789473685,0.5789473684210527,0.0184210526315789,0.0482456140350877,19,1,0.0276315789473684,0.2894736842105263,0.1381578947368421,0.0263157894736842,1.368421052631579,1,0.8,5,1.868421052631579,1,1.8,5,1.4,1.8,-0.4,1.6,1.2,0.4,-0.20000000000000018,-0.6000000000000001,-0.8
2023-02-11,2022/23,Southampton,Wolverhampton Wanderers,1,2,A,3.0,7.0,1.0,5.0,21,21,15,20,-5,0,20,15,0,9,3,3,0.7142857142857143,0.6,-0.1142857142857143,0.9523809523809524,1.4,0.4476190476190476,-0.5619047619047619,-0.238095238095238,-0.7999999999999999,-0.5619047619047619,0.0,0.0,35,30,25,20,-3,2,4,2,1,0,17,17,0.5526315789473685,0.5526315789473685,0.0153508771929824,0.0178268251273344,25,20,0.0212550607287449,0.0263157894736842,0.1105263157894737,0.1842105263157895,1.0526315789473684,1,0.6,5,1.3421052631578947,1,1.4,5,0.6,1.6,-1.0,1.0,1.0,0.0,-0.4,-0.6000000000000001,-1.0
2023-02-11,2022/23,Bournemouth,Newcastle United,1,1,D,1.0,7.0,4.0,11.0,21,21,17,40,-23,0,19,4,1,1,1,1,0.8095238095238095,0.2,-0.6095238095238096,1.9047619047619049,1.4,-0.5047619047619047,-0.1047619047619048,-1.0952380952380951,-1.2,-0.1047619047619048,0.0,0.0,33,10,23,0,-1,22,2,22,1,0,17,17,0.5526315789473685,0.5526315789473685,0.0162538699690402,0.0502392344497607,23,0,0.0230263157894736,0.5526315789473685,0.1842105263157895,0.0240274599542334,,0,0.2,5,1.2894736842105263,1,1.4,5,0.2,1.8,-1.6,0.4,0.2,0.2,-0.2,-1.6,-1.8
2023-02-12,2022/23,Leeds United,Manchester United,0,2,A,3.0,8.0,5.0,7.0,21,22,19,43,-24,-1,17,3,1,7,3,3,0.9047619047619048,0.6,-0.3047619047619048,1.9545454545454544,1.6,-0.3545454545454545,0.0497835497835497,-1.04978354978355,-1.0,0.0497835497835499,0.0,0.0,32,8,22,-2,1,25,1,25,0,0,17,16,0.5526315789473685,0.5789473684210527,0.0167464114832535,0.0643274853801169,22,2,0.0240274599542334,0.1929824561403509,0.2763157894736842,0.0222672064777327,1.0,1,0.6,5,1.5263157894736843,1,1.6,5,1.0,1.4,-0.4,1.8,1.6,0.2,-0.8,0.20000000000000018,-0.6000000000000001
2023-02-12,2022/23,Manchester City,Aston Villa,3,1,H,9.0,10.0,10.0,9.0,21,21,45,28,17,0,2,11,7,1,3,3,2.142857142857143,1.8,-0.3428571428571427,1.3333333333333333,2.0,0.6666666666666667,-1.0095238095238095,0.8095238095238095,-0.1999999999999999,-1.0095238095238095,1.0095238095238095,-1.0,6,23,-4,13,27,10,27,10,0,0,17,17,0.5526315789473685,0.5526315789473685,0.0789473684210526,0.0230263157894736,4,13,0.1105263157894737,0.0394736842105263,0.0197368421052631,0.0502392344497607,2.4473684210526314,1,1.8,5,1.1842105263157894,1,2.0,5,1.8,1.0,0.8,1.6,1.2,0.4,0.19999999999999996,0.19999999999999996,0.4
2023-02-13,2022/23,Liverpool,Everton,2,0,H,4.0,4.0,10.0,2.0,20,21,29,18,11,-1,10,18,7,1,3,3,1.45,0.8,-0.6499999999999999,0.8571428571428571,0.8,-0.057142857142857,-0.5928571428571429,0.5928571428571429,0.0,-0.5928571428571429,0.0,0.0,22,33,12,23,11,0,11,1,0,1,18,17,0.5263157894736842,0.5526315789473685,0.022883295194508,0.0162538699690402,12,23,0.0404858299595141,0.0230263157894736,0.043859649122807,0.2763157894736842,2.421052631578948,1,0.8,5,1.0263157894736843,1,0.8,5,0.6,2.0,-1.4,0.8,1.8,-1.0,-0.20000000000000007,-0.19999999999999996,-0.3999999999999999
2023-02-15,2022/23,Arsenal,Manchester City,1,3,A,8.0,9.0,11.0,9.0,21,22,51,48,3,-1,1,2,0,6,2,2,2.4285714285714284,1.6,-0.8285714285714283,2.1818181818181817,1.8,-0.3818181818181816,-0.4467532467532467,0.2467532467532467,-0.1999999999999999,-0.4467532467532467,0.4467532467532467,-1.0,0,3,-10,-7,33,30,33,30,0,0,17,16,0.5526315789473685,0.5789473684210527,0.5526315789473685,0.1447368421052631,10,7,0.0502392344497607,0.0723684210526315,0.0162538699690402,0.0186757215619694,1.8157894736842104,1,1.6,5,2.4473684210526314,1,1.8,5,1.2,0.8,0.4,2.2,1.2,1.0,-1.0000000000000002,0.3999999999999999,-0.6
2023-02-18,2022/23,Aston Villa,Arsenal,2,4,A,7.0,7.0,7.0,12.0,22,22,28,51,-23,0,11,2,0,9,3,3,1.2727272727272727,1.4,0.1272727272727272,2.3181818181818183,1.4,-0.9181818181818184,1.0454545454545456,-1.0454545454545456,0.0,1.0454545454545456,0.0,0.0,23,0,13,-10,10,33,10,33,0,0,16,16,0.5789473684210527,0.5789473684210527,0.0241228070175438,0.5789473684210527,13,10,0.0413533834586466,0.0526315789473684,0.0526315789473684,0.0170278637770897,1.1842105263157894,1,1.4,5,1.8157894736842104,1,1.4,5,1.4,1.8,-0.4,1.4,1.4,0.0,0.0,-0.40000000000000013,-0.4
2023-02-18,2022/23,Brentford,Crystal Palace,1,1,D,11.0,3.0,11.0,6.0,22,22,34,25,9,0,8,12,3,3,3,3,1.5454545454545454,2.2,0.6545454545454548,1.1363636363636365,0.6,-0.5363636363636365,1.1909090909090914,0.4090909090909089,1.6,1.1909090909090911,0.0,0.0,17,26,7,16,16,7,16,7,0,0,16,16,0.5789473684210527,0.5789473684210527,0.0321637426900584,0.0214424951267056,7,16,0.0723684210526315,0.0340557275541795,0.0340557275541795,0.0723684210526315,1.2105263157894737,1,2.2,5,1.263157894736842,1,0.6,5,1.8,0.4,1.4,0.6,1.0,-0.4,1.2000000000000002,0.6,1.7999999999999998
2023-02-18,2022/23,Brighton,Fulham,0,1,A,11.0,7.0,9.0,7.0,21,23,35,35,0,-2,6,7,0,3,1,1,1.6666666666666667,2.2,0.5333333333333334,1.5217391304347827,1.4,-0.1217391304347828,0.6550724637681162,0.144927536231884,0.8000000000000003,0.6550724637681162,0.0,0.0,16,16,6,6,17,17,17,17,0,0,17,15,0.5526315789473685,0.6052631578947368,0.0325077399380804,0.0356037151702786,6,6,0.0789473684210526,0.0864661654135338,0.0307017543859649,0.033625730994152,1.3421052631578947,1,2.2,5,,0,1.4,5,2.2,0.8,1.4,0.8,0.6,0.2,1.4000000000000001,-0.20000000000000007,1.2
2023-02-18,2022/23,Chelsea,Southampton,0,1,A,6.0,3.0,7.0,3.0,22,22,31,15,16,0,10,20,6,3,3,3,1.4090909090909092,1.2,-0.2090909090909092,0.6818181818181818,0.6,-0.0818181818181817,-0.1272727272727274,0.7272727272727274,0.6,-0.1272727272727274,0.0,0.0,20,36,10,26,13,-3,13,4,0,1,16,16,0.5789473684210527,0.5789473684210527,0.0275689223057644,0.0156472261735419,10,26,0.0526315789473684,0.0214424951267056,0.0413533834586466,0.1157894736842105,1.947368421052632,1,1.2,5,1.0526315789473684,1,0.6,5,0.6,0.6,0.0,0.6,1.6,-1.0,0.0,1.0,1.0
2023-02-18,2022/23,Everton,Leeds United,1,0,H,3.0,2.0,3.0,2.0,22,22,18,19,-1,0,18,17,5,2,3,3,0.8181818181818182,0.6,-0.2181818181818182,0.8636363636363636,0.4,-0.4636363636363636,0.2454545454545453,-0.0454545454545454,0.1999999999999999,0.2454545454545453,0.2454545454545453,1.0,33,32,23,22,0,1,1,1,1,0,16,16,0.5789473684210527,0.5789473684210527,0.0170278637770897,0.0175438596491228,23,22,0.0241228070175438,0.0251716247139588,0.2894736842105263,0.2894736842105263,1.0263157894736843,1,0.6,5,1.0,1,0.4,5,0.6,2.0,-1.4,0.6,1.4,-0.8,0.0,-0.6000000000000001,-0.5999999999999999
2023-02-18,2022/23,Nottingham Forest,Manchester City,1,1,D,10.0,12.0,11.0,9.0,22,23,24,51,-27,-1,14,1,0,3,1,1,1.0909090909090908,2.0,0.9090909090909092,2.217391304347826,2.4,0.1826086956521737,0.7264822134387354,-1.1264822134387351,-0.3999999999999999,0.7264822134387354,0.0,0.0,27,0,17,-10,6,33,6,33,0,0,16,15,0.5789473684210527,0.6052631578947368,0.0206766917293233,0.6052631578947368,17,10,0.0321637426900584,0.055023923444976,0.0827067669172932,0.0178018575851393,,0,2.0,5,2.4473684210526314,1,2.4,5,1.0,0.6,0.4,2.6,1.0,1.6,-1.6,0.4,-1.2000000000000002
2023-02-18,2022/23,Wolverhampton Wanderers,Bournemouth,0,1,A,10.0,2.0,6.0,0.0,22,22,23,18,5,0,15,19,1,1,1,1,1.0454545454545454,2.0,0.9545454545454546,0.8181818181818182,0.4,-0.4181818181818182,1.3727272727272728,0.2272727272727271,1.6,1.372727272727273,0.0,0.0,28,33,18,23,5,0,5,1,0,1,16,16,0.5789473684210527,0.5789473684210527,0.0199637023593466,0.0170278637770897,18,23,0.0304709141274238,0.0241228070175438,0.0964912280701754,0.2894736842105263,1.3421052631578947,1,2.0,5,,0,0.4,5,1.4,1.0,0.4,0.4,1.6,-1.2,0.9999999999999999,0.6000000000000001,1.6
2023-02-18,2022/23,Newcastle United,Liverpool,0,2,A,7.0,4.0,11.0,6.0,22,21,41,32,9,1,4,9,0,9,3,3,1.8636363636363635,1.4,-0.4636363636363636,1.5238095238095235,0.8,-0.7238095238095237,0.26017316017316,0.3398268398268398,0.5999999999999999,0.26017316017316,0.0,0.0,10,19,0,9,23,14,23,14,0,0,16,17,0.5789473684210527,0.5526315789473685,0.0526315789473684,0.0276315789473684,0,9,0.5789473684210527,0.0552631578947368,0.0241228070175438,0.0368421052631579,1.2894736842105263,1,1.4,5,2.421052631578948,1,0.8,5,0.6,0.4,0.2,0.6,1.8,-1.2,0.0,1.4,1.4
2023-02-19,2022/23,Manchester United,Leicester City,3,0,H,8.0,7.0,13.0,9.0,23,22,46,24,22,1,3,14,4,4,3,3,2.0,1.6,-0.3999999999999999,1.0909090909090908,1.4,0.3090909090909091,-0.709090909090909,0.9090909090909092,0.2000000000000001,-0.709090909090909,0.0,0.0,8,30,-5,17,26,4,26,4,0,0,15,16,0.6052631578947368,0.5789473684210527,0.067251461988304,0.0186757215619694,5,17,0.1008771929824561,0.0321637426900584,0.0224171539961013,0.1157894736842105,1.5263157894736843,1,1.6,5,1.368421052631579,1,1.4,5,1.8,1.4,0.4,2.0,1.6,0.4,-0.19999999999999996,0.20000000000000018,0.0
2023-02-19,2022/23,Tottenham Hotspur,West Ham United,2,0,H,6.0,6.0,6.0,2.0,23,22,39,20,19,1,5,18,4,4,3,3,1.6956521739130437,1.2,-0.4956521739130435,0.9090909090909092,1.2,0.2909090909090909,-0.7865612648221344,0.7865612648221344,0.0,-0.7865612648221344,0.0,0.0,15,34,2,21,19,0,19,1,0,1,15,16,0.6052631578947368,0.5789473684210527,0.037828947368421,0.0165413533834586,2,21,0.2017543859649122,0.0263157894736842,0.0302631578947368,0.2894736842105263,1.868421052631579,1,1.2,5,1.4736842105263157,1,1.2,5,1.0,2.0,-1.0,1.2,1.0,0.2,-0.19999999999999996,-1.0,-1.2
2023-02-24,2022/23,Fulham,Wolverhampton Wanderers,1,1,D,7.0,9.0,9.0,8.0,24,23,38,23,15,1,6,15,1,1,1,1,1.5833333333333333,1.4,-0.1833333333333333,1.0,1.8,0.8,-0.9833333333333334,0.5833333333333333,-0.4000000000000001,-0.9833333333333334,0.9833333333333334,-1.0,16,31,4,19,18,3,18,3,0,0,14,15,0.631578947368421,0.6052631578947368,0.0371517027863777,0.0189144736842105,4,19,0.1263157894736842,0.0302631578947368,0.0332409972299168,0.1513157894736842,,0,1.4,5,1.3421052631578947,1,1.8,5,0.6,0.4,0.2,1.2,1.0,0.2,-0.6,0.6,0.0
2023-02-25,2022/23,Everton,Aston Villa,0,2,A,6.0,6.0,6.0,9.0,23,23,21,28,-7,0,16,11,0,9,3,3,0.9130434782608696,1.2,0.2869565217391304,1.2173913043478262,1.2,-0.0173913043478262,0.3043478260869566,-0.3043478260869566,0.0,0.3043478260869566,0.0,0.0,33,26,21,14,1,8,1,8,0,0,15,15,0.6052631578947368,0.6052631578947368,0.0178018575851393,0.0224171539961013,21,14,0.027511961722488,0.0403508771929824,0.3026315789473684,0.067251461988304,1.0263157894736843,1,1.2,5,1.1842105263157894,1,1.2,5,0.6,1.2,-0.6,1.6,2.4,-0.8,-1.0,1.2,0.20000000000000007
2023-02-25,2022/23,Leeds United,Southampton,1,0,H,2.0,6.0,5.0,6.0,23,23,19,18,1,0,19,20,2,5,3,3,0.8260869565217391,0.4,-0.4260869565217391,0.782608695652174,1.2,0.417391304347826,-0.8434782608695651,0.0434782608695651,-0.7999999999999999,-0.8434782608695651,0.8434782608695651,-1.0,35,36,23,24,-1,-2,2,3,1,1,15,15,0.6052631578947368,0.6052631578947368,0.016812865497076,0.0163584637268847,23,24,0.025219298245614,0.0242105263157894,0.2017543859649122,0.1513157894736842,1.0,1,0.4,5,1.0526315789473684,1,1.2,5,0.4,1.2,-0.8,0.8,1.4,-0.6,-0.4,0.19999999999999996,-0.20000000000000007
2023-02-25,2022/23,Leicester City,Arsenal,0,1,A,7.0,7.0,4.0,12.0,23,23,24,54,-30,0,14,1,0,9,3,3,1.0434782608695652,1.4,0.3565217391304347,2.347826086956522,1.4,-0.947826086956522,1.3043478260869568,-1.3043478260869568,0.0,1.3043478260869568,0.0,0.0,30,0,18,-12,4,34,4,34,0,0,15,15,0.6052631578947368,0.6052631578947368,0.0195246179966044,0.6052631578947368,18,12,0.0318559556786703,0.0465587044534413,0.1210526315789473,0.0172932330827067,1.368421052631579,1,1.4,5,1.8157894736842104,1,1.4,5,2.0,2.0,0.0,1.8,1.8,0.0,0.19999999999999996,-0.19999999999999996,0.0
2023-02-25,2022/23,West Ham United,Nottingham Forest,4,0,H,5.0,8.0,4.0,4.0,23,23,20,25,-5,0,18,13,0,3,1,1,0.8695652173913043,1.0,0.1304347826086956,1.0869565217391304,1.6,0.5130434782608697,-0.382608695652174,-0.217391304347826,-0.6000000000000001,-0.382608695652174,0.0,0.0,34,29,22,17,0,5,1,5,1,0,15,15,0.6052631578947368,0.6052631578947368,0.0172932330827067,0.0201754385964912,22,17,0.0263157894736842,0.033625730994152,0.3026315789473684,0.1008771929824561,1.4736842105263157,1,1.0,5,,0,1.6,5,0.8,1.0,-0.2,1.0,0.8,0.2,-0.19999999999999996,-0.19999999999999996,-0.4
2023-02-25,2022/23,Bournemouth,Manchester City,1,4,A,5.0,10.0,5.0,7.0,23,24,21,52,-31,-1,17,2,0,3,1,1,0.9130434782608696,1.0,0.0869565217391304,2.1666666666666665,2.0,-0.1666666666666665,0.253623188405797,-1.253623188405797,-1.0,0.2536231884057969,0.0,0.0,33,2,21,-10,1,32,1,32,0,0,15,14,0.6052631578947368,0.631578947368421,0.0178018575851393,0.2105263157894736,21,10,0.027511961722488,0.0574162679425837,0.3026315789473684,0.0191387559808612,,0,1.0,5,2.4473684210526314,1,2.0,5,0.6,1.0,-0.4,2.0,0.8,1.2,-1.4,-0.19999999999999996,-1.6
2023-02-25,2022/23,Crystal Palace,Liverpool,0,0,D,4.0,7.0,3.0,6.0,23,22,26,35,-9,1,12,8,1,7,3,3,1.1304347826086956,0.8,-0.3304347826086955,1.5909090909090908,1.4,-0.1909090909090909,-0.1395256916996046,-0.4604743083003952,-0.5999999999999999,-0.1395256916996046,0.0,0.0,28,19,16,7,6,15,6,15,0,0,15,16,0.6052631578947368,0.5789473684210527,0.0208711433756805,0.0289473684210526,16,7,0.0356037151702786,0.0723684210526315,0.0864661654135338,0.0361842105263157,1.263157894736842,1,0.8,5,2.421052631578948,1,1.4,5,0.8,1.0,-0.2,0.8,1.2,-0.4,0.0,0.19999999999999996,0.2
2023-02-26,2022/23,Tottenham Hotspur,Chelsea,2,0,H,9.0,6.0,9.0,3.0,24,23,42,31,11,1,4,10,1,7,3,3,1.75,1.8,0.05,1.3478260869565215,1.2,-0.1478260869565217,0.1978260869565218,0.4021739130434782,0.6000000000000001,0.1978260869565218,0.0,0.0,15,26,0,11,21,10,21,10,0,0,14,15,0.631578947368421,0.6052631578947368,0.0394736842105263,0.0224171539961013,0,11,0.631578947368421,0.050438596491228,0.0287081339712918,0.055023923444976,1.868421052631579,1,1.8,5,1.947368421052632,1,1.2,5,1.4,1.6,-0.2,0.4,0.4,0.0,0.9999999999999999,-1.2000000000000002,-0.2
2023-03-01,2022/23,Arsenal,Everton,4,0,H,7.0,6.0,8.0,2.0,24,24,57,21,36,0,1,18,3,6,3,3,2.375,1.4,-0.975,0.875,1.2,0.3249999999999999,-1.3,1.5,0.1999999999999999,-1.3,0.0,0.0,0,36,-12,24,36,0,36,1,0,1,14,14,0.631578947368421,0.631578947368421,0.631578947368421,0.0170697012802275,12,24,0.048582995951417,0.0252631578947368,0.0170697012802275,0.3157894736842105,1.8157894736842104,1,1.4,5,1.0263157894736843,1,1.2,5,1.4,1.4,0.0,0.4,1.2,-0.8,0.9999999999999999,-0.19999999999999996,0.8
2023-03-01,2022/23,Liverpool,Wolverhampton Wanderers,2,0,H,8.0,7.0,10.0,8.0,23,24,36,24,12,-1,7,15,6,3,3,3,1.565217391304348,1.6,0.0347826086956521,1.0,1.4,0.3999999999999999,-0.3652173913043477,0.5652173913043479,0.2000000000000001,-0.3652173913043477,0.0,0.0,21,33,9,21,15,3,15,3,0,0,15,14,0.6052631578947368,0.631578947368421,0.027511961722488,0.0185758513931888,9,21,0.0605263157894736,0.0287081339712918,0.037828947368421,0.1578947368421052,2.421052631578948,1,1.6,5,1.3421052631578947,1,1.4,5,0.8,0.6,0.2,1.2,1.2,0.0,-0.3999999999999999,0.6,0.2
2023-03-04,2022/23,Manchester City,Newcastle United,2,0,H,10.0,6.0,10.0,9.0,25,23,55,41,14,2,2,5,7,1,3,3,2.2,2.0,-0.2000000000000001,1.7826086956521738,1.2,-0.5826086956521739,0.3826086956521737,0.4173913043478263,0.8,0.3826086956521737,0.0,0.0,5,19,-10,4,34,20,34,20,0,0,13,15,0.6578947368421053,0.6052631578947368,0.1096491228070175,0.0302631578947368,10,4,0.0598086124401913,0.1210526315789473,0.018796992481203,0.0288220551378446,2.4473684210526314,1,2.0,5,1.2894736842105263,1,1.2,5,2.2,1.0,1.2,0.6,0.8,-0.2,1.6,-0.19999999999999996,1.4
2023-03-04,2022/23,Chelsea,Leeds United,1,0,H,3.0,4.0,7.0,2.0,24,24,31,22,9,0,10,17,6,3,3,3,1.2916666666666667,0.6,-0.6916666666666668,0.9166666666666666,0.8,-0.1166666666666665,-0.5750000000000002,0.3750000000000001,-0.2,-0.5750000000000002,0.5750000000000002,-1.0,29,38,14,23,10,1,10,1,0,0,14,14,0.631578947368421,0.631578947368421,0.0210526315789473,0.0161943319838056,14,23,0.0421052631578947,0.0263157894736842,0.0574162679425837,0.3157894736842105,1.947368421052632,1,0.6,5,1.0,1,0.8,5,0.2,0.8,-0.6,0.6,1.2,-0.6,-0.39999999999999997,0.3999999999999999,0.0
2023-03-04,2022/23,Brighton,West Ham United,4,0,H,8.0,8.0,6.0,2.0,22,24,35,23,12,-2,8,16,7,1,3,3,1.5909090909090908,1.6,0.0090909090909092,0.9583333333333334,1.6,0.6416666666666667,-0.6325757575757575,0.6325757575757575,0.0,-0.6325757575757575,0.0,0.0,25,37,10,22,14,2,14,2,0,0,16,14,0.5789473684210527,0.631578947368421,0.0222672064777327,0.0166204986149584,10,22,0.0526315789473684,0.0274599542334096,0.0385964912280701,0.2105263157894736,1.3421052631578947,1,1.6,5,1.4736842105263157,1,1.6,5,1.4,0.8,0.6,1.6,0.8,0.8,-0.20000000000000018,0.0,-0.20000000000000007
2023-03-04,2022/23,Southampton,Leicester City,1,0,H,3.0,7.0,0.0,6.0,24,24,18,24,-6,0,20,14,4,4,3,3,0.75,0.6,-0.15,1.0,1.4,0.3999999999999999,-0.5499999999999999,-0.25,-0.7999999999999999,-0.5499999999999999,0.0,0.0,42,36,27,21,-3,3,4,3,1,0,14,14,0.631578947368421,0.631578947368421,0.01468788249694,0.0170697012802275,27,21,0.0225563909774436,0.0287081339712918,0.1263157894736842,0.1578947368421052,1.0526315789473684,1,0.6,5,1.368421052631579,1,1.4,5,0.4,1.4,-1.0,2.0,1.8,0.2,-1.6,0.40000000000000013,-1.2
2023-03-04,2022/23,Aston Villa,Crystal Palace,1,0,H,6.0,4.0,4.0,4.0,24,24,31,27,4,0,11,12,4,4,3,3,1.2916666666666667,1.2,-0.0916666666666667,1.125,0.8,-0.3249999999999999,0.2333333333333331,0.1666666666666667,0.3999999999999999,0.2333333333333331,0.0,0.0,29,33,14,18,10,6,10,6,0,0,14,14,0.631578947368421,0.631578947368421,0.0210526315789473,0.0185758513931888,14,18,0.0421052631578947,0.0332409972299168,0.0574162679425837,0.0902255639097744,1.1842105263157894,1,1.2,5,1.263157894736842,1,0.8,5,1.6,2.2,-0.6,0.6,0.8,-0.2,1.0,-1.4000000000000001,-0.39999999999999997
2023-03-04,2022/23,Wolverhampton Wanderers,Tottenham Hotspur,1,0,H,7.0,12.0,6.0,7.0,25,25,24,45,-21,0,15,4,3,6,3,3,0.96,1.4,0.4399999999999999,1.8,2.4,0.5999999999999999,-0.1599999999999999,-0.8400000000000001,-1.0,-0.1599999999999999,0.0,0.0,36,15,21,0,3,24,3,24,0,0,13,13,0.6578947368421053,0.6578947368421053,0.0177809388335704,0.0411184210526315,21,0,0.0299043062200956,0.6578947368421053,0.1644736842105263,0.0263157894736842,1.3421052631578947,1,1.4,5,1.868421052631579,1,2.4,5,1.2,1.0,0.2,1.4,0.8,0.6,-0.19999999999999996,-0.19999999999999996,-0.39999999999999997
2023-03-04,2022/23,Arsenal,Bournemouth,3,2,H,10.0,5.0,8.0,3.0,25,24,60,21,39,1,1,19,3,0,1,1,2.4,2.0,-0.3999999999999999,0.875,1.0,0.125,-0.5249999999999999,1.525,1.0,-0.5249999999999999,0.0,0.0,0,39,-15,24,39,0,39,1,0,1,13,14,0.6578947368421053,0.631578947368421,0.6578947368421053,0.0157894736842105,15,24,0.0411184210526315,0.0252631578947368,0.0164473684210526,0.3157894736842105,1.8157894736842104,1,2.0,5,,0,1.0,5,2.2,1.2,1.0,0.8,1.4,-0.6,1.4000000000000001,0.19999999999999996,1.6
2023-03-05,2022/23,Nottingham Forest,Everton,2,2,D,5.0,6.0,11.0,1.0,24,25,25,21,4,-1,14,18,1,1,1,1,1.0416666666666667,1.0,-0.0416666666666667,0.84,1.2,0.36,-0.4016666666666667,0.2016666666666667,-0.1999999999999999,-0.4016666666666667,0.4016666666666667,-1.0,38,42,20,24,4,0,4,1,0,1,14,13,0.631578947368421,0.6578947368421053,0.0161943319838056,0.0,20,24,0.0300751879699248,0.0263157894736842,0.1263157894736842,0.3289473684210526,,0,1.0,5,1.0263157894736843,1,1.2,5,0.6,1.6,-1.0,0.4,1.6,-1.2,0.19999999999999996,0.0,0.19999999999999996
2023-03-05,2022/23,Liverpool,Manchester United,7,0,H,10.0,10.0,13.0,10.0,24,24,39,49,-10,0,6,3,6,3,3,3,1.625,2.0,0.375,2.0416666666666665,2.0,-0.0416666666666665,0.4166666666666665,-0.4166666666666665,0.0,0.4166666666666665,0.0,0.0,24,14,6,-4,18,28,18,28,0,0,14,14,0.631578947368421,0.631578947368421,0.0252631578947368,0.0421052631578947,6,4,0.0902255639097744,0.1263157894736842,0.0332409972299168,0.0217785843920145,2.421052631578948,1,2.0,5,1.5263157894736843,1,2.0,5,1.2,0.6,0.6,2.2,1.2,1.0,-1.0000000000000002,0.6,-0.4
2023-03-06,2022/23,Brentford,Fulham,3,2,H,9.0,8.0,11.0,10.0,23,25,35,39,-4,-2,9,7,0,3,1,1,1.5217391304347827,1.8,0.2782608695652173,1.56,1.6,0.04,0.2382608695652173,-0.0382608695652173,0.1999999999999999,0.2382608695652173,0.2382608695652173,1.0,28,24,10,6,13,17,13,17,0,0,15,13,0.6052631578947368,0.6578947368421053,0.0208711433756805,0.0263157894736842,10,6,0.055023923444976,0.093984962406015,0.0432330827067669,0.0365497076023391,1.2105263157894737,1,1.8,5,,0,1.6,5,1.4,0.4,1.0,0.8,0.4,0.4,0.5999999999999999,0.0,0.6
2023-03-11,2022/23,Bournemouth,Liverpool,1,0,H,4.0,13.0,5.0,4.0,25,25,21,42,-21,0,20,5,0,3,1,1,0.84,0.8,-0.0399999999999999,1.68,2.6,0.9200000000000002,-0.96,-0.84,-1.8,-0.96,0.0,0.0,42,21,24,3,-1,20,1,20,1,0,13,13,0.6578947368421053,0.6578947368421053,0.0,0.0299043062200956,24,3,0.0263157894736842,0.1644736842105263,0.3289473684210526,0.031328320802005,,0,0.8,5,2.421052631578948,1,2.6,5,1.0,1.8,-0.8,2.6,0.0,2.6,-1.6,-1.8,-3.4000000000000004
2023-03-11,2022/23,Everton,Brentford,1,0,H,4.0,9.0,6.0,9.0,26,24,22,38,-16,2,18,9,1,7,3,3,0.8461538461538461,0.8,-0.0461538461538461,1.5833333333333333,1.8,0.2166666666666667,-0.2628205128205129,-0.7371794871794871,-1.0,-0.2628205128205129,0.0,0.0,41,25,23,7,0,16,0,16,1,0,12,14,0.6842105263157895,0.631578947368421,0.0,0.0242914979757085,23,7,0.0285087719298245,0.0789473684210526,0.6842105263157895,0.0371517027863777,1.0263157894736843,1,0.8,5,1.2105263157894737,1,1.8,5,0.6,2.0,-1.4,1.6,0.8,0.8,-1.0,-1.2,-2.2
2023-03-11,2022/23,Leeds United,Brighton,2,2,D,4.0,8.0,5.0,11.0,25,23,22,38,-16,2,17,8,2,5,3,3,0.88,0.8,-0.0799999999999999,1.6521739130434785,1.6,-0.0521739130434781,-0.0278260869565217,-0.7721739130434783,-0.8,-0.0278260869565217,0.0,0.0,41,25,23,7,0,16,0,16,0,0,13,15,0.6578947368421053,0.6052631578947368,0.0,0.0232793522267206,23,7,0.0274122807017543,0.0756578947368421,0.6578947368421053,0.0356037151702786,1.0,1,0.8,5,1.3421052631578947,1,1.6,5,0.6,1.2,-0.6,1.6,0.8,0.8,-1.0,-0.3999999999999999,-1.4
2023-03-11,2022/23,Leicester City,Chelsea,1,3,A,6.0,5.0,4.0,3.0,25,25,24,34,-10,0,15,10,1,7,3,3,0.96,1.2,0.24,1.36,1.0,-0.3600000000000001,0.6000000000000001,-0.4000000000000001,0.1999999999999999,0.6000000000000001,0.6000000000000001,1.0,39,29,21,11,2,12,2,12,0,0,13,13,0.6578947368421053,0.6578947368421053,0.0164473684210526,0.0219298245614035,21,11,0.0299043062200956,0.0548245614035087,0.2192982456140351,0.0506072874493927,1.368421052631579,1,1.2,5,1.947368421052632,1,1.0,5,1.6,1.6,0.0,0.4,0.8,-0.4,1.2000000000000002,-0.8,0.4
2023-03-11,2022/23,Tottenham Hotspur,Nottingham Forest,3,1,H,9.0,5.0,9.0,4.0,26,25,45,26,19,1,4,14,3,0,1,1,1.7307692307692308,1.8,0.0692307692307692,1.04,1.0,-0.04,0.1092307692307692,0.6907692307692308,0.8,0.1092307692307692,0.0,0.0,18,37,0,19,23,4,23,4,0,0,12,13,0.6842105263157895,0.6578947368421053,0.0360110803324099,0.0173130193905817,0,19,0.6842105263157895,0.0328947368421052,0.0285087719298245,0.131578947368421,1.868421052631579,1,1.8,5,,0,1.0,5,1.2,1.0,0.2,0.8,1.8,-1.0,0.3999999999999999,0.8,1.2
2023-03-11,2022/23,Crystal Palace,Manchester City,0,1,A,3.0,13.0,4.0,7.0,25,26,27,58,-31,-1,12,2,4,4,3,3,1.08,0.6,-0.4800000000000001,2.230769230769231,2.6,0.3692307692307692,-0.8492307692307693,-1.1507692307692308,-2.0,-0.8492307692307692,0.0,0.0,36,5,18,-13,5,36,5,36,0,0,13,12,0.6578947368421053,0.6842105263157895,0.0177809388335704,0.1140350877192982,18,13,0.0346260387811634,0.0488721804511278,0.1096491228070175,0.0184921763869132,1.263157894736842,1,0.6,5,2.4473684210526314,1,2.6,5,0.6,1.0,-0.4,2.6,0.8,1.8,-2.0,-0.19999999999999996,-2.2
2023-03-12,2022/23,Fulham,Arsenal,0,3,A,8.0,12.0,10.0,12.0,26,26,39,63,-24,0,8,1,0,3,1,1,1.5,1.6,0.1,2.423076923076923,2.4,-0.0230769230769229,0.123076923076923,-0.9230769230769228,-0.7999999999999998,0.123076923076923,0.0,0.0,24,0,9,-15,16,40,16,40,0,0,12,12,0.6842105263157895,0.6842105263157895,0.0273684210526315,0.6842105263157895,9,15,0.0684210526315789,0.0427631578947368,0.0402476780185758,0.0166880616174582,,0,1.6,5,1.8157894736842104,1,2.4,5,1.2,0.8,0.4,2.6,1.4,1.2,-1.4000000000000001,0.5999999999999999,-0.7999999999999999
2023-03-12,2022/23,Manchester United,Southampton,0,0,D,10.0,6.0,13.0,6.0,25,25,49,21,28,0,3,20,5,2,3,3,1.96,2.0,0.04,0.84,1.2,0.36,-0.3199999999999999,1.12,0.8,-0.32,0.0,0.0,14,42,-1,27,26,-2,26,3,0,1,13,13,0.6578947368421053,0.6578947368421053,0.043859649122807,0.0,1,27,0.3289473684210526,0.0234962406015037,0.0243664717348927,0.1644736842105263,1.5263157894736843,1,2.0,5,1.0526315789473684,1,1.2,5,1.8,2.0,-0.2,0.6,1.2,-0.6,1.2000000000000002,-0.8,0.39999999999999997
2023-03-12,2022/23,West Ham United,Aston Villa,1,1,D,5.0,6.0,7.0,12.0,25,25,23,34,-11,0,18,11,9,0,3,3,0.92,1.0,0.0799999999999999,1.36,1.2,-0.1600000000000001,0.2400000000000001,-0.44,-0.1999999999999999,0.2400000000000001,0.0,0.0,40,29,25,14,0,11,1,11,1,0,13,13,0.6578947368421053,0.6578947368421053,0.0,0.0219298245614035,25,14,0.0253036437246963,0.043859649122807,0.3289473684210526,0.0548245614035087,1.4736842105263157,1,1.0,5,1.1842105263157894,1,1.2,5,1.2,1.6,-0.4,1.6,2.2,-0.6,-0.40000000000000013,0.6000000000000001,0.19999999999999996
2023-03-12,2022/23,Newcastle United,Wolverhampton Wanderers,2,1,H,3.0,7.0,8.0,5.0,24,26,41,27,14,-2,6,13,4,4,3,3,1.7083333333333333,0.6,-1.1083333333333334,1.0384615384615383,1.4,0.3615384615384613,-1.4698717948717948,0.6698717948717947,-0.7999999999999999,-1.4698717948717943,1.4698717948717943,-1.0,22,36,7,21,18,4,18,4,0,0,14,12,0.631578947368421,0.6842105263157895,0.0274599542334096,0.0184921763869132,7,21,0.0789473684210526,0.0311004784688995,0.0332409972299168,0.1368421052631579,1.2894736842105263,1,0.6,5,1.3421052631578947,1,1.4,5,0.4,1.2,-0.8,0.8,1.0,-0.2,-0.4,-0.19999999999999996,-0.6000000000000001
2023-03-15,2022/23,Brighton,Crystal Palace,1,0,H,8.0,3.0,9.0,4.0,24,26,39,27,12,-2,7,12,3,3,3,3,1.625,1.6,-0.0249999999999999,1.0384615384615383,0.6,-0.4384615384615385,0.4134615384615386,0.5865384615384615,1.0,0.4134615384615385,0.0,0.0,27,39,9,21,15,3,15,3,0,0,14,12,0.631578947368421,0.6842105263157895,0.0225563909774436,0.0,9,21,0.0631578947368421,0.0311004784688995,0.0394736842105263,0.1710526315789473,1.3421052631578947,1,1.6,5,1.263157894736842,1,0.6,5,1.6,0.8,0.8,0.4,0.8,-0.4,1.2000000000000002,0.0,1.2000000000000002
2023-03-15,2022/23,Southampton,Brentford,0,2,A,7.0,8.0,3.0,8.0,26,25,22,38,-16,1,20,9,3,6,3,3,0.8461538461538461,1.4,0.5538461538461538,1.52,1.6,0.08,0.4738461538461537,-0.6738461538461539,-0.2000000000000001,0.4738461538461537,0.0,0.0,44,28,26,10,-2,14,2,14,1,0,12,13,0.6842105263157895,0.6578947368421053,0.0,0.0226860254083484,26,10,0.0253411306042885,0.0598086124401913,0.2280701754385965,0.043859649122807,1.0526315789473684,1,1.4,5,1.2105263157894737,1,1.6,5,0.6,0.6,0.0,1.6,1.0,0.6,-1.0,0.4,-0.6
2023-03-17,2022/23,Nottingham Forest,Newcastle United,1,2,A,2.0,5.0,9.0,6.0,26,25,26,44,-18,1,14,5,0,3,1,1,1.0,0.4,-0.6,1.76,1.0,-0.76,0.16,-0.76,-0.6,0.16,0.0,0.0,40,22,22,4,2,20,2,20,0,0,12,13,0.6842105263157895,0.6578947368421053,0.0,0.028604118993135,22,4,0.0297482837528604,0.131578947368421,0.2280701754385965,0.031328320802005,,0,0.4,5,1.2894736842105263,1,1.0,5,0.8,2.4,-1.6,0.8,1.4,-0.6,0.0,-1.0,-1.0
2023-03-18,2022/23,Brentford,Leicester City,1,1,D,8.0,3.0,13.0,3.0,26,26,41,24,17,0,8,16,1,7,3,3,1.5769230769230769,1.6,0.0230769230769232,0.9230769230769232,0.6,-0.3230769230769231,0.3461538461538463,0.6538461538461537,1.0,0.3461538461538462,0.0,0.0,25,42,7,24,17,0,17,0,0,0,12,12,0.6842105263157895,0.6842105263157895,0.0263157894736842,0.0,7,24,0.0855263157894736,0.0273684210526315,0.0380116959064327,0.6842105263157895,1.2105263157894737,1,1.6,5,1.368421052631579,1,0.6,5,1.4,1.0,0.4,1.0,1.8,-0.8,0.3999999999999999,0.8,1.2000000000000002
2023-03-18,2022/23,Southampton,Tottenham Hotspur,3,3,D,7.0,9.0,3.0,6.0,27,27,22,48,-26,0,20,4,4,4,3,3,0.8148148148148148,1.4,0.5851851851851851,1.7777777777777777,1.8,0.0222222222222223,0.5629629629629628,-0.9629629629629628,-0.4000000000000001,0.5629629629629628,0.0,0.0,44,18,26,0,-2,24,2,24,1,0,11,11,0.7105263157894737,0.7105263157894737,0.0,0.0373961218836565,26,0,0.0263157894736842,0.7105263157894737,0.2368421052631578,0.0284210526315789,1.0526315789473684,1,1.4,5,1.868421052631579,1,1.8,5,0.4,0.6,-0.2,1.6,1.2,0.4,-1.2000000000000002,0.6,-0.6000000000000001
2023-03-18,2022/23,Wolverhampton Wanderers,Leeds United,2,4,A,4.0,4.0,9.0,1.0,27,26,27,23,4,1,13,19,1,7,3,3,1.0,0.8,-0.1999999999999999,0.8846153846153846,0.8,-0.0846153846153845,-0.1153846153846154,0.1153846153846154,0.0,-0.1153846153846154,0.0,0.0,39,43,21,25,3,-1,3,1,0,1,11,12,0.7105263157894737,0.6842105263157895,0.0,0.0,21,25,0.0322966507177033,0.0263157894736842,0.1776315789473684,0.3421052631578947,1.3421052631578947,1,0.8,5,1.0,1,0.8,5,0.6,1.2,-0.6,0.6,1.2,-0.6,0.0,0.0,0.0
2023-03-18,2022/23,Chelsea,Everton,2,2,D,7.0,7.0,7.0,2.0,26,27,37,25,12,-1,10,15,4,4,3,3,1.4230769230769231,1.4,-0.0230769230769232,0.925925925925926,1.4,0.474074074074074,-0.4971509971509972,0.4971509971509972,0.0,-0.4971509971509972,0.0,0.0,29,41,11,23,13,1,13,1,0,0,12,11,0.6842105263157895,0.7105263157894737,0.0228070175438596,0.0,11,23,0.0570175438596491,0.0296052631578947,0.0488721804511278,0.3552631578947368,1.947368421052632,1,1.4,5,1.0263157894736843,1,1.4,5,1.0,1.0,0.0,0.8,1.6,-0.8,0.19999999999999996,0.6000000000000001,0.8
2023-03-18,2022/23,Aston Villa,Bournemouth,3,0,H,7.0,7.0,7.0,3.0,26,26,35,24,11,0,11,18,0,3,1,1,1.3461538461538465,1.4,0.0538461538461536,0.9230769230769232,1.4,0.4769230769230768,-0.4230769230769231,0.4230769230769231,0.0,-0.4230769230769231,0.0,0.0,31,42,13,24,11,0,11,0,0,1,12,12,0.6842105263157895,0.6842105263157895,0.0213815789473684,0.0,13,24,0.0488721804511278,0.0273684210526315,0.0570175438596491,0.6842105263157895,1.1842105263157894,1,1.4,5,,0,1.4,5,1.4,1.6,-0.2,1.2,1.6,-0.4,0.19999999999999996,0.0,0.2
2023-03-19,2022/23,Arsenal,Crystal Palace,4,1,H,15.0,2.0,10.0,1.0,27,27,66,27,39,0,1,12,4,4,3,3,2.4444444444444446,3.0,0.5555555555555554,1.0,0.4,-0.6,1.1555555555555554,1.4444444444444446,2.6,1.1555555555555554,0.0,0.0,0,39,-17,22,42,3,42,3,0,0,11,11,0.7105263157894737,0.7105263157894737,0.7105263157894737,0.0,17,22,0.0394736842105263,0.0308924485125858,0.0165238678090575,0.1776315789473684,1.8157894736842104,1,3.0,5,1.263157894736842,1,0.4,5,3.0,0.8,2.2,0.2,0.8,-0.6,2.8,0.0,2.8000000000000003
2023-04-01,2022/23,Manchester City,Liverpool,4,1,H,13.0,10.0,13.0,4.0,27,26,61,42,19,1,2,6,2,5,3,3,2.259259259259259,2.6,0.340740740740741,1.6153846153846154,2.0,0.3846153846153846,-0.0438746438746435,0.6438746438746437,0.6000000000000001,-0.0438746438746435,0.0,0.0,8,27,-12,7,37,18,37,18,0,0,11,12,0.7105263157894737,0.6842105263157895,0.0789473684210526,0.0244360902255639,12,7,0.0546558704453441,0.0855263157894736,0.0186980609418282,0.0360110803324099,2.4473684210526314,1,2.6,5,2.421052631578948,1,2.0,5,2.2,0.6,1.6,2.2,0.2,2.0,0.0,-0.39999999999999997,-0.3999999999999999
2023-04-01,2022/23,Crystal Palace,Leicester City,2,1,H,1.0,1.0,4.0,4.0,28,27,27,25,2,1,12,17,2,5,3,3,0.9642857142857144,0.2,-0.7642857142857142,0.925925925925926,0.2,-0.7259259259259259,-0.0383597883597883,0.0383597883597883,0.0,-0.0383597883597883,0.0,0.0,42,44,22,24,3,1,3,1,0,0,10,11,0.7368421052631579,0.7105263157894737,0.0,0.0,22,24,0.0320366132723112,0.0284210526315789,0.1842105263157894,0.3552631578947368,1.263157894736842,1,0.2,5,1.368421052631579,1,0.2,5,0.2,1.4,-1.2,0.4,1.8,-1.4,-0.2,0.40000000000000013,0.19999999999999996
2023-04-01,2022/23,Brighton,Brentford,3,3,D,8.0,8.0,12.0,8.0,25,27,42,42,0,-2,7,8,6,3,3,3,1.68,1.6,-0.0799999999999998,1.5555555555555556,1.6,0.0444444444444445,-0.1244444444444443,0.1244444444444443,0.0,-0.1244444444444443,0.0,0.0,27,27,7,7,18,18,18,18,0,0,13,11,0.6578947368421053,0.7105263157894737,0.0234962406015037,0.025375939849624,7,7,0.0822368421052631,0.0888157894736842,0.0346260387811634,0.0373961218836565,1.3421052631578947,1,1.6,5,1.2105263157894737,1,1.6,5,1.6,0.8,0.8,1.4,1.0,0.4,0.20000000000000018,0.19999999999999996,0.4
2023-04-01,2022/23,Chelsea,Aston Villa,0,2,A,7.0,10.0,8.0,10.0,27,27,38,38,0,0,10,11,9,0,3,3,1.4074074074074074,1.4,-0.0074074074074075,1.4074074074074074,2.0,0.5925925925925926,-0.6000000000000001,0.0,-0.6000000000000001,-0.6000000000000001,0.0,0.0,31,31,11,11,14,14,14,14,0,0,11,11,0.7105263157894737,0.7105263157894737,0.022203947368421,0.022203947368421,11,11,0.0592105263157894,0.0592105263157894,0.0473684210526315,0.0473684210526315,1.947368421052632,1,1.4,5,1.1842105263157894,1,2.0,5,1.2,1.2,0.0,1.8,1.0,0.8,-0.6000000000000001,-0.19999999999999996,-0.8
2023-04-01,2022/23,Bournemouth,Fulham,2,1,H,6.0,7.0,5.0,7.0,27,27,24,39,-15,0,19,9,1,1,1,1,0.8888888888888888,1.2,0.3111111111111111,1.4444444444444444,1.4,-0.0444444444444445,0.3555555555555556,-0.5555555555555556,-0.1999999999999999,0.3555555555555556,0.0,0.0,45,30,25,10,0,15,1,15,1,0,11,11,0.7105263157894737,0.7105263157894737,0.0,0.0229202037351443,25,10,0.027327935222672,0.0645933014354067,0.3552631578947368,0.0444078947368421,,0,1.2,5,,0,1.4,5,1.0,2.0,-1.0,1.2,1.4,-0.2,-0.19999999999999996,-0.6000000000000001,-0.8
2023-04-01,2022/23,Nottingham Forest,Wolverhampton Wanderers,1,1,D,2.0,4.0,8.0,4.0,27,28,26,27,-1,-1,16,13,0,3,1,1,0.9629629629629628,0.4,-0.5629629629629629,0.9642857142857144,0.8,-0.1642857142857142,-0.3986772486772486,-0.0013227513227513,-0.4,-0.3986772486772486,0.0,0.0,43,42,23,22,2,3,2,3,0,0,11,10,0.7105263157894737,0.7368421052631579,0.0,0.0,23,22,0.0296052631578947,0.0320366132723112,0.2368421052631578,0.1842105263157894,,0,0.4,5,1.3421052631578947,1,0.8,5,1.0,2.4,-1.4,1.0,1.8,-0.8,0.0,-0.5999999999999999,-0.5999999999999999
2023-04-01,2022/23,Arsenal,Leeds United,4,1,H,15.0,7.0,10.0,4.0,28,27,69,26,43,1,1,14,9,0,3,3,2.4642857142857144,3.0,0.5357142857142856,0.9629629629629628,1.4,0.437037037037037,0.0986772486772485,1.5013227513227516,1.6,0.0986772486772484,0.0,0.0,0,43,-20,23,45,2,45,2,0,0,10,11,0.7368421052631579,0.7105263157894737,0.7368421052631579,0.0,20,23,0.0350877192982456,0.0296052631578947,0.0160183066361556,0.2368421052631578,1.8157894736842104,1,3.0,5,1.0,1,1.4,5,3.0,0.6,2.4,1.4,1.2,0.2,1.6,0.6,2.1999999999999997
2023-04-02,2022/23,West Ham United,Southampton,1,0,H,5.0,5.0,8.0,7.0,26,28,24,23,1,-2,19,20,2,5,3,3,0.9230769230769232,1.0,0.0769230769230768,0.8214285714285714,1.0,0.1785714285714286,-0.1016483516483517,0.1016483516483517,0.0,-0.1016483516483517,0.0,0.0,48,49,25,26,-1,-2,2,3,1,1,12,10,0.6842105263157895,0.7368421052631579,0.0,0.0,25,26,0.0263157894736842,0.0272904483430799,0.2280701754385965,0.1842105263157894,1.4736842105263157,1,1.0,5,1.0526315789473684,1,1.0,5,1.2,1.6,-0.4,0.8,1.2,-0.4,0.3999999999999999,-0.40000000000000013,0.0
2023-04-02,2022/23,Newcastle United,Manchester United,2,0,H,7.0,8.0,8.0,7.0,26,26,47,50,-3,0,5,3,2,5,3,3,1.807692307692308,1.4,-0.4076923076923078,1.9230769230769231,1.6,-0.323076923076923,-0.0846153846153847,-0.1153846153846154,-0.2000000000000001,-0.0846153846153847,0.0,0.0,25,22,2,-1,22,25,22,25,0,0,12,12,0.6842105263157895,0.6842105263157895,0.0263157894736842,0.0297482837528604,2,1,0.2280701754385965,0.3421052631578947,0.0297482837528604,0.0263157894736842,1.2894736842105263,1,1.4,5,1.5263157894736843,1,1.6,5,1.0,1.4,-0.4,1.4,1.8,-0.4,-0.3999999999999999,0.40000000000000013,0.0
2023-04-03,2022/23,Everton,Tottenham Hotspur,1,1,D,5.0,10.0,9.0,4.0,28,28,26,49,-23,0,18,5,1,7,3,3,0.9285714285714286,1.0,0.0714285714285714,1.75,2.0,0.25,-0.1785714285714286,-0.8214285714285714,-1.0,-0.1785714285714286,0.0,0.0,46,23,24,1,0,23,0,23,1,0,10,10,0.7368421052631579,0.7368421052631579,0.0,0.0307017543859649,24,1,0.0294736842105263,0.3684210526315789,0.7368421052631579,0.0307017543859649,1.0263157894736843,1,1.0,5,1.868421052631579,1,2.0,5,1.0,2.0,-1.0,2.0,1.0,1.0,-1.0,-1.0,-2.0
2023-04-04,2022/23,Bournemouth,Brighton,0,2,A,6.0,8.0,8.0,9.0,28,26,27,43,-16,2,17,6,0,3,1,1,0.9642857142857144,1.2,0.2357142857142856,1.6538461538461535,1.6,-0.0538461538461536,0.2895604395604393,-0.6895604395604394,-0.4000000000000001,0.2895604395604393,0.0,0.0,45,29,23,7,1,17,1,17,0,0,10,12,0.7368421052631579,0.6842105263157895,0.0,0.0228070175438596,23,7,0.0307017543859649,0.0855263157894736,0.3684210526315789,0.0380116959064327,,0,1.2,5,1.3421052631578947,1,1.6,5,1.2,2.2,-1.0,2.0,1.2,0.8,-0.8,-1.0000000000000002,-1.8
2023-04-04,2022/23,Leeds United,Nottingham Forest,2,1,H,7.0,2.0,6.0,4.0,28,28,26,27,-1,0,18,16,0,3,1,1,0.9285714285714286,1.4,0.4714285714285713,0.9642857142857144,0.4,-0.5642857142857143,1.0357142857142856,-0.0357142857142857,1.0,1.0357142857142856,1.0357142857142856,1.0,46,45,24,23,0,1,1,1,1,0,10,10,0.7368421052631579,0.7368421052631579,0.0,0.0,24,23,0.0294736842105263,0.0307017543859649,0.3684210526315789,0.3684210526315789,1.0,1,1.4,5,,0,0.4,5,1.6,1.8,-0.2,1.0,2.4,-1.4,0.6000000000000001,0.5999999999999999,1.2
2023-04-04,2022/23,Leicester City,Aston Villa,1,2,A,1.0,13.0,4.0,10.0,28,28,25,41,-16,0,19,9,4,4,3,3,0.8928571428571429,0.2,-0.6928571428571428,1.4642857142857142,2.6,1.135714285714286,-1.8285714285714287,-0.5714285714285713,-2.4,-1.8285714285714287,0.0,0.0,47,31,25,9,-1,15,2,15,1,0,10,10,0.7368421052631579,0.7368421052631579,0.0,0.0,25,9,0.0283400809716599,0.0736842105263157,0.2456140350877192,0.0460526315789473,1.368421052631579,1,0.2,5,1.1842105263157894,1,2.6,5,0.6,1.6,-1.0,1.8,0.2,1.6,-1.2000000000000002,-1.4000000000000001,-2.6
2023-04-04,2022/23,Chelsea,Liverpool,0,0,D,7.0,7.0,5.0,4.0,28,27,38,42,-4,1,11,8,3,3,3,3,1.3571428571428572,1.4,0.0428571428571427,1.5555555555555556,1.4,-0.1555555555555556,0.1984126984126983,-0.1984126984126983,0.0,0.1984126984126983,0.0,0.0,34,30,12,8,12,16,12,16,0,0,10,11,0.7368421052631579,0.7105263157894737,0.0,0.0229202037351443,12,8,0.0566801619433198,0.0789473684210526,0.0566801619433198,0.0417956656346749,1.947368421052632,1,1.4,5,2.421052631578948,1,1.4,5,1.2,1.4,-0.2,2.0,1.0,1.0,-0.8,-0.3999999999999999,-1.2
2023-04-05,2022/23,Manchester United,Brentford,1,0,H,7.0,8.0,11.0,6.0,27,28,50,43,7,-1,5,9,6,3,3,3,1.851851851851852,1.4,-0.4518518518518519,1.5357142857142858,1.6,0.0642857142857142,-0.5161375661375662,0.316137566137566,-0.2000000000000001,-0.5161375661375662,0.5161375661375662,-1.0,22,29,0,7,23,16,23,16,0,0,11,10,0.7105263157894737,0.7368421052631579,0.0308924485125858,0.0245614035087719,0,7,0.7105263157894737,0.0921052631578947,0.0296052631578947,0.0433436532507739,1.5263157894736843,1,1.4,5,1.2105263157894737,1,1.6,5,1.0,1.8,-0.8,1.8,1.4,0.4,-0.8,-0.40000000000000013,-1.2000000000000002
2023-04-05,2022/23,West Ham United,Newcastle United,1,5,A,7.0,9.0,11.0,6.0,27,27,27,50,-23,0,15,3,5,2,3,3,1.0,1.4,0.3999999999999999,1.851851851851852,1.8,-0.0518518518518518,0.4518518518518517,-0.8518518518518519,-0.4000000000000001,0.4518518518518517,0.0,0.0,45,22,23,0,0,23,0,23,0,0,11,11,0.7105263157894737,0.7105263157894737,0.0,0.0308924485125858,23,0,0.0296052631578947,0.7105263157894737,0.7105263157894737,0.0296052631578947,1.4736842105263157,1,1.4,5,1.2894736842105263,1,1.8,5,1.2,1.4,-0.2,1.2,1.2,0.0,0.0,-0.19999999999999996,-0.2
2023-04-08,2022/23,Manchester United,Everton,2,0,H,7.0,6.0,11.0,2.0,28,29,53,27,26,-1,4,16,4,4,3,3,1.8928571428571428,1.4,-0.4928571428571429,0.9310344827586208,1.2,0.2689655172413793,-0.7618226600985222,0.961822660098522,0.1999999999999999,-0.7618226600985222,0.0,0.0,19,45,0,26,26,0,26,0,0,0,10,9,0.7368421052631579,0.7631578947368421,0.0368421052631578,0.0,0,26,0.7368421052631579,0.0282651072124756,0.0272904483430799,0.7631578947368421,1.5263157894736843,1,1.4,5,1.0263157894736843,1,1.2,5,0.8,1.8,-1.0,1.2,1.8,-0.6,-0.3999999999999999,0.0,-0.4
2023-04-08,2022/23,Aston Villa,Nottingham Forest,2,0,H,13.0,2.0,9.0,1.0,29,29,44,27,17,0,7,17,1,1,1,1,1.5172413793103448,2.6,1.0827586206896551,0.9310344827586208,0.4,-0.5310344827586206,1.613793103448276,0.5862068965517241,2.2,1.613793103448276,0.0,0.0,28,45,9,26,17,0,17,0,0,0,9,9,0.7631578947368421,0.7631578947368421,0.0,0.0,9,26,0.0763157894736842,0.0282651072124756,0.0423976608187134,0.7631578947368421,1.1842105263157894,1,2.6,5,,0,0.4,5,1.8,0.4,1.4,1.2,2.0,-0.8,0.6000000000000001,1.6,2.2
2023-04-08,2022/23,Brentford,Newcastle United,1,2,A,5.0,12.0,11.0,8.0,29,28,43,53,-10,1,9,3,1,7,3,3,1.4827586206896552,1.0,-0.4827586206896552,1.8928571428571428,2.4,0.5071428571428571,-0.9899014778325124,-0.4100985221674875,-1.4,-0.9899014778325124,0.0,0.0,29,19,10,0,16,26,16,26,0,0,9,10,0.7631578947368421,0.7368421052631579,0.0,0.0368421052631578,10,0,0.069377990430622,0.7368421052631579,0.044891640866873,0.0272904483430799,1.2105263157894737,1,1.0,5,1.2894736842105263,1,2.4,5,1.2,1.2,0.0,2.2,1.0,1.2,-1.0000000000000002,-0.19999999999999996,-1.2
2023-04-08,2022/23,Fulham,West Ham United,0,1,A,4.0,7.0,7.0,2.0,28,28,39,27,12,0,10,15,0,3,1,1,1.3928571428571428,0.8,-0.5928571428571427,0.9642857142857144,1.4,0.4357142857142856,-1.0285714285714285,0.4285714285714285,-0.5999999999999999,-1.0285714285714285,1.0285714285714285,-1.0,33,45,14,26,12,0,12,0,0,0,10,10,0.7368421052631579,0.7368421052631579,0.0,0.0,14,26,0.0491228070175438,0.0272904483430799,0.0566801619433198,0.7368421052631579,,0,0.8,5,1.4736842105263157,1,1.4,5,1.0,1.8,-0.8,1.4,2.0,-0.6,-0.3999999999999999,0.19999999999999996,-0.20000000000000007
2023-04-08,2022/23,Leicester City,Bournemouth,0,1,A,1.0,6.0,4.0,3.0,29,29,25,27,-2,0,19,18,0,3,1,1,0.8620689655172413,0.2,-0.6620689655172414,0.9310344827586208,1.2,0.2689655172413793,-0.9310344827586208,-0.0689655172413793,-1.0,-0.9310344827586208,0.0,0.0,47,45,28,26,-2,0,2,0,1,1,9,9,0.7631578947368421,0.7631578947368421,0.0,0.0,28,26,0.0,0.0282651072124756,0.2543859649122807,0.7631578947368421,1.368421052631579,1,0.2,5,,0,1.2,5,0.8,1.8,-1.0,1.0,1.8,-0.8,-0.19999999999999996,0.0,-0.19999999999999996
2023-04-08,2022/23,Tottenham Hotspur,Brighton,2,1,H,8.0,11.0,12.0,9.0,29,27,50,46,4,2,5,6,6,3,3,3,1.7241379310344829,1.6,-0.1241379310344825,1.7037037037037035,2.2,0.4962962962962964,-0.620434227330779,0.0204342273307789,-0.6000000000000001,-0.620434227330779,0.620434227330779,-1.0,22,26,3,7,23,19,23,19,0,0,9,11,0.7631578947368421,0.7105263157894737,0.0331807780320366,0.0263157894736842,3,7,0.1907894736842105,0.0888157894736842,0.031798245614035,0.0355263157894736,1.868421052631579,1,1.6,5,1.3421052631578947,1,2.2,5,1.8,1.2,0.6,2.4,1.0,1.4,-0.5999999999999999,-0.19999999999999996,-0.7999999999999999
2023-04-08,2022/23,Wolverhampton Wanderers,Chelsea,1,0,H,4.0,8.0,9.0,5.0,29,29,28,39,-11,0,14,11,2,5,3,3,0.9655172413793104,0.8,-0.1655172413793103,1.3448275862068966,1.6,0.2551724137931035,-0.4206896551724138,-0.3793103448275862,-0.8,-0.4206896551724138,0.0,0.0,44,33,25,14,1,12,1,12,0,0,9,9,0.7631578947368421,0.7631578947368421,0.0,0.0,25,14,0.0293522267206477,0.0508771929824561,0.3815789473684211,0.0587044534412955,1.3421052631578947,1,0.8,5,1.947368421052632,1,1.6,5,1.0,1.8,-0.8,1.2,1.0,0.2,-0.19999999999999996,-0.8,-1.0
2023-04-08,2022/23,Southampton,Manchester City,1,4,A,5.0,13.0,4.0,10.0,29,28,23,64,-41,1,20,2,2,5,3,3,0.7931034482758621,1.0,0.2068965517241379,2.2857142857142856,2.6,0.3142857142857145,-0.1073891625615766,-1.4926108374384237,-1.6,-0.1073891625615766,0.0,0.0,49,8,30,-11,-4,37,4,37,1,0,9,10,0.7631578947368421,0.7368421052631579,0.0,0.0818713450292397,30,11,0.0,0.0614035087719298,0.1526315789473684,0.0193905817174515,1.0526315789473684,1,1.0,5,2.4473684210526314,1,2.6,5,0.8,1.2,-0.4,2.4,0.6,1.8,-1.5999999999999999,-0.6,-2.2
2023-04-09,2022/23,Leeds United,Crystal Palace,1,5,A,7.0,3.0,8.0,1.0,29,29,29,30,-1,0,16,14,4,4,3,3,1.0,1.4,0.3999999999999999,1.0344827586206895,0.6,-0.4344827586206897,0.8344827586206897,-0.0344827586206897,0.7999999999999999,0.8344827586206897,0.8344827586206897,1.0,43,42,27,26,2,3,2,3,0,0,9,9,0.7631578947368421,0.7631578947368421,0.0,0.0,27,26,0.0272556390977443,0.0282651072124756,0.2543859649122807,0.1907894736842105,1.0,1,1.4,5,1.263157894736842,1,0.6,5,1.8,2.0,-0.2,0.6,1.6,-1.0,1.2000000000000002,-0.3999999999999999,0.8
2023-04-09,2022/23,Liverpool,Arsenal,2,2,D,7.0,15.0,13.0,12.0,28,29,43,72,-29,-1,8,1,6,3,3,3,1.5357142857142858,1.4,-0.1357142857142859,2.4827586206896552,3.0,0.5172413793103448,-0.6529556650246306,-0.9470443349753694,-1.6,-0.6529556650246306,0.0,0.0,29,0,13,-16,16,45,16,45,0,0,10,9,0.7368421052631579,0.7631578947368421,0.0245614035087719,0.7631578947368421,13,16,0.0526315789473684,0.044891640866873,0.0433436532507739,0.0165903890160183,2.421052631578948,1,1.4,5,1.8157894736842104,1,3.0,5,2.0,1.0,1.0,3.6,0.8,2.8,-1.6,-0.19999999999999996,-1.7999999999999998
2023-04-15,2022/23,Tottenham Hotspur,Bournemouth,2,3,A,8.0,9.0,15.0,6.0,30,30,53,30,23,0,5,15,3,0,1,1,1.7666666666666666,1.6,-0.1666666666666665,1.0,1.8,0.8,-0.9666666666666666,0.7666666666666666,-0.1999999999999999,-0.9666666666666666,0.9666666666666666,-1.0,20,43,3,26,26,3,26,3,0,0,8,8,0.7894736842105263,0.7894736842105263,0.037593984962406,0.0,3,26,0.1973684210526315,0.0,0.0292397660818713,0.1973684210526315,1.868421052631579,1,1.6,5,,0,1.8,5,1.8,1.4,0.4,0.8,1.2,-0.4,1.0,-0.19999999999999996,0.8
2023-04-15,2022/23,Everton,Fulham,1,3,A,6.0,1.0,10.0,4.0,30,29,27,39,-12,1,17,10,1,1,1,1,0.9,1.2,0.2999999999999999,1.3448275862068966,0.2,-1.1448275862068966,1.4448275862068964,-0.4448275862068965,1.0,1.4448275862068964,1.4448275862068964,1.0,46,34,29,17,0,12,0,12,0,0,8,9,0.7894736842105263,0.7631578947368421,0.0,0.0,29,17,0.0,0.0423976608187134,0.7894736842105263,0.0587044534412955,1.0263157894736843,1,1.2,5,,0,0.2,5,1.2,1.4,-0.2,0.8,2.0,-1.2,0.3999999999999999,0.6000000000000001,1.0
2023-04-15,2022/23,Wolverhampton Wanderers,Brentford,2,0,H,7.0,5.0,9.0,5.0,30,30,31,43,-12,0,13,9,4,4,3,3,1.0333333333333334,1.4,0.3666666666666665,1.4333333333333331,1.0,-0.4333333333333333,0.7999999999999998,-0.3999999999999999,0.3999999999999999,0.7999999999999998,0.7999999999999998,1.0,42,30,25,13,4,16,4,16,0,0,8,8,0.7894736842105263,0.7894736842105263,0.0,0.0,25,13,0.0,0.056390977443609,0.1578947368421052,0.0464396284829721,1.3421052631578947,1,1.4,5,1.2105263157894737,1,1.0,5,1.2,1.4,-0.2,1.4,1.4,0.0,-0.19999999999999996,0.0,-0.2
2023-04-15,2022/23,Aston Villa,Newcastle United,3,0,H,13.0,15.0,9.0,10.0,30,29,47,56,-9,1,6,3,3,6,3,3,1.5666666666666669,2.6,1.0333333333333334,1.9310344827586208,3.0,1.0689655172413792,-0.0356321839080457,-0.3643678160919541,-0.3999999999999999,-0.0356321839080457,0.0,0.0,26,17,9,0,20,29,20,29,0,0,8,9,0.7894736842105263,0.7631578947368421,0.0,0.0423976608187134,9,0,0.0789473684210526,0.7631578947368421,0.037593984962406,0.025438596491228,1.1842105263157894,1,2.6,5,1.2894736842105263,1,3.0,5,2.0,0.4,1.6,2.6,0.8,1.8,-0.6000000000000001,0.4,-0.19999999999999996
2023-04-15,2022/23,Manchester City,Leicester City,3,1,H,15.0,1.0,15.0,4.0,29,30,67,25,42,-1,2,19,9,0,3,3,2.310344827586207,3.0,0.6896551724137931,0.8333333333333334,0.2,-0.6333333333333333,1.3229885057471265,1.4770114942528734,2.8,1.3229885057471265,0.0,0.0,6,48,-11,31,40,-2,40,2,0,1,9,8,0.7631578947368421,0.7894736842105263,0.1090225563909774,0.0,11,31,0.0635964912280701,0.0,0.0186136071887034,0.2631578947368421,2.4473684210526314,1,3.0,5,1.368421052631579,1,0.2,5,3.0,0.6,2.4,0.8,1.8,-1.0,2.2,1.2000000000000002,3.4
2023-04-15,2022/23,Southampton,Crystal Palace,0,2,A,2.0,6.0,4.0,4.0,30,30,23,33,-10,0,20,12,1,7,3,3,0.7666666666666667,0.4,-0.3666666666666667,1.1,1.2,0.0999999999999998,-0.4666666666666665,-0.3333333333333333,-0.7999999999999999,-0.4666666666666665,0.0,0.0,50,40,33,23,-4,6,4,6,1,0,8,8,0.7894736842105263,0.7894736842105263,0.0,0.0,33,23,0.0,0.0328947368421052,0.1578947368421052,0.112781954887218,1.0526315789473684,1,0.4,5,1.263157894736842,1,1.2,5,0.8,2.0,-1.2,1.6,1.6,0.0,-0.8,-0.3999999999999999,-1.2
2023-04-15,2022/23,Chelsea,Brighton,1,2,A,5.0,8.0,5.0,6.0,30,28,39,46,-7,2,11,7,2,5,3,3,1.3,1.0,-0.3,1.6428571428571428,1.6,-0.0428571428571427,-0.2571428571428573,-0.3428571428571427,-0.6000000000000001,-0.2571428571428573,0.0,0.0,34,27,17,10,12,19,12,19,0,0,8,10,0.7894736842105263,0.7368421052631579,0.0,0.0263157894736842,17,10,0.043859649122807,0.0669856459330143,0.0607287449392712,0.0368421052631578,1.947368421052632,1,1.0,5,1.3421052631578947,1,1.6,5,1.0,1.2,-0.2,1.8,1.4,0.4,-0.8,0.19999999999999996,-0.6000000000000001
2023-04-16,2022/23,West Ham United,Arsenal,2,2,D,7.0,13.0,8.0,10.0,29,30,30,73,-43,-1,15,1,0,9,3,3,1.0344827586206895,1.4,0.3655172413793102,2.433333333333333,2.6,0.1666666666666669,0.1988505747126432,-1.3988505747126434,-1.2000000000000002,0.1988505747126432,0.0,0.0,43,0,26,-17,3,46,3,46,0,0,9,8,0.7631578947368421,0.7894736842105263,0.0,0.7894736842105263,26,17,0.0282651072124756,0.043859649122807,0.1907894736842105,0.0167973124300112,1.4736842105263157,1,1.4,5,1.8157894736842104,1,2.6,5,0.8,2.0,-1.2,3.2,1.2,2.0,-2.4000000000000004,-0.8,-3.2
2023-04-16,2022/23,Nottingham Forest,Manchester United,0,2,A,1.0,7.0,6.0,4.0,30,29,27,56,-29,1,18,4,0,3,1,1,0.9,0.2,-0.7,1.9310344827586208,1.4,-0.5310344827586209,-0.1689655172413791,-1.0310344827586206,-1.2,-0.1689655172413793,0.0,0.0,46,17,29,0,0,29,0,29,1,0,8,9,0.7894736842105263,0.7631578947368421,0.0,0.0423976608187134,29,0,0.0,0.7631578947368421,0.7894736842105263,0.025438596491228,,0,0.2,5,1.5263157894736843,1,1.4,5,0.8,2.0,-1.2,0.6,1.8,-1.2,0.20000000000000007,-0.19999999999999996,0.0
2023-04-17,2022/23,Leeds United,Liverpool,1,6,A,7.0,5.0,7.0,5.0,30,29,29,44,-15,1,16,8,3,6,3,3,0.9666666666666668,1.4,0.4333333333333332,1.5172413793103448,1.0,-0.5172413793103448,0.950574712643678,-0.5505747126436781,0.3999999999999999,0.950574712643678,0.950574712643678,1.0,45,30,27,12,2,17,2,17,0,0,8,9,0.7894736842105263,0.7631578947368421,0.0,0.0,27,12,0.0,0.0587044534412955,0.2631578947368421,0.0423976608187134,1.0,1,1.4,5,2.421052631578948,1,1.0,5,2.0,2.8,-0.8,2.0,1.4,0.6,0.0,-1.4,-1.4
2023-04-21,2022/23,Arsenal,Southampton,3,3,D,11.0,1.0,12.0,4.0,31,31,74,23,51,0,1,20,4,4,3,3,2.3870967741935485,2.2,-0.1870967741935483,0.7419354838709677,0.2,-0.5419354838709678,0.3548387096774195,1.6451612903225807,2.0,0.3548387096774192,0.0,0.0,0,51,-18,33,47,-4,47,4,0,1,7,7,0.8157894736842105,0.8157894736842105,0.8157894736842105,0.0,18,33,0.0429362880886426,0.0,0.0169956140350877,0.1631578947368421,1.8157894736842104,1,2.2,5,1.0526315789473684,1,0.2,5,3.0,1.2,1.8,0.8,2.4,-1.6,2.2,1.2,3.4000000000000004
2023-04-22,2022/23,Fulham,Leeds United,2,1,H,3.0,6.0,4.0,4.0,30,31,42,29,13,-1,10,16,3,0,1,1,1.4,0.6,-0.7999999999999999,0.935483870967742,1.2,0.2645161290322581,-1.064516129032258,0.464516129032258,-0.6,-1.064516129032258,1.064516129032258,-1.0,33,46,14,27,15,2,15,2,0,0,8,7,0.7894736842105263,0.8157894736842105,0.0,0.0,14,27,0.0526315789473684,0.0,0.0493421052631578,0.2719298245614035,,0,0.6,5,1.0,1,1.2,5,1.2,2.0,-0.8,1.8,3.6,-1.8,-0.6000000000000001,1.6,1.0
2023-04-22,2022/23,Brentford,Aston Villa,1,1,D,2.0,15.0,8.0,10.0,31,31,43,50,-7,0,9,6,4,4,3,3,1.3870967741935485,0.4,-0.9870967741935484,1.6129032258064515,3.0,1.3870967741935485,-2.374193548387097,-0.225806451612903,-2.6,-2.374193548387097,0.0,0.0,32,25,13,6,16,23,16,23,0,0,7,7,0.8157894736842105,0.8157894736842105,0.0,0.0,13,6,0.0582706766917293,0.1165413533834586,0.0479876160990712,0.0339912280701754,1.2105263157894737,1,0.4,5,1.1842105263157894,1,3.0,5,1.0,1.8,-0.8,2.4,0.2,2.2,-1.4,-1.6,-3.0
2023-04-22,2022/23,Crystal Palace,Everton,0,0,D,9.0,5.0,6.0,2.0,31,31,36,27,9,0,12,17,3,6,3,3,1.1612903225806452,1.8,0.6387096774193548,0.8709677419354839,1.0,0.1290322580645161,0.5096774193548387,0.2903225806451613,0.8,0.5096774193548387,0.0,0.0,39,48,20,29,9,0,9,0,0,0,7,7,0.8157894736842105,0.8157894736842105,0.0,0.0,20,29,0.0388471177944862,0.0,0.081578947368421,0.8157894736842105,1.263157894736842,1,1.8,5,1.0263157894736843,1,1.0,5,2.0,1.4,0.6,1.0,1.6,-0.6,1.0,0.20000000000000018,1.2
2023-04-22,2022/23,Leicester City,Wolverhampton Wanderers,2,1,H,1.0,7.0,3.0,5.0,31,31,25,34,-9,0,19,13,6,3,3,3,0.8064516129032258,0.2,-0.6064516129032258,1.096774193548387,1.4,0.3032258064516129,-0.9096774193548388,-0.2903225806451612,-1.2,-0.9096774193548388,0.0,0.0,50,41,31,22,-2,7,2,7,1,0,7,7,0.8157894736842105,0.8157894736842105,0.0,0.0,31,22,0.0,0.0,0.2719298245614035,0.1019736842105263,1.368421052631579,1,0.2,5,1.3421052631578947,1,1.4,5,0.8,1.8,-1.0,1.4,1.4,0.0,-0.5999999999999999,-0.40000000000000013,-1.0
2023-04-22,2022/23,Liverpool,Nottingham Forest,3,2,H,5.0,1.0,11.0,0.0,30,31,47,27,20,-1,8,18,0,3,1,1,1.5666666666666669,1.0,-0.5666666666666667,0.8709677419354839,0.2,-0.6709677419354838,0.1043010752688171,0.6956989247311828,0.8,0.1043010752688172,0.0,0.0,28,48,9,29,20,0,20,0,0,1,8,7,0.7894736842105263,0.8157894736842105,0.0,0.0,9,29,0.0789473684210526,0.0,0.037593984962406,0.8157894736842105,2.421052631578948,1,1.0,5,,0,0.2,5,1.8,1.6,0.2,0.6,1.8,-1.2,1.2000000000000002,0.19999999999999996,1.4
2023-04-23,2022/23,Bournemouth,West Ham United,0,4,A,9.0,8.0,7.0,4.0,31,30,33,31,2,1,14,15,0,3,1,1,1.064516129032258,1.8,0.735483870967742,1.0333333333333334,1.6,0.5666666666666667,0.1688172043010753,0.0311827956989245,0.1999999999999999,0.1688172043010753,0.0,0.0,42,44,23,25,5,3,5,3,0,0,7,8,0.8157894736842105,0.7894736842105263,0.0,0.0,23,25,0.0,0.0,0.1359649122807017,0.1973684210526315,,0,1.8,5,1.4736842105263157,1,1.6,5,1.2,1.6,-0.4,1.2,1.6,-0.4,0.0,0.0,0.0
2023-04-23,2022/23,Newcastle United,Tottenham Hotspur,6,1,H,12.0,8.0,10.0,5.0,30,31,56,53,3,-1,4,5,3,6,3,3,1.8666666666666667,2.4,0.5333333333333332,1.7096774193548387,1.6,-0.1096774193548386,0.6430107526881719,0.1569892473118279,0.7999999999999998,0.6430107526881719,0.0,0.0,19,22,0,3,28,25,28,25,0,0,8,7,0.7894736842105263,0.8157894736842105,0.0394736842105263,0.0,0,3,0.7894736842105263,0.2039473684210526,0.0272232304900181,0.0313765182186234,1.2894736842105263,1,2.4,5,1.868421052631579,1,1.6,5,2.2,1.2,1.0,2.2,1.8,0.4,0.0,0.6000000000000001,0.6
2023-04-25,2022/23,Wolverhampton Wanderers,Crystal Palace,2,0,H,7.0,10.0,9.0,6.0,32,32,34,37,-3,0,14,12,0,9,3,3,1.0625,1.4,0.3374999999999999,1.15625,2.0,0.84375,-0.5062500000000001,-0.09375,-0.6000000000000001,-0.5062500000000001,0.0,0.0,41,38,25,22,6,9,6,9,0,0,6,6,0.8421052631578947,0.8421052631578947,0.0,0.0,25,22,0.0,0.0,0.1203007518796992,0.0842105263157894,1.3421052631578947,1,1.4,5,1.263157894736842,1,2.0,5,1.4,1.4,0.0,2.0,1.2,0.8,-0.6000000000000001,-0.19999999999999996,-0.8
2023-04-25,2022/23,Aston Villa,Fulham,1,0,H,13.0,6.0,12.0,7.0,32,31,51,45,6,1,6,9,0,3,1,1,1.59375,2.6,1.00625,1.4516129032258065,1.2,-0.2516129032258065,1.2578629032258066,0.1421370967741935,1.4,1.2578629032258066,0.0,0.0,24,30,8,14,23,17,23,17,0,0,6,7,0.8421052631578947,0.8157894736842105,0.0,0.0,8,14,0.0935672514619883,0.0543859649122807,0.0350877192982456,0.0453216374269005,1.1842105263157894,1,2.6,5,,0,1.2,5,2.0,0.4,1.6,1.2,1.6,-0.4,0.8,1.2000000000000002,2.0
2023-04-25,2022/23,Leeds United,Leicester City,1,1,D,3.0,3.0,7.0,1.0,32,32,29,28,1,0,16,17,1,7,3,3,0.90625,0.6,-0.30625,0.875,0.6,-0.275,-0.03125,0.03125,0.0,-0.03125,0.0,0.0,46,47,30,31,1,0,1,0,0,0,6,6,0.8421052631578947,0.8421052631578947,0.0,0.0,30,31,0.0,0.0,0.4210526315789473,0.8421052631578947,1.0,1,0.6,5,1.368421052631579,1,0.6,5,1.2,3.6,-2.4,1.0,1.8,-0.8,0.19999999999999996,-1.8,-1.5999999999999999
2023-04-26,2022/23,Nottingham Forest,Brighton,3,1,H,1.0,10.0,3.0,8.0,32,29,27,49,-22,3,19,8,1,1,1,1,0.84375,0.2,-0.64375,1.6896551724137931,2.0,0.3103448275862068,-0.9540948275862068,-0.8459051724137931,-1.8,-0.9540948275862068,0.0,0.0,48,26,32,10,-1,21,2,21,1,0,6,9,0.8421052631578947,0.7631578947368421,0.0,0.0282651072124756,32,10,0.0,0.069377990430622,0.2807017543859649,0.034688995215311,,0,0.2,5,1.3421052631578947,1,2.0,5,0.8,2.0,-1.2,1.8,1.2,0.6,-1.0,-0.8,-1.7999999999999998
2023-04-26,2022/23,Chelsea,Brentford,0,2,A,2.0,2.0,5.0,4.0,31,32,39,44,-5,-1,11,10,4,4,3,3,1.2580645161290325,0.4,-0.8580645161290322,1.375,0.4,-0.975,0.1169354838709677,-0.1169354838709677,0.0,0.1169354838709677,0.0,0.0,36,31,20,15,11,16,11,16,0,0,7,6,0.8157894736842105,0.8421052631578947,0.0,0.0,20,15,0.0388471177944862,0.0526315789473684,0.0679824561403508,0.0495356037151702,1.947368421052632,1,0.4,5,1.2105263157894737,1,0.4,5,0.6,1.4,-0.8,1.0,1.8,-0.8,-0.4,0.40000000000000013,0.0
2023-04-26,2022/23,West Ham United,Liverpool,1,2,A,10.0,8.0,8.0,5.0,31,31,34,50,-16,0,14,7,3,6,3,3,1.096774193548387,2.0,0.903225806451613,1.6129032258064515,1.6,-0.0129032258064514,0.9161290322580644,-0.5161290322580645,0.3999999999999999,0.9161290322580644,0.9161290322580644,1.0,41,25,25,9,6,22,6,22,0,0,7,7,0.8157894736842105,0.8157894736842105,0.0,0.0,25,9,0.0,0.081578947368421,0.1165413533834586,0.0354691075514874,1.4736842105263157,1,2.0,5,2.421052631578948,1,1.6,5,1.8,1.4,0.4,2.4,1.8,0.6,-0.5999999999999999,0.40000000000000013,-0.19999999999999996
2023-04-26,2022/23,Manchester City,Arsenal,4,1,H,15.0,9.0,15.0,11.0,30,32,70,75,-5,-2,2,1,9,0,3,3,2.333333333333333,3.0,0.6666666666666665,2.34375,1.8,-0.54375,1.2104166666666665,-0.0104166666666665,1.2,1.2104166666666665,1.2104166666666665,1.0,5,0,-11,-16,42,47,42,47,0,0,8,6,0.7894736842105263,0.8421052631578947,0.131578947368421,0.8421052631578947,11,16,0.0657894736842105,0.0495356037151702,0.018359853121175,0.0175438596491228,2.4473684210526314,1,3.0,5,1.8157894736842104,1,1.8,5,2.8,0.6,2.2,3.0,1.8,1.2,-0.20000000000000018,1.2000000000000002,1.0000000000000002
2023-04-27,2022/23,Everton,Newcastle United,1,4,A,3.0,12.0,7.0,9.0,32,31,28,59,-31,1,19,3,3,6,3,3,0.875,0.6,-0.275,1.903225806451613,2.4,0.4967741935483869,-0.7717741935483869,-1.028225806451613,-1.7999999999999998,-0.7717741935483868,0.0,0.0,47,16,31,0,-1,30,2,30,1,0,6,7,0.8421052631578947,0.8157894736842105,0.0,0.0479876160990712,31,0,0.0,0.8157894736842105,0.2807017543859649,0.0263157894736842,1.0263157894736843,1,0.6,5,1.2894736842105263,1,2.4,5,0.8,1.6,-0.8,3.0,1.2,1.8,-2.2,-0.40000000000000013,-2.6
2023-04-27,2022/23,Southampton,Bournemouth,0,1,A,2.0,9.0,4.0,9.0,32,32,24,33,-9,0,20,15,3,0,1,1,0.75,0.4,-0.35,1.03125,1.8,0.76875,-1.11875,-0.28125,-1.4,-1.11875,0.0,0.0,51,42,35,26,-5,4,6,4,1,0,6,6,0.8421052631578947,0.8421052631578947,0.0,0.0,35,26,0.0,0.0,0.1203007518796992,0.1684210526315789,1.0526315789473684,1,0.4,5,,0,1.8,5,1.4,2.6,-1.2,1.2,1.8,-0.6,0.19999999999999996,-0.8,-0.6
2023-04-27,2022/23,Tottenham Hotspur,Manchester United,2,2,D,5.0,10.0,12.0,6.0,32,30,53,59,-6,2,7,4,0,9,3,3,1.65625,1.0,-0.65625,1.9666666666666663,2.0,0.0333333333333334,-0.6895833333333334,-0.3104166666666665,-1.0,-0.6895833333333334,0.0,0.0,22,16,6,0,24,30,24,30,0,0,6,8,0.8421052631578947,0.7894736842105263,0.0,0.0464396284829721,6,0,0.1203007518796992,0.7894736842105263,0.0336842105263157,0.0254668930390492,1.868421052631579,1,1.0,5,1.5263157894736843,1,2.0,5,1.8,2.8,-1.0,1.0,0.4,0.6,0.8,-2.4,-1.6
2023-04-29,2022/23,Brentford,Nottingham Forest,2,1,H,4.0,3.0,6.0,0.0,33,33,47,30,17,0,9,17,1,1,1,1,1.4242424242424243,0.8,-0.6242424242424243,0.9090909090909092,0.6,-0.3090909090909091,-0.3151515151515152,0.5151515151515152,0.2,-0.3151515151515152,0.0,0.0,28,45,13,30,18,1,18,1,0,0,5,5,0.868421052631579,0.868421052631579,0.0,0.0,13,30,0.0620300751879699,0.0,0.0457063711911357,0.4342105263157895,1.2105263157894737,1,0.8,5,,0,0.6,5,0.8,1.2,-0.4,1.2,2.0,-0.8,-0.3999999999999999,0.8,0.4
2023-04-29,2022/23,Brighton,Wolverhampton Wanderers,6,0,H,7.0,10.0,10.0,2.0,30,33,49,37,12,-3,8,13,6,3,3,3,1.6333333333333333,1.4,-0.2333333333333334,1.121212121212121,2.0,0.8787878787878789,-1.1121212121212125,0.5121212121212122,-0.6000000000000001,-1.1121212121212125,1.1121212121212125,-1.0,26,38,11,23,20,8,20,8,0,0,8,5,0.7894736842105263,0.868421052631579,0.0,0.0,11,23,0.0657894736842105,0.0,0.037593984962406,0.0964912280701754,1.3421052631578947,1,1.4,5,1.3421052631578947,1,2.0,5,1.8,1.8,0.0,1.4,0.6,0.8,0.40000000000000013,-1.2000000000000002,-0.8
2023-04-29,2022/23,Crystal Palace,West Ham United,4,3,H,10.0,7.0,6.0,7.0,33,32,37,34,3,1,12,15,4,4,3,3,1.121212121212121,2.0,0.8787878787878789,1.0625,1.4,0.3374999999999999,0.541287878787879,0.0587121212121211,0.6000000000000001,0.541287878787879,0.0,0.0,38,41,23,26,8,5,8,5,0,0,5,6,0.868421052631579,0.8421052631578947,0.0,0.0,23,26,0.0,0.0,0.0964912280701754,0.1403508771929824,1.263157894736842,1,2.0,5,1.4736842105263157,1,1.4,5,1.8,0.8,1.0,1.8,1.8,0.0,0.0,1.0,1.0
2023-04-30,2022/23,Bournemouth,Leeds United,4,1,H,9.0,4.0,6.0,3.0,33,33,36,30,6,0,14,16,0,3,1,1,1.0909090909090908,1.8,0.7090909090909092,0.9090909090909092,0.8,-0.109090909090909,0.8181818181818182,0.1818181818181817,1.0,0.8181818181818182,0.0,0.0,39,45,24,30,7,1,7,1,0,0,5,5,0.868421052631579,0.868421052631579,0.0,0.0,24,30,0.0,0.0,0.1085526315789473,0.4342105263157895,,0,1.8,5,1.0,1,0.8,5,1.0,1.6,-0.6,1.2,3.0,-1.8,-0.19999999999999996,1.4,1.2000000000000002
2023-04-30,2022/23,Fulham,Manchester City,1,2,A,6.0,15.0,7.0,13.0,32,31,45,73,-28,1,10,2,0,3,1,1,1.40625,1.2,-0.20625,2.3548387096774195,3.0,0.6451612903225805,-0.8514112903225806,-0.9485887096774196,-1.8,-0.8514112903225806,0.0,0.0,30,2,15,-13,16,44,16,44,0,0,6,7,0.8421052631578947,0.8157894736842105,0.0,0.2719298245614035,15,13,0.0526315789473684,0.0582706766917293,0.0495356037151702,0.0181286549707602,,0,1.2,5,2.4473684210526314,1,3.0,5,1.2,1.2,0.0,3.2,0.8,2.4,-2.0,-0.3999999999999999,-2.4
2023-04-30,2022/23,Manchester United,Aston Villa,1,0,H,10.0,13.0,11.0,11.0,31,33,60,54,6,-2,4,6,1,7,3,3,1.935483870967742,2.0,0.064516129032258,1.6363636363636365,2.6,0.9636363636363636,-0.8991202346041056,0.2991202346041055,-0.6000000000000001,-0.8991202346041056,0.8991202346041056,-1.0,15,21,0,6,31,25,31,25,0,0,7,5,0.8157894736842105,0.868421052631579,0.0509868421052631,0.0,0,6,0.8157894736842105,0.1240601503759398,0.0254934210526315,0.0334008097165991,1.5263157894736843,1,2.0,5,1.1842105263157894,1,2.6,5,1.4,0.8,0.6,1.8,0.4,1.4,-0.40000000000000013,-0.4,-0.7999999999999999
2023-04-30,2022/23,Newcastle United,Southampton,3,1,H,12.0,1.0,10.0,5.0,32,33,62,24,38,-1,3,20,7,1,3,3,1.9375,2.4,0.4624999999999999,0.7272727272727273,0.2,-0.5272727272727273,0.9897727272727272,1.2102272727272727,2.2,0.989772727272727,0.0,0.0,13,51,-2,36,33,-5,33,6,0,1,6,5,0.8421052631578947,0.868421052631579,0.0601503759398496,0.0,2,36,0.2807017543859649,0.0,0.0247678018575851,0.1240601503759398,1.2894736842105263,1,2.4,5,1.0526315789473684,1,0.2,5,3.4,1.4,2.0,0.8,2.2,-1.4,2.5999999999999996,0.8000000000000003,3.4
2023-04-30,2022/23,Liverpool,Tottenham Hotspur,4,3,H,11.0,5.0,13.0,2.0,32,33,53,54,-1,-1,7,5,5,2,3,3,1.65625,2.2,0.5437500000000002,1.6363636363636365,1.0,-0.6363636363636365,1.1801136363636366,0.0198863636363635,1.2000000000000002,1.1801136363636366,0.0,0.0,22,21,7,6,24,25,24,25,0,0,6,5,0.8421052631578947,0.868421052631579,0.0,0.0,7,6,0.1052631578947368,0.1240601503759398,0.0336842105263157,0.0334008097165991,2.421052631578948,1,2.2,5,1.868421052631579,1,1.0,5,2.6,1.2,1.4,1.6,2.6,-1.0,1.0,1.4000000000000001,2.4
2023-05-01,2022/23,Leicester City,Everton,2,2,D,4.0,2.0,3.0,3.0,33,33,29,28,1,0,18,19,4,4,3,3,0.8787878787878788,0.8,-0.0787878787878787,0.8484848484848485,0.4,-0.4484848484848485,0.3696969696969697,0.0303030303030302,0.4,0.3696969696969697,0.0,0.0,47,48,34,35,0,-1,1,2,1,1,5,5,0.868421052631579,0.868421052631579,0.0,0.0,34,35,0.0,0.0,0.4342105263157895,0.2894736842105263,1.368421052631579,1,0.8,5,1.0263157894736843,1,0.4,5,1.0,1.6,-0.6,0.6,2.0,-1.4,0.4,0.3999999999999999,0.7999999999999999
2023-05-02,2022/23,Arsenal,Chelsea,3,1,H,6.0,1.0,13.0,5.0,33,32,75,39,36,1,2,12,6,3,3,3,2.272727272727273,1.2,-1.072727272727273,1.21875,0.2,-1.01875,-0.0539772727272729,1.053977272727273,1.0,-0.0539772727272729,0.0,0.0,1,37,-12,24,45,9,45,9,0,0,5,6,0.868421052631579,0.8421052631578947,0.4342105263157895,0.0,12,24,0.0668016194331983,0.0,0.0188787185354691,0.0842105263157894,1.8157894736842104,1,1.2,5,1.947368421052632,1,0.2,5,2.4,2.4,0.0,0.2,1.4,-1.2,2.1999999999999997,-1.0,1.2
2023-05-03,2022/23,Liverpool,Fulham,1,0,H,13.0,6.0,13.0,6.0,33,33,56,45,11,0,5,10,1,1,1,1,1.696969696969697,2.6,0.9030303030303032,1.3636363636363635,1.2,-0.1636363636363635,1.0666666666666669,0.3333333333333335,1.4,1.0666666666666669,0.0,0.0,22,33,7,18,26,15,26,15,0,0,5,5,0.868421052631579,0.868421052631579,0.0,0.0,7,18,0.1085526315789473,0.0,0.0321637426900584,0.0542763157894736,2.421052631578948,1,2.6,5,,0,1.2,5,3.4,1.8,1.6,1.2,1.2,0.0,2.2,-0.6000000000000001,1.6
2023-05-03,2022/23,Manchester City,West Ham United,3,0,H,15.0,7.0,15.0,6.0,32,33,76,34,42,-1,2,15,7,1,3,3,2.375,3.0,0.625,1.0303030303030305,1.4,0.3696969696969696,0.2553030303030303,1.3446969696969695,1.6,0.2553030303030303,0.0,0.0,2,44,-13,29,46,4,46,4,0,0,6,5,0.8421052631578947,0.868421052631579,0.2807017543859649,0.0,13,29,0.0601503759398496,0.0,0.0179171332586786,0.1736842105263158,2.4473684210526314,1,3.0,5,1.4736842105263157,1,1.4,5,3.4,1.0,2.4,2.2,1.6,0.6,1.1999999999999997,0.6000000000000001,1.7999999999999998
2023-05-04,2022/23,Brighton,Manchester United,1,0,H,9.0,13.0,10.0,7.0,31,32,52,63,-11,-1,8,4,6,3,3,3,1.6774193548387095,1.8,0.1225806451612903,1.96875,2.6,0.6312500000000001,-0.5086693548387098,-0.2913306451612902,-0.8,-0.5086693548387098,0.0,0.0,27,16,11,0,22,33,22,33,0,0,7,6,0.8157894736842105,0.8421052631578947,0.0,0.0495356037151702,11,0,0.0679824561403508,0.8421052631578947,0.0354691075514874,0.0247678018575851,1.3421052631578947,1,1.8,5,1.5263157894736843,1,2.6,5,2.4,1.2,1.2,1.6,0.4,1.2,0.7999999999999998,-0.7999999999999999,0.0
2023-05-06,2022/23,Bournemouth,Chelsea,1,3,A,12.0,1.0,9.0,4.0,34,33,39,39,0,1,13,12,0,3,1,1,1.1470588235294117,2.4,1.2529411764705882,1.181818181818182,0.2,-0.981818181818182,2.23475935828877,-0.0347593582887701,2.2,2.2347593582887697,2.2347593582887697,1.0,40,40,24,24,9,9,9,9,0,0,4,5,0.8947368421052632,0.868421052631579,0.0,0.0,24,24,0.0,0.0,0.0894736842105263,0.0868421052631579,,0,2.4,5,1.947368421052632,1,0.2,5,1.8,1.4,0.4,0.4,1.6,-1.2,1.4,0.20000000000000018,1.6
2023-05-06,2022/23,Manchester City,Leeds United,2,1,H,15.0,1.0,15.0,3.0,33,34,79,30,49,-1,1,17,9,0,3,3,2.393939393939394,3.0,0.606060606060606,0.8823529411764706,0.2,-0.6823529411764706,1.2884135472370766,1.5115864527629237,2.8,1.2884135472370764,0.0,0.0,0,49,-16,33,49,0,49,0,0,0,5,4,0.868421052631579,0.8947368421052632,0.868421052631579,0.0,16,33,0.0510835913312693,0.0,0.0173684210526315,0.8947368421052632,2.4473684210526314,1,3.0,5,1.0,1,0.2,5,3.2,0.8,2.4,1.0,3.6,-2.6,2.2,2.8,5.0
2023-05-06,2022/23,Tottenham Hotspur,Crystal Palace,1,0,H,4.0,10.0,10.0,6.0,34,34,54,40,14,0,7,11,6,3,3,3,1.588235294117647,0.8,-0.7882352941176469,1.1764705882352942,2.0,0.8235294117647058,-1.6117647058823528,0.4117647058823528,-1.2,-1.6117647058823528,1.6117647058823528,-1.0,25,39,9,23,24,10,24,10,0,0,4,4,0.8947368421052632,0.8947368421052632,0.0,0.0,9,23,0.0894736842105263,0.0,0.0357894736842105,0.0813397129186602,1.868421052631579,1,0.8,5,1.263157894736842,1,2.0,5,2.0,3.2,-1.2,2.2,1.2,1.0,-0.20000000000000018,-2.0,-2.2
2023-05-06,2022/23,Wolverhampton Wanderers,Aston Villa,1,0,H,9.0,10.0,12.0,8.0,34,34,37,54,-17,0,14,8,7,1,3,3,1.088235294117647,1.8,0.7117647058823531,1.588235294117647,2.0,0.411764705882353,0.3,-0.5,-0.1999999999999999,0.3,0.0,0.0,42,25,26,9,7,24,7,24,0,0,4,4,0.8947368421052632,0.8947368421052632,0.0,0.0,26,9,0.0,0.0894736842105263,0.1118421052631579,0.0357894736842105,1.3421052631578947,1,1.8,5,1.1842105263157894,1,2.0,5,1.2,1.6,-0.4,1.4,0.4,1.0,-0.19999999999999996,-1.2000000000000002,-1.4
2023-05-06,2022/23,Liverpool,Brentford,1,0,H,15.0,7.0,13.0,7.0,34,34,59,50,9,0,5,9,4,4,3,3,1.7352941176470589,3.0,1.2647058823529411,1.4705882352941178,1.4,-0.0705882352941178,1.335294117647059,0.2647058823529411,1.6,1.335294117647059,0.0,0.0,20,29,4,13,29,20,29,20,0,0,4,4,0.8947368421052632,0.8947368421052632,0.0,0.0,4,13,0.1789473684210526,0.0,0.0298245614035087,0.0426065162907268,2.421052631578948,1,3.0,5,1.2105263157894737,1,1.4,5,3.2,1.4,1.8,1.2,1.2,0.0,2.0,-0.19999999999999996,1.8
2023-05-07,2022/23,Newcastle United,Arsenal,0,2,A,12.0,6.0,12.0,8.0,33,34,65,78,-13,-1,3,2,4,4,3,3,1.9696969696969693,2.4,0.4303030303030302,2.294117647058824,1.2,-1.0941176470588234,1.5244206773618536,-0.3244206773618536,1.2,1.5244206773618536,1.5244206773618536,1.0,17,4,-2,-15,35,48,35,48,0,0,5,4,0.868421052631579,0.8947368421052632,0.0,0.1789473684210526,2,15,0.2894736842105263,0.0559210526315789,0.0241228070175438,0.0182599355531686,1.2894736842105263,1,2.4,5,1.8157894736842104,1,1.2,5,3.0,1.4,1.6,2.2,2.4,-0.2,0.7999999999999998,1.0,1.8
2023-05-07,2022/23,West Ham United,Manchester United,1,0,H,4.0,10.0,5.0,4.0,34,33,34,63,-29,1,15,4,0,9,3,3,1.0,0.8,-0.1999999999999999,1.9090909090909087,2.0,0.0909090909090908,-0.2909090909090908,-0.9090909090909092,-1.2,-0.2909090909090908,0.0,0.0,48,19,29,0,4,33,4,33,0,0,4,5,0.8947368421052632,0.868421052631579,0.0,0.0,29,0,0.0,0.868421052631579,0.1789473684210526,0.0255417956656346,1.4736842105263157,1,0.8,5,1.5263157894736843,1,2.0,5,2.0,2.2,-0.2,1.4,0.6,0.8,0.6000000000000001,-1.6,-1.0
2023-05-08,2022/23,Brighton,Everton,1,5,A,9.0,2.0,13.0,4.0,32,34,55,29,26,-2,7,19,6,3,3,3,1.71875,1.8,0.08125,0.8529411764705882,0.4,-0.4529411764705882,0.5341911764705882,0.8658088235294118,1.4,0.5341911764705881,0.0,0.0,27,53,8,34,25,-1,25,1,0,1,6,4,0.8421052631578947,0.8947368421052632,0.0,0.0,8,34,0.0935672514619883,0.0,0.0323886639676113,0.4473684210526316,1.3421052631578947,1,1.8,5,1.0263157894736843,1,0.4,5,2.2,1.2,1.0,0.8,2.2,-1.4,1.4000000000000001,1.0000000000000002,2.4
2023-05-08,2022/23,Nottingham Forest,Southampton,4,3,H,3.0,1.0,5.0,2.0,34,34,30,24,6,0,18,20,3,0,1,1,0.8823529411764706,0.6,-0.2823529411764706,0.7058823529411765,0.2,-0.5058823529411764,0.2235294117647058,0.176470588235294,0.3999999999999999,0.2235294117647059,0.0,0.0,52,58,33,39,0,-6,0,6,1,1,4,4,0.8947368421052632,0.8947368421052632,0.0,0.0,33,39,0.0,0.0,0.8947368421052632,0.1278195488721804,,0,0.6,5,1.0526315789473684,1,0.2,5,1.2,2.0,-0.8,1.0,2.6,-1.6,0.19999999999999996,0.6000000000000001,0.8
2023-05-08,2022/23,Fulham,Leicester City,5,3,H,6.0,5.0,4.0,2.0,34,34,45,30,15,0,10,16,3,0,1,1,1.3235294117647058,1.2,-0.1235294117647058,0.8823529411764706,1.0,0.1176470588235294,-0.2411764705882353,0.4411764705882353,0.1999999999999999,-0.2411764705882353,0.0,0.0,37,52,18,33,15,0,15,0,0,0,4,4,0.8947368421052632,0.8947368421052632,0.0,0.0,18,33,0.0,0.0,0.0559210526315789,0.8947368421052632,,0,1.2,5,1.368421052631579,1,1.0,5,1.2,1.2,0.0,1.2,1.6,-0.4,0.0,0.40000000000000013,0.4
2023-05-13,2022/23,Leeds United,Newcastle United,2,2,D,1.0,9.0,5.0,12.0,35,34,30,65,-35,1,19,3,2,5,3,3,0.8571428571428571,0.2,-0.657142857142857,1.911764705882353,1.8,-0.1117647058823529,-0.545378151260504,-1.054621848739496,-1.6,-0.545378151260504,0.0,0.0,52,17,33,-2,0,35,2,35,1,0,3,4,0.9210526315789472,0.8947368421052632,0.0,0.0,33,2,0.0,0.2982456140350877,0.3070175438596491,0.0248538011695906,1.0,1,0.2,5,1.2894736842105263,1,1.8,5,1.0,3.0,-2.0,2.6,1.6,1.0,-1.6,-1.4,-3.0
2023-05-13,2022/23,Aston Villa,Tottenham Hotspur,2,1,H,7.0,4.0,15.0,2.0,35,35,54,57,-3,0,8,6,3,6,3,3,1.542857142857143,1.4,-0.142857142857143,1.6285714285714286,0.8,-0.8285714285714285,0.6857142857142855,-0.0857142857142856,0.5999999999999999,0.6857142857142855,0.6857142857142855,1.0,28,25,9,6,24,27,24,27,0,0,3,3,0.9210526315789472,0.9210526315789472,0.0,0.0,9,6,0.0921052631578947,0.131578947368421,0.0368421052631578,0.0328947368421052,1.1842105263157894,1,1.4,5,1.868421052631579,1,0.8,5,1.0,0.6,0.4,1.8,3.0,-1.2,-0.8,2.4,1.6
2023-05-13,2022/23,Chelsea,Nottingham Forest,2,2,D,3.0,6.0,2.0,0.0,34,35,42,33,9,-1,11,16,1,1,1,1,1.2352941176470589,0.6,-0.6352941176470589,0.9428571428571428,1.2,0.2571428571428571,-0.892436974789916,0.292436974789916,-0.6,-0.892436974789916,0.892436974789916,-1.0,40,49,21,30,12,3,12,3,0,0,4,3,0.8947368421052632,0.9210526315789472,0.0,0.0,21,30,0.0,0.0,0.068825910931174,0.2302631578947368,1.947368421052632,1,0.6,5,,0,1.2,5,1.0,1.8,-0.8,2.0,2.2,-0.2,-1.0,0.40000000000000013,-0.6000000000000001
2023-05-13,2022/23,Crystal Palace,Bournemouth,2,0,H,7.0,9.0,8.0,9.0,35,35,40,39,1,0,12,14,3,0,1,1,1.1428571428571428,1.4,0.2571428571428571,1.1142857142857143,1.8,0.6857142857142857,-0.4285714285714286,0.0285714285714284,-0.4000000000000001,-0.4285714285714286,0.4285714285714286,-1.0,42,43,23,24,10,9,10,9,0,0,3,3,0.9210526315789472,0.9210526315789472,0.0,0.0,23,24,0.0,0.0,0.0837320574162679,0.0921052631578947,1.263157894736842,1,1.4,5,,0,1.8,5,1.2,1.2,0.0,1.8,2.0,-0.2,-0.6000000000000001,0.8,0.2
2023-05-13,2022/23,Manchester United,Wolverhampton Wanderers,2,0,H,7.0,9.0,13.0,1.0,34,35,63,40,23,-1,4,13,6,3,3,3,1.8529411764705883,1.4,-0.4529411764705884,1.1428571428571428,1.8,0.6571428571428573,-1.1100840336134457,0.7100840336134455,-0.4000000000000001,-1.1100840336134457,1.1100840336134457,-1.0,19,42,0,23,33,10,33,10,0,0,4,3,0.8947368421052632,0.9210526315789472,0.0,0.0,0,23,0.8947368421052632,0.0,0.0263157894736842,0.0837320574162679,1.5263157894736843,1,1.4,5,1.3421052631578947,1,1.8,5,1.0,0.8,0.2,1.2,1.6,-0.4,-0.19999999999999996,0.8,0.6000000000000001
2023-05-13,2022/23,Southampton,Fulham,0,2,A,1.0,6.0,1.0,3.0,35,35,24,48,-24,0,20,10,0,3,1,1,0.6857142857142857,0.2,-0.4857142857142857,1.3714285714285714,1.2,-0.1714285714285714,-0.3142857142857142,-0.6857142857142857,-1.0,-0.3142857142857143,0.0,0.0,58,34,39,15,-6,18,8,18,1,0,3,3,0.9210526315789472,0.9210526315789472,0.0,0.0,39,15,0.0,0.0,0.1023391812865497,0.0484764542936288,1.0526315789473684,1,0.2,5,,0,1.2,5,1.4,2.6,-1.2,1.6,1.6,0.0,-0.20000000000000018,-1.0,-1.2
2023-05-14,2022/23,Brentford,West Ham United,2,0,H,7.0,6.0,8.0,6.0,35,35,50,37,13,0,10,15,9,0,3,3,1.4285714285714286,1.4,-0.0285714285714286,1.0571428571428572,1.2,0.1428571428571428,-0.1714285714285714,0.3714285714285714,0.1999999999999999,-0.1714285714285714,0.0,0.0,32,45,16,29,19,6,19,6,0,0,3,3,0.9210526315789472,0.9210526315789472,0.0,0.0,16,29,0.0,0.0,0.0460526315789473,0.131578947368421,1.2105263157894737,1,1.4,5,1.4736842105263157,1,1.2,5,1.0,1.0,0.0,1.8,1.8,0.0,-0.8,0.8,0.0
2023-05-14,2022/23,Everton,Manchester City,0,3,A,5.0,15.0,4.0,13.0,35,34,32,82,-50,1,17,1,1,7,3,3,0.9142857142857144,1.0,0.0857142857142857,2.411764705882353,3.0,0.5882352941176472,-0.5025210084033614,-1.4974789915966389,-2.0,-0.5025210084033613,0.0,0.0,50,0,34,-16,1,51,1,51,0,0,3,4,0.9210526315789472,0.8947368421052632,0.0,0.8947368421052632,34,16,0.0,0.0526315789473684,0.4605263157894737,0.0172064777327935,1.0263157894736843,1,1.0,5,2.4473684210526314,1,3.0,5,1.8,2.0,-0.2,2.8,0.8,2.0,-0.9999999999999998,-1.2,-2.2
2023-05-14,2022/23,Arsenal,Brighton,0,3,A,8.0,9.0,13.0,7.0,35,33,81,55,26,2,2,8,4,4,3,3,2.3142857142857145,1.6,-0.7142857142857144,1.6666666666666667,1.8,0.1333333333333333,-0.8476190476190477,0.6476190476190478,-0.1999999999999999,-0.8476190476190477,0.8476190476190477,-1.0,1,27,-15,11,50,24,50,24,0,0,3,5,0.9210526315789472,0.868421052631579,0.4605263157894737,0.0,15,11,0.0575657894736842,0.0723684210526315,0.0180598555211558,0.0347368421052631,1.8157894736842104,1,1.6,5,1.3421052631578947,1,1.8,5,2.2,2.0,0.2,2.2,1.8,0.4,0.0,-0.19999999999999996,-0.2
2023-05-15,2022/23,Leicester City,Liverpool,0,3,A,5.0,15.0,4.0,7.0,35,35,30,62,-32,0,19,5,3,6,3,3,0.8571428571428571,1.0,0.1428571428571429,1.7714285714285714,3.0,1.2285714285714286,-1.085714285714286,-0.9142857142857144,-2.0,-1.085714285714286,0.0,0.0,55,23,36,4,-1,31,2,31,1,0,3,3,0.9210526315789472,0.9210526315789472,0.0,0.0,36,4,0.0,0.1842105263157894,0.3070175438596491,0.0287828947368421,1.368421052631579,1,1.0,5,2.421052631578948,1,3.0,5,1.8,2.4,-0.6,2.2,1.2,1.0,-0.40000000000000013,-1.2,-1.6
2023-05-18,2022/23,Newcastle United,Brighton,4,1,H,10.0,9.0,12.0,9.0,35,34,66,58,8,1,3,6,5,2,3,3,1.8857142857142857,2.0,0.1142857142857143,1.7058823529411764,1.8,0.0941176470588236,0.0201680672268906,0.1798319327731092,0.1999999999999999,0.0201680672268906,0.0,0.0,19,27,0,8,35,27,35,27,0,0,3,4,0.9210526315789472,0.8947368421052632,0.0,0.0,0,8,0.9210526315789472,0.0994152046783625,0.0255847953216374,0.0319548872180451,1.2894736842105263,1,2.0,5,1.3421052631578947,1,1.8,5,3.0,1.4,1.6,2.4,1.6,0.8,0.6000000000000001,0.20000000000000018,0.8
2023-05-20,2022/23,Tottenham Hotspur,Brentford,1,3,A,4.0,10.0,10.0,4.0,36,36,57,53,4,0,7,9,5,2,3,3,1.5833333333333333,0.8,-0.7833333333333332,1.4722222222222223,2.0,0.5277777777777777,-1.311111111111111,0.1111111111111109,-1.2,-1.311111111111111,1.311111111111111,-1.0,28,32,9,13,26,22,26,22,0,0,2,2,0.9473684210526316,0.9473684210526316,0.0,0.0,9,13,0.0,0.0,0.0350877192982456,0.0411899313501144,1.868421052631579,1,0.8,5,1.2105263157894737,1,2.0,5,1.6,2.8,-1.2,1.4,0.6,0.8,0.20000000000000018,-2.1999999999999997,-2.0
2023-05-20,2022/23,Bournemouth,Manchester United,0,1,A,6.0,7.0,6.0,4.0,36,35,39,66,-27,1,14,4,0,3,1,1,1.0833333333333333,1.2,0.1166666666666667,1.8857142857142857,1.4,-0.4857142857142857,0.6023809523809525,-0.8023809523809524,-0.1999999999999999,0.6023809523809525,0.0,0.0,46,19,27,0,8,35,8,35,0,0,2,3,0.9473684210526316,0.9210526315789472,0.0,0.0,27,0,0.0,0.9210526315789472,0.1052631578947368,0.0255847953216374,,0,1.2,5,1.5263157894736843,1,1.4,5,1.2,2.0,-0.8,1.0,0.8,0.2,0.19999999999999996,-1.2,-1.0
2023-05-20,2022/23,Fulham,Crystal Palace,2,2,D,6.0,7.0,6.0,6.0,36,36,51,43,8,0,10,12,3,0,1,1,1.4166666666666667,1.2,-0.2166666666666667,1.1944444444444444,1.4,0.2055555555555555,-0.4222222222222223,0.2222222222222223,-0.1999999999999999,-0.4222222222222223,0.4222222222222223,-1.0,34,42,15,23,20,12,20,12,0,0,2,2,0.9473684210526316,0.9473684210526316,0.0,0.0,15,23,0.0,0.0,0.0451127819548872,0.0728744939271255,,0,1.2,5,1.263157894736842,1,1.4,5,1.6,1.4,0.2,1.2,1.2,0.0,0.40000000000000013,-0.19999999999999996,0.2
2023-05-20,2022/23,Liverpool,Aston Villa,1,1,D,15.0,7.0,13.0,7.0,36,36,65,57,8,0,5,8,9,0,3,3,1.805555555555556,3.0,1.1944444444444444,1.5833333333333333,1.4,-0.1833333333333333,1.3777777777777778,0.2222222222222223,1.6,1.3777777777777778,0.0,0.0,20,28,1,9,34,26,34,26,0,0,2,2,0.9473684210526316,0.9473684210526316,0.0,0.0,1,9,0.4736842105263157,0.0,0.0270676691729323,0.0350877192982456,2.421052631578948,1,3.0,5,1.1842105263157894,1,1.4,5,2.2,0.8,1.4,0.8,0.8,0.0,1.4000000000000001,0.0,1.4
2023-05-20,2022/23,Wolverhampton Wanderers,Everton,1,1,D,6.0,5.0,12.0,6.0,36,36,40,32,8,0,13,17,9,0,3,3,1.1111111111111112,1.2,0.0888888888888888,0.8888888888888888,1.0,0.1111111111111111,-0.0222222222222223,0.2222222222222223,0.1999999999999999,-0.0222222222222223,0.0,0.0,45,53,26,34,9,1,9,1,0,0,2,2,0.9473684210526316,0.9473684210526316,0.0,0.0,26,34,0.0,0.0,0.0947368421052631,0.4736842105263157,1.3421052631578947,1,1.2,5,1.0263157894736843,1,1.0,5,0.8,2.0,-1.2,1.6,2.0,-0.4,-0.8,0.0,-0.7999999999999999
2023-05-20,2022/23,Nottingham Forest,Arsenal,1,0,H,7.0,7.0,7.0,8.0,36,36,34,81,-47,0,16,2,0,3,1,1,0.9444444444444444,1.4,0.4555555555555555,2.25,1.4,-0.8500000000000001,1.3055555555555556,-1.3055555555555556,0.0,1.3055555555555556,0.0,0.0,51,4,32,-15,3,50,3,50,0,0,2,2,0.9473684210526316,0.9473684210526316,0.0,0.1894736842105263,32,15,0.0,0.0592105263157894,0.2368421052631578,0.0185758513931888,,0,1.4,5,1.8157894736842104,1,1.4,5,2.4,2.2,0.2,1.8,2.2,-0.4,0.5999999999999999,0.0,0.6000000000000001
2023-05-21,2022/23,West Ham United,Leeds United,3,1,H,3.0,2.0,7.0,3.0,36,36,37,31,6,0,15,18,4,4,3,3,1.0277777777777777,0.6,-0.4277777777777777,0.8611111111111112,0.4,-0.4611111111111111,0.0333333333333334,0.1666666666666665,0.1999999999999999,0.0333333333333334,0.0,0.0,48,54,32,38,6,0,6,2,0,1,2,2,0.9473684210526316,0.9473684210526316,0.0,0.0,32,38,0.0,0.0,0.1353383458646616,0.3157894736842105,1.4736842105263157,1,0.6,5,1.0,1,0.4,5,1.0,2.2,-1.2,1.2,2.2,-1.0,-0.19999999999999996,0.0,-0.19999999999999996
2023-05-21,2022/23,Brighton,Southampton,3,1,H,9.0,1.0,10.0,2.0,35,36,58,24,34,-1,6,20,5,2,3,3,1.6571428571428573,1.8,0.1428571428571428,0.6666666666666666,0.2,-0.4666666666666666,0.6095238095238094,0.9904761904761906,1.6,0.6095238095238095,0.0,0.0,27,61,11,45,27,-7,27,9,0,1,3,2,0.9210526315789472,0.9473684210526316,0.0,0.0,11,45,0.0,0.0,0.0328947368421052,0.0947368421052631,1.3421052631578947,1,1.8,5,1.0526315789473684,1,0.2,5,2.4,1.8,0.6,1.4,2.6,-1.2,1.0,0.8,1.7999999999999998
2023-05-21,2022/23,Manchester City,Chelsea,1,0,H,15.0,4.0,15.0,6.0,35,35,85,43,42,0,1,12,9,0,3,3,2.4285714285714284,3.0,0.5714285714285716,1.2285714285714286,0.8,-0.4285714285714286,1.0000000000000002,1.1999999999999995,2.2,1.0000000000000004,0.0,0.0,0,42,-16,26,54,12,54,12,0,0,3,3,0.9210526315789472,0.9210526315789472,0.9210526315789472,0.0,16,26,0.0541795665634674,0.0,0.0167464114832535,0.0708502024291498,2.4473684210526314,1,3.0,5,1.947368421052632,1,0.8,5,2.8,0.6,2.2,1.4,2.0,-0.6,1.4,1.4,2.8000000000000003
2023-05-22,2022/23,Newcastle United,Leicester City,0,0,D,10.0,5.0,12.0,2.0,36,36,69,30,39,0,3,19,6,3,3,3,1.9166666666666667,2.0,0.0833333333333332,0.8333333333333334,1.0,0.1666666666666666,-0.0833333333333333,1.0833333333333337,1.0,-0.0833333333333334,0.0,0.0,19,58,0,39,38,-1,38,3,0,1,2,2,0.9473684210526316,0.9473684210526316,0.0,0.0,0,39,0.9473684210526316,0.0,0.0242914979757085,0.2368421052631578,1.2894736842105263,1,2.0,5,1.368421052631579,1,1.0,5,2.6,1.4,1.2,1.6,2.4,-0.8,1.0,1.0,2.0
2023-05-24,2022/23,Brighton,Manchester City,1,1,D,9.0,15.0,10.0,15.0,36,36,61,88,-27,0,6,1,0,9,3,3,1.6944444444444444,1.8,0.1055555555555556,2.4444444444444446,3.0,0.5555555555555554,-0.4499999999999997,-0.7500000000000002,-1.2,-0.4499999999999997,0.0,0.0,27,0,8,-19,30,57,30,57,0,0,2,2,0.9473684210526316,0.9473684210526316,0.0,0.9473684210526316,8,19,0.0,0.0473684210526315,0.030560271646859,0.0163339382940108,1.3421052631578947,1,1.8,5,2.4473684210526314,1,3.0,5,1.8,2.0,-0.2,2.2,0.4,1.8,-0.40000000000000013,-1.6,-2.0
2023-05-25,2022/23,Manchester United,Chelsea,4,1,H,9.0,4.0,13.0,6.0,36,36,69,43,26,0,4,12,3,3,3,3,1.9166666666666667,1.8,-0.1166666666666667,1.1944444444444444,0.8,-0.3944444444444444,0.2777777777777777,0.7222222222222223,1.0,0.2777777777777777,0.0,0.0,20,46,0,26,38,12,38,12,0,0,2,2,0.9473684210526316,0.9473684210526316,0.0,0.0,0,26,0.9473684210526316,0.0,0.0242914979757085,0.0728744939271255,1.5263157894736843,1,1.8,5,1.947368421052632,1,0.8,5,0.8,0.4,0.4,1.2,1.8,-0.6,-0.3999999999999999,1.4,1.0
2023-05-28,2022/23,Brentford,Manchester City,1,0,H,12.0,13.0,8.0,13.0,37,37,56,89,-33,0,9,1,3,6,3,3,1.5135135135135136,2.4,0.8864864864864863,2.4054054054054053,2.6,0.1945945945945948,0.6918918918918915,-0.8918918918918917,-0.2000000000000001,0.6918918918918915,0.0,0.0,33,0,14,-19,25,58,25,58,0,0,1,1,0.9736842105263158,0.9736842105263158,0.0,0.9736842105263158,14,19,0.0,0.0486842105263157,0.0374493927125506,0.0165031222123104,1.2105263157894737,1,2.4,5,2.4473684210526314,1,2.6,5,1.8,0.6,1.2,2.0,0.4,1.6,-0.19999999999999996,-0.19999999999999996,-0.40000000000000013
2023-05-28,2022/23,Crystal Palace,Nottingham Forest,1,1,D,7.0,10.0,10.0,1.0,37,37,44,37,7,0,11,16,0,3,1,1,1.1891891891891893,1.4,0.2108108108108106,1.0,2.0,1.0,-0.7891891891891893,0.1891891891891892,-0.6000000000000001,-0.7891891891891893,0.7891891891891893,-1.0,45,52,26,33,13,6,13,6,0,0,1,1,0.9736842105263158,0.9736842105263158,0.0,0.0,26,33,0.0,0.0,0.0695488721804511,0.1390977443609022,1.263157894736842,1,1.4,5,,0,2.0,5,1.6,1.6,0.0,2.2,1.6,0.6,-0.6000000000000001,0.0,-0.6
2023-05-28,2022/23,Arsenal,Wolverhampton Wanderers,5,0,H,6.0,7.0,10.0,1.0,37,37,81,41,40,0,2,13,9,0,3,3,2.189189189189189,1.2,-0.9891891891891892,1.108108108108108,1.4,0.2918918918918918,-1.2810810810810809,1.081081081081081,-0.1999999999999999,-1.2810810810810809,1.2810810810810809,-1.0,8,48,-11,29,50,10,50,10,0,0,1,1,0.9736842105263158,0.9736842105263158,0.0,0.0,11,29,0.0811403508771929,0.0,0.0190918472652218,0.0885167464114832,1.8157894736842104,1,1.2,5,1.3421052631578947,1,1.4,5,1.2,1.8,-0.6,0.8,1.8,-1.0,0.3999999999999999,0.0,0.4
2023-05-28,2022/23,Chelsea,Newcastle United,1,1,D,4.0,8.0,2.0,10.0,37,37,43,70,-27,0,12,4,6,3,3,3,1.162162162162162,0.8,-0.362162162162162,1.891891891891892,1.6,-0.2918918918918918,-0.0702702702702702,-0.7297297297297298,-0.8,-0.0702702702702702,0.0,0.0,46,19,27,0,12,39,12,39,0,0,1,1,0.9736842105263158,0.9736842105263158,0.0,0.0,27,0,0.0,0.9736842105263158,0.0748987854251012,0.0243421052631578,1.947368421052632,1,0.8,5,1.2894736842105263,1,1.6,5,1.4,2.2,-0.8,1.8,1.2,0.6,-0.40000000000000013,-1.0000000000000002,-1.4
2023-05-28,2022/23,Aston Villa,Brighton,2,1,H,7.0,7.0,15.0,6.0,37,37,58,62,-4,0,7,6,9,0,3,3,1.5675675675675675,1.4,-0.1675675675675676,1.6756756756756757,1.4,-0.2756756756756757,0.1081081081081081,-0.1081081081081081,0.0,0.1081081081081081,0.0,0.0,31,27,12,8,27,31,27,31,0,0,1,1,0.9736842105263158,0.9736842105263158,0.0,0.0,12,8,0.0,0.0,0.0347744360902255,0.0304276315789473,1.1842105263157894,1,1.4,5,1.3421052631578947,1,1.4,5,0.8,0.8,0.0,1.8,2.2,-0.4,-1.0,1.4000000000000001,0.4
2023-05-28,2022/23,Everton,Bournemouth,1,0,H,5.0,6.0,4.0,9.0,37,37,33,39,-6,0,17,15,0,3,1,1,0.8918918918918919,1.0,0.1081081081081081,1.054054054054054,1.2,0.145945945945946,-0.0378378378378378,-0.162162162162162,-0.1999999999999999,-0.0378378378378378,0.0,0.0,56,50,37,31,2,8,2,8,0,0,1,1,0.9736842105263158,0.9736842105263158,0.0,0.0,37,31,0.0,0.0,0.3245614035087719,0.1081871345029239,1.0263157894736843,1,1.0,5,,0,1.2,5,1.8,2.2,-0.4,1.2,1.4,-0.2,0.6000000000000001,-0.8000000000000003,-0.2
2023-05-28,2022/23,Manchester United,Fulham,2,1,H,9.0,7.0,15.0,6.0,37,37,72,52,20,0,3,10,3,0,1,1,1.945945945945946,1.8,-0.145945945945946,1.4054054054054057,1.4,-0.0054054054054055,-0.1405405405405404,0.5405405405405406,0.4000000000000001,-0.1405405405405404,0.0,0.0,17,37,-2,18,41,21,41,21,0,0,1,1,0.9736842105263158,0.9736842105263158,0.0,0.0,2,18,0.3245614035087719,0.0,0.0231829573934837,0.0442583732057416,1.5263157894736843,1,1.8,5,,0,1.4,5,1.4,0.6,0.8,2.0,1.6,0.4,-0.6000000000000001,1.0,0.4
2023-05-28,2022/23,Southampton,Liverpool,4,4,D,0.0,13.0,1.0,10.0,37,37,24,66,-42,0,20,5,0,9,3,3,0.6486486486486487,0.0,-0.6486486486486487,1.7837837837837838,2.6,0.8162162162162163,-1.464864864864865,-1.135135135135135,-2.6,-1.464864864864865,0.0,0.0,65,23,46,4,-7,35,9,35,1,0,1,1,0.9736842105263158,0.9736842105263158,0.0,0.0,46,4,0.0,0.0,0.0973684210526315,0.0270467836257309,1.0526315789473684,1,0.0,5,2.421052631578948,1,2.6,5,1.0,2.6,-1.6,2.0,0.8,1.2,-1.0,-1.8,-2.8
2023-05-28,2022/23,Leeds United,Tottenham Hotspur,1,4,A,2.0,4.0,5.0,2.0,37,37,31,57,-26,0,19,8,0,9,3,3,0.8378378378378378,0.4,-0.4378378378378378,1.5405405405405406,0.8,-0.7405405405405405,0.3027027027027027,-0.7027027027027027,-0.4,0.3027027027027027,0.0,0.0,58,32,39,13,0,26,2,26,1,0,1,1,0.9736842105263158,0.9736842105263158,0.0,0.0,39,13,0.0,0.0,0.3245614035087719,0.0360623781676413,1.0,1,0.4,5,1.868421052631579,1,0.8,5,1.2,2.4,-1.2,1.6,2.2,-0.6,-0.40000000000000013,-0.19999999999999973,-0.6
2023-05-28,2022/23,Leicester City,West Ham United,2,1,H,3.0,6.0,4.0,6.0,37,37,31,40,-9,0,18,14,4,4,3,3,0.8378378378378378,0.6,-0.2378378378378378,1.0810810810810811,1.2,0.1189189189189188,-0.3567567567567566,-0.2432432432432433,-0.6,-0.3567567567567566,0.0,0.0,58,49,39,30,0,9,2,9,1,0,1,1,0.9736842105263158,0.9736842105263158,0.0,0.0,39,30,0.0,0.0,0.3245614035087719,0.0973684210526315,1.368421052631579,1,0.6,5,1.4736842105263157,1,1.2,5,1.2,2.2,-1.0,1.4,2.0,-0.6,-0.19999999999999996,-0.20000000000000018,-0.4
2023-08-11,2023/24,Burnley,Manchester City,0,3,A,,,,,0,0,0,0,0,0,1,1,0,6,2,2,,,,,,,,,,,,,0,0,0,0,0,0,0,0,0,0,38,38,0.0,0.0,0.0,0.0,0,0,0.0,0.0,0.0,0.0,,0,,0,2.3421052631578947,1,2.0,5,1.0,1.6,-0.6,1.4,0.6,0.8,-0.3999999999999999,-1.0,-1.4
2023-08-12,2023/24,Arsenal,Nottingham Forest,2,1,H,,,,,0,0,0,0,0,0,2,2,3,3,2,2,,,,,,,,,,,,,3,3,0,0,0,0,0,0,0,0,38,38,0.0,0.0,0.0,0.0,0,0,0.0,0.0,0.0,0.0,2.210526315789474,1,1.8,5,1.0,1,1.6,5,2.0,1.0,1.0,1.8,1.6,0.2,0.19999999999999996,0.6000000000000001,0.8
2023-08-12,2023/24,Bournemouth,West Ham United,1,1,D,,,,,0,0,0,0,0,0,2,2,0,6,2,2,,,,,,,,,,,,,3,3,0,0,0,0,0,0,0,1,38,38,0.0,0.0,0.0,0.0,0,0,0.0,0.0,0.0,0.0,1.0263157894736843,1,0.6,5,1.0526315789473684,1,1.2,5,1.0,1.6,-0.6,1.0,1.6,-0.6,0.0,0.0,0.0
2023-08-12,2023/24,Brighton,Luton Town,4,1,H,,,,,0,0,0,0,0,0,2,2,0,0,0,0,,,,,,,,,,,,,3,3,0,0,0,0,0,0,0,0,38,38,0.0,0.0,0.0,0.0,0,0,0.0,0.0,0.0,0.0,1.631578947368421,1,1.4,5,,0,,0,1.8,1.6,0.2,,,,,,
2023-08-12,2023/24,Everton,Fulham,0,1,A,,,,,0,0,0,0,0,0,2,2,1,4,2,2,,,,,,,,,,,,,3,3,0,0,0,0,0,0,0,0,38,38,0.0,0.0,0.0,0.0,0,0,0.0,0.0,0.0,0.0,0.9473684210526316,1,1.6,5,1.368421052631579,1,1.4,5,1.8,1.4,0.4,2.0,1.6,0.4,-0.19999999999999996,0.20000000000000018,0.0
2023-08-12,2023/24,Sheffield United,Crystal Palace,0,1,A,,,,,0,0,0,0,0,0,2,2,0,0,0,0,,,,,,,,,,,,,3,3,0,0,0,0,0,0,0,0,38,38,0.0,0.0,0.0,0.0,0,0,0.0,0.0,0.0,0.0,,0,,0,1.1842105263157894,1,1.6,5,,,,1.8,1.4,0.4,,,
2023-08-12,2023/24,Newcastle United,Aston Villa,5,1,H,,,,,0,0,0,0,0,0,2,2,6,6,4,4,,,,,,,,,,,,,3,3,0,0,0,0,0,0,0,0,38,38,0.0,0.0,0.0,0.0,0,0,0.0,0.0,0.0,0.0,1.868421052631579,1,1.2,5,1.605263157894737,1,1.4,5,1.4,1.2,0.2,1.0,1.0,0.0,0.3999999999999999,-0.19999999999999996,0.2
2023-08-13,2023/24,Brentford,Tottenham Hotspur,2,2,D,,,,,0,0,0,0,0,0,9,9,5,5,4,4,,,,,,,,,,,,,3,3,3,3,0,0,0,0,0,0,38,38,0.0,0.0,0.0,0.0,3,3,0.0,0.0,0.0,0.0,1.5526315789473684,1,2.4,5,1.5789473684210529,1,1.2,5,1.6,0.6,1.0,2.0,2.0,0.0,-0.3999999999999999,1.4,1.0
2023-08-13,2023/24,Chelsea,Liverpool,1,1,D,,,,,0,0,0,0,0,0,9,9,4,4,4,4,,,,,,,,,,,,,3,3,3,3,0,0,0,0,0,0,38,38,0.0,0.0,0.0,0.0,3,3,0.0,0.0,0.0,0.0,1.1578947368421053,1,1.0,5,1.763157894736842,1,2.2,5,1.4,1.8,-0.4,2.0,1.0,1.0,-0.6000000000000001,-0.8,-1.4
2023-08-14,2023/24,Manchester United,Wolverhampton Wanderers,1,0,H,,,,,0,0,0,0,0,0,13,13,9,3,4,4,,,,,,,,,,,,,3,3,3,3,0,0,0,0,0,0,38,38,0.0,0.0,0.0,0.0,3,3,0.0,0.0,0.0,0.0,1.973684210526316,1,2.4,5,1.0789473684210529,1,0.8,5,1.8,0.6,1.2,0.4,2.8,-2.4,1.4,2.1999999999999997,3.5999999999999996
2023-08-18,2023/24,Nottingham Forest,Sheffield United,2,1,H,,,,,1,1,0,0,0,0,14,15,0,0,0,0,0.0,,,0.0,,,,0.0,,,,,3,3,3,3,0,0,0,0,0,0,37,37,0.0263157894736842,0.0263157894736842,0.006578947368421,0.006578947368421,3,3,0.006578947368421,0.006578947368421,0.0263157894736842,0.0263157894736842,1.0,1,1.6,5,,0,0.0,1,1.8,1.6,0.2,0.0,1.0,-1.0,1.8,-0.6000000000000001,1.2
2023-08-19,2023/24,Fulham,Brentford,0,3,A,,,,,1,1,3,1,2,0,5,9,3,3,2,2,3.0,,,1.0,,,,2.0,,,,,0,2,0,2,3,1,3,1,0,0,37,37,0.0263157894736842,0.0263157894736842,0.0263157894736842,0.0087719298245614,0,2,0.0263157894736842,0.0087719298245614,0.006578947368421,0.0131578947368421,1.368421052631579,1,2.0,5,1.5526315789473684,1,2.0,5,2.2,1.4,0.8,1.6,0.8,0.8,0.6000000000000001,-0.5999999999999999,0.0
2023-08-19,2023/24,Tottenham Hotspur,Manchester United,2,0,H,,,,,1,1,1,3,-2,0,9,5,1,10,4,4,1.0,,,3.0,,,,-2.0,,,,,2,0,2,0,1,3,1,3,0,0,37,37,0.0263157894736842,0.0263157894736842,0.0087719298245614,0.0263157894736842,2,0,0.0087719298245614,0.0263157894736842,0.0131578947368421,0.006578947368421,1.5789473684210529,1,1.4,5,1.973684210526316,1,3.0,5,1.8,1.6,0.2,2.0,0.4,1.6,-0.19999999999999996,-1.2000000000000002,-1.4000000000000001
2023-08-19,2023/24,Liverpool,Bournemouth,3,1,H,,,,,1,1,1,1,0,0,11,11,3,3,2,2,1.0,,,1.0,,,,0.0,,,,,2,2,2,2,1,1,1,1,0,0,37,37,0.0263157894736842,0.0263157894736842,0.0087719298245614,0.0087719298245614,2,2,0.0087719298245614,0.0087719298245614,0.0131578947368421,0.0131578947368421,1.763157894736842,1,1.8,5,1.0263157894736843,1,0.2,5,2.0,1.2,0.8,0.4,1.6,-1.2,1.6,0.40000000000000013,2.0
2023-08-19,2023/24,Wolverhampton Wanderers,Brighton,1,4,A,,,,,1,1,0,3,-3,0,15,2,3,9,4,4,0.0,,,3.0,,,,-3.0,,,,,3,0,3,0,0,3,0,3,0,0,37,37,0.0263157894736842,0.0263157894736842,0.006578947368421,0.0263157894736842,3,0,0.006578947368421,0.0263157894736842,0.0263157894736842,0.006578947368421,1.0789473684210529,1,0.8,5,1.631578947368421,1,1.4,5,0.4,1.8,-1.4,2.0,1.8,0.2,-1.6,0.0,-1.5999999999999999
2023-08-19,2023/24,Manchester City,Newcastle United,1,0,H,,,,,1,1,3,3,0,0,3,1,10,1,4,4,3.0,,,3.0,,,,0.0,,,,,0,0,0,0,3,3,3,3,0,0,37,37,0.0263157894736842,0.0263157894736842,0.0263157894736842,0.0263157894736842,0,0,0.0263157894736842,0.0263157894736842,0.006578947368421,0.006578947368421,2.3421052631578947,1,2.0,5,1.868421052631579,1,1.8,5,1.6,0.4,1.2,2.4,1.0,1.4,-0.7999999999999998,0.6,-0.19999999999999996
2023-08-20,2023/24,Aston Villa,Everton,4,0,H,,,,,1,1,0,0,0,0,19,15,12,0,4,4,0.0,,,0.0,,,,0.0,,,,,6,6,4,4,0,0,0,0,1,0,37,37,0.0263157894736842,0.0263157894736842,0.0037593984962406,0.0037593984962406,4,4,0.0052631578947368,0.0052631578947368,0.0263157894736842,0.0263157894736842,1.605263157894737,1,1.4,5,0.9473684210526316,1,1.4,5,1.2,1.8,-0.6,1.4,1.2,0.2,-0.19999999999999996,-0.6000000000000001,-0.8
2023-08-20,2023/24,West Ham United,Chelsea,3,1,H,,,,,1,1,1,1,0,0,12,12,4,7,4,4,1.0,,,1.0,,,,0.0,,,,,5,5,3,3,1,1,1,1,0,0,37,37,0.0263157894736842,0.0263157894736842,0.0043859649122807,0.0043859649122807,3,3,0.006578947368421,0.006578947368421,0.0131578947368421,0.0131578947368421,1.0526315789473684,1,1.4,5,1.1578947368421053,1,0.6,5,1.2,1.2,0.0,1.0,1.8,-0.8,0.19999999999999996,0.6000000000000001,0.8
2023-08-21,2023/24,Crystal Palace,Arsenal,0,1,A,,,,,1,1,3,3,0,0,9,8,4,7,4,4,3.0,,,3.0,,,,0.0,,,,,3,3,1,1,3,3,3,3,0,0,37,37,0.0263157894736842,0.0263157894736842,0.006578947368421,0.006578947368421,1,1,0.0131578947368421,0.0131578947368421,0.006578947368421,0.006578947368421,1.1842105263157894,1,1.6,5,2.210526315789474,1,1.8,5,1.2,0.8,0.4,1.8,1.0,0.8,-0.6000000000000001,0.19999999999999996,-0.4
2023-08-25,2023/24,Chelsea,Luton Town,3,0,H,,,,,2,1,1,0,1,1,14,17,0,0,0,0,0.5,,,0.0,,,,0.5,,,,,5,6,3,4,1,0,1,0,0,0,36,37,0.0526315789473684,0.0263157894736842,0.0087719298245614,0.0037593984962406,3,4,0.0131578947368421,0.0052631578947368,0.0263157894736842,0.0263157894736842,1.1578947368421053,1,0.4,5,,0,0.0,1,0.8,2.0,-1.2,1.0,4.0,-3.0,-0.19999999999999996,2.0,1.8
2023-08-26,2023/24,Bournemouth,Tottenham Hotspur,0,2,A,,,,,2,2,1,4,-3,0,15,5,3,3,2,2,0.5,,,2.0,,,,-1.5,,,,,5,2,3,0,1,4,1,4,0,0,36,36,0.0526315789473684,0.0526315789473684,0.0087719298245614,0.0175438596491228,3,0,0.0131578947368421,0.0526315789473684,0.0263157894736842,0.0105263157894736,1.0263157894736843,1,0.2,5,1.5789473684210529,1,1.4,5,0.4,1.6,-1.2,2.0,1.6,0.4,-1.6,0.0,-1.6
2023-08-26,2023/24,Arsenal,Fulham,2,2,D,,,,,2,2,6,3,3,0,3,14,6,0,2,2,3.0,,,1.5,,,,1.5,,,,,0,3,-2,1,6,3,6,3,0,0,36,36,0.0526315789473684,0.0526315789473684,0.0526315789473684,0.0131578947368421,2,1,0.0175438596491228,0.0263157894736842,0.0075187969924812,0.0131578947368421,2.210526315789474,1,1.8,5,1.368421052631579,1,1.4,5,1.6,1.0,0.6,1.2,1.4,-0.2,0.40000000000000013,0.3999999999999999,0.8
2023-08-26,2023/24,Brentford,Crystal Palace,1,1,D,,,,,2,2,4,3,1,0,4,12,4,4,4,4,2.0,,,1.5,,,,0.5,,,,,2,3,0,1,4,3,4,3,0,0,36,36,0.0526315789473684,0.0526315789473684,0.0175438596491228,0.0131578947368421,0,1,0.0526315789473684,0.0263157894736842,0.0105263157894736,0.0131578947368421,1.5526315789473684,1,2.6,5,1.1842105263157894,1,1.6,5,2.2,0.6,1.6,1.2,0.8,0.4,1.0000000000000002,0.20000000000000007,1.2000000000000002
2023-08-26,2023/24,Everton,Wolverhampton Wanderers,0,1,A,,,,,2,2,0,0,0,0,19,18,1,10,4,4,0.0,,,0.0,,,,0.0,,,,,6,6,4,4,0,0,0,0,1,1,36,36,0.0526315789473684,0.0526315789473684,0.0075187969924812,0.0075187969924812,4,4,0.0105263157894736,0.0105263157894736,0.0526315789473684,0.0526315789473684,0.9473684210526316,1,0.8,5,1.0789473684210529,1,0.2,5,0.4,1.8,-1.4,0.4,2.6,-2.2,0.0,0.8,0.8000000000000003
2023-08-26,2023/24,Manchester United,Nottingham Forest,3,2,H,,,,,2,2,3,3,0,0,13,11,6,0,2,2,1.5,,,1.5,,,,0.0,,,,,3,3,1,1,3,3,3,3,0,0,36,36,0.0526315789473684,0.0526315789473684,0.0131578947368421,0.0131578947368421,1,1,0.0263157894736842,0.0263157894736842,0.0131578947368421,0.0131578947368421,1.973684210526316,1,2.4,5,1.0,1,1.6,5,1.6,0.8,0.8,1.4,1.2,0.2,0.20000000000000018,0.3999999999999999,0.6000000000000001
2023-08-26,2023/24,Brighton,West Ham United,1,3,A,,,,,2,2,6,4,2,0,1,5,10,1,4,4,3.0,,,2.0,,,,1.0,,,,,0,2,-2,0,6,4,6,4,0,0,36,36,0.0526315789473684,0.0526315789473684,0.0526315789473684,0.0175438596491228,2,0,0.0175438596491228,0.0526315789473684,0.0075187969924812,0.0105263157894736,1.631578947368421,1,2.0,5,1.0526315789473684,1,1.4,5,2.6,1.2,1.4,1.6,1.4,0.2,1.0,0.19999999999999996,1.2
2023-08-27,2023/24,Burnley,Aston Villa,1,3,A,,,,,1,2,0,3,-3,-1,18,13,1,4,2,2,0.0,,,1.5,,,,-1.5,,,,,7,4,6,3,0,3,0,3,1,0,37,36,0.0263157894736842,0.0526315789473684,0.0032894736842105,0.0105263157894736,6,3,0.0037593984962406,0.0131578947368421,0.0263157894736842,0.0131578947368421,,0,0.0,1,1.605263157894737,1,2.0,5,0.6,2.0,-1.4,2.0,1.6,0.4,-1.4,-0.3999999999999999,-1.7999999999999998
2023-08-27,2023/24,Sheffield United,Manchester City,1,2,A,,,,,2,2,0,6,-6,0,17,5,0,0,0,0,0.0,,,3.0,,,,-3.0,,,,,7,1,6,0,0,6,0,6,0,0,36,36,0.0526315789473684,0.0526315789473684,0.006578947368421,0.0263157894736842,6,0,0.0075187969924812,0.0526315789473684,0.0526315789473684,0.0075187969924812,,0,0.0,2,2.3421052631578947,1,2.0,5,0.5,1.5,-1.0,1.2,0.4,0.8,-0.7,-1.1,-1.8
2023-08-27,2023/24,Newcastle United,Liverpool,1,2,A,,,,,2,2,3,4,-1,0,12,8,0,12,4,4,1.5,,,2.0,,,,-0.5,,,,,4,3,3,2,3,4,3,4,0,0,36,36,0.0526315789473684,0.0526315789473684,0.0105263157894736,0.0131578947368421,3,2,0.0131578947368421,0.0175438596491228,0.0131578947368421,0.0105263157894736,1.868421052631579,1,1.6,5,1.763157894736842,1,1.8,5,2.0,0.8,1.2,2.4,1.4,1.0,-0.3999999999999999,0.5999999999999999,0.19999999999999996
2023-09-01,2023/24,Luton Town,West Ham United,1,2,A,,,,,2,3,0,7,-7,-1,19,2,0,0,0,0,0.0,,,2.333333333333333,,,,-2.333333333333333,,,,,9,2,7,0,0,7,0,7,1,0,36,35,0.0526315789473684,0.0789473684210526,0.0052631578947368,0.0263157894736842,7,0,0.006578947368421,0.0789473684210526,0.0526315789473684,0.0098684210526315,,0,0.0,2,1.0526315789473684,1,2.0,5,0.5,3.5,-3.0,2.2,1.2,1.0,-1.7000000000000002,-2.3,-4.0
2023-09-02,2023/24,Sheffield United,Everton,2,2,D,,,,,3,3,0,0,0,0,17,19,0,0,0,0,0.0,,,0.0,,,,0.0,,,,,10,10,7,7,0,0,0,0,0,1,35,35,0.0789473684210526,0.0789473684210526,0.0071770334928229,0.0071770334928229,7,7,0.0098684210526315,0.0098684210526315,0.0789473684210526,0.0789473684210526,,0,0.0,3,0.9473684210526316,1,0.8,5,0.6666666666666666,1.6666666666666667,-1.0,0.4,1.4,-1.0,0.2666666666666666,-0.26666666666666683,0.0
2023-09-02,2023/24,Brentford,Bournemouth,2,2,D,,,,,3,3,5,1,4,0,9,16,4,1,2,2,1.6666666666666667,,,0.3333333333333333,,,,1.3333333333333337,,,,,5,9,2,6,5,1,5,1,0,0,35,35,0.0789473684210526,0.0789473684210526,0.0131578947368421,0.0078947368421052,2,6,0.0263157894736842,0.0112781954887218,0.0131578947368421,0.0394736842105263,1.5526315789473684,1,2.2,5,1.0263157894736843,1,0.2,5,2.0,0.8,1.2,0.4,1.6,-1.2,1.6,0.8,2.4
2023-09-02,2023/24,Burnley,Tottenham Hotspur,2,5,A,,,,,2,3,0,7,-7,-1,18,3,3,3,2,2,0.0,,,2.333333333333333,,,,-2.333333333333333,,,,,10,3,7,0,0,7,0,7,1,0,36,35,0.0526315789473684,0.0789473684210526,0.0047846889952153,0.0197368421052631,7,0,0.006578947368421,0.0789473684210526,0.0526315789473684,0.0098684210526315,,0,0.0,2,1.5789473684210529,1,2.0,5,0.6,2.0,-1.4,2.2,1.2,1.0,-1.6,-0.8,-2.4
2023-09-02,2023/24,Chelsea,Nottingham Forest,0,1,A,,,,,3,3,4,3,1,0,10,14,2,2,2,2,1.3333333333333333,,,1.0,,,,0.3333333333333332,,,,,6,7,3,4,4,3,4,3,0,0,35,35,0.0789473684210526,0.0789473684210526,0.0112781954887218,0.0098684210526315,3,4,0.0197368421052631,0.0157894736842105,0.0157894736842105,0.0197368421052631,1.1578947368421053,1,1.0,5,1.0,1,1.4,5,1.4,1.8,-0.4,1.4,1.4,0.0,0.0,-0.40000000000000013,-0.4
2023-09-02,2023/24,Manchester City,Fulham,5,1,H,,,,,3,3,9,4,5,0,2,12,6,0,2,2,3.0,,,1.3333333333333333,,,,1.6666666666666667,,,,,1,6,-2,3,9,4,9,4,0,0,35,35,0.0789473684210526,0.0789473684210526,0.0394736842105263,0.0112781954887218,2,3,0.0263157894736842,0.0197368421052631,0.0078947368421052,0.0157894736842105,2.3421052631578947,1,2.0,5,1.368421052631579,1,1.0,5,1.4,0.6,0.8,1.2,1.8,-0.6,0.19999999999999996,1.2000000000000002,1.4
2023-09-02,2023/24,Brighton,Newcastle United,3,1,H,,,,,3,3,6,3,3,0,6,13,2,8,4,4,2.0,,,1.0,,,,1.0,,,,,4,7,1,4,6,3,6,3,0,0,35,35,0.0789473684210526,0.0789473684210526,0.0157894736842105,0.0098684210526315,1,4,0.0394736842105263,0.0157894736842105,0.0112781954887218,0.0197368421052631,1.631578947368421,1,1.4,5,1.868421052631579,1,1.0,5,2.2,1.6,0.6,1.4,1.0,0.4,0.8000000000000003,-0.6000000000000001,0.19999999999999996
2023-09-03,2023/24,Crystal Palace,Wolverhampton Wanderers,3,2,H,,,,,3,3,4,3,1,0,12,15,9,3,4,4,1.3333333333333333,,,1.0,,,,0.3333333333333332,,,,,8,9,5,6,3,2,3,2,0,0,35,35,0.0789473684210526,0.0789473684210526,0.0087719298245614,0.0078947368421052,5,6,0.0131578947368421,0.0112781954887218,0.0197368421052631,0.0263157894736842,1.1842105263157894,1,1.2,5,1.0789473684210529,1,0.8,5,1.0,1.0,0.0,0.6,2.2,-1.6,0.4,1.2000000000000002,1.6
2023-09-03,2023/24,Liverpool,Aston Villa,3,0,H,,,,,3,3,7,6,1,0,5,8,10,1,4,4,2.333333333333333,,,2.0,,,,0.3333333333333335,,,,,5,6,2,3,6,5,6,5,0,0,35,35,0.0789473684210526,0.0789473684210526,0.0131578947368421,0.0112781954887218,2,3,0.0263157894736842,0.0197368421052631,0.0112781954887218,0.0131578947368421,1.763157894736842,1,1.8,5,1.605263157894737,1,2.0,5,2.2,1.6,0.6,2.2,1.6,0.6,0.0,0.0,0.0
2023-09-03,2023/24,Arsenal,Manchester United,3,1,H,,,,,3,3,7,6,1,0,6,10,6,6,4,4,2.333333333333333,,,2.0,,,,0.3333333333333335,,,,,5,6,2,3,6,5,6,5,0,0,35,35,0.0789473684210526,0.0789473684210526,0.0131578947368421,0.0112781954887218,2,3,0.0263157894736842,0.0197368421052631,0.0112781954887218,0.0131578947368421,2.210526315789474,1,2.0,5,1.973684210526316,1,2.4,5,2.0,0.8,1.2,2.0,1.2,0.8,0.0,0.3999999999999999,0.3999999999999999
2023-09-16,2023/24,Tottenham Hotspur,Sheffield United,2,1,H,,,,,4,4,10,1,9,0,2,17,0,0,0,0,2.5,,,0.25,,,,2.25,,,,,2,11,0,9,9,0,9,0,0,0,34,34,0.1052631578947368,0.1052631578947368,0.0350877192982456,0.0087719298245614,0,9,0.1052631578947368,0.0105263157894736,0.0105263157894736,0.1052631578947368,1.5789473684210529,1,2.6,5,,0,0.25,4,3.0,1.0,2.0,1.0,1.75,-0.75,2.0,0.75,2.75
2023-09-16,2023/24,Manchester United,Brighton,1,3,A,,,,,4,4,6,9,-3,0,11,6,3,9,4,4,1.5,,,2.25,,,,-0.75,,,,,6,3,4,1,5,8,5,8,0,0,34,34,0.1052631578947368,0.1052631578947368,0.0150375939849624,0.0263157894736842,4,1,0.0210526315789473,0.0526315789473684,0.0175438596491228,0.0116959064327485,1.973684210526316,1,1.8,5,1.631578947368421,1,1.8,5,1.4,1.6,-0.2,2.6,1.6,1.0,-1.2000000000000002,0.0,-1.2
2023-09-16,2023/24,Wolverhampton Wanderers,Liverpool,1,3,A,,,,,4,4,3,10,-7,0,15,3,3,9,4,4,0.75,,,2.5,,,,-1.75,,,,,9,2,7,0,2,9,2,9,0,0,34,34,0.1052631578947368,0.1052631578947368,0.0105263157894736,0.0350877192982456,7,0,0.0131578947368421,0.1052631578947368,0.0350877192982456,0.0105263157894736,1.0789473684210529,1,0.6,5,1.763157894736842,1,2.2,5,0.8,2.6,-1.8,2.6,1.4,1.2,-1.8,-1.2000000000000002,-3.0
2023-09-16,2023/24,West Ham United,Manchester City,1,3,A,,,,,4,4,10,12,-2,0,4,1,1,10,4,4,2.5,,,3.0,,,,-0.5,,,,,2,0,0,-2,9,11,9,11,0,0,34,34,0.1052631578947368,0.1052631578947368,0.0350877192982456,0.1052631578947368,0,2,0.1052631578947368,0.0350877192982456,0.0105263157894736,0.0087719298245614,1.0526315789473684,1,2.0,5,2.3421052631578947,1,2.4,5,2.0,1.2,0.8,2.2,0.6,1.6,-0.20000000000000018,-0.6,-0.8
2023-09-16,2023/24,Newcastle United,Brentford,1,0,H,,,,,4,4,3,6,-3,0,14,8,10,1,4,4,0.75,,,1.5,,,,-0.75,,,,,9,6,7,4,2,5,2,5,0,0,34,34,0.1052631578947368,0.1052631578947368,0.0105263157894736,0.0150375939849624,7,4,0.0131578947368421,0.0210526315789473,0.0350877192982456,0.0175438596491228,1.868421052631579,1,0.8,5,1.5526315789473684,1,1.8,5,1.6,1.6,0.0,1.8,1.0,0.8,-0.19999999999999996,-0.6000000000000001,-0.8
2023-09-16,2023/24,Fulham,Luton Town,1,0,H,,,,,4,3,4,0,4,1,13,19,0,0,0,0,1.0,,,0.0,,,,1.0,,,,,8,12,6,10,3,-1,3,1,0,1,34,35,0.1052631578947368,0.0789473684210526,0.0116959064327485,0.0060728744939271,6,10,0.0150375939849624,0.0071770334928229,0.0263157894736842,0.0394736842105263,1.368421052631579,1,0.8,5,,0,0.0,3,1.0,2.4,-1.4,0.6666666666666666,3.0,-2.3333333333333335,0.33333333333333337,0.6000000000000001,0.9333333333333336
2023-09-16,2023/24,Aston Villa,Crystal Palace,3,1,H,,,,,4,4,6,7,-1,0,10,7,7,4,4,4,1.5,,,1.75,,,,-0.25,,,,,6,5,4,3,5,6,5,6,0,0,34,34,0.1052631578947368,0.1052631578947368,0.0150375939849624,0.0175438596491228,4,3,0.0210526315789473,0.0263157894736842,0.0175438596491228,0.0150375939849624,1.605263157894737,1,1.8,5,1.1842105263157894,1,1.6,5,2.0,2.0,0.0,1.2,1.0,0.2,0.8,-1.0,-0.2
2023-09-17,2023/24,Bournemouth,Chelsea,0,0,D,,,,,4,4,2,4,-2,0,16,14,0,6,2,2,0.5,,,1.0,,,,-0.5,,,,,13,11,10,8,1,3,1,3,0,0,34,34,0.1052631578947368,0.1052631578947368,0.0075187969924812,0.0087719298245614,10,8,0.0095693779904306,0.0116959064327485,0.0526315789473684,0.0263157894736842,1.0263157894736843,1,0.4,5,1.1578947368421053,1,1.0,5,0.8,1.8,-1.0,1.2,1.2,0.0,-0.3999999999999999,-0.6000000000000001,-1.0
2023-09-17,2023/24,Everton,Arsenal,0,1,A,,,,,4,4,1,10,-9,0,18,5,6,6,4,4,0.25,,,2.5,,,,-2.25,,,,,14,5,11,2,0,9,0,9,1,0,34,34,0.1052631578947368,0.1052631578947368,0.0070175438596491,0.0175438596491228,11,2,0.0087719298245614,0.0350877192982456,0.1052631578947368,0.0105263157894736,0.9473684210526316,1,0.8,5,2.210526315789474,1,2.6,5,0.6,1.6,-1.0,2.6,0.8,1.8,-2.0,-0.8,-2.8
2023-09-18,2023/24,Nottingham Forest,Burnley,1,1,D,,,,,4,3,6,0,6,1,12,19,0,0,0,0,1.5,,,0.0,,,,1.5,,,,,9,15,7,13,5,-1,5,1,0,1,34,35,0.1052631578947368,0.0789473684210526,0.0105263157894736,0.0049342105263157,7,13,0.0131578947368421,0.0056390977443609,0.0175438596491228,0.0394736842105263,1.0,1,1.4,5,,0,0.0,3,1.4,1.4,0.0,1.0,2.8,-1.8,0.3999999999999999,1.4,1.8
2023-09-23,2023/24,Crystal Palace,Fulham,0,0,D,7.0,7.0,,,5,5,7,7,0,0,9,10,1,4,2,2,1.4,1.4,0.0,1.4,1.4,0.0,0.0,0.0,0.0,0.0,0.0,0.0,8,8,6,6,6,6,6,6,0,0,33,33,0.131578947368421,0.131578947368421,0.0146198830409356,0.0146198830409356,6,6,0.018796992481203,0.018796992481203,0.018796992481203,0.018796992481203,1.1842105263157894,1,1.4,5,1.368421052631579,1,1.4,5,1.2,1.4,-0.2,1.0,2.0,-1.0,0.19999999999999996,0.6000000000000001,0.8
2023-09-23,2023/24,Luton Town,Wolverhampton Wanderers,1,1,D,,3.0,,,4,5,0,3,-3,-1,20,16,0,0,0,0,0.0,,,0.6,0.6,0.0,,-0.6,,,,,15,12,13,10,-1,2,1,2,1,0,34,33,0.1052631578947368,0.131578947368421,0.006578947368421,0.0101214574898785,13,10,0.0075187969924812,0.0119617224880382,0.0526315789473684,0.043859649122807,,0,0.0,4,1.0789473684210529,1,0.6,5,0.5,2.5,-2.0,1.0,2.2,-1.2,-0.5,-0.2999999999999998,-0.8
2023-09-23,2023/24,Manchester City,Nottingham Forest,2,0,H,15.0,7.0,,,5,5,15,7,8,0,1,8,4,1,2,2,3.0,3.0,0.0,1.4,1.4,0.0,0.0,1.6,1.6,0.0,0.0,0.0,0,8,-2,6,14,6,14,6,0,0,33,33,0.131578947368421,0.131578947368421,0.131578947368421,0.0146198830409356,2,6,0.043859649122807,0.018796992481203,0.0087719298245614,0.018796992481203,2.3421052631578947,1,3.0,5,1.0,1,1.4,5,2.8,0.6,2.2,1.4,1.4,0.0,1.4,0.7999999999999999,2.2
2023-09-23,2023/24,Brentford,Everton,1,3,A,6.0,1.0,,,5,5,6,1,5,0,11,18,7,4,4,4,1.2,1.2,0.0,0.2,0.2,0.0,0.0,1.0,1.0,0.0,0.0,0.0,9,14,7,12,5,0,5,0,0,1,33,33,0.131578947368421,0.131578947368421,0.0131578947368421,0.0087719298245614,7,12,0.0164473684210526,0.0101214574898785,0.0219298245614035,0.131578947368421,1.5526315789473684,1,1.2,5,0.9473684210526316,1,0.2,5,1.6,1.2,0.4,0.4,1.8,-1.4,1.2000000000000002,0.6000000000000001,1.7999999999999998
2023-09-23,2023/24,Burnley,Manchester United,0,1,A,,6.0,,,4,5,1,6,-5,-1,19,13,1,4,2,2,0.25,,,1.2,1.2,0.0,,-0.95,,,,,14,9,12,7,0,5,0,5,1,0,34,33,0.1052631578947368,0.131578947368421,0.0070175438596491,0.0131578947368421,12,7,0.0080971659919028,0.0164473684210526,0.1052631578947368,0.0219298245614035,,0,0.25,4,1.973684210526316,1,1.2,5,1.0,2.8,-1.8,1.2,2.0,-0.8,-0.19999999999999996,-0.7999999999999998,-1.0
2023-09-24,2023/24,Sheffield United,Newcastle United,0,8,A,1.0,6.0,,,5,5,1,6,-5,0,18,12,0,0,0,0,0.2,0.2,0.0,1.2,1.2,0.0,0.0,-1.0,-1.0,0.0,0.0,0.0,17,12,12,7,0,5,2,5,1,0,33,33,0.131578947368421,0.131578947368421,0.0073099415204678,0.0101214574898785,12,7,0.0101214574898785,0.0164473684210526,0.043859649122807,0.0219298245614035,,0,0.2,5,1.868421052631579,1,1.2,5,1.0,1.8,-0.8,1.6,1.4,0.2,-0.6000000000000001,-0.40000000000000013,-1.0
2023-09-24,2023/24,Liverpool,West Ham United,3,1,H,13.0,10.0,,,5,5,13,10,3,0,3,6,9,3,4,4,2.6,2.6,0.0,2.0,2.0,0.0,0.0,0.6000000000000001,0.6000000000000001,0.0,0.0,0.0,5,8,0,3,12,9,12,9,0,0,33,33,0.131578947368421,0.131578947368421,0.0219298245614035,0.0146198830409356,0,3,0.131578947368421,0.0328947368421052,0.0101214574898785,0.0131578947368421,1.763157894736842,1,2.6,5,1.0526315789473684,1,2.0,5,2.4,0.8,1.6,2.0,1.4,0.6,0.3999999999999999,0.5999999999999999,1.0
2023-09-24,2023/24,Arsenal,Tottenham Hotspur,2,2,D,13.0,13.0,,,5,5,13,13,0,0,4,2,9,3,4,4,2.6,2.6,0.0,2.6,2.6,0.0,0.0,0.0,0.0,0.0,0.0,0.0,5,5,0,0,12,12,12,12,0,0,33,33,0.131578947368421,0.131578947368421,0.0219298245614035,0.0219298245614035,0,0,0.131578947368421,0.131578947368421,0.0101214574898785,0.0101214574898785,2.210526315789474,1,2.6,5,1.5789473684210529,1,2.6,5,1.8,0.8,1.0,2.6,1.0,1.6,-0.8,0.19999999999999996,-0.6000000000000001
2023-09-24,2023/24,Chelsea,Aston Villa,0,1,A,5.0,9.0,,,5,5,5,9,-4,0,14,7,9,3,4,4,1.0,1.0,0.0,1.8,1.8,0.0,0.0,-0.8,-0.8,0.0,0.0,0.0,13,9,8,4,4,8,4,8,0,0,33,33,0.131578947368421,0.131578947368421,0.0093984962406015,0.0131578947368421,8,4,0.0146198830409356,0.0263157894736842,0.0263157894736842,0.0146198830409356,1.1578947368421053,1,1.0,5,1.605263157894737,1,1.8,5,1.0,1.0,0.0,2.2,2.0,0.2,-1.2000000000000002,1.0,-0.2
2023-09-24,2023/24,Brighton,Bournemouth,3,1,H,12.0,3.0,,,5,5,12,3,9,0,5,17,6,0,2,2,2.4,2.4,0.0,0.6,0.6,0.0,0.0,1.7999999999999998,1.7999999999999998,0.0,0.0,0.0,6,15,1,10,11,2,11,2,0,0,33,33,0.131578947368421,0.131578947368421,0.018796992481203,0.0082236842105263,1,10,0.0657894736842105,0.0119617224880382,0.0109649122807017,0.043859649122807,1.631578947368421,1,2.4,5,1.0263157894736843,1,0.6,5,3.0,1.4,1.6,0.8,1.6,-0.8,2.2,0.20000000000000018,2.4000000000000004
2023-09-30,2023/24,Aston Villa,Brighton,6,1,H,12.0,12.0,,,6,6,12,15,-3,0,6,3,12,0,4,4,2.0,2.4,0.3999999999999999,2.5,2.4,-0.1,0.5,-0.5,0.0,0.5,0.0,0.0,6,3,2,-1,11,14,11,14,0,0,32,32,0.1578947368421052,0.1578947368421052,0.0225563909774436,0.0394736842105263,2,1,0.0526315789473684,0.0789473684210526,0.0131578947368421,0.0105263157894736,1.605263157894737,1,2.4,5,1.631578947368421,1,2.4,5,2.2,1.0,1.2,2.8,1.4,1.4,-0.5999999999999996,0.3999999999999999,-0.19999999999999996
2023-09-30,2023/24,Bournemouth,Arsenal,0,4,A,2.0,11.0,,,6,6,3,14,-11,0,17,5,0,6,2,2,0.5,0.4,-0.0999999999999999,2.333333333333333,2.2,-0.1333333333333333,0.0333333333333333,-1.8333333333333333,-1.8000000000000005,0.0333333333333332,0.0,0.0,15,4,11,0,2,13,2,13,0,0,32,32,0.1578947368421052,0.1578947368421052,0.0098684210526315,0.031578947368421,11,0,0.0131578947368421,0.1578947368421052,0.0526315789473684,0.0112781954887218,1.0263157894736843,1,0.4,5,2.210526315789474,1,2.2,5,0.8,2.0,-1.2,1.8,1.0,0.8,-1.0,-1.0,-2.0
2023-09-30,2023/24,Everton,Luton Town,1,2,A,4.0,1.0,,,6,5,4,1,3,1,15,18,0,0,0,0,0.6666666666666666,0.8,0.1333333333333334,0.2,0.2,0.0,0.1333333333333334,0.4666666666666666,0.6000000000000001,0.1333333333333334,0.0,0.0,14,17,10,13,3,0,3,2,0,1,32,33,0.1578947368421052,0.131578947368421,0.0105263157894736,0.0073099415204678,10,13,0.0143540669856459,0.0093984962406015,0.0394736842105263,0.043859649122807,0.9473684210526316,1,0.8,5,,0,0.2,5,1.0,1.8,-0.8,0.6,2.2,-1.6,0.4,0.40000000000000013,0.8
2023-09-30,2023/24,Manchester United,Crystal Palace,0,1,A,6.0,5.0,,,6,6,9,8,1,0,9,10,7,4,4,4,1.5,1.2,-0.3,1.3333333333333333,1.0,-0.3333333333333332,0.0333333333333332,0.1666666666666667,0.1999999999999999,0.0333333333333332,0.0,0.0,9,10,5,6,8,7,8,7,0,0,32,32,0.1578947368421052,0.1578947368421052,0.0157894736842105,0.0143540669856459,5,6,0.0263157894736842,0.0225563909774436,0.0175438596491228,0.0197368421052631,1.973684210526316,1,1.2,5,1.1842105263157894,1,1.0,5,1.2,2.0,-0.8,1.0,1.4,-0.4,0.19999999999999996,-0.6000000000000001,-0.4
2023-09-30,2023/24,Newcastle United,Burnley,2,0,H,6.0,1.0,,,6,5,9,1,8,1,8,19,6,0,2,2,1.5,1.2,-0.3,0.2,0.2,0.0,-0.3,1.3,1.0,-0.3,0.0,0.0,9,17,5,13,8,0,8,2,0,1,32,33,0.1578947368421052,0.131578947368421,0.0157894736842105,0.0073099415204678,5,13,0.0263157894736842,0.0093984962406015,0.0175438596491228,0.043859649122807,1.868421052631579,1,1.2,5,,0,0.2,5,2.2,1.2,1.0,0.8,2.6,-1.8,1.4000000000000001,1.4000000000000001,2.8
2023-09-30,2023/24,West Ham United,Sheffield United,2,0,H,9.0,1.0,,,6,6,10,1,9,0,7,20,0,0,0,0,1.6666666666666667,1.8,0.1333333333333333,0.1666666666666666,0.2,0.0333333333333333,0.0999999999999999,1.5,1.6,0.1,0.0,0.0,8,17,4,13,9,0,9,2,0,1,32,32,0.1578947368421052,0.1578947368421052,0.0175438596491228,0.0087719298245614,4,13,0.031578947368421,0.0112781954887218,0.0157894736842105,0.0526315789473684,1.0526315789473684,1,1.8,5,,0,0.2,5,2.0,1.8,0.2,1.0,3.2,-2.2,1.0,1.4000000000000001,2.4000000000000004
2023-09-30,2023/24,Wolverhampton Wanderers,Manchester City,2,1,H,4.0,15.0,,,6,6,4,18,-14,0,16,1,0,12,4,4,0.6666666666666666,0.8,0.1333333333333334,3.0,3.0,0.0,0.1333333333333334,-2.333333333333333,-2.2,0.1333333333333333,0.0,0.0,14,0,10,-4,3,17,3,17,0,0,32,32,0.1578947368421052,0.1578947368421052,0.0105263157894736,0.1578947368421052,10,4,0.0143540669856459,0.031578947368421,0.0394736842105263,0.0087719298245614,1.0789473684210529,1,0.8,5,2.3421052631578947,1,3.0,5,1.2,2.2,-1.0,2.6,0.6,2.0,-1.4000000000000001,-1.6,-3.0
2023-09-30,2023/24,Tottenham Hotspur,Liverpool,2,1,H,13.0,15.0,,,6,6,14,16,-2,0,4,2,2,8,4,4,2.333333333333333,2.6,0.2666666666666666,2.6666666666666665,3.0,0.3333333333333335,-0.0666666666666668,-0.333333333333333,-0.3999999999999999,-0.0666666666666668,0.0,0.0,4,2,0,-2,13,15,13,15,0,0,32,32,0.1578947368421052,0.1578947368421052,0.031578947368421,0.0526315789473684,0,2,0.1578947368421052,0.0526315789473684,0.0112781954887218,0.0098684210526315,1.5789473684210529,1,2.6,5,1.763157894736842,1,3.0,5,2.6,1.0,1.6,2.8,0.8,2.0,-0.19999999999999973,-0.19999999999999996,-0.3999999999999999
2023-10-01,2023/24,Nottingham Forest,Brentford,1,1,D,7.0,5.0,,,6,6,7,6,1,0,12,14,1,4,2,2,1.1666666666666667,1.4,0.2333333333333331,1.0,1.0,0.0,0.2333333333333331,0.1666666666666667,0.3999999999999999,0.2333333333333331,0.0,0.0,11,12,9,10,4,3,4,3,0,0,32,32,0.1578947368421052,0.1578947368421052,0.0131578947368421,0.0121457489878542,9,10,0.0157894736842105,0.0143540669856459,0.031578947368421,0.0394736842105263,1.0,1,1.4,5,1.5526315789473684,1,1.0,5,1.2,1.4,-0.2,1.4,1.4,0.0,-0.19999999999999996,0.0,-0.2
2023-10-02,2023/24,Fulham,Chelsea,0,2,A,5.0,4.0,,,6,6,8,5,3,0,12,15,4,1,2,2,1.3333333333333333,1.0,-0.3333333333333332,0.8333333333333334,0.8,-0.0333333333333333,-0.2999999999999999,0.4999999999999999,0.1999999999999999,-0.2999999999999999,0.0,0.0,10,13,8,11,5,2,5,2,0,0,32,32,0.1578947368421052,0.1578947368421052,0.0143540669856459,0.0112781954887218,8,11,0.0175438596491228,0.0131578947368421,0.0263157894736842,0.0526315789473684,1.368421052631579,1,1.0,5,1.1578947368421053,1,0.8,5,0.8,2.0,-1.2,0.8,1.0,-0.2,0.0,-1.0,-1.0
2023-10-03,2023/24,Luton Town,Burnley,1,2,A,4.0,1.0,,,6,6,4,1,3,0,17,19,0,0,0,0,0.6666666666666666,0.8,0.1333333333333334,0.1666666666666666,0.2,0.0333333333333333,0.1,0.5,0.6000000000000001,0.1,0.0,0.0,14,17,12,15,1,-2,1,3,0,1,32,32,0.1578947368421052,0.1578947368421052,0.0105263157894736,0.0087719298245614,12,15,0.0121457489878542,0.0098684210526315,0.0789473684210526,0.0394736842105263,,0,0.8,5,,0,0.2,5,0.8,1.6,-0.8,0.8,2.4,-1.6,0.0,0.7999999999999998,0.8
2023-10-07,2023/24,Everton,Bournemouth,3,0,H,4.0,2.0,,,7,7,4,3,1,0,16,19,3,3,2,2,0.5714285714285714,0.8,0.2285714285714286,0.4285714285714285,0.4,-0.0285714285714285,0.2571428571428572,0.1428571428571428,0.4,0.2571428571428572,0.0,0.0,14,15,12,13,0,-1,0,1,0,1,31,31,0.1842105263157894,0.1842105263157894,0.0122807017543859,0.0115131578947368,12,13,0.0141700404858299,0.0131578947368421,0.1842105263157894,0.0921052631578947,0.9473684210526316,1,0.8,5,1.0263157894736843,1,0.4,5,1.2,1.4,-0.2,0.6,2.2,-1.6,0.6,0.8000000000000003,1.4000000000000001
2023-10-07,2023/24,Luton Town,Tottenham Hotspur,0,1,A,4.0,13.0,,,7,7,4,17,-13,0,17,2,0,0,0,0,0.5714285714285714,0.8,0.2285714285714286,2.4285714285714284,2.6,0.1714285714285717,0.0571428571428569,-1.857142857142857,-1.8,0.0571428571428569,0.0,0.0,14,1,12,-1,0,13,0,13,0,0,31,31,0.1842105263157894,0.1842105263157894,0.0122807017543859,0.0921052631578947,12,1,0.0141700404858299,0.0921052631578947,0.1842105263157894,0.0131578947368421,,0,0.8,5,1.5789473684210529,1,2.6,5,1.0,1.4,-0.4,2.6,1.2,1.4,-1.6,-0.19999999999999996,-1.7999999999999998
2023-10-07,2023/24,Burnley,Chelsea,1,4,A,4.0,7.0,,,7,7,4,8,-4,0,18,11,1,4,2,2,0.5714285714285714,0.8,0.2285714285714286,1.1428571428571428,1.4,0.2571428571428571,-0.0285714285714284,-0.5714285714285714,-0.5999999999999999,-0.0285714285714284,0.0,0.0,14,10,12,8,0,4,0,4,1,0,31,31,0.1842105263157894,0.1842105263157894,0.0122807017543859,0.0167464114832535,12,8,0.0141700404858299,0.0204678362573099,0.1842105263157894,0.0368421052631578,,0,0.8,5,1.1578947368421053,1,1.4,5,1.0,2.0,-1.0,1.0,0.4,0.6,0.0,-1.6,-1.6
2023-10-07,2023/24,Crystal Palace,Nottingham Forest,0,0,D,8.0,5.0,,,7,7,11,8,3,0,9,12,1,4,2,2,1.5714285714285714,1.6,0.0285714285714286,1.1428571428571428,1.0,-0.1428571428571428,0.1714285714285714,0.4285714285714286,0.6000000000000001,0.1714285714285714,0.0,0.0,7,10,5,8,7,4,7,4,0,0,31,31,0.1842105263157894,0.1842105263157894,0.0230263157894736,0.0167464114832535,5,8,0.0307017543859649,0.0204678362573099,0.0230263157894736,0.0368421052631578,1.1842105263157894,1,1.6,5,1.0,1,1.0,5,1.2,1.2,0.0,1.0,1.4,-0.4,0.19999999999999996,0.19999999999999996,0.4
2023-10-07,2023/24,Fulham,Sheffield United,3,1,H,5.0,1.0,,,7,7,8,1,7,0,13,20,0,0,0,0,1.1428571428571428,1.0,-0.1428571428571428,0.1428571428571428,0.2,0.0571428571428571,-0.1999999999999999,1.0,0.8,-0.1999999999999999,0.0,0.0,10,17,8,15,4,-3,4,3,0,1,31,31,0.1842105263157894,0.1842105263157894,0.0167464114832535,0.0102339181286549,8,15,0.0204678362573099,0.0115131578947368,0.0368421052631578,0.0460526315789473,1.368421052631579,1,1.0,5,,0,0.2,5,0.8,1.8,-1.0,0.8,3.2,-2.4,0.0,1.4000000000000001,1.4
2023-10-07,2023/24,Manchester United,Brentford,2,1,H,6.0,3.0,,,7,7,9,7,2,0,10,14,9,3,4,4,1.2857142857142858,1.2,-0.0857142857142858,1.0,0.6,-0.4,0.3142857142857141,0.2857142857142858,0.6,0.3142857142857141,0.0,0.0,9,11,7,9,5,3,5,3,0,0,31,31,0.1842105263157894,0.1842105263157894,0.0184210526315789,0.0153508771929824,7,9,0.0230263157894736,0.0184210526315789,0.0307017543859649,0.0460526315789473,1.973684210526316,1,1.2,5,1.5526315789473684,1,0.6,5,1.2,1.8,-0.6,1.0,1.6,-0.6,0.19999999999999996,-0.19999999999999996,0.0
2023-10-08,2023/24,Brighton,Liverpool,2,2,D,9.0,12.0,,,7,7,15,16,-1,0,6,4,5,5,4,4,2.142857142857143,1.8,-0.3428571428571427,2.2857142857142856,2.4,0.1142857142857143,-0.4571428571428571,-0.1428571428571428,-0.5999999999999999,-0.4571428571428571,0.0,0.0,5,4,1,0,11,12,11,12,0,0,31,31,0.1842105263157894,0.1842105263157894,0.0307017543859649,0.0368421052631578,1,0,0.0921052631578947,0.1842105263157894,0.0153508771929824,0.0141700404858299,1.631578947368421,1,1.8,5,1.763157894736842,1,2.4,5,2.2,2.4,-0.2,2.4,1.0,1.4,-0.19999999999999973,-1.4,-1.5999999999999999
2023-10-08,2023/24,West Ham United,Newcastle United,2,2,D,9.0,9.0,,,7,7,13,12,1,0,7,8,5,5,4,4,1.8571428571428568,1.8,-0.0571428571428571,1.7142857142857142,1.8,0.0857142857142858,-0.142857142857143,0.142857142857143,0.0,-0.142857142857143,0.0,0.0,7,8,3,4,9,8,9,8,0,0,31,31,0.1842105263157894,0.1842105263157894,0.0230263157894736,0.0204678362573099,3,4,0.0460526315789473,0.0368421052631578,0.0184210526315789,0.0204678362573099,1.0526315789473684,1,1.8,5,1.868421052631579,1,1.8,5,1.8,1.6,0.2,2.6,1.0,1.6,-0.8,-0.6000000000000001,-1.4000000000000001
2023-10-08,2023/24,Wolverhampton Wanderers,Aston Villa,1,1,D,7.0,12.0,,,7,7,7,15,-8,0,16,5,10,1,4,4,1.0,1.4,0.3999999999999999,2.142857142857143,2.4,0.2571428571428571,0.1428571428571428,-1.1428571428571428,-1.0,0.1428571428571428,0.0,0.0,13,5,9,1,3,11,3,11,0,0,31,31,0.1842105263157894,0.1842105263157894,0.0131578947368421,0.0307017543859649,9,1,0.0184210526315789,0.0921052631578947,0.0460526315789473,0.0153508771929824,1.0789473684210529,1,1.4,5,1.605263157894737,1,2.4,5,1.4,1.6,-0.2,2.6,1.2,1.4,-1.2000000000000002,-0.40000000000000013,-1.5999999999999999
2023-10-08,2023/24,Arsenal,Manchester City,1,0,H,11.0,12.0,,,7,7,17,18,-1,0,3,2,0,12,4,4,2.4285714285714284,2.2,-0.2285714285714282,2.571428571428572,2.4,-0.1714285714285717,-0.0571428571428564,-0.1428571428571432,-0.1999999999999997,-0.0571428571428564,0.0,0.0,3,2,-1,-2,13,14,13,14,0,0,31,31,0.1842105263157894,0.1842105263157894,0.0460526315789473,0.0614035087719298,1,2,0.0921052631578947,0.0614035087719298,0.0131578947368421,0.0122807017543859,2.210526315789474,1,2.2,5,2.3421052631578947,1,2.4,5,2.4,1.0,1.4,2.6,1.0,1.6,-0.20000000000000018,0.0,-0.20000000000000018
2023-10-21,2023/24,Liverpool,Everton,2,0,H,10.0,7.0,,,8,8,17,7,10,0,4,16,10,1,4,4,2.125,2.0,-0.125,0.875,1.4,0.5249999999999999,-0.6499999999999999,1.25,0.6000000000000001,-0.6499999999999999,0.0,0.0,3,13,0,10,13,3,13,3,0,0,30,30,0.2105263157894736,0.2105263157894736,0.0526315789473684,0.0150375939849624,0,10,0.2105263157894736,0.0191387559808612,0.0150375939849624,0.0526315789473684,1.763157894736842,1,2.0,5,0.9473684210526316,1,1.4,5,2.4,1.2,1.2,1.8,1.2,0.6,0.5999999999999999,0.0,0.6
2023-10-21,2023/24,Bournemouth,Wolverhampton Wanderers,1,2,A,2.0,5.0,,,8,8,3,8,-5,0,19,14,4,1,2,2,0.375,0.4,0.025,1.0,1.0,0.0,0.025,-0.625,-0.6,0.025,0.0,0.0,17,12,14,9,-1,4,1,4,1,0,30,30,0.2105263157894736,0.2105263157894736,0.0116959064327485,0.0161943319838056,14,9,0.0140350877192982,0.0210526315789473,0.1052631578947368,0.0421052631578947,1.0263157894736843,1,0.4,5,1.0789473684210529,1,1.0,5,0.6,2.4,-1.8,1.4,1.8,-0.4,-0.7999999999999999,-0.5999999999999999,-1.4
2023-10-21,2023/24,Brentford,Burnley,3,0,H,2.0,4.0,,,8,8,7,4,3,0,15,18,3,3,2,2,0.875,0.4,-0.475,0.5,0.8,0.3,-0.775,0.375,-0.4,-0.775,0.775,-1.0,13,16,10,13,3,0,3,0,0,1,30,30,0.2105263157894736,0.2105263157894736,0.0150375939849624,0.0123839009287925,10,13,0.0191387559808612,0.0150375939849624,0.0526315789473684,0.2105263157894736,1.5526315789473684,1,0.4,5,,0,0.8,5,1.0,1.8,-0.8,0.8,1.8,-1.0,0.19999999999999996,0.0,0.19999999999999996
2023-10-21,2023/24,Manchester City,Brighton,2,1,H,9.0,10.0,,,8,8,18,16,2,0,3,6,10,1,4,4,2.25,1.8,-0.4499999999999999,2.0,2.0,0.0,-0.4499999999999999,0.25,-0.1999999999999999,-0.4499999999999999,0.4499999999999999,-1.0,2,4,-1,1,14,12,14,12,0,0,30,30,0.2105263157894736,0.2105263157894736,0.0701754385964912,0.0421052631578947,1,1,0.1052631578947368,0.1052631578947368,0.0140350877192982,0.0161943319838056,2.3421052631578947,1,1.8,5,1.631578947368421,1,2.0,5,2.2,1.0,1.2,2.4,2.2,0.2,-0.19999999999999973,1.2000000000000002,1.0
2023-10-21,2023/24,Newcastle United,Crystal Palace,4,0,H,10.0,8.0,,,8,8,13,12,1,0,8,9,6,3,4,4,1.625,2.0,0.375,1.5,1.6,0.1,0.2749999999999999,0.125,0.3999999999999999,0.2749999999999999,0.0,0.0,7,8,4,5,9,8,9,8,0,0,30,30,0.2105263157894736,0.2105263157894736,0.0263157894736842,0.023391812865497,4,5,0.0421052631578947,0.0350877192982456,0.0210526315789473,0.023391812865497,1.868421052631579,1,2.0,5,1.1842105263157894,1,1.6,5,2.8,1.0,1.8,1.0,1.0,0.0,1.7999999999999998,0.0,1.8
2023-10-21,2023/24,Nottingham Forest,Luton Town,2,2,D,6.0,4.0,,,8,8,9,4,5,0,13,17,0,0,0,0,1.125,1.2,0.0749999999999999,0.5,0.8,0.3,-0.2250000000000001,0.625,0.3999999999999999,-0.2250000000000001,0.0,0.0,11,16,8,13,5,0,5,0,0,0,30,30,0.2105263157894736,0.2105263157894736,0.0175438596491228,0.0123839009287925,8,13,0.023391812865497,0.0150375939849624,0.0350877192982456,0.2105263157894736,1.0,1,1.2,5,,0,0.8,5,0.6,0.8,-0.2,0.8,1.2,-0.4,-0.20000000000000007,0.3999999999999999,0.2
2023-10-21,2023/24,Chelsea,Arsenal,2,2,D,7.0,13.0,,,8,8,11,20,-9,0,11,2,3,9,4,4,1.375,1.4,0.0249999999999999,2.5,2.6,0.1,-0.0750000000000001,-1.125,-1.2000000000000002,-0.0750000000000001,0.0,0.0,9,0,6,-3,7,16,7,16,0,0,30,30,0.2105263157894736,0.2105263157894736,0.0210526315789473,0.2105263157894736,6,3,0.0300751879699248,0.0526315789473684,0.0263157894736842,0.0123839009287925,1.1578947368421053,1,1.4,5,2.210526315789474,1,2.6,5,1.2,0.6,0.6,2.2,0.6,1.6,-1.0000000000000002,0.0,-1.0
2023-10-21,2023/24,Sheffield United,Manchester United,1,2,A,1.0,6.0,,,8,8,1,12,-11,0,20,10,0,0,0,0,0.125,0.2,0.075,1.5,1.2,-0.3,0.375,-1.375,-1.0,0.375,0.0,0.0,19,8,16,5,-3,8,3,8,1,0,30,30,0.2105263157894736,0.2105263157894736,0.0105263157894736,0.023391812865497,16,5,0.0123839009287925,0.0350877192982456,0.0526315789473684,0.023391812865497,,0,0.2,5,1.973684210526316,1,1.2,5,0.8,3.4,-2.6,1.0,1.6,-0.6,-0.19999999999999996,-1.7999999999999998,-2.0
2023-10-22,2023/24,Aston Villa,West Ham United,4,1,H,10.0,7.0,,,8,8,16,14,2,0,6,9,1,10,4,4,2.0,2.0,0.0,1.75,1.4,-0.3500000000000001,0.3500000000000001,0.25,0.6000000000000001,0.3500000000000001,0.0,0.0,5,7,4,6,12,10,12,10,0,0,30,30,0.2105263157894736,0.2105263157894736,0.0350877192982456,0.0263157894736842,4,6,0.0421052631578947,0.0300751879699248,0.0161943319838056,0.0191387559808612,1.605263157894737,1,2.0,5,1.0526315789473684,1,1.4,5,2.2,1.2,1.0,1.6,1.8,-0.2,0.6000000000000001,0.6000000000000001,1.2
2023-10-23,2023/24,Tottenham Hotspur,Fulham,2,0,H,13.0,7.0,,,8,8,20,11,9,0,4,13,6,0,2,2,2.5,2.6,0.1,1.375,1.4,0.0249999999999999,0.0750000000000001,1.125,1.2000000000000002,0.0750000000000001,0.0,0.0,1,10,0,9,16,7,16,7,0,0,30,30,0.2105263157894736,0.2105263157894736,0.1052631578947368,0.0191387559808612,0,9,0.2105263157894736,0.0210526315789473,0.0123839009287925,0.0263157894736842,1.5789473684210529,1,2.6,5,1.368421052631579,1,1.4,5,2.4,1.2,1.2,1.0,1.6,-0.6,1.4,0.40000000000000013,1.7999999999999998
2023-10-27,2023/24,Crystal Palace,Tottenham Hotspur,1,2,A,5.0,13.0,,11.0,9,9,12,23,-11,0,11,1,3,9,4,4,1.3333333333333333,1.0,-0.3333333333333332,2.555555555555556,2.6,0.0444444444444447,-0.377777777777778,-1.222222222222222,-1.6,-0.377777777777778,0.0,0.0,11,0,8,-3,8,19,8,19,0,0,29,29,0.2368421052631578,0.2368421052631578,0.0197368421052631,0.2368421052631578,8,3,0.0263157894736842,0.0592105263157894,0.0263157894736842,0.0118421052631578,1.1842105263157894,1,1.0,5,1.5789473684210529,1,2.6,5,0.4,1.4,-1.0,1.8,0.8,1.0,-1.4,-0.5999999999999999,-2.0
2023-10-28,2023/24,Chelsea,Brentford,0,2,A,8.0,4.0,5.0,,9,9,12,10,2,0,10,14,4,7,4,4,1.3333333333333333,1.6,0.2666666666666668,1.1111111111111112,0.8,-0.3111111111111111,0.577777777777778,0.2222222222222221,0.8,0.577777777777778,0.0,0.0,14,16,8,10,8,6,8,6,0,0,29,29,0.2368421052631578,0.2368421052631578,0.0157894736842105,0.0139318885448916,8,10,0.0263157894736842,0.0215311004784688,0.0263157894736842,0.0338345864661654,1.1578947368421053,1,1.6,5,1.5526315789473684,1,0.8,5,1.6,0.8,0.8,1.2,1.4,-0.2,0.40000000000000013,0.5999999999999999,1.0
2023-10-28,2023/24,Arsenal,Sheffield United,5,0,H,11.0,0.0,11.0,,9,9,21,1,20,0,3,20,0,0,0,0,2.333333333333333,2.2,-0.1333333333333333,0.1111111111111111,0.0,-0.1111111111111111,-0.0222222222222222,2.2222222222222223,2.2,-0.0222222222222221,0.0,0.0,5,25,-1,19,17,-3,17,4,0,1,29,29,0.2368421052631578,0.2368421052631578,0.0394736842105263,0.0091093117408906,1,19,0.1184210526315789,0.0118421052631578,0.0131578947368421,0.0473684210526315,2.210526315789474,1,2.2,5,,0,0.0,5,2.0,0.8,1.2,0.6,3.4,-2.8,1.4,2.5999999999999996,4.0
2023-10-28,2023/24,Bournemouth,Burnley,2,1,H,1.0,3.0,2.0,,9,9,3,4,-1,0,19,18,0,0,0,0,0.3333333333333333,0.2,-0.1333333333333333,0.4444444444444444,0.6,0.1555555555555555,-0.2888888888888888,-0.1111111111111111,-0.3999999999999999,-0.2888888888888888,0.0,0.0,23,22,17,16,-1,0,2,1,1,1,29,29,0.2368421052631578,0.2368421052631578,0.0098684210526315,0.0102974828375286,17,16,0.0131578947368421,0.0139318885448916,0.0789473684210526,0.1184210526315789,1.0263157894736843,1,0.2,5,,0,0.6,5,0.4,2.4,-2.0,0.6,2.2,-1.6,-0.19999999999999996,-0.19999999999999973,-0.3999999999999999
2023-10-28,2023/24,Wolverhampton Wanderers,Newcastle United,2,2,D,8.0,13.0,,,9,9,11,16,-5,0,12,6,4,7,4,4,1.2222222222222223,1.6,0.3777777777777777,1.7777777777777777,2.6,0.8222222222222224,-0.4444444444444446,-0.5555555555555554,-1.0,-0.4444444444444446,0.0,0.0,15,10,9,4,7,12,7,12,0,0,29,29,0.2368421052631578,0.2368421052631578,0.0148026315789473,0.0215311004784688,9,4,0.0236842105263157,0.0473684210526315,0.0296052631578947,0.0182186234817813,1.0789473684210529,1,1.6,5,1.868421052631579,1,2.6,5,1.4,1.4,0.0,3.4,0.4,3.0,-2.0,-0.9999999999999999,-3.0
2023-10-29,2023/24,West Ham United,Everton,0,1,A,4.0,6.0,,,9,9,14,7,7,0,9,16,9,3,4,4,1.5555555555555556,0.8,-0.7555555555555555,0.7777777777777778,1.2,0.4222222222222221,-1.1777777777777776,0.7777777777777778,-0.3999999999999999,-1.1777777777777776,1.1777777777777776,-1.0,12,19,6,13,9,2,9,2,0,0,29,29,0.2368421052631578,0.2368421052631578,0.0182186234817813,0.0118421052631578,6,13,0.0338345864661654,0.0169172932330827,0.0236842105263157,0.0789473684210526,1.0526315789473684,1,0.8,5,0.9473684210526316,1,1.2,5,1.4,2.4,-1.0,1.4,1.2,0.2,0.0,-1.2,-1.2
2023-10-29,2023/24,Aston Villa,Luton Town,3,1,H,13.0,5.0,,4.0,9,9,19,5,14,0,5,18,0,0,0,0,2.111111111111111,2.6,0.4888888888888889,0.5555555555555556,1.0,0.4444444444444444,0.0444444444444445,1.5555555555555556,1.6,0.0444444444444445,0.0,0.0,7,21,1,15,14,0,14,1,0,1,29,29,0.2368421052631578,0.2368421052631578,0.0296052631578947,0.0107655502392344,1,15,0.1184210526315789,0.0148026315789473,0.0157894736842105,0.1184210526315789,1.605263157894737,1,2.6,5,,0,1.0,5,3.0,0.8,2.2,1.2,1.4,-0.2,1.8,0.5999999999999999,2.4000000000000004
2023-10-29,2023/24,Brighton,Fulham,1,1,D,7.0,7.0,10.0,5.0,9,9,16,11,5,0,7,14,0,6,2,2,1.7777777777777777,1.4,-0.3777777777777777,1.2222222222222223,1.4,0.1777777777777776,-0.5555555555555554,0.5555555555555554,0.0,-0.5555555555555554,0.0,0.0,10,15,4,9,11,6,11,6,0,0,29,29,0.2368421052631578,0.2368421052631578,0.0215311004784688,0.0148026315789473,4,9,0.0473684210526315,0.0236842105263157,0.0197368421052631,0.0338345864661654,1.631578947368421,1,1.4,5,1.368421052631579,1,1.4,5,2.0,2.4,-0.4,0.8,1.0,-0.2,1.2,-1.4,-0.2
2023-10-29,2023/24,Liverpool,Nottingham Forest,3,0,H,10.0,4.0,,4.0,9,9,20,10,10,0,4,15,3,3,2,2,2.2222222222222223,2.0,-0.2222222222222223,1.1111111111111112,0.8,-0.3111111111111111,0.0888888888888888,1.1111111111111112,1.2,0.0888888888888888,0.0,0.0,6,16,0,10,15,5,15,5,0,0,29,29,0.2368421052631578,0.2368421052631578,0.0338345864661654,0.0139318885448916,0,10,0.2368421052631578,0.0215311004784688,0.0148026315789473,0.0394736842105263,1.763157894736842,1,2.0,5,1.0,1,0.8,5,2.2,1.2,1.0,0.8,1.2,-0.4,1.4000000000000001,0.0,1.4
2023-10-29,2023/24,Manchester United,Manchester City,0,3,A,9.0,9.0,9.0,9.0,9,9,15,21,-6,0,8,3,3,9,4,4,1.6666666666666667,1.8,0.1333333333333333,2.333333333333333,1.8,-0.5333333333333334,0.6666666666666667,-0.6666666666666667,0.0,0.6666666666666667,0.0,0.0,11,5,5,-1,10,16,10,16,0,0,29,29,0.2368421052631578,0.2368421052631578,0.0197368421052631,0.0394736842105263,5,1,0.0394736842105263,0.1184210526315789,0.0215311004784688,0.0139318885448916,1.973684210526316,1,1.8,5,2.3421052631578947,1,1.8,5,1.2,1.2,0.0,1.6,1.0,0.6,-0.40000000000000013,-0.19999999999999996,-0.6
2023-11-04,2023/24,Manchester City,Bournemouth,6,1,H,9.0,3.0,,,10,10,24,6,18,0,3,17,6,0,2,2,2.4,1.8,-0.5999999999999999,0.6,0.6,0.0,-0.5999999999999999,1.7999999999999998,1.2000000000000002,-0.5999999999999996,0.0,0.0,2,20,-1,17,19,1,19,1,0,0,28,28,0.2631578947368421,0.2631578947368421,0.087719298245614,0.012531328320802,1,17,0.131578947368421,0.0146198830409356,0.0131578947368421,0.131578947368421,2.3421052631578947,1,1.8,5,1.0263157894736843,1,0.6,5,1.6,0.8,0.8,0.8,2.6,-1.8,0.8,1.8,2.6
2023-11-04,2023/24,Everton,Brighton,1,1,D,9.0,5.0,3.0,,10,10,10,17,-7,0,15,7,6,6,4,4,1.0,1.8,0.8,1.7,1.0,-0.7,1.5,-0.7,0.8,1.5,1.5,1.0,16,9,13,6,5,12,5,12,0,0,28,28,0.2631578947368421,0.2631578947368421,0.0154798761609907,0.0263157894736842,13,6,0.018796992481203,0.037593984962406,0.043859649122807,0.020242914979757,0.9473684210526316,1,1.8,5,1.631578947368421,1,1.0,5,1.6,1.0,0.6,1.6,2.4,-0.8,0.0,1.4,1.4
2023-11-04,2023/24,Fulham,Manchester United,0,1,A,5.0,9.0,,,10,10,12,15,-3,0,14,8,0,6,2,2,1.2,1.0,-0.1999999999999999,1.5,1.8,0.3,-0.5,-0.3,-0.8,-0.5,0.0,0.0,14,11,11,8,7,10,7,10,0,0,28,28,0.2631578947368421,0.2631578947368421,0.0175438596491228,0.0219298245614035,11,8,0.0219298245614035,0.0292397660818713,0.0328947368421052,0.0239234449760765,1.368421052631579,1,1.0,5,1.973684210526316,1,1.8,5,0.8,1.2,-0.4,1.0,1.2,-0.2,-0.19999999999999996,0.0,-0.2
2023-11-04,2023/24,Sheffield United,Wolverhampton Wanderers,2,1,H,0.0,9.0,1.0,7.0,10,10,1,12,-11,0,20,12,0,0,0,0,0.1,0.0,-0.1,1.2,1.8,0.6000000000000001,-0.7000000000000001,-1.1,-1.8,-0.7000000000000002,0.0,0.0,25,14,22,11,-4,7,5,7,1,0,28,28,0.2631578947368421,0.2631578947368421,0.0101214574898785,0.0175438596491228,22,11,0.011441647597254,0.0219298245614035,0.043859649122807,0.0328947368421052,,0,0.0,5,1.0789473684210529,1,1.8,5,0.4,4.0,-3.6,1.6,1.2,0.4,-1.2000000000000002,-2.8,-4.0
2023-11-04,2023/24,Newcastle United,Arsenal,1,0,H,11.0,11.0,12.0,,10,10,17,24,-7,0,6,2,4,7,4,4,1.7,2.2,0.5000000000000002,2.4,2.2,-0.1999999999999997,0.7,-0.7,0.0,0.7,0.0,0.0,9,2,6,-1,12,19,12,19,0,0,28,28,0.2631578947368421,0.2631578947368421,0.0263157894736842,0.087719298245614,6,1,0.037593984962406,0.131578947368421,0.020242914979757,0.0131578947368421,1.868421052631579,1,2.2,5,2.210526315789474,1,2.2,5,3.6,0.8,2.8,2.8,0.8,2.0,0.8000000000000003,0.0,0.7999999999999998
2023-11-04,2023/24,Burnley,Crystal Palace,0,2,A,3.0,5.0,0.0,7.0,10,10,4,12,-8,0,19,13,2,2,2,2,0.4,0.6,0.1999999999999999,1.2,1.0,-0.1999999999999999,0.3999999999999999,-0.7999999999999999,-0.4,0.3999999999999999,0.0,0.0,22,14,19,11,-1,7,2,7,1,0,28,28,0.2631578947368421,0.2631578947368421,0.011441647597254,0.0175438596491228,19,11,0.0131578947368421,0.0219298245614035,0.087719298245614,0.0328947368421052,,0,0.6,5,1.1842105263157894,1,1.0,5,0.8,2.4,-1.6,0.4,1.2,-0.8,0.4,-1.2,-0.8
2023-11-04,2023/24,Brentford,West Ham United,3,2,H,7.0,4.0,6.0,7.0,10,10,13,14,-1,0,10,9,12,0,4,4,1.3,1.4,0.0999999999999998,1.4,0.8,-0.5999999999999999,0.6999999999999997,-0.0999999999999998,0.5999999999999999,0.6999999999999997,0.6999999999999997,1.0,13,12,10,9,8,9,8,9,0,0,28,28,0.2631578947368421,0.2631578947368421,0.018796992481203,0.020242914979757,10,9,0.0239234449760765,0.0263157894736842,0.0292397660818713,0.0263157894736842,1.5526315789473684,1,1.4,5,1.0526315789473684,1,0.8,5,1.6,1.2,0.4,1.2,2.0,-0.8,0.40000000000000013,0.8,1.2000000000000002
2023-11-05,2023/24,Nottingham Forest,Aston Villa,2,0,H,3.0,13.0,,7.0,10,10,10,22,-12,0,16,5,1,4,2,2,1.0,0.6,-0.4,2.2,2.6,0.3999999999999999,-0.7999999999999999,-1.2000000000000002,-2.0,-0.7999999999999998,0.0,0.0,17,5,13,1,5,17,5,17,0,0,28,28,0.2631578947368421,0.2631578947368421,0.0146198830409356,0.043859649122807,13,1,0.018796992481203,0.131578947368421,0.043859649122807,0.0146198830409356,1.0,1,0.6,5,1.605263157894737,1,2.6,5,0.6,1.6,-1.0,3.0,0.8,2.2,-2.4,-0.8,-3.2
2023-11-05,2023/24,Luton Town,Liverpool,1,1,D,4.0,10.0,,8.0,10,10,5,23,-18,0,18,4,0,0,0,0,0.5,0.8,0.3,2.3,2.0,-0.2999999999999998,0.5999999999999999,-1.7999999999999998,-1.2,0.5999999999999999,0.0,0.0,22,4,18,0,0,18,1,18,1,0,28,28,0.2631578947368421,0.2631578947368421,0.011441647597254,0.0526315789473684,18,0,0.0138504155124653,0.2631578947368421,0.131578947368421,0.0138504155124653,,0,0.8,5,1.763157894736842,1,2.0,5,1.2,1.8,-0.6,2.2,1.0,1.2,-1.0000000000000002,-0.8,-1.7999999999999998
2023-11-06,2023/24,Tottenham Hotspur,Chelsea,1,4,A,13.0,7.0,,,10,10,26,12,14,0,2,13,4,7,4,4,2.6,2.6,0.0,1.2,1.4,0.1999999999999999,-0.1999999999999999,1.4,1.2000000000000002,-0.1999999999999999,0.0,0.0,1,15,-2,12,20,6,20,6,0,0,28,28,0.2631578947368421,0.2631578947368421,0.131578947368421,0.0164473684210526,2,12,0.087719298245614,0.020242914979757,0.012531328320802,0.037593984962406,1.5789473684210529,1,2.6,5,1.1578947368421053,1,1.4,5,1.8,0.8,1.0,1.6,1.2,0.4,0.19999999999999996,0.3999999999999999,0.6
2023-11-11,2023/24,Wolverhampton Wanderers,Tottenham Hotspur,2,1,H,8.0,12.0,5.0,13.0,11,11,12,26,-14,0,14,2,6,6,4,4,1.0909090909090908,1.6,0.5090909090909093,2.363636363636364,2.4,0.0363636363636361,0.4727272727272731,-1.272727272727273,-0.7999999999999998,0.4727272727272731,0.0,0.0,15,1,12,-2,6,20,6,20,0,0,27,27,0.2894736842105263,0.2894736842105263,0.0180921052631578,0.1447368421052631,12,2,0.0222672064777327,0.0964912280701754,0.0413533834586466,0.0137844611528822,1.0789473684210529,1,1.6,5,1.5789473684210529,1,2.4,5,1.6,1.4,0.2,1.6,1.2,0.4,0.0,-0.19999999999999996,-0.2
2023-11-11,2023/24,Arsenal,Burnley,3,1,H,10.0,3.0,11.0,4.0,11,11,24,4,20,0,4,19,4,1,2,2,2.1818181818181817,2.0,-0.1818181818181816,0.3636363636363636,0.6,0.2363636363636363,-0.418181818181818,1.818181818181818,1.4,-0.418181818181818,0.0,0.0,3,23,0,20,18,-2,18,2,0,1,27,27,0.2894736842105263,0.2894736842105263,0.0723684210526315,0.0120614035087719,0,20,0.2894736842105263,0.0137844611528822,0.0152354570637119,0.0964912280701754,2.210526315789474,1,2.0,5,,0,0.6,5,2.4,0.6,1.8,0.8,2.4,-1.6,1.5999999999999999,1.7999999999999998,3.4000000000000004
2023-11-11,2023/24,Crystal Palace,Everton,2,3,A,7.0,7.0,5.0,7.0,11,11,15,11,4,0,11,16,4,7,4,4,1.3636363636363635,1.4,0.0363636363636363,1.0,1.4,0.3999999999999999,-0.3636363636363635,0.3636363636363635,0.0,-0.3636363636363635,0.0,0.0,12,16,9,13,9,5,9,5,0,0,27,27,0.2894736842105263,0.2894736842105263,0.0222672064777327,0.0170278637770897,9,13,0.0289473684210526,0.0206766917293233,0.0289473684210526,0.0482456140350877,1.1842105263157894,1,1.4,5,0.9473684210526316,1,1.4,5,0.8,1.2,-0.4,1.2,1.0,0.2,-0.3999999999999999,-0.19999999999999996,-0.6000000000000001
2023-11-11,2023/24,Manchester United,Luton Town,1,0,H,9.0,2.0,6.0,4.0,11,11,18,6,12,0,8,17,0,0,0,0,1.6363636363636365,1.8,0.1636363636363635,0.5454545454545454,0.4,-0.1454545454545454,0.3090909090909089,1.090909090909091,1.4,0.3090909090909088,0.0,0.0,9,21,6,18,12,0,12,0,0,0,27,27,0.2894736842105263,0.2894736842105263,0.0289473684210526,0.0131578947368421,6,18,0.0413533834586466,0.0152354570637119,0.0222672064777327,0.2894736842105263,1.973684210526316,1,1.8,5,,0,0.4,5,1.0,1.2,-0.2,1.0,1.8,-0.8,0.0,0.6000000000000001,0.6000000000000001
2023-11-11,2023/24,Bournemouth,Newcastle United,2,0,H,3.0,11.0,4.0,5.0,11,11,6,20,-14,0,18,6,2,2,2,2,0.5454545454545454,0.6,0.0545454545454545,1.818181818181818,2.2,0.381818181818182,-0.3272727272727275,-1.2727272727272727,-1.6,-0.3272727272727274,0.0,0.0,21,7,18,4,0,14,0,14,1,0,27,27,0.2894736842105263,0.2894736842105263,0.0131578947368421,0.0361842105263157,18,4,0.0152354570637119,0.0578947368421052,0.2894736842105263,0.019298245614035,1.0263157894736843,1,0.6,5,1.868421052631579,1,2.2,5,0.8,3.2,-2.4,2.2,0.8,1.4,-1.4000000000000001,-2.4000000000000004,-3.8
2023-11-12,2023/24,Aston Villa,Fulham,3,1,H,10.0,4.0,15.0,3.0,11,11,22,12,10,0,5,16,3,3,2,2,2.0,2.0,0.0,1.0909090909090908,0.8,-0.2909090909090908,0.2909090909090908,0.9090909090909092,1.2,0.2909090909090908,0.0,0.0,5,15,2,12,16,6,16,6,0,0,27,27,0.2894736842105263,0.2894736842105263,0.0482456140350877,0.0180921052631578,2,12,0.0964912280701754,0.0222672064777327,0.0170278637770897,0.0413533834586466,1.605263157894737,1,2.0,5,1.368421052631579,1,0.8,5,2.8,1.2,1.6,0.8,1.4,-0.6,1.9999999999999998,0.19999999999999996,2.2
2023-11-12,2023/24,Brighton,Sheffield United,1,1,D,3.0,3.0,8.0,0.0,11,11,18,4,14,0,8,19,0,0,0,0,1.6363636363636365,0.6,-1.0363636363636366,0.3636363636363636,0.6,0.2363636363636363,-1.272727272727273,1.272727272727273,0.0,-1.272727272727273,0.0,0.0,9,23,6,20,12,-2,12,5,0,1,27,27,0.2894736842105263,0.2894736842105263,0.0289473684210526,0.0120614035087719,6,20,0.0413533834586466,0.0137844611528822,0.0222672064777327,0.0482456140350877,1.631578947368421,1,0.6,5,,0,0.6,5,1.2,2.4,-1.2,0.8,2.6,-1.8,0.3999999999999999,0.20000000000000018,0.6000000000000001
2023-11-12,2023/24,Liverpool,Brentford,3,0,H,8.0,10.0,15.0,7.0,11,11,24,16,8,0,4,9,7,4,4,4,2.1818181818181817,1.6,-0.5818181818181816,1.4545454545454546,2.0,0.5454545454545454,-1.127272727272727,0.7272727272727271,-0.3999999999999999,-1.127272727272727,1.127272727272727,-1.0,3,11,0,8,18,10,18,10,0,0,27,27,0.2894736842105263,0.2894736842105263,0.0723684210526315,0.0241228070175438,0,8,0.2894736842105263,0.0321637426900584,0.0152354570637119,0.0263157894736842,1.763157894736842,1,1.6,5,1.5526315789473684,1,2.0,5,1.8,1.0,0.8,2.0,1.0,1.0,-0.19999999999999996,0.0,-0.19999999999999996
2023-11-12,2023/24,West Ham United,Nottingham Forest,3,2,H,4.0,6.0,7.0,4.0,11,11,14,13,1,0,13,15,3,3,2,2,1.2727272727272727,0.8,-0.4727272727272726,1.181818181818182,1.2,0.018181818181818,-0.4909090909090907,0.0909090909090908,-0.3999999999999999,-0.4909090909090907,0.4909090909090907,-1.0,13,14,10,11,8,7,8,7,0,0,27,27,0.2894736842105263,0.2894736842105263,0.0206766917293233,0.019298245614035,10,11,0.0263157894736842,0.0241228070175438,0.0321637426900584,0.0361842105263157,1.0526315789473684,1,0.8,5,1.0,1,1.2,5,1.4,2.0,-0.6,1.0,1.2,-0.2,0.3999999999999999,-0.8,-0.39999999999999997
2023-11-12,2023/24,Chelsea,Manchester City,4,4,D,10.0,9.0,4.0,9.0,11,11,15,27,-12,0,10,1,0,12,4,4,1.3636363636363635,2.0,0.6363636363636365,2.4545454545454546,1.8,-0.6545454545454545,1.290909090909091,-1.090909090909091,0.1999999999999999,1.290909090909091,1.290909090909091,1.0,12,0,9,-3,9,21,9,21,0,0,27,27,0.2894736842105263,0.2894736842105263,0.0222672064777327,0.2894736842105263,9,3,0.0289473684210526,0.0723684210526315,0.0289473684210526,0.0131578947368421,1.1578947368421053,1,2.0,5,2.3421052631578947,1,1.8,5,2.4,1.2,1.2,2.4,1.0,1.4,0.0,-0.19999999999999996,-0.19999999999999996
2023-11-25,2023/24,Manchester City,Liverpool,1,1,D,10.0,11.0,15.0,8.0,12,12,28,27,1,0,1,2,5,5,4,4,2.333333333333333,2.0,-0.3333333333333335,2.25,2.2,-0.0499999999999998,-0.2833333333333336,0.0833333333333334,-0.2000000000000001,-0.2833333333333336,0.2833333333333336,-1.0,0,1,-2,-1,22,21,22,21,0,0,26,26,0.3157894736842105,0.3157894736842105,0.3157894736842105,0.1578947368421052,2,1,0.1052631578947368,0.1578947368421052,0.0137299771167048,0.0143540669856459,2.3421052631578947,1,2.0,5,1.763157894736842,1,2.2,5,3.0,1.4,1.6,2.2,0.6,1.6,0.7999999999999998,-0.7999999999999999,0.0
2023-11-25,2023/24,Burnley,West Ham United,1,2,A,0.0,4.0,0.0,6.0,12,12,4,17,-13,0,20,9,2,2,2,2,0.3333333333333333,0.0,-0.3333333333333333,1.4166666666666667,0.8,-0.6166666666666667,0.2833333333333334,-1.0833333333333337,-0.8,0.2833333333333334,0.0,0.0,24,11,22,9,-2,11,5,11,1,0,26,26,0.3157894736842105,0.3157894736842105,0.0126315789473684,0.0263157894736842,22,9,0.0137299771167048,0.031578947368421,0.0526315789473684,0.0263157894736842,,0,0.0,5,1.0526315789473684,1,0.8,5,0.6,2.8,-2.2,1.6,2.4,-0.8,-1.0,-0.3999999999999999,-1.4000000000000001
2023-11-25,2023/24,Luton Town,Crystal Palace,2,1,H,2.0,4.0,2.0,7.0,12,12,6,15,-9,0,18,13,0,0,0,0,0.5,0.4,-0.0999999999999999,1.25,0.8,-0.4499999999999999,0.35,-0.75,-0.4,0.35,0.0,0.0,22,13,20,11,0,9,3,9,1,0,26,26,0.3157894736842105,0.3157894736842105,0.0137299771167048,0.0225563909774436,20,11,0.0150375939849624,0.0263157894736842,0.0789473684210526,0.031578947368421,,0,0.4,5,1.1842105263157894,1,0.8,5,0.8,1.6,-0.8,1.0,1.8,-0.8,-0.19999999999999996,0.19999999999999996,0.0
2023-11-25,2023/24,Newcastle United,Chelsea,4,1,H,8.0,8.0,12.0,10.0,12,12,20,16,4,0,7,10,4,7,4,4,1.6666666666666667,1.6,-0.0666666666666666,1.3333333333333333,1.6,0.2666666666666668,-0.3333333333333335,0.3333333333333335,0.0,-0.3333333333333335,0.0,0.0,8,12,6,10,14,10,14,10,0,0,26,26,0.3157894736842105,0.3157894736842105,0.0350877192982456,0.0242914979757085,6,10,0.0451127819548872,0.0287081339712918,0.0210526315789473,0.0287081339712918,1.868421052631579,1,1.6,5,1.1578947368421053,1,1.6,5,1.8,1.2,0.6,2.8,2.0,0.8,-0.9999999999999998,0.8,-0.20000000000000007
2023-11-25,2023/24,Nottingham Forest,Brighton,2,3,A,5.0,4.0,9.0,7.0,12,12,13,19,-6,0,15,8,4,1,2,2,1.0833333333333333,1.0,-0.0833333333333332,1.5833333333333333,0.8,-0.7833333333333332,0.7,-0.5,0.1999999999999999,0.7,0.7,1.0,15,9,13,7,7,13,7,13,0,0,26,26,0.3157894736842105,0.3157894736842105,0.0197368421052631,0.031578947368421,13,7,0.0225563909774436,0.0394736842105263,0.0394736842105263,0.0225563909774436,1.0,1,1.0,5,1.631578947368421,1,0.8,5,1.2,1.6,-0.4,1.2,1.4,-0.2,0.0,-0.20000000000000018,-0.2
2023-11-25,2023/24,Sheffield United,Bournemouth,1,3,A,4.0,6.0,4.0,1.0,12,12,5,9,-4,0,19,17,0,0,0,0,0.4166666666666667,0.8,0.3833333333333333,0.75,1.2,0.4499999999999999,-0.0666666666666666,-0.3333333333333333,-0.3999999999999999,-0.0666666666666666,0.0,0.0,23,19,21,17,-1,3,4,3,1,0,26,26,0.3157894736842105,0.3157894736842105,0.0131578947368421,0.0157894736842105,21,17,0.0143540669856459,0.0175438596491228,0.0631578947368421,0.0789473684210526,,0,0.8,5,1.0263157894736843,1,1.2,5,1.0,2.4,-1.4,1.2,2.4,-1.2,-0.19999999999999996,0.0,-0.19999999999999996
2023-11-25,2023/24,Brentford,Arsenal,0,1,A,9.0,10.0,8.0,10.0,12,12,16,27,-11,0,11,3,4,7,4,4,1.3333333333333333,1.8,0.4666666666666668,2.25,2.0,-0.25,0.7166666666666668,-0.9166666666666669,-0.1999999999999999,0.7166666666666668,0.0,0.0,12,1,10,-1,10,21,10,21,0,0,26,26,0.3157894736842105,0.3157894736842105,0.0242914979757085,0.1578947368421052,10,1,0.0287081339712918,0.1578947368421052,0.0287081339712918,0.0143540669856459,1.5526315789473684,1,1.8,5,2.210526315789474,1,2.0,5,1.8,1.4,0.4,2.2,0.8,1.4,-0.40000000000000013,-0.5999999999999999,-0.9999999999999999
2023-11-26,2023/24,Tottenham Hotspur,Aston Villa,1,2,A,9.0,10.0,12.0,7.0,12,12,26,25,1,0,4,5,6,6,4,4,2.1666666666666665,1.8,-0.3666666666666665,2.083333333333333,2.0,-0.0833333333333334,-0.283333333333333,0.083333333333333,-0.1999999999999999,-0.283333333333333,0.283333333333333,-1.0,4,5,0,1,17,16,17,16,0,0,26,26,0.3157894736842105,0.3157894736842105,0.0631578947368421,0.0526315789473684,0,1,0.3157894736842105,0.1578947368421052,0.0175438596491228,0.0185758513931888,1.5789473684210529,1,1.8,5,1.605263157894737,1,2.0,5,1.4,1.4,0.0,2.2,1.2,1.0,-0.8000000000000003,-0.19999999999999996,-1.0
2023-11-26,2023/24,Everton,Manchester United,0,3,A,10.0,12.0,4.0,9.0,12,12,14,21,-7,0,14,8,4,7,4,4,1.1666666666666667,2.0,0.8333333333333333,1.75,2.4,0.6499999999999999,0.1833333333333333,-0.5833333333333333,-0.3999999999999999,0.1833333333333333,0.0,0.0,16,9,12,5,5,12,5,12,0,0,26,26,0.3157894736842105,0.3157894736842105,0.0185758513931888,0.031578947368421,12,5,0.0242914979757085,0.0526315789473684,0.0526315789473684,0.0242914979757085,0.9473684210526316,1,2.0,5,1.973684210526316,1,2.4,5,1.6,1.0,0.6,1.2,1.0,0.2,0.40000000000000013,0.0,0.39999999999999997
2023-11-27,2023/24,Fulham,Wolverhampton Wanderers,3,2,H,4.0,8.0,6.0,7.0,12,12,12,15,-3,0,16,12,2,2,2,2,1.0,0.8,-0.1999999999999999,1.25,1.6,0.3500000000000001,-0.55,-0.25,-0.8,-0.55,0.0,0.0,18,15,16,13,3,6,3,6,0,0,26,26,0.3157894736842105,0.3157894736842105,0.0166204986149584,0.0197368421052631,16,13,0.0185758513931888,0.0225563909774436,0.0789473684210526,0.0451127819548872,1.368421052631579,1,0.8,5,1.0789473684210529,1,1.6,5,1.0,1.6,-0.6,1.6,1.4,0.2,-0.6000000000000001,-0.20000000000000018,-0.8
2023-12-02,2023/24,Newcastle United,Manchester United,1,0,H,10.0,12.0,15.0,12.0,13,13,23,24,-1,0,7,6,5,5,4,4,1.7692307692307692,2.0,0.2307692307692308,1.8461538461538465,2.4,0.5538461538461537,-0.3230769230769228,-0.0769230769230771,-0.3999999999999999,-0.3230769230769228,0.0,0.0,7,6,5,4,14,15,14,15,0,0,25,25,0.3421052631578947,0.3421052631578947,0.0427631578947368,0.0488721804511278,5,4,0.0570175438596491,0.0684210526315789,0.0228070175438596,0.0213815789473684,1.868421052631579,1,2.0,5,1.973684210526316,1,2.4,5,2.2,1.0,1.2,1.4,0.8,0.6,0.8000000000000003,-0.19999999999999996,0.6
2023-12-02,2023/24,Brentford,Luton Town,3,1,H,9.0,5.0,7.0,4.0,13,13,16,9,7,0,11,18,0,0,0,0,1.2307692307692308,1.8,0.5692307692307692,0.6923076923076923,1.0,0.3076923076923077,0.2615384615384615,0.5384615384615385,0.8,0.2615384615384615,0.0,0.0,14,21,12,19,7,0,7,3,0,1,25,25,0.3421052631578947,0.3421052631578947,0.0228070175438596,0.0155502392344497,12,19,0.0263157894736842,0.0171052631578947,0.0427631578947368,0.0855263157894736,1.5526315789473684,1,1.8,5,,0,1.0,5,1.6,1.2,0.4,1.2,1.6,-0.4,0.40000000000000013,0.40000000000000013,0.8
2023-12-02,2023/24,Arsenal,Wolverhampton Wanderers,2,1,H,10.0,7.0,13.0,4.0,13,13,30,15,15,0,1,12,12,0,4,4,2.3076923076923075,2.0,-0.3076923076923075,1.1538461538461535,1.4,0.2461538461538461,-0.5538461538461537,1.1538461538461535,0.6000000000000001,-0.5538461538461537,0.0,0.0,0,15,-2,13,21,6,21,6,0,0,25,25,0.3421052631578947,0.3421052631578947,0.3421052631578947,0.0213815789473684,2,13,0.1140350877192982,0.0244360902255639,0.0155502392344497,0.0488721804511278,2.210526315789474,1,2.0,5,1.0789473684210529,1,1.4,5,2.2,0.8,1.4,1.8,1.8,0.0,0.40000000000000013,1.0,1.4
2023-12-02,2023/24,Nottingham Forest,Everton,0,1,A,4.0,7.0,6.0,10.0,13,13,13,14,-1,0,16,15,2,2,2,2,1.0,0.8,-0.1999999999999999,1.0769230769230769,1.4,0.323076923076923,-0.523076923076923,-0.0769230769230768,-0.5999999999999999,-0.523076923076923,0.0,0.0,17,16,15,14,4,5,4,5,0,0,25,25,0.3421052631578947,0.3421052631578947,0.0190058479532163,0.0201238390092879,15,14,0.0213815789473684,0.0228070175438596,0.0684210526315789,0.0570175438596491,1.0,1,0.8,5,0.9473684210526316,1,1.4,5,1.6,2.2,-0.6,1.0,1.6,-0.6,0.6000000000000001,-0.6000000000000001,0.0
2023-12-02,2023/24,Burnley,Sheffield United,5,0,H,0.0,4.0,0.0,1.0,13,13,4,5,-1,0,20,19,0,0,0,0,0.3076923076923077,0.0,-0.3076923076923077,0.3846153846153846,0.8,0.4153846153846154,-0.7230769230769232,-0.0769230769230769,-0.8,-0.7230769230769232,0.0,0.0,26,25,24,23,-5,-4,8,7,1,1,25,25,0.3421052631578947,0.3421052631578947,0.0126705653021442,0.0131578947368421,24,23,0.0136842105263157,0.0142543859649122,0.0380116959064327,0.0427631578947368,,0,0.0,5,,0,0.8,5,0.6,2.4,-1.8,1.0,2.4,-1.4,-0.4,0.0,-0.40000000000000013
2023-12-03,2023/24,Bournemouth,Aston Villa,2,2,D,9.0,12.0,7.0,7.0,13,13,12,28,-16,0,17,4,3,3,2,2,0.9230769230769232,1.8,0.8769230769230769,2.1538461538461537,2.4,0.2461538461538461,0.6307692307692307,-1.2307692307692306,-0.5999999999999999,0.6307692307692307,0.0,0.0,21,5,16,0,3,19,3,19,0,0,25,25,0.3421052631578947,0.3421052631578947,0.0155502392344497,0.0570175438596491,16,0,0.0201238390092879,0.3421052631578947,0.0855263157894736,0.0171052631578947,1.0263157894736843,1,1.8,5,1.605263157894737,1,2.4,5,1.8,2.0,-0.2,2.4,1.2,1.2,-0.5999999999999999,-0.8,-1.4
2023-12-03,2023/24,Chelsea,Brighton,3,2,H,5.0,6.0,2.0,7.0,13,13,16,22,-6,0,12,8,2,8,4,4,1.2307692307692308,1.0,-0.2307692307692308,1.6923076923076923,1.2,-0.4923076923076923,0.2615384615384615,-0.4615384615384614,-0.1999999999999999,0.2615384615384615,0.0,0.0,17,11,12,6,7,13,7,13,0,0,25,25,0.3421052631578947,0.3421052631578947,0.0190058479532163,0.0285087719298245,12,6,0.0263157894736842,0.0488721804511278,0.0427631578947368,0.0244360902255639,1.1578947368421053,1,1.0,5,1.631578947368421,1,1.2,5,2.2,2.6,-0.4,1.4,1.4,0.0,0.8000000000000003,-1.2000000000000002,-0.4
2023-12-03,2023/24,Liverpool,Fulham,4,3,H,11.0,4.0,15.0,2.0,13,13,28,15,13,0,3,15,4,1,2,2,2.1538461538461537,2.2,0.0461538461538464,1.1538461538461535,0.8,-0.3538461538461537,0.4000000000000001,1.0,1.4,0.4000000000000001,0.0,0.0,5,18,0,13,19,6,19,6,0,0,25,25,0.3421052631578947,0.3421052631578947,0.0570175438596491,0.0180055401662049,0,13,0.3421052631578947,0.0244360902255639,0.0171052631578947,0.0488721804511278,1.763157894736842,1,2.2,5,1.368421052631579,1,0.8,5,2.0,0.4,1.6,1.0,1.8,-0.8,1.0,1.4,2.4000000000000004
2023-12-03,2023/24,West Ham United,Crystal Palace,1,1,D,6.0,3.0,7.0,6.0,13,13,20,15,5,0,9,13,4,7,4,4,1.5384615384615383,1.2,-0.3384615384615386,1.1538461538461535,0.6,-0.5538461538461538,0.2153846153846151,0.3846153846153848,0.6,0.2153846153846151,0.0,0.0,13,18,8,13,11,6,11,6,0,0,25,25,0.3421052631578947,0.3421052631578947,0.0244360902255639,0.0180055401662049,8,13,0.0380116959064327,0.0244360902255639,0.0285087719298245,0.0488721804511278,1.0526315789473684,1,1.2,5,1.1842105263157894,1,0.6,5,1.6,2.2,-0.6,1.2,2.2,-1.0,0.40000000000000013,0.0,0.4
2023-12-03,2023/24,Manchester City,Tottenham Hotspur,3,3,D,11.0,6.0,13.0,10.0,13,13,29,26,3,0,2,6,3,9,4,4,2.230769230769231,2.2,-0.0307692307692306,2.0,1.2,-0.8,0.7692307692307694,0.2307692307692308,1.0000000000000002,0.7692307692307694,0.0,0.0,4,7,-1,2,20,17,20,17,0,0,25,25,0.3421052631578947,0.3421052631578947,0.0684210526315789,0.0427631578947368,1,2,0.1710526315789473,0.1140350877192982,0.0162907268170426,0.0190058479532163,2.3421052631578947,1,2.2,5,1.5789473684210529,1,1.2,5,3.2,1.4,1.8,1.4,1.8,-0.4,1.8000000000000003,0.40000000000000013,2.2
2023-12-05,2023/24,Wolverhampton Wanderers,Burnley,1,0,H,4.0,3.0,8.0,3.0,14,14,15,7,8,0,14,19,1,4,2,2,1.0714285714285714,0.8,-0.2714285714285713,0.5,0.6,0.0999999999999999,-0.3714285714285713,0.5714285714285714,0.2,-0.3714285714285713,0.0,0.0,18,26,14,22,6,-2,6,6,0,1,24,24,0.3684210526315789,0.3684210526315789,0.0193905817174515,0.0136452241715399,14,22,0.0245614035087719,0.0160183066361556,0.0526315789473684,0.0526315789473684,1.0789473684210529,1,0.8,5,,0,0.6,5,1.6,2.0,-0.4,1.6,1.8,-0.2,0.0,-0.19999999999999996,-0.2
2023-12-05,2023/24,Luton Town,Arsenal,3,4,A,4.0,12.0,5.0,10.0,14,14,9,33,-24,0,18,1,0,0,0,0,0.6428571428571429,0.8,0.1571428571428571,2.357142857142857,2.4,0.0428571428571427,0.1142857142857144,-1.7142857142857144,-1.6,0.1142857142857145,0.0,0.0,24,0,20,-4,0,24,4,24,1,0,24,24,0.3684210526315789,0.3684210526315789,0.0147368421052631,0.3684210526315789,20,4,0.0175438596491228,0.0736842105263157,0.0736842105263157,0.0147368421052631,,0,0.8,5,2.210526315789474,1,2.4,5,1.0,1.8,-0.8,2.2,0.6,1.6,-1.2000000000000002,-1.2000000000000002,-2.4000000000000004
2023-12-06,2023/24,Brighton,Brentford,2,1,H,6.0,9.0,9.0,4.0,14,14,22,19,3,0,8,11,7,4,4,4,1.5714285714285714,1.2,-0.3714285714285714,1.3571428571428572,1.8,0.4428571428571428,-0.8142857142857143,0.2142857142857142,-0.6000000000000001,-0.8142857142857143,0.8142857142857143,-1.0,14,17,7,10,13,10,13,10,0,0,24,24,0.3684210526315789,0.3684210526315789,0.0245614035087719,0.0204678362573099,7,10,0.0460526315789473,0.0334928229665071,0.0263157894736842,0.0334928229665071,1.631578947368421,1,1.2,5,1.5526315789473684,1,1.8,5,1.6,1.6,0.0,1.6,1.4,0.2,0.0,-0.20000000000000018,-0.2
2023-12-06,2023/24,Crystal Palace,Bournemouth,0,2,A,4.0,10.0,5.0,4.0,14,14,16,13,3,0,14,17,6,0,2,2,1.1428571428571428,0.8,-0.3428571428571427,0.9285714285714286,2.0,1.0714285714285714,-1.414285714285714,0.2142857142857142,-1.2,-1.414285714285714,1.414285714285714,-1.0,20,23,13,16,7,4,7,4,0,0,24,24,0.3684210526315789,0.3684210526315789,0.0175438596491228,0.0153508771929824,13,16,0.0263157894736842,0.0216718266253869,0.0460526315789473,0.0736842105263157,1.1842105263157894,1,0.8,5,1.0263157894736843,1,2.0,5,1.4,1.6,-0.2,2.0,2.0,0.0,-0.6000000000000001,0.3999999999999999,-0.2
2023-12-06,2023/24,Fulham,Nottingham Forest,5,0,H,4.0,3.0,9.0,4.0,14,14,15,13,2,0,15,16,6,0,2,2,1.0714285714285714,0.8,-0.2714285714285713,0.9285714285714286,0.6,-0.3285714285714286,0.0571428571428572,0.1428571428571428,0.2,0.0571428571428572,0.0,0.0,21,23,14,16,6,4,6,4,0,0,24,24,0.3684210526315789,0.3684210526315789,0.0167464114832535,0.0153508771929824,14,16,0.0245614035087719,0.0216718266253869,0.0526315789473684,0.0736842105263157,1.368421052631579,1,0.8,5,1.0,1,0.6,5,1.6,2.2,-0.6,1.2,2.0,-0.8,0.40000000000000013,-0.20000000000000018,0.20000000000000007
2023-12-06,2023/24,Sheffield United,Liverpool,0,2,A,4.0,11.0,4.0,6.0,14,14,5,31,-26,0,20,2,0,0,0,0,0.3571428571428571,0.8,0.4428571428571429,2.2142857142857144,2.2,-0.0142857142857142,0.4571428571428571,-1.8571428571428568,-1.4,0.4571428571428571,0.0,0.0,31,5,24,-2,-4,22,8,22,1,0,24,24,0.3684210526315789,0.3684210526315789,0.0115131578947368,0.0614035087719298,24,2,0.0147368421052631,0.1228070175438596,0.0409356725146198,0.0160183066361556,,0,0.8,5,1.763157894736842,1,2.2,5,0.8,3.0,-2.2,2.4,1.0,1.4,-1.5999999999999999,-2.0,-3.6
2023-12-06,2023/24,Aston Villa,Manchester City,1,0,H,10.0,9.0,15.0,7.0,14,14,29,30,-1,0,4,3,1,10,4,4,2.071428571428572,2.0,-0.0714285714285716,2.142857142857143,1.8,-0.3428571428571427,0.2714285714285711,-0.0714285714285711,0.1999999999999999,0.2714285714285711,0.2714285714285711,1.0,7,6,0,-1,20,21,20,21,0,0,24,24,0.3684210526315789,0.3684210526315789,0.0460526315789473,0.0526315789473684,0,1,0.3684210526315789,0.1842105263157894,0.0175438596491228,0.0167464114832535,1.605263157894737,1,2.0,5,2.3421052631578947,1,1.8,5,2.0,1.4,0.6,3.4,1.8,1.6,-1.4,0.40000000000000013,-1.0
2023-12-06,2023/24,Manchester United,Chelsea,2,1,H,9.0,7.0,6.0,10.0,14,14,24,19,5,0,7,10,6,3,4,4,1.7142857142857142,1.8,0.0857142857142858,1.3571428571428572,1.4,0.0428571428571427,0.0428571428571431,0.357142857142857,0.4000000000000001,0.0428571428571431,0.0,0.0,12,17,5,10,15,10,15,10,0,0,24,24,0.3684210526315789,0.3684210526315789,0.0283400809716599,0.0204678362573099,5,10,0.0614035087719298,0.0334928229665071,0.0230263157894736,0.0334928229665071,1.973684210526316,1,1.8,5,1.1578947368421053,1,1.4,5,1.0,0.8,0.2,2.4,2.6,-0.2,-1.4,1.8,0.4
2023-12-07,2023/24,Everton,Newcastle United,3,0,H,10.0,10.0,4.0,5.0,14,14,17,26,-9,0,14,7,3,9,4,4,1.2142857142857142,2.0,0.7857142857142858,1.8571428571428568,2.0,0.1428571428571428,0.642857142857143,-0.642857142857143,0.0,0.642857142857143,0.0,0.0,19,10,13,4,8,17,8,17,0,0,24,24,0.3684210526315789,0.3684210526315789,0.0184210526315789,0.0334928229665071,13,4,0.0263157894736842,0.0736842105263157,0.0409356725146198,0.0204678362573099,0.9473684210526316,1,2.0,5,1.868421052631579,1,2.0,5,1.2,1.2,0.0,1.6,1.0,0.6,-0.40000000000000013,-0.19999999999999996,-0.6
2023-12-07,2023/24,Tottenham Hotspur,West Ham United,1,2,A,4.0,7.0,9.0,6.0,14,14,27,21,6,0,5,9,7,4,4,4,1.9285714285714288,0.8,-1.1285714285714286,1.5,1.4,-0.1,-1.0285714285714285,0.4285714285714286,-0.5999999999999999,-1.0285714285714285,1.0285714285714285,-1.0,9,15,3,9,18,12,18,12,0,0,24,24,0.3684210526315789,0.3684210526315789,0.0368421052631578,0.0230263157894736,3,9,0.0921052631578947,0.0368421052631578,0.0193905817174515,0.0283400809716599,1.5789473684210529,1,0.8,5,1.0526315789473684,1,1.4,5,1.6,2.4,-0.8,1.6,1.6,0.0,0.0,-0.7999999999999998,-0.8
2023-12-09,2023/24,Crystal Palace,Liverpool,1,2,A,4.0,11.0,2.0,6.0,15,15,16,34,-18,0,15,2,2,8,4,4,1.0666666666666669,0.8,-0.2666666666666666,2.2666666666666666,2.2,-0.0666666666666664,-0.2000000000000001,-1.2,-1.4,-0.2000000000000001,0.0,0.0,20,2,14,-4,7,25,7,25,0,0,23,23,0.3947368421052631,0.3947368421052631,0.018796992481203,0.131578947368421,14,4,0.0263157894736842,0.0789473684210526,0.0493421052631578,0.0151821862348178,1.1842105263157894,1,0.8,5,1.763157894736842,1,2.2,5,1.2,1.6,-0.4,2.2,1.0,1.2,-1.0000000000000002,-0.6000000000000001,-1.6
2023-12-09,2023/24,Brighton,Burnley,1,1,D,8.0,3.0,9.0,3.0,15,15,25,7,18,0,8,19,3,3,2,2,1.6666666666666667,1.6,-0.0666666666666666,0.4666666666666667,0.6,0.1333333333333333,-0.1999999999999999,1.2000000000000002,1.0,-0.2000000000000001,0.0,0.0,11,29,5,23,16,-2,16,6,0,1,23,23,0.3947368421052631,0.3947368421052631,0.0328947368421052,0.0131578947368421,5,23,0.0657894736842105,0.0164473684210526,0.023219814241486,0.056390977443609,1.631578947368421,1,1.6,5,,0,0.6,5,1.8,1.6,0.2,1.4,1.6,-0.2,0.40000000000000013,0.0,0.4
2023-12-09,2023/24,Manchester United,Bournemouth,0,3,A,12.0,10.0,9.0,6.0,15,15,27,16,11,0,6,16,6,0,2,2,1.8,2.4,0.5999999999999999,1.0666666666666669,2.0,0.9333333333333332,-0.3333333333333335,0.7333333333333334,0.3999999999999999,-0.3333333333333335,0.0,0.0,9,20,3,14,18,7,18,7,0,0,23,23,0.3947368421052631,0.3947368421052631,0.0394736842105263,0.018796992481203,3,14,0.0986842105263157,0.0263157894736842,0.020775623268698,0.0493421052631578,1.973684210526316,1,2.4,5,1.0263157894736843,1,2.0,5,1.4,0.4,1.0,2.0,1.8,0.2,-0.6000000000000001,1.4,0.8
2023-12-09,2023/24,Sheffield United,Brentford,1,0,H,4.0,6.0,3.0,4.0,15,15,5,19,-14,0,20,12,0,0,0,0,0.3333333333333333,0.8,0.4666666666666667,1.2666666666666666,1.2,-0.0666666666666666,0.5333333333333334,-0.9333333333333332,-0.3999999999999999,0.5333333333333334,0.0,0.0,31,17,25,11,-4,10,8,10,1,0,23,23,0.3947368421052631,0.3947368421052631,0.0123355263157894,0.0219298245614035,25,11,0.0151821862348178,0.0328947368421052,0.043859649122807,0.0358851674641148,,0,0.8,5,1.5526315789473684,1,1.2,5,0.8,2.4,-1.6,1.4,1.8,-0.4,-0.5999999999999999,-0.5999999999999999,-1.2000000000000002
2023-12-09,2023/24,Wolverhampton Wanderers,Nottingham Forest,1,1,D,6.0,3.0,11.0,1.0,15,15,18,13,5,0,14,17,4,1,2,2,1.2,1.2,0.0,0.8666666666666667,0.6,-0.2666666666666667,0.2666666666666667,0.3333333333333332,0.6,0.2666666666666667,0.0,0.0,18,23,12,17,9,4,9,4,0,0,23,23,0.3947368421052631,0.3947368421052631,0.020775623268698,0.0164473684210526,12,17,0.0303643724696356,0.0219298245614035,0.0394736842105263,0.0789473684210526,1.0789473684210529,1,1.2,5,1.0,1,0.6,5,1.4,1.6,-0.2,1.2,2.4,-1.2,0.19999999999999996,0.7999999999999998,1.0
2023-12-09,2023/24,Aston Villa,Arsenal,1,0,H,10.0,12.0,15.0,10.0,15,15,32,36,-4,0,3,1,0,12,4,4,2.1333333333333333,2.0,-0.1333333333333333,2.4,2.4,0.0,-0.1333333333333333,-0.2666666666666666,-0.3999999999999999,-0.1333333333333333,0.0,0.0,4,0,-2,-6,23,27,23,27,0,0,23,23,0.3947368421052631,0.3947368421052631,0.0789473684210526,0.3947368421052631,2,6,0.131578947368421,0.056390977443609,0.0164473684210526,0.0140977443609022,1.605263157894737,1,2.0,5,2.210526315789474,1,2.4,5,1.6,1.2,0.4,2.0,1.2,0.8,-0.3999999999999999,0.0,-0.4
2023-12-10,2023/24,Luton Town,Manchester City,1,2,A,4.0,6.0,4.0,4.0,15,15,9,30,-21,0,18,4,0,0,0,0,0.6,0.8,0.2,2.0,1.2,-0.8,1.0,-1.4,-0.3999999999999999,1.0,0.0,0.0,28,7,21,0,0,21,5,21,1,0,23,23,0.3947368421052631,0.3947368421052631,0.013611615245009,0.0493421052631578,21,0,0.0179425837320574,0.3947368421052631,0.0657894736842105,0.0179425837320574,,0,0.8,5,2.3421052631578947,1,1.2,5,1.4,2.0,-0.6,2.8,2.0,0.8,-1.4,0.0,-1.4
2023-12-10,2023/24,Everton,Chelsea,2,0,H,10.0,7.0,7.0,9.0,15,15,20,19,1,0,10,11,5,5,4,4,1.3333333333333333,2.0,0.6666666666666667,1.2666666666666666,1.4,0.1333333333333333,0.5333333333333334,0.0666666666666666,0.6000000000000001,0.5333333333333334,0.0,0.0,17,18,10,11,11,10,11,10,0,0,23,23,0.3947368421052631,0.3947368421052631,0.0219298245614035,0.020775623268698,10,11,0.0358851674641148,0.0328947368421052,0.0328947368421052,0.0358851674641148,0.9473684210526316,1,2.0,5,1.1578947368421053,1,1.4,5,1.6,1.2,0.4,2.6,2.6,0.0,-1.0,1.4000000000000001,0.4
2023-12-10,2023/24,Fulham,West Ham United,5,0,H,6.0,10.0,9.0,6.0,15,15,18,24,-6,0,15,9,0,6,2,2,1.2,1.2,0.0,1.6,2.0,0.3999999999999999,-0.3999999999999999,-0.4000000000000001,-0.8,-0.3999999999999999,0.0,0.0,19,13,12,6,9,15,9,15,0,0,23,23,0.3947368421052631,0.3947368421052631,0.0197368421052631,0.0281954887218045,12,6,0.0303643724696356,0.056390977443609,0.0394736842105263,0.0246710526315789,1.368421052631579,1,1.2,5,1.0526315789473684,1,2.0,5,2.4,2.0,0.4,2.0,1.6,0.4,0.3999999999999999,-0.3999999999999999,0.0
2023-12-10,2023/24,Tottenham Hotspur,Newcastle United,4,1,H,1.0,9.0,6.0,5.0,15,15,27,26,1,0,5,7,6,6,4,4,1.8,0.2,-1.6,1.7333333333333334,1.8,0.0666666666666666,-1.6666666666666667,0.0666666666666666,-1.6,-1.6666666666666667,1.6666666666666667,-1.0,10,11,3,4,18,17,18,17,0,0,23,23,0.3947368421052631,0.3947368421052631,0.0358851674641148,0.0328947368421052,3,4,0.0986842105263157,0.0789473684210526,0.020775623268698,0.0219298245614035,1.5789473684210529,1,0.2,5,1.868421052631579,1,1.8,5,1.4,2.6,-1.2,1.2,1.2,0.0,0.19999999999999996,-1.4000000000000001,-1.2
2023-12-15,2023/24,Nottingham Forest,Tottenham Hotspur,0,2,A,1.0,4.0,5.0,8.0,16,16,14,30,-16,0,17,5,0,6,2,2,0.875,0.2,-0.675,1.875,0.8,-1.075,0.3999999999999999,-1.0,-0.6000000000000001,0.3999999999999999,0.0,0.0,23,7,19,3,5,21,5,21,0,0,22,22,0.4210526315789473,0.4210526315789473,0.0175438596491228,0.0526315789473684,19,3,0.0210526315789473,0.1052631578947368,0.0701754385964912,0.0191387559808612,1.0,1,0.2,5,1.5789473684210529,1,0.8,5,1.0,2.6,-1.6,2.0,2.0,0.0,-1.0,-0.6000000000000001,-1.6
2023-12-16,2023/24,Chelsea,Sheffield United,2,0,H,4.0,4.0,5.0,1.0,16,16,19,8,11,0,13,20,0,0,0,0,1.1875,0.8,-0.3874999999999999,0.5,0.8,0.3,-0.6875,0.6875,0.0,-0.6875,0.0,0.0,18,29,14,25,10,-1,10,6,0,1,22,22,0.4210526315789473,0.4210526315789473,0.0221606648199446,0.0140350877192982,14,25,0.0280701754385964,0.0161943319838056,0.0382775119617224,0.0601503759398496,1.1578947368421053,1,0.8,5,,0,0.8,5,1.8,2.8,-1.0,0.6,2.2,-1.6,1.2000000000000002,-0.5999999999999996,0.6000000000000001
2023-12-16,2023/24,Manchester City,Crystal Palace,2,2,D,6.0,1.0,11.0,7.0,16,16,33,16,17,0,4,16,7,4,4,4,2.0625,1.2,-0.8625,1.0,0.2,-0.8,-0.0625,1.0625,1.0,-0.0625,0.0,0.0,4,21,0,17,24,7,24,7,0,0,22,22,0.4210526315789473,0.4210526315789473,0.0842105263157894,0.0191387559808612,0,17,0.4210526315789473,0.023391812865497,0.0168421052631578,0.0526315789473684,2.3421052631578947,1,1.2,5,1.1842105263157894,1,0.2,5,2.0,2.0,0.0,1.0,2.0,-1.0,1.0,0.0,1.0
2023-12-16,2023/24,Newcastle United,Fulham,3,0,H,6.0,9.0,15.0,2.0,16,16,26,21,5,0,7,11,6,0,2,2,1.625,1.2,-0.425,1.3125,1.8,0.4875,-0.9125,0.3125,-0.6000000000000001,-0.9125,0.9125,-1.0,11,16,7,12,17,12,17,12,0,0,22,22,0.4210526315789473,0.4210526315789473,0.0350877192982456,0.0247678018575851,7,12,0.0526315789473684,0.0323886639676113,0.023391812865497,0.0323886639676113,1.868421052631579,1,1.2,5,1.368421052631579,1,1.8,5,1.2,2.0,-0.8,3.4,1.8,1.6,-2.2,-0.19999999999999996,-2.4000000000000004
2023-12-16,2023/24,Burnley,Everton,0,2,A,4.0,12.0,3.0,12.0,16,16,8,23,-15,0,19,10,3,3,2,2,0.5,0.8,0.3,1.4375,2.4,0.9625,-0.6624999999999999,-0.9375,-1.6,-0.6624999999999999,0.0,0.0,29,14,25,10,-1,14,6,14,1,0,22,22,0.4210526315789473,0.4210526315789473,0.0140350877192982,0.0280701754385964,25,10,0.0161943319838056,0.0382775119617224,0.0601503759398496,0.0280701754385964,,0,0.8,5,0.9473684210526316,1,2.4,5,1.6,1.4,0.2,1.8,1.0,0.8,-0.19999999999999996,-0.3999999999999999,-0.6000000000000001
2023-12-17,2023/24,Arsenal,Brighton,2,0,H,12.0,8.0,13.0,4.0,16,16,36,26,10,0,2,8,4,7,4,4,2.25,2.4,0.1499999999999999,1.625,1.6,-0.0249999999999999,0.1749999999999998,0.625,0.7999999999999998,0.1749999999999998,0.0,0.0,1,11,-2,8,27,17,27,17,0,0,22,22,0.4210526315789473,0.4210526315789473,0.2105263157894736,0.0350877192982456,2,8,0.1403508771929824,0.0467836257309941,0.0150375939849624,0.023391812865497,2.210526315789474,1,2.4,5,1.631578947368421,1,1.6,5,2.0,1.2,0.8,1.8,1.6,0.2,0.19999999999999996,0.40000000000000013,0.6000000000000001
2023-12-17,2023/24,Brentford,Aston Villa,1,2,A,3.0,13.0,9.0,8.0,16,16,19,35,-16,0,13,3,5,5,4,4,1.1875,0.6,-0.5875,2.1875,2.6,0.4125000000000001,-1.0,-1.0,-2.0,-1.0,0.0,0.0,18,2,15,-1,10,26,10,26,0,0,22,22,0.4210526315789473,0.4210526315789473,0.0221606648199446,0.1403508771929824,15,1,0.0263157894736842,0.2105263157894736,0.0382775119617224,0.0155945419103313,1.5526315789473684,1,0.6,5,1.605263157894737,1,2.6,5,0.8,1.6,-0.8,1.8,0.8,1.0,-1.0,-0.8,-1.8
2023-12-17,2023/24,West Ham United,Wolverhampton Wanderers,3,0,H,10.0,7.0,8.0,4.0,16,16,24,19,5,0,10,14,6,6,4,4,1.5,2.0,0.5,1.1875,1.4,0.2124999999999999,0.2875000000000001,0.3125,0.6000000000000001,0.2875000000000001,0.0,0.0,13,18,10,15,15,10,15,10,0,0,22,22,0.4210526315789473,0.4210526315789473,0.0300751879699248,0.0221606648199446,10,15,0.0382775119617224,0.0263157894736842,0.0263157894736842,0.0382775119617224,1.0526315789473684,1,2.0,5,1.0789473684210529,1,1.4,5,1.6,2.0,-0.4,1.4,1.4,0.0,0.20000000000000018,-0.6000000000000001,-0.4
2023-12-17,2023/24,Liverpool,Manchester United,0,0,D,13.0,9.0,15.0,12.0,16,16,37,27,10,0,1,7,9,3,4,4,2.3125,2.6,0.2875000000000001,1.6875,1.8,0.1125,0.175,0.625,0.8,0.175,0.0,0.0,0,10,-3,7,28,18,28,18,0,0,22,22,0.4210526315789473,0.4210526315789473,0.4210526315789473,0.0382775119617224,3,7,0.1052631578947368,0.0526315789473684,0.014519056261343,0.0221606648199446,1.763157894736842,1,2.6,5,1.973684210526316,1,1.8,5,2.4,1.0,1.4,1.2,1.0,0.2,1.2,0.0,1.2
2023-12-21,2023/24,Crystal Palace,Brighton,1,1,D,2.0,7.0,1.0,4.0,17,17,17,26,-9,0,16,9,3,6,4,4,1.0,0.4,-0.6,1.5294117647058822,1.4,-0.1294117647058823,-0.4705882352941176,-0.5294117647058822,-1.0,-0.4705882352941176,0.0,0.0,22,13,17,8,8,17,8,17,0,0,21,21,0.4473684210526316,0.4473684210526316,0.0194508009153318,0.0319548872180451,17,8,0.0248538011695906,0.0497076023391812,0.0497076023391812,0.0248538011695906,1.1842105263157894,1,0.4,5,1.631578947368421,1,1.4,5,1.0,1.8,-0.8,1.6,1.8,-0.2,-0.6000000000000001,0.0,-0.6000000000000001
2023-12-22,2023/24,Aston Villa,Sheffield United,1,1,D,13.0,3.0,15.0,1.0,17,17,38,8,30,0,3,20,0,0,0,0,2.235294117647059,2.6,0.3647058823529412,0.4705882352941176,0.6,0.1294117647058823,0.2352941176470588,1.7647058823529411,2.0,0.2352941176470588,0.0,0.0,1,31,-4,26,29,-1,29,6,0,1,21,21,0.4473684210526316,0.4473684210526316,0.2236842105263158,0.0139802631578947,4,26,0.0894736842105263,0.016569200779727,0.0149122807017543,0.0639097744360902,1.605263157894737,1,2.6,5,,0,0.6,5,1.6,0.8,0.8,0.4,2.4,-2.0,1.2000000000000002,1.5999999999999999,2.8
2023-12-23,2023/24,Fulham,Burnley,0,2,A,9.0,4.0,12.0,1.0,17,17,21,8,13,0,12,20,0,0,0,0,1.2352941176470589,1.8,0.5647058823529412,0.4705882352941176,0.8,0.3294117647058824,0.2352941176470587,0.7647058823529412,1.0,0.2352941176470587,0.0,0.0,18,31,13,26,12,-1,12,6,0,1,21,21,0.4473684210526316,0.4473684210526316,0.0235457063711911,0.0139802631578947,13,26,0.0319548872180451,0.016569200779727,0.034412955465587,0.0639097744360902,1.368421052631579,1,1.8,5,,0,0.8,5,3.2,1.8,1.4,1.4,1.2,0.2,1.8000000000000003,-0.6000000000000001,1.2
2023-12-23,2023/24,Luton Town,Newcastle United,1,0,H,3.0,9.0,4.0,2.0,16,17,9,29,-20,-1,18,6,0,0,0,0,0.5625,0.6,0.0374999999999999,1.7058823529411764,1.8,0.0941176470588236,-0.0566176470588236,-1.1433823529411764,-1.2000000000000002,-0.0566176470588237,0.0,0.0,30,10,25,5,0,20,5,20,1,0,22,21,0.4210526315789473,0.4473684210526316,0.0135823429541595,0.0406698564593301,25,5,0.0161943319838056,0.0745614035087719,0.0701754385964912,0.0213032581453634,,0,0.6,5,1.868421052631579,1,1.8,5,1.4,2.2,-0.8,1.8,1.6,0.2,-0.40000000000000013,-0.6000000000000001,-1.0
2023-12-23,2023/24,West Ham United,Manchester United,2,0,H,10.0,7.0,8.0,10.0,17,17,27,28,-1,0,9,7,3,9,4,4,1.588235294117647,2.0,0.411764705882353,1.6470588235294117,1.4,-0.2470588235294117,0.6588235294117648,-0.0588235294117647,0.6000000000000001,0.6588235294117648,0.6588235294117648,1.0,12,11,7,6,18,19,18,19,0,0,21,21,0.4473684210526316,0.4473684210526316,0.034412955465587,0.0372807017543859,7,6,0.0559210526315789,0.0639097744360902,0.0235457063711911,0.0223684210526315,1.0526315789473684,1,2.0,5,1.973684210526316,1,1.4,5,1.6,1.6,0.0,1.0,1.0,0.0,0.6000000000000001,-0.6000000000000001,0.0
2023-12-23,2023/24,Liverpool,Arsenal,1,1,D,11.0,12.0,13.0,7.0,17,17,38,39,-1,0,3,1,7,4,4,4,2.235294117647059,2.2,-0.0352941176470587,2.294117647058824,2.4,0.1058823529411765,-0.1411764705882352,-0.0588235294117645,-0.1999999999999997,-0.1411764705882352,0.0,0.0,1,0,-4,-5,29,30,29,30,0,0,21,21,0.4473684210526316,0.4473684210526316,0.2236842105263158,0.4473684210526316,4,5,0.0894736842105263,0.0745614035087719,0.0149122807017543,0.0144312393887945,1.763157894736842,1,2.2,5,2.210526315789474,1,2.4,5,1.8,1.0,0.8,1.8,1.0,0.8,0.0,0.0,0.0
2023-12-23,2023/24,Nottingham Forest,Bournemouth,2,3,A,1.0,13.0,4.0,9.0,17,16,14,19,-5,1,17,15,1,4,2,2,0.8235294117647058,0.2,-0.6235294117647059,1.1875,2.6,1.4125,-2.036029411764706,-0.3639705882352941,-2.4,-2.036029411764706,0.0,0.0,25,20,20,15,5,10,5,10,0,0,21,22,0.4473684210526316,0.4210526315789473,0.0172064777327935,0.0200501253132832,20,15,0.0213032581453634,0.0263157894736842,0.0745614035087719,0.0382775119617224,1.0,1,0.2,5,1.0263157894736843,1,2.6,5,0.6,2.4,-1.8,2.4,0.6,1.8,-1.7999999999999998,-1.7999999999999998,-3.6
2023-12-23,2023/24,Tottenham Hotspur,Everton,2,1,H,7.0,12.0,6.0,12.0,17,17,33,26,7,0,5,10,8,2,4,4,1.9411764705882355,1.4,-0.5411764705882354,1.5294117647058822,2.4,0.8705882352941177,-1.411764705882353,0.411764705882353,-1.0,-1.411764705882353,1.411764705882353,-1.0,6,13,1,8,24,17,24,17,0,0,21,21,0.4473684210526316,0.4473684210526316,0.0639097744360902,0.0319548872180451,1,8,0.2236842105263158,0.0497076023391812,0.0178947368421052,0.0248538011695906,1.5789473684210529,1,1.4,5,0.9473684210526316,1,2.4,5,2.2,1.6,0.6,1.6,0.6,1.0,0.6000000000000001,-1.0,-0.4
2023-12-24,2023/24,Wolverhampton Wanderers,Chelsea,2,1,H,4.0,6.0,9.0,6.0,17,17,19,22,-3,0,15,11,5,5,4,4,1.1176470588235294,0.8,-0.3176470588235294,1.2941176470588236,1.2,-0.0941176470588236,-0.2235294117647057,-0.1764705882352941,-0.3999999999999999,-0.2235294117647057,0.0,0.0,21,18,17,14,7,10,7,10,0,0,21,21,0.4473684210526316,0.4473684210526316,0.020334928229665,0.0235457063711911,17,14,0.0248538011695906,0.0298245614035087,0.0559210526315789,0.0406698564593301,1.0789473684210529,1,0.8,5,1.1578947368421053,1,1.2,5,1.0,1.8,-0.8,1.4,2.0,-0.6,-0.3999999999999999,0.19999999999999996,-0.20000000000000007
2023-12-26,2023/24,Newcastle United,Nottingham Forest,1,3,A,6.0,1.0,15.0,2.0,18,18,29,14,15,0,7,17,6,0,2,2,1.6111111111111112,1.2,-0.4111111111111112,0.7777777777777778,0.2,-0.5777777777777777,0.1666666666666665,0.8333333333333334,1.0,0.1666666666666666,0.0,0.0,11,26,7,22,17,2,17,2,0,0,20,20,0.4736842105263157,0.4736842105263157,0.0394736842105263,0.0175438596491228,7,22,0.0592105263157894,0.0205949656750572,0.0263157894736842,0.1578947368421052,1.868421052631579,1,1.2,5,1.0,1,0.2,5,1.0,1.6,-0.6,0.6,2.4,-1.8,0.4,0.7999999999999998,1.2000000000000002
2023-12-26,2023/24,Bournemouth,Fulham,3,0,H,13.0,6.0,7.0,1.0,17,18,22,21,1,-1,13,14,4,1,2,2,1.2941176470588236,2.6,1.3058823529411765,1.1666666666666667,1.2,0.0333333333333332,1.2725490196078433,0.1274509803921568,1.4,1.2725490196078433,0.0,0.0,18,19,14,15,10,9,10,9,0,0,21,20,0.4473684210526316,0.4736842105263157,0.0235457063711911,0.0236842105263157,14,15,0.0298245614035087,0.0296052631578947,0.0406698564593301,0.0473684210526315,1.0263157894736843,1,2.6,5,1.368421052631579,1,1.2,5,2.6,1.0,1.6,2.6,1.8,0.8,0.0,0.8,0.8
2023-12-26,2023/24,Sheffield United,Luton Town,2,3,A,4.0,6.0,6.0,4.0,18,17,9,12,-3,1,20,18,0,0,0,0,0.5,0.8,0.3,0.7058823529411765,1.2,0.4941176470588234,-0.1941176470588234,-0.2058823529411765,-0.3999999999999999,-0.1941176470588234,0.0,0.0,31,28,27,24,-3,0,5,2,1,1,20,21,0.4736842105263157,0.4473684210526316,0.0148026315789473,0.0154264972776769,27,24,0.0169172932330827,0.0178947368421052,0.0789473684210526,0.1491228070175438,,0,0.8,5,,0,1.2,5,0.4,2.0,-1.6,1.6,2.0,-0.4,-1.2000000000000002,0.0,-1.2000000000000002
2023-12-26,2023/24,Burnley,Liverpool,0,2,A,7.0,11.0,3.0,9.0,18,18,11,39,-28,0,19,2,0,6,2,2,0.6111111111111112,1.4,0.7888888888888888,2.1666666666666665,2.2,0.0333333333333336,0.7555555555555551,-1.5555555555555554,-0.8000000000000003,0.7555555555555551,0.0,0.0,29,1,25,-3,-1,27,3,27,1,0,20,20,0.4736842105263157,0.4736842105263157,0.0157894736842105,0.2368421052631578,25,3,0.0182186234817813,0.1184210526315789,0.1184210526315789,0.0169172932330827,,0,1.4,5,1.763157894736842,1,2.2,5,1.6,0.8,0.8,1.8,1.0,0.8,-0.19999999999999996,0.19999999999999996,0.0
2023-12-26,2023/24,Manchester United,Aston Villa,3,2,H,4.0,11.0,9.0,8.0,18,18,28,39,-11,0,8,3,4,7,4,4,1.5555555555555556,0.8,-0.7555555555555555,2.1666666666666665,2.2,0.0333333333333336,-0.7888888888888892,-0.6111111111111109,-1.4,-0.7888888888888892,0.0,0.0,12,1,8,-3,16,27,16,27,0,0,20,20,0.4736842105263157,0.4736842105263157,0.0364372469635627,0.2368421052631578,8,3,0.0526315789473684,0.1184210526315789,0.0278637770897832,0.0169172932330827,1.973684210526316,1,0.8,5,1.605263157894737,1,2.2,5,0.4,1.4,-1.0,1.4,0.8,0.6,-0.9999999999999999,-0.5999999999999999,-1.6
2023-12-27,2023/24,Brentford,Wolverhampton Wanderers,1,4,A,3.0,7.0,9.0,3.0,17,18,19,22,-3,-1,15,13,4,7,4,4,1.1176470588235294,0.6,-0.5176470588235295,1.2222222222222223,1.4,0.1777777777777776,-0.695424836601307,-0.1045751633986928,-0.7999999999999999,-0.695424836601307,0.0,0.0,23,20,17,14,4,7,4,7,0,0,21,20,0.4473684210526316,0.4736842105263157,0.0186403508771929,0.0225563909774436,17,14,0.0248538011695906,0.031578947368421,0.0894736842105263,0.0592105263157894,1.5526315789473684,1,0.6,5,1.0789473684210529,1,1.4,5,1.0,1.4,-0.4,1.0,1.4,-0.4,0.0,0.0,0.0
2023-12-27,2023/24,Chelsea,Crystal Palace,2,1,H,6.0,3.0,8.0,5.0,18,18,22,18,4,0,12,16,12,0,4,4,1.2222222222222223,1.2,-0.0222222222222223,1.0,0.6,-0.4,0.3777777777777776,0.2222222222222223,0.6,0.3777777777777776,0.0,0.0,20,24,14,18,7,3,7,3,0,0,20,20,0.4736842105263157,0.4736842105263157,0.0225563909774436,0.0189473684210526,14,18,0.031578947368421,0.0249307479224376,0.0592105263157894,0.1184210526315789,1.1578947368421053,1,1.2,5,1.1842105263157894,1,0.6,5,1.4,1.6,-0.2,1.0,1.6,-0.6,0.3999999999999999,0.0,0.39999999999999997
2023-12-27,2023/24,Everton,Manchester City,1,3,A,12.0,6.0,10.0,7.0,18,17,26,34,-8,1,10,5,1,10,4,4,1.4444444444444444,2.4,0.9555555555555556,2.0,1.2,-0.8,1.7555555555555555,-0.5555555555555556,1.2,1.7555555555555555,1.7555555555555555,1.0,16,8,10,2,11,19,11,19,0,0,20,21,0.4736842105263157,0.4473684210526316,0.0278637770897832,0.0497076023391812,10,2,0.0430622009569377,0.1491228070175438,0.0394736842105263,0.0223684210526315,0.9473684210526316,1,2.4,5,2.3421052631578947,1,1.2,5,1.8,0.4,1.4,1.6,1.6,0.0,0.19999999999999996,1.2000000000000002,1.4
2023-12-28,2023/24,Brighton,Tottenham Hotspur,4,2,H,5.0,10.0,7.0,10.0,18,18,27,36,-9,0,9,5,3,9,4,4,1.5,1.0,-0.5,2.0,2.0,0.0,-0.5,-0.5,-1.0,-0.5,0.0,0.0,15,6,10,1,12,21,12,21,0,0,20,20,0.4736842105263157,0.4736842105263157,0.0296052631578947,0.0676691729323308,10,1,0.0430622009569377,0.2368421052631578,0.0364372469635627,0.0215311004784688,1.631578947368421,1,1.0,5,1.5789473684210529,1,2.0,5,1.2,1.6,-0.4,2.4,1.4,1.0,-1.2,-0.20000000000000018,-1.4
2023-12-28,2023/24,Arsenal,West Ham United,0,2,A,10.0,10.0,15.0,6.0,18,18,40,30,10,0,2,7,10,1,4,4,2.2222222222222223,2.0,-0.2222222222222223,1.6666666666666667,2.0,0.3333333333333332,-0.5555555555555556,0.5555555555555556,0.0,-0.5555555555555556,0.0,0.0,2,12,-3,7,25,15,25,15,0,0,20,20,0.4736842105263157,0.4736842105263157,0.1578947368421052,0.0364372469635627,3,7,0.1184210526315789,0.0592105263157894,0.0182186234817813,0.0296052631578947,2.210526315789474,1,2.0,5,1.0526315789473684,1,2.0,5,1.8,1.2,0.6,1.6,1.4,0.2,0.19999999999999996,0.19999999999999996,0.39999999999999997
2023-12-30,2023/24,Aston Villa,Burnley,3,2,H,10.0,4.0,13.0,4.0,19,19,39,11,28,0,3,19,7,1,3,3,2.0526315789473686,2.0,-0.0526315789473685,0.5789473684210527,0.8,0.2210526315789474,-0.273684210526316,1.473684210526316,1.2,-0.273684210526316,0.0,0.0,3,31,-2,26,24,-4,24,6,0,1,19,19,0.5,0.5,0.125,0.015625,2,26,0.1666666666666666,0.0185185185185185,0.02,0.0714285714285714,1.605263157894737,1,2.0,5,,0,0.8,5,1.4,1.0,0.4,0.6,1.2,-0.6,0.7999999999999999,0.19999999999999996,1.0
2023-12-30,2023/24,Crystal Palace,Brentford,3,1,H,2.0,3.0,1.0,3.0,19,18,18,19,-1,1,16,15,5,5,5,5,0.9473684210526316,0.4,-0.5473684210526315,1.0555555555555556,0.6,-0.4555555555555556,-0.0918128654970759,-0.108187134502924,-0.1999999999999999,-0.0918128654970759,0.0,0.0,24,23,19,18,3,4,3,4,0,0,19,20,0.5,0.4736842105263157,0.02,0.0197368421052631,19,18,0.025,0.0249307479224376,0.125,0.0947368421052631,1.1842105263157894,1,0.4,5,1.5526315789473684,1,0.6,5,1.0,1.8,-0.8,1.2,2.0,-0.8,-0.19999999999999996,0.19999999999999996,0.0
2023-12-30,2023/24,Luton Town,Chelsea,2,3,A,6.0,6.0,7.0,3.0,18,19,15,25,-10,-1,18,11,0,3,1,1,0.8333333333333334,1.2,0.3666666666666666,1.3157894736842106,1.2,-0.1157894736842106,0.4824561403508772,-0.4824561403508772,0.0,0.4824561403508772,0.0,0.0,27,17,22,12,0,10,2,10,1,0,20,19,0.4736842105263157,0.5,0.0169172932330827,0.0277777777777777,22,12,0.0205949656750572,0.0384615384615384,0.1578947368421052,0.0454545454545454,,0,1.2,5,1.1578947368421053,1,1.2,5,1.8,2.2,-0.4,1.2,1.4,-0.2,0.6000000000000001,-0.8000000000000003,-0.2
2023-12-30,2023/24,Wolverhampton Wanderers,Everton,3,0,H,10.0,9.0,11.0,12.0,19,19,25,26,-1,0,12,10,13,1,5,5,1.3157894736842106,2.0,0.6842105263157894,1.368421052631579,1.8,0.431578947368421,0.2526315789473683,-0.0526315789473683,0.1999999999999999,0.2526315789473683,0.2526315789473683,1.0,17,16,12,11,10,11,10,11,0,0,19,19,0.5,0.5,0.0277777777777777,0.0294117647058823,12,11,0.0384615384615384,0.0416666666666666,0.0454545454545454,0.0416666666666666,1.0789473684210529,1,2.0,5,0.9473684210526316,1,1.8,5,1.6,1.2,0.4,1.8,1.0,0.8,-0.19999999999999996,-0.19999999999999996,-0.4
2023-12-30,2023/24,Nottingham Forest,Manchester United,2,1,H,4.0,7.0,3.0,7.0,19,19,17,31,-14,0,17,7,0,9,3,3,0.8947368421052632,0.8,-0.0947368421052631,1.631578947368421,1.4,-0.2315789473684211,0.136842105263158,-0.7368421052631579,-0.5999999999999999,0.136842105263158,0.0,0.0,25,11,20,6,2,16,2,16,0,0,19,19,0.5,0.5,0.0192307692307692,0.0416666666666666,20,6,0.0238095238095238,0.0714285714285714,0.1666666666666666,0.0294117647058823,1.0,1,0.8,5,1.973684210526316,1,1.4,5,1.2,2.4,-1.2,1.0,1.6,-0.6,0.19999999999999996,-0.7999999999999998,-0.6
2023-12-30,2023/24,Manchester City,Sheffield United,2,0,H,8.0,4.0,9.0,2.0,18,19,37,9,28,-1,4,20,3,0,1,1,2.055555555555556,1.6,-0.4555555555555552,0.4736842105263157,0.8,0.3263157894736843,-0.7818713450292396,1.5818713450292397,0.8,-0.7818713450292396,0.0,0.0,5,33,0,28,22,-6,22,8,0,1,20,19,0.4736842105263157,0.5,0.0789473684210526,0.0147058823529411,0,28,0.4736842105263157,0.0172413793103448,0.0205949656750572,0.0555555555555555,2.3421052631578947,1,1.6,5,,0,0.8,5,2.0,1.6,0.4,0.8,1.6,-0.8,1.2,0.0,1.2000000000000002
2023-12-31,2023/24,Fulham,Arsenal,2,1,H,6.0,7.0,9.0,7.0,19,19,21,40,-19,0,15,4,1,7,3,3,1.105263157894737,1.2,0.094736842105263,2.1052631578947367,1.4,-0.7052631578947368,0.7999999999999998,-0.9999999999999998,-0.1999999999999999,0.7999999999999998,0.0,0.0,21,2,19,0,6,25,6,25,0,0,19,19,0.5,0.5,0.0227272727272727,0.1666666666666666,19,0,0.025,0.5,0.0714285714285714,0.0192307692307692,1.368421052631579,1,1.2,5,2.210526315789474,1,1.4,5,2.0,1.6,0.4,1.4,1.4,0.0,0.6000000000000001,-0.20000000000000018,0.4
2023-12-31,2023/24,Tottenham Hotspur,Bournemouth,3,1,H,9.0,13.0,6.0,12.0,19,18,36,25,11,1,5,13,6,3,3,3,1.894736842105263,1.8,-0.094736842105263,1.3888888888888888,2.6,1.2111111111111112,-1.3058479532163745,0.5058479532163742,-0.8,-1.3058479532163745,1.3058479532163745,-1.0,6,17,4,15,21,10,21,10,0,0,19,20,0.5,0.4736842105263157,0.0714285714285714,0.0263157894736842,4,15,0.1,0.0296052631578947,0.0227272727272727,0.0430622009569377,1.5789473684210529,1,1.8,5,1.0263157894736843,1,2.6,5,2.2,1.6,0.6,2.6,0.8,1.8,-0.3999999999999999,-0.8,-1.2000000000000002
2024-01-01,2023/24,Liverpool,Newcastle United,4,2,H,11.0,3.0,11.0,1.0,19,19,42,29,13,0,1,9,15,0,5,5,2.210526315789474,2.2,-0.0105263157894737,1.5263157894736843,0.6,-0.9263157894736844,0.9157894736842106,0.6842105263157896,1.6,0.9157894736842104,0.0,0.0,0,13,-2,11,27,14,27,14,0,0,19,19,0.5,0.5,0.5,0.0357142857142857,2,11,0.1666666666666666,0.0416666666666666,0.0178571428571428,0.0333333333333333,1.763157894736842,1,2.2,5,1.868421052631579,1,0.6,5,1.4,0.4,1.0,1.0,2.2,-1.2,0.3999999999999999,1.8000000000000003,2.2
2024-01-02,2023/24,West Ham United,Brighton,0,0,D,12.0,8.0,10.0,5.0,19,19,33,30,3,0,6,8,4,10,5,5,1.736842105263158,2.4,0.663157894736842,1.5789473684210529,1.6,0.0210526315789474,0.6421052631578945,0.1578947368421053,0.7999999999999998,0.6421052631578945,0.0,0.0,12,15,7,10,18,15,18,15,0,0,19,19,0.5,0.5,0.0384615384615384,0.03125,7,10,0.0625,0.0454545454545454,0.0263157894736842,0.03125,1.0526315789473684,1,2.4,5,1.631578947368421,1,1.6,5,1.8,1.2,0.6,1.6,1.4,0.2,0.19999999999999996,0.19999999999999996,0.39999999999999997
2024-01-12,2023/24,Burnley,Luton Town,1,1,D,4.0,6.0,3.0,4.0,20,19,11,15,-4,1,19,18,3,0,1,1,0.55,0.8,0.25,0.7894736842105263,1.2,0.4105263157894736,-0.1605263157894736,-0.2394736842105262,-0.3999999999999999,-0.1605263157894736,0.0,0.0,34,30,29,25,-4,0,8,4,1,1,18,19,0.5263157894736842,0.5,0.0150375939849624,0.0161290322580645,29,25,0.0175438596491228,0.0192307692307692,0.0584795321637426,0.1,,0,0.8,5,,0,1.2,5,1.0,1.6,-0.6,2.0,2.2,-0.2,-1.0,0.6000000000000001,-0.39999999999999997
2024-01-13,2023/24,Chelsea,Fulham,1,0,H,9.0,6.0,10.0,1.0,20,20,28,24,4,0,10,14,4,4,3,3,1.4,1.8,0.4000000000000001,1.2,1.2,0.0,0.4000000000000001,0.1999999999999999,0.6000000000000001,0.4000000000000001,0.0,0.0,17,21,12,16,12,8,12,8,0,0,18,18,0.5263157894736842,0.5263157894736842,0.0292397660818713,0.0239234449760765,12,16,0.0404858299595141,0.0309597523219814,0.0404858299595141,0.0584795321637426,1.1578947368421053,1,1.8,5,1.368421052631579,1,1.2,5,1.6,1.4,0.2,1.4,1.8,-0.4,0.20000000000000018,0.40000000000000013,0.6000000000000001
2024-01-13,2023/24,Newcastle United,Manchester City,2,3,A,3.0,10.0,12.0,10.0,20,19,29,40,-11,1,9,3,1,13,5,5,1.45,0.6,-0.85,2.1052631578947367,2.0,-0.1052631578947367,-0.7447368421052633,-0.6552631578947368,-1.4,-0.7447368421052631,0.0,0.0,16,5,11,0,13,24,13,24,0,0,18,19,0.5263157894736842,0.5,0.0309597523219814,0.0833333333333333,11,0,0.043859649122807,0.5,0.037593984962406,0.02,1.868421052631579,1,0.6,5,2.3421052631578947,1,2.0,5,1.4,2.4,-1.0,1.8,1.0,0.8,-0.40000000000000013,-1.4,-1.8
2024-01-14,2023/24,Everton,Aston Villa,0,0,D,6.0,10.0,7.0,7.0,20,20,26,42,-16,0,12,3,0,15,5,5,1.3,1.2,-0.1,2.1,2.0,-0.1,0.0,-0.8,-0.8,0.0,0.0,0.0,19,3,14,-2,10,26,10,26,0,0,18,18,0.5263157894736842,0.5263157894736842,0.0263157894736842,0.131578947368421,14,2,0.0350877192982456,0.175438596491228,0.0478468899521531,0.0194931773879142,0.9473684210526316,1,1.2,5,1.605263157894737,1,2.0,5,1.2,1.6,-0.4,1.8,1.4,0.4,-0.6000000000000001,-0.20000000000000018,-0.8
2024-01-14,2023/24,Manchester United,Tottenham Hotspur,2,2,D,4.0,12.0,9.0,7.0,20,20,31,39,-8,0,9,5,10,4,5,5,1.55,0.8,-0.75,1.95,2.4,0.4499999999999999,-1.2,-0.3999999999999999,-1.6,-1.2,0.0,0.0,14,6,9,1,15,23,15,23,0,0,18,18,0.5263157894736842,0.5263157894736842,0.0350877192982456,0.075187969924812,9,1,0.0526315789473684,0.2631578947368421,0.0328947368421052,0.0219298245614035,1.973684210526316,1,0.8,5,1.5789473684210529,1,2.4,5,0.8,1.8,-1.0,2.6,1.4,1.2,-1.8,-0.40000000000000013,-2.2
2024-01-20,2023/24,Arsenal,Crystal Palace,5,0,H,4.0,5.0,12.0,5.0,20,20,40,21,19,0,4,15,10,4,5,5,2.0,0.8,-1.2,1.05,1.0,-0.05,-1.15,0.95,-0.1999999999999999,-1.15,1.15,-1.0,5,24,0,19,24,5,24,5,0,0,18,18,0.5263157894736842,0.5263157894736842,0.087719298245614,0.0210526315789473,0,19,0.5263157894736842,0.0263157894736842,0.0210526315789473,0.087719298245614,2.210526315789474,1,0.8,5,1.1842105263157894,1,1.0,5,0.8,1.2,-0.4,1.6,1.6,0.0,-0.8,0.40000000000000013,-0.4
2024-01-20,2023/24,Brentford,Nottingham Forest,3,2,H,0.0,7.0,6.0,4.0,19,20,19,20,-1,-1,17,16,5,2,3,3,1.0,0.0,-1.0,1.0,1.4,0.3999999999999999,-1.4,0.0,-1.4,-1.4,0.0,0.0,26,25,21,20,3,4,3,4,0,0,19,18,0.5,0.5263157894736842,0.0185185185185185,0.020242914979757,21,20,0.0227272727272727,0.025062656641604,0.125,0.1052631578947368,1.5526315789473684,1,0.0,5,1.0,1,1.4,5,0.8,2.4,-1.6,1.6,1.6,0.0,-0.8,-0.7999999999999998,-1.6
2024-01-21,2023/24,Sheffield United,West Ham United,2,2,D,4.0,10.0,6.0,9.0,20,20,9,34,-25,0,20,6,0,3,1,1,0.45,0.8,0.35,1.7,2.0,0.3,0.0499999999999999,-1.25,-1.2,0.05,0.0,0.0,36,11,34,9,-7,18,11,18,1,0,18,18,0.5263157894736842,0.5263157894736842,0.0142247510668563,0.043859649122807,34,9,0.0150375939849624,0.0526315789473684,0.043859649122807,0.0277008310249307,,0,0.8,5,1.0526315789473684,1,2.0,5,0.8,1.6,-0.8,1.4,1.0,0.4,-0.5999999999999999,-0.6000000000000001,-1.2000000000000002
2024-01-21,2023/24,Bournemouth,Liverpool,0,4,A,12.0,11.0,10.0,11.0,19,20,25,45,-20,-1,13,1,3,6,3,3,1.3157894736842106,2.4,1.0842105263157893,2.25,2.2,-0.0499999999999998,1.1342105263157891,-0.9342105263157894,0.1999999999999997,1.1342105263157891,1.1342105263157891,1.0,20,0,18,-2,9,29,9,29,0,0,19,18,0.5,0.5263157894736842,0.0238095238095238,0.5263157894736842,18,2,0.0263157894736842,0.175438596491228,0.05,0.0175438596491228,1.0263157894736843,1,2.4,5,1.763157894736842,1,2.2,5,2.4,1.0,1.4,1.8,0.8,1.0,0.5999999999999999,-0.19999999999999996,0.3999999999999999
2024-01-22,2023/24,Brighton,Wolverhampton Wanderers,0,0,D,6.0,10.0,9.0,3.0,20,20,31,28,3,0,8,11,12,3,5,5,1.55,1.2,-0.3500000000000001,1.4,2.0,0.6000000000000001,-0.9500000000000002,0.1500000000000001,-0.8,-0.9500000000000002,0.9500000000000002,-1.0,17,20,12,15,15,12,15,12,0,0,18,18,0.5263157894736842,0.5263157894736842,0.0292397660818713,0.025062656641604,12,15,0.0404858299595141,0.0328947368421052,0.0328947368421052,0.0404858299595141,1.631578947368421,1,1.2,5,1.0789473684210529,1,2.0,5,1.2,1.2,0.0,2.0,1.2,0.8,-0.8,0.0,-0.8
2024-01-30,2023/24,Nottingham Forest,Arsenal,1,2,A,6.0,7.0,3.0,7.0,21,21,20,43,-23,0,17,3,3,6,3,3,0.9523809523809524,1.2,0.2476190476190476,2.0476190476190474,1.4,-0.6476190476190475,0.8952380952380952,-1.0952380952380951,-0.1999999999999999,0.8952380952380952,0.0,0.0,28,5,23,0,4,27,4,27,0,0,17,17,0.5526315789473685,0.5526315789473685,0.0190562613430127,0.0921052631578947,23,0,0.0230263157894736,0.5526315789473685,0.1105263157894737,0.0197368421052631,1.0,1,1.2,5,2.210526315789474,1,1.4,5,1.8,2.0,-0.2,1.8,1.0,0.8,0.0,-1.0,-1.0
2024-01-30,2023/24,Fulham,Everton,0,0,D,3.0,4.0,12.0,9.0,21,21,24,27,-3,0,14,12,7,1,3,3,1.1428571428571428,0.6,-0.5428571428571428,1.2857142857142858,0.8,-0.4857142857142857,-0.057142857142857,-0.142857142857143,-0.2,-0.057142857142857,0.0,0.0,24,21,19,16,8,11,8,11,0,0,17,17,0.5526315789473685,0.5526315789473685,0.0221052631578947,0.0251196172248803,19,16,0.0276315789473684,0.0325077399380804,0.0614035087719298,0.0460526315789473,1.368421052631579,1,0.6,5,0.9473684210526316,1,0.8,5,0.4,2.0,-1.6,0.8,1.6,-0.8,-0.4,-0.3999999999999999,-0.8
2024-01-30,2023/24,Luton Town,Brighton,4,0,H,7.0,6.0,6.0,5.0,20,21,16,32,-16,-1,18,7,0,3,1,1,0.8,1.4,0.5999999999999999,1.5238095238095235,1.2,-0.3238095238095237,0.9238095238095236,-0.7238095238095237,0.1999999999999999,0.9238095238095236,0.9238095238095236,1.0,32,16,27,11,0,16,4,16,1,0,18,17,0.5263157894736842,0.5526315789473685,0.0159489633173843,0.0325077399380804,27,11,0.018796992481203,0.0460526315789473,0.1052631578947368,0.0325077399380804,,0,1.4,5,1.631578947368421,1,1.2,5,1.6,1.6,0.0,1.0,1.0,0.0,0.6000000000000001,-0.6000000000000001,0.0
2024-01-30,2023/24,Crystal Palace,Sheffield United,3,2,H,5.0,2.0,4.0,2.0,21,21,21,10,11,0,16,20,3,0,1,1,1.0,1.0,0.0,0.4761904761904761,0.4,-0.0761904761904761,0.0761904761904761,0.5238095238095238,0.6,0.0761904761904761,0.0,0.0,27,38,22,33,5,-6,5,10,0,1,17,17,0.5526315789473685,0.5526315789473685,0.0197368421052631,0.0141700404858299,22,33,0.0240274599542334,0.0162538699690402,0.0921052631578947,0.0502392344497607,1.1842105263157894,1,1.0,5,,0,0.4,5,1.4,2.2,-0.8,1.0,2.0,-1.0,0.3999999999999999,-0.20000000000000018,0.19999999999999996
2024-01-30,2023/24,Aston Villa,Newcastle United,1,3,A,8.0,3.0,13.0,0.0,21,21,43,29,14,0,4,10,6,9,5,5,2.0476190476190474,1.6,-0.4476190476190473,1.380952380952381,0.6,-0.780952380952381,0.3333333333333336,0.6666666666666665,1.0,0.3333333333333335,0.0,0.0,5,19,0,14,27,13,27,13,0,0,17,17,0.5526315789473685,0.5526315789473685,0.0921052631578947,0.0276315789473684,0,14,0.5526315789473685,0.0368421052631579,0.0197368421052631,0.0394736842105263,1.605263157894737,1,1.6,5,1.868421052631579,1,0.6,5,1.6,1.4,0.2,1.6,2.2,-0.6,0.0,0.8000000000000003,0.8
2024-01-31,2023/24,Manchester City,Burnley,3,1,H,13.0,4.0,9.0,4.0,20,21,43,12,31,-1,3,19,9,0,3,3,2.15,2.6,0.4500000000000002,0.5714285714285714,0.8,0.2285714285714286,0.2214285714285715,1.5785714285714283,1.8,0.2214285714285715,0.0,0.0,5,36,0,31,24,-7,24,8,0,1,18,17,0.5263157894736842,0.5526315789473685,0.087719298245614,0.0149359886201991,0,31,0.5263157894736842,0.0172697368421052,0.0210526315789473,0.0614035087719298,2.3421052631578947,1,2.6,5,,0,0.8,5,2.4,1.2,1.2,1.0,1.6,-0.6,1.4,0.40000000000000013,1.7999999999999998
2024-01-31,2023/24,Tottenham Hotspur,Brentford,3,2,H,10.0,3.0,9.0,3.0,21,20,40,22,18,1,5,16,6,6,5,5,1.9047619047619049,2.0,0.0952380952380953,1.1,0.6,-0.5000000000000001,0.5952380952380955,0.8047619047619046,1.4,0.5952380952380953,0.0,0.0,8,26,3,21,21,3,21,3,0,0,17,18,0.5526315789473685,0.5263157894736842,0.0614035087719298,0.0194931773879142,3,21,0.1381578947368421,0.0239234449760765,0.0251196172248803,0.131578947368421,1.5789473684210529,1,2.0,5,1.5526315789473684,1,0.6,5,2.2,1.6,0.6,1.2,2.4,-1.2,1.0000000000000002,0.7999999999999998,1.7999999999999998
2024-01-31,2023/24,Liverpool,Chelsea,4,1,H,11.0,12.0,11.0,3.0,21,21,48,31,17,0,1,10,5,5,5,5,2.2857142857142856,2.2,-0.0857142857142854,1.4761904761904765,2.4,0.9238095238095236,-1.009523809523809,0.8095238095238093,-0.1999999999999997,-1.009523809523809,1.009523809523809,-1.0,0,17,-5,12,29,12,29,12,0,0,17,17,0.5526315789473685,0.5526315789473685,0.5526315789473685,0.0307017543859649,5,12,0.0921052631578947,0.0425101214574898,0.0184210526315789,0.0425101214574898,1.763157894736842,1,2.2,5,1.1578947368421053,1,2.4,5,2.2,0.6,1.6,1.8,1.0,0.8,0.40000000000000013,0.4,0.8
2024-02-01,2023/24,West Ham United,Bournemouth,1,1,D,11.0,9.0,11.0,12.0,21,20,35,25,10,1,6,14,7,1,3,3,1.6666666666666667,2.2,0.5333333333333334,1.25,1.8,0.55,-0.0166666666666666,0.4166666666666667,0.4000000000000001,-0.0166666666666666,0.0,0.0,16,26,8,18,16,6,16,6,0,0,17,18,0.5526315789473685,0.5263157894736842,0.0325077399380804,0.0194931773879142,8,18,0.0614035087719298,0.0277008310249307,0.0325077399380804,0.075187969924812,1.0526315789473684,1,2.2,5,1.0263157894736843,1,1.8,5,1.8,0.4,1.4,2.0,1.8,0.2,-0.19999999999999996,1.4,1.2
2024-02-01,2023/24,Wolverhampton Wanderers,Manchester United,3,4,A,10.0,5.0,13.0,4.0,21,21,29,32,-3,0,11,9,3,12,5,5,1.380952380952381,2.0,0.6190476190476191,1.5238095238095235,1.0,-0.5238095238095237,1.1428571428571428,-0.1428571428571428,1.0,1.1428571428571428,1.1428571428571428,1.0,22,19,14,11,10,13,10,13,0,0,17,17,0.5526315789473685,0.5526315789473685,0.0240274599542334,0.0276315789473684,14,11,0.0368421052631579,0.0460526315789473,0.0502392344497607,0.0394736842105263,1.0789473684210529,1,2.0,5,1.973684210526316,1,1.0,5,1.8,1.0,0.8,1.2,1.6,-0.4,0.6000000000000001,0.6000000000000001,1.2000000000000002
2024-02-03,2023/24,Newcastle United,Luton Town,4,4,D,3.0,10.0,9.0,4.0,22,21,32,19,13,1,8,18,0,3,1,1,1.4545454545454546,0.6,-0.8545454545454546,0.9047619047619048,2.0,1.0952380952380951,-1.9497835497835496,0.5497835497835498,-1.4,-1.9497835497835496,1.9497835497835496,-1.0,19,32,11,24,13,0,13,1,0,1,16,17,0.5789473684210527,0.5526315789473685,0.0289473684210526,0.0167464114832535,11,24,0.0482456140350877,0.0221052631578947,0.0413533834586466,0.2763157894736842,1.868421052631579,1,0.6,5,,0,2.0,5,1.6,2.4,-0.8,2.2,1.2,1.0,-0.6000000000000001,-1.2,-1.8
2024-02-03,2023/24,Burnley,Fulham,2,2,D,4.0,4.0,4.0,0.0,22,22,12,25,-13,0,19,14,3,0,1,1,0.5454545454545454,0.8,0.2545454545454546,1.1363636363636365,0.8,-0.3363636363636364,0.590909090909091,-0.590909090909091,0.0,0.590909090909091,0.0,0.0,39,26,31,18,-7,6,8,6,1,0,16,16,0.5789473684210527,0.5789473684210527,0.0144736842105263,0.0214424951267056,31,18,0.0180921052631578,0.0304709141274238,0.0643274853801169,0.0827067669172932,,0,0.8,5,1.368421052631579,1,0.8,5,1.2,1.8,-0.6,0.4,1.4,-1.0,0.7999999999999999,-0.40000000000000013,0.4
2024-02-03,2023/24,Sheffield United,Aston Villa,0,5,A,2.0,5.0,4.0,8.0,22,22,10,43,-33,0,20,5,1,1,1,1,0.4545454545454545,0.4,-0.0545454545454545,1.9545454545454544,1.0,-0.9545454545454546,0.9000000000000001,-1.5,-0.6,0.9,0.0,0.0,41,8,33,0,-9,24,10,24,1,0,16,16,0.5789473684210527,0.5789473684210527,0.0137844611528822,0.0643274853801169,33,0,0.0170278637770897,0.5789473684210527,0.0526315789473684,0.0231578947368421,,0,0.4,5,1.605263157894737,1,1.0,5,1.4,2.2,-0.8,1.4,1.8,-0.4,0.0,-0.40000000000000013,-0.4
2024-02-03,2023/24,Brighton,Crystal Palace,4,1,H,6.0,7.0,9.0,2.0,22,22,32,24,8,0,9,15,7,4,5,5,1.4545454545454546,1.2,-0.2545454545454546,1.0909090909090908,1.4,0.3090909090909091,-0.5636363636363637,0.3636363636363637,-0.1999999999999999,-0.5636363636363637,0.5636363636363637,-1.0,19,27,11,19,13,5,13,5,0,0,16,16,0.5789473684210527,0.5789473684210527,0.0289473684210526,0.0206766917293233,11,19,0.0482456140350877,0.0289473684210526,0.0413533834586466,0.0964912280701754,1.631578947368421,1,1.2,5,1.1842105263157894,1,1.4,5,1.0,1.4,-0.4,1.6,2.2,-0.6,-0.6000000000000001,0.8000000000000003,0.19999999999999996
2024-02-03,2023/24,Everton,Tottenham Hotspur,2,2,D,2.0,10.0,7.0,5.0,22,22,28,43,-15,0,12,4,2,11,5,5,1.2727272727272727,0.4,-0.8727272727272727,1.9545454545454544,2.0,0.0454545454545454,-0.918181818181818,-0.6818181818181819,-1.6,-0.9181818181818182,0.0,0.0,23,8,15,0,9,24,9,24,0,0,16,16,0.5789473684210527,0.5789473684210527,0.0241228070175438,0.0643274853801169,15,0,0.0361842105263157,0.5789473684210527,0.0578947368421052,0.0231578947368421,0.9473684210526316,1,0.4,5,1.5789473684210529,1,2.0,5,0.4,1.6,-1.2,2.4,2.0,0.4,-2.0,0.3999999999999999,-1.6
2024-02-04,2023/24,Bournemouth,Nottingham Forest,1,1,D,7.0,6.0,10.0,4.0,21,22,26,20,6,-1,14,18,7,1,3,3,1.238095238095238,1.4,0.1619047619047617,0.9090909090909092,1.2,0.2909090909090909,-0.1290043290043291,0.3290043290043291,0.1999999999999999,-0.1290043290043291,0.0,0.0,25,31,20,26,6,0,6,0,0,1,17,16,0.5526315789473685,0.5789473684210527,0.0212550607287449,0.0180921052631578,20,26,0.0263157894736842,0.0214424951267056,0.0789473684210526,0.5789473684210527,1.0263157894736843,1,1.4,5,1.0,1,1.2,5,1.6,2.0,-0.4,2.0,2.0,0.0,-0.3999999999999999,0.0,-0.4
2024-02-04,2023/24,Chelsea,Wolverhampton Wanderers,2,4,A,9.0,10.0,13.0,4.0,22,22,31,29,2,0,10,11,5,8,5,5,1.4090909090909092,1.8,0.3909090909090909,1.318181818181818,2.0,0.6818181818181819,-0.290909090909091,0.090909090909091,-0.1999999999999999,-0.290909090909091,0.290909090909091,-1.0,20,22,15,17,11,9,11,9,0,0,16,16,0.5789473684210527,0.5789473684210527,0.0275689223057644,0.0251716247139588,15,17,0.0361842105263157,0.0321637426900584,0.0482456140350877,0.0578947368421052,1.1578947368421053,1,1.8,5,1.0789473684210529,1,2.0,5,1.6,1.8,-0.2,2.4,1.2,1.2,-0.7999999999999998,-0.6000000000000001,-1.4
2024-02-04,2023/24,Manchester United,West Ham United,3,0,H,7.0,9.0,10.0,10.0,22,22,35,36,-1,0,8,6,9,6,5,5,1.5909090909090908,1.4,-0.1909090909090909,1.6363636363636365,1.8,0.1636363636363635,-0.3545454545454545,-0.0454545454545456,-0.4000000000000001,-0.3545454545454545,0.0,0.0,16,15,11,10,15,16,15,16,0,0,16,16,0.5789473684210527,0.5789473684210527,0.0340557275541795,0.0361842105263157,11,10,0.0482456140350877,0.0526315789473684,0.0361842105263157,0.0340557275541795,1.973684210526316,1,1.4,5,1.0526315789473684,1,1.8,5,2.0,2.2,-0.2,1.4,0.6,0.8,0.6000000000000001,-1.6,-1.0
2024-02-04,2023/24,Arsenal,Liverpool,3,1,H,7.0,13.0,12.0,13.0,22,22,46,51,-5,0,3,1,5,8,5,5,2.090909090909091,1.4,-0.6909090909090909,2.3181818181818183,2.6,0.2818181818181817,-0.9727272727272728,-0.2272727272727275,-1.2000000000000002,-0.9727272727272728,0.0,0.0,5,0,0,-5,26,31,26,31,0,0,16,16,0.5789473684210527,0.5789473684210527,0.0964912280701754,0.5789473684210527,0,5,0.5789473684210527,0.0964912280701754,0.0214424951267056,0.0180921052631578,2.210526315789474,1,1.4,5,1.763157894736842,1,2.6,5,1.8,1.2,0.6,3.0,0.8,2.2,-1.2,-0.3999999999999999,-1.6
2024-02-05,2023/24,Brentford,Manchester City,1,3,A,3.0,13.0,6.0,10.0,21,21,22,46,-24,0,16,3,6,6,4,4,1.0476190476190477,0.6,-0.4476190476190477,2.1904761904761907,2.6,0.4095238095238094,-0.8571428571428571,-1.142857142857143,-2.0,-0.857142857142857,0.0,0.0,29,5,24,0,2,26,2,26,0,0,17,17,0.5526315789473685,0.5526315789473685,0.0184210526315789,0.0921052631578947,24,0,0.0221052631578947,0.5526315789473685,0.1842105263157895,0.0204678362573099,1.5526315789473684,1,0.6,5,2.3421052631578947,1,2.6,5,1.6,2.8,-1.2,2.6,1.2,1.4,-1.0,-1.5999999999999999,-2.5999999999999996
2024-02-10,2023/24,Tottenham Hotspur,Brighton,2,1,H,8.0,8.0,12.0,2.0,23,23,44,35,9,0,5,8,9,6,5,5,1.9130434782608696,1.6,-0.3130434782608695,1.5217391304347827,1.6,0.0782608695652173,-0.3913043478260869,0.3913043478260869,0.0,-0.3913043478260869,0.0,0.0,7,16,2,11,24,15,24,15,0,0,15,15,0.6052631578947368,0.6052631578947368,0.0756578947368421,0.0356037151702786,2,11,0.2017543859649122,0.050438596491228,0.0242105263157894,0.037828947368421,1.5789473684210529,1,1.6,5,1.631578947368421,1,1.6,5,2.4,2.2,0.2,1.6,1.4,0.2,0.7999999999999998,-0.8000000000000003,0.0
2024-02-10,2023/24,Liverpool,Burnley,3,1,H,12.0,2.0,11.0,4.0,23,23,51,13,38,0,1,19,9,0,3,3,2.217391304347826,2.4,0.1826086956521737,0.5652173913043478,0.4,-0.1652173913043477,0.3478260869565215,1.6521739130434785,2.0,0.3478260869565215,0.0,0.0,0,38,-5,33,31,-7,31,8,0,1,15,15,0.6052631578947368,0.6052631578947368,0.6052631578947368,0.015519568151147,5,33,0.1008771929824561,0.0178018575851393,0.0189144736842105,0.067251461988304,1.763157894736842,1,2.4,5,,0,0.4,5,3.0,1.2,1.8,1.2,2.2,-1.0,1.8,1.0000000000000002,2.8
2024-02-10,2023/24,Wolverhampton Wanderers,Brentford,0,2,A,10.0,3.0,10.0,0.0,23,22,32,22,10,1,10,16,10,4,5,5,1.391304347826087,2.0,0.6086956521739131,1.0,0.6,-0.4,1.008695652173913,0.3913043478260869,1.4,1.008695652173913,0.0,0.0,19,29,14,24,12,2,12,2,0,0,15,16,0.6052631578947368,0.5789473684210527,0.0302631578947368,0.019298245614035,14,24,0.0403508771929824,0.0231578947368421,0.0465587044534413,0.1929824561403509,1.0789473684210529,1,2.0,5,1.5526315789473684,1,0.6,5,2.8,1.4,1.4,1.6,3.0,-1.4,1.1999999999999997,1.6,2.8
2024-02-10,2023/24,Manchester City,Everton,2,0,H,15.0,3.0,9.0,7.0,22,23,49,29,20,-1,2,12,13,1,5,5,2.227272727272727,3.0,0.7727272727272729,1.2608695652173914,0.6,-0.6608695652173914,1.4335968379446644,0.9664031620553356,2.4,1.4335968379446642,0.0,0.0,2,22,-3,17,29,9,29,9,0,0,16,15,0.5789473684210527,0.6052631578947368,0.1929824561403509,0.0263157894736842,3,17,0.1447368421052631,0.033625730994152,0.019298245614035,0.0605263157894736,2.3421052631578947,1,3.0,5,0.9473684210526316,1,0.6,5,2.8,1.0,1.8,0.6,1.6,-1.0,2.1999999999999997,0.6000000000000001,2.8
2024-02-10,2023/24,Nottingham Forest,Newcastle United,2,3,A,7.0,4.0,3.0,3.0,23,23,21,33,-12,0,17,9,3,6,3,3,0.9130434782608696,1.4,0.4869565217391304,1.434782608695652,0.8,-0.6347826086956521,1.1217391304347823,-0.5217391304347826,0.5999999999999999,1.1217391304347823,1.1217391304347823,1.0,30,18,25,13,1,13,1,13,0,0,15,15,0.6052631578947368,0.6052631578947368,0.0195246179966044,0.0318559556786703,25,13,0.0232793522267206,0.0432330827067669,0.3026315789473684,0.0432330827067669,1.0,1,1.4,5,1.868421052631579,1,0.8,5,1.8,1.6,0.2,2.4,3.0,-0.6,-0.5999999999999999,1.4,0.8
2024-02-10,2023/24,Luton Town,Sheffield United,1,3,A,8.0,1.0,6.0,1.0,22,23,20,10,10,-1,18,20,3,0,1,1,0.9090909090909092,1.6,0.690909090909091,0.4347826086956521,0.2,-0.2347826086956521,0.9256916996047432,0.4743083003952569,1.4,0.9256916996047432,0.0,0.0,31,41,26,36,0,-10,1,11,1,1,16,15,0.5789473684210527,0.6052631578947368,0.0180921052631578,0.0144110275689223,26,36,0.0214424951267056,0.0163584637268847,0.2894736842105263,0.050438596491228,,0,1.6,5,,0,0.2,5,2.8,2.0,0.8,1.2,3.0,-1.8,1.5999999999999999,1.0,2.6
2024-02-10,2023/24,Fulham,Bournemouth,3,1,H,5.0,5.0,10.0,10.0,23,22,26,27,-1,1,14,13,1,7,3,3,1.1304347826086956,1.0,-0.1304347826086955,1.2272727272727273,1.0,-0.2272727272727273,0.0968379446640317,-0.0968379446640317,0.0,0.0968379446640317,0.0,0.0,25,24,20,19,6,7,6,7,0,0,15,16,0.6052631578947368,0.5789473684210527,0.0232793522267206,0.0231578947368421,20,19,0.0288220551378446,0.0289473684210526,0.0864661654135338,0.0723684210526315,1.368421052631579,1,1.0,5,1.0263157894736843,1,1.0,5,0.8,1.4,-0.6,1.2,1.8,-0.6,-0.3999999999999999,0.40000000000000013,0.0
2024-02-11,2023/24,West Ham United,Arsenal,0,6,A,6.0,9.0,9.0,7.0,23,23,36,49,-13,0,8,3,4,10,5,5,1.565217391304348,1.2,-0.3652173913043479,2.130434782608696,1.8,-0.3304347826086957,-0.0347826086956521,-0.5652173913043479,-0.6000000000000001,-0.0347826086956521,0.0,0.0,18,5,11,-2,16,29,16,29,0,0,15,15,0.6052631578947368,0.6052631578947368,0.0318559556786703,0.1008771929824561,11,2,0.050438596491228,0.2017543859649122,0.0356037151702786,0.0201754385964912,1.0526315789473684,1,1.2,5,2.210526315789474,1,1.8,5,1.0,1.2,-0.2,2.2,1.2,1.0,-1.2000000000000002,0.0,-1.2
2024-02-11,2023/24,Aston Villa,Manchester United,1,2,A,7.0,10.0,10.0,4.0,23,23,46,38,8,0,5,6,7,7,5,5,2.0,1.4,-0.6000000000000001,1.6521739130434785,2.0,0.3478260869565217,-0.9478260869565218,0.3478260869565217,-0.6000000000000001,-0.9478260869565218,0.9478260869565218,-1.0,8,16,1,9,26,18,26,18,0,0,15,15,0.6052631578947368,0.6052631578947368,0.067251461988304,0.0356037151702786,1,9,0.3026315789473684,0.0605263157894736,0.0224171539961013,0.0318559556786703,1.605263157894737,1,1.4,5,1.973684210526316,1,2.0,5,2.2,1.6,0.6,2.6,1.8,0.8,-0.3999999999999999,0.19999999999999996,-0.20000000000000007
2024-02-12,2023/24,Crystal Palace,Chelsea,1,3,A,6.0,9.0,7.0,3.0,23,23,24,31,-7,0,16,11,0,15,5,5,1.0434782608695652,1.2,0.1565217391304347,1.3478260869565215,1.8,0.4521739130434783,-0.2956521739130435,-0.3043478260869565,-0.6000000000000001,-0.2956521739130435,0.0,0.0,30,23,23,16,4,11,4,11,0,0,15,15,0.6052631578947368,0.6052631578947368,0.0195246179966044,0.025219298245614,23,16,0.025219298245614,0.0356037151702786,0.1210526315789473,0.050438596491228,1.1842105263157894,1,1.2,5,1.1578947368421053,1,1.8,5,1.6,2.8,-1.2,1.8,2.2,-0.4,-0.19999999999999996,-0.5999999999999996,-0.7999999999999999
2024-02-17,2023/24,Fulham,Aston Villa,1,2,A,8.0,7.0,10.0,8.0,24,24,29,46,-17,0,12,5,3,6,3,3,1.2083333333333333,1.6,0.3916666666666668,1.9166666666666667,1.4,-0.5166666666666668,0.9083333333333335,-0.7083333333333335,0.2000000000000001,0.9083333333333335,0.9083333333333335,1.0,25,8,18,1,9,26,9,26,0,0,14,14,0.631578947368421,0.631578947368421,0.0242914979757085,0.0701754385964912,18,1,0.0332409972299168,0.3157894736842105,0.0631578947368421,0.023391812865497,1.368421052631579,1,1.6,5,1.605263157894737,1,1.4,5,1.4,1.0,0.4,2.0,1.4,0.6,-0.6000000000000001,0.3999999999999999,-0.19999999999999996
2024-02-17,2023/24,Newcastle United,Bournemouth,2,2,D,7.0,2.0,7.0,7.0,24,23,36,27,9,1,7,14,2,5,3,3,1.5,1.4,-0.1,1.173913043478261,0.4,-0.773913043478261,0.6739130434782609,0.326086956521739,1.0,0.6739130434782609,0.0,0.0,18,27,11,20,16,7,16,7,0,0,14,15,0.631578947368421,0.6052631578947368,0.0332409972299168,0.0216165413533834,11,20,0.0526315789473684,0.0288220551378446,0.0371517027863777,0.0756578947368421,1.868421052631579,1,1.4,5,1.0263157894736843,1,0.4,5,2.8,2.8,0.0,0.8,2.4,-1.6,1.9999999999999998,-0.3999999999999999,1.6
2024-02-17,2023/24,Nottingham Forest,West Ham United,2,0,H,4.0,3.0,3.0,7.0,24,24,21,36,-15,0,17,8,3,6,3,3,0.875,0.8,-0.0749999999999999,1.5,0.6,-0.9,0.8250000000000001,-0.625,0.2,0.8250000000000001,0.8250000000000001,1.0,33,18,26,11,1,16,1,16,0,0,14,14,0.631578947368421,0.631578947368421,0.0185758513931888,0.0332409972299168,26,11,0.023391812865497,0.0526315789473684,0.3157894736842105,0.0371517027863777,1.0,1,0.8,5,1.0526315789473684,1,0.6,5,1.6,2.0,-0.4,0.6,2.4,-1.8,1.0,0.3999999999999999,1.4
2024-02-17,2023/24,Tottenham Hotspur,Wolverhampton Wanderers,1,2,A,11.0,7.0,15.0,7.0,24,24,47,32,15,0,4,11,6,9,5,5,1.9583333333333333,2.2,0.2416666666666669,1.3333333333333333,1.4,0.0666666666666666,0.1750000000000002,0.625,0.8000000000000003,0.1750000000000002,0.0,0.0,7,22,0,15,27,12,27,12,0,0,14,14,0.631578947368421,0.631578947368421,0.0789473684210526,0.0274599542334096,0,15,0.631578947368421,0.0394736842105263,0.0225563909774436,0.048582995951417,1.5789473684210529,1,2.2,5,1.0789473684210529,1,1.4,5,2.4,1.6,0.8,2.0,1.6,0.4,0.3999999999999999,0.0,0.4
2024-02-17,2023/24,Brentford,Liverpool,1,4,A,6.0,12.0,6.0,12.0,23,24,25,54,-29,-1,15,1,4,10,5,5,1.0869565217391304,1.2,0.1130434782608695,2.25,2.4,0.1499999999999999,-0.0369565217391303,-1.1630434782608696,-1.2,-0.0369565217391303,0.0,0.0,29,0,22,-7,5,34,5,34,0,0,15,14,0.6052631578947368,0.631578947368421,0.0201754385964912,0.631578947368421,22,7,0.0263157894736842,0.0789473684210526,0.1008771929824561,0.0180451127819548,1.5526315789473684,1,1.2,5,1.763157894736842,1,2.4,5,1.8,2.2,-0.4,3.2,1.4,1.8,-1.4000000000000001,-0.8000000000000003,-2.2
2024-02-17,2023/24,Burnley,Arsenal,0,5,A,2.0,12.0,5.0,7.0,24,24,13,52,-39,0,19,3,1,7,3,3,0.5416666666666666,0.4,-0.1416666666666666,2.1666666666666665,2.4,0.2333333333333334,-0.375,-1.625,-2.0,-0.375,0.0,0.0,41,2,34,-5,-7,32,8,32,1,0,14,14,0.631578947368421,0.631578947368421,0.0150375939849624,0.2105263157894736,34,5,0.0180451127819548,0.1052631578947368,0.0701754385964912,0.0191387559808612,,0,0.4,5,2.210526315789474,1,2.4,5,1.4,2.4,-1.0,3.4,0.8,2.6,-2.0,-1.5999999999999999,-3.6
2024-02-17,2023/24,Manchester City,Chelsea,1,1,D,15.0,9.0,11.0,6.0,23,24,52,34,18,-1,2,10,13,1,5,5,2.260869565217391,3.0,0.7391304347826089,1.4166666666666667,1.8,0.3833333333333333,0.3557971014492755,0.8442028985507244,1.2,0.3557971014492755,0.0,0.0,2,20,-5,13,32,14,32,14,0,0,15,14,0.6052631578947368,0.631578947368421,0.2017543859649122,0.0300751879699248,5,13,0.1008771929824561,0.0451127819548872,0.018341307814992,0.0421052631578947,2.3421052631578947,1,3.0,5,1.1578947368421053,1,1.8,5,2.6,0.8,1.8,2.0,2.2,-0.2,0.6000000000000001,1.4000000000000001,2.0
2024-02-18,2023/24,Sheffield United,Brighton,0,5,A,4.0,5.0,4.0,2.0,24,24,13,35,-22,0,20,9,1,1,1,1,0.5416666666666666,0.8,0.2583333333333334,1.4583333333333333,1.0,-0.4583333333333332,0.7166666666666667,-0.9166666666666666,-0.1999999999999999,0.7166666666666667,0.0,0.0,44,22,36,14,-7,15,11,15,1,0,14,14,0.631578947368421,0.631578947368421,0.0,0.0274599542334096,36,14,0.0170697012802275,0.0421052631578947,0.0526315789473684,0.0394736842105263,,0,0.8,5,1.631578947368421,1,1.0,5,1.4,2.6,-1.2,1.0,1.4,-0.4,0.3999999999999999,-1.2000000000000002,-0.7999999999999999
2024-02-18,2023/24,Luton Town,Manchester United,1,2,A,5.0,10.0,6.0,7.0,23,24,20,41,-21,-1,18,6,0,3,1,1,0.8695652173913043,1.0,0.1304347826086956,1.7083333333333333,2.0,0.2916666666666667,-0.161231884057971,-0.8387681159420289,-1.0,-0.161231884057971,0.0,0.0,37,16,29,8,0,21,4,21,1,0,15,14,0.6052631578947368,0.631578947368421,0.0159279778393351,0.0371517027863777,29,8,0.0201754385964912,0.0701754385964912,0.1210526315789473,0.0287081339712918,,0,1.0,5,1.973684210526316,1,2.0,5,2.4,2.2,0.2,2.4,1.6,0.8,0.0,-0.6000000000000001,-0.6000000000000001
2024-02-19,2023/24,Everton,Crystal Palace,1,1,D,3.0,6.0,8.0,2.0,24,24,29,24,5,0,12,17,10,4,5,5,1.2083333333333333,0.6,-0.6083333333333333,1.0,1.2,0.1999999999999999,-0.8083333333333332,0.2083333333333332,-0.6,-0.8083333333333332,0.8083333333333332,-1.0,28,33,20,25,9,4,9,4,0,0,14,14,0.631578947368421,0.631578947368421,0.0217785843920145,0.0185758513931888,20,25,0.0300751879699248,0.0242914979757085,0.0631578947368421,0.1263157894736842,0.9473684210526316,1,0.6,5,1.1842105263157894,1,1.2,5,0.4,1.4,-1.0,1.6,3.0,-1.4,-1.2000000000000002,1.6,0.3999999999999999
2024-02-20,2023/24,Manchester City,Brentford,1,0,H,13.0,6.0,11.0,3.0,24,24,53,25,28,0,3,15,9,6,5,5,2.208333333333333,2.6,0.3916666666666666,1.0416666666666667,1.2,0.1583333333333332,0.2333333333333334,1.1666666666666667,1.4,0.2333333333333334,0.0,0.0,4,32,-4,24,33,5,33,5,0,0,14,14,0.631578947368421,0.631578947368421,0.1263157894736842,0.0191387559808612,4,24,0.1263157894736842,0.0252631578947368,0.0185758513931888,0.1052631578947368,2.3421052631578947,1,2.6,5,1.5526315789473684,1,1.2,5,2.4,1.0,1.4,1.8,2.4,-0.6,0.5999999999999999,1.4,2.0
2024-02-21,2023/24,Liverpool,Luton Town,4,1,H,12.0,5.0,11.0,5.0,25,24,57,20,37,1,1,18,1,1,1,1,2.28,2.4,0.1200000000000001,0.8333333333333334,1.0,0.1666666666666666,-0.0466666666666665,1.4466666666666663,1.4,-0.0466666666666664,0.0,0.0,0,37,-8,29,37,0,37,4,0,1,13,14,0.6578947368421053,0.631578947368421,0.6578947368421053,0.0166204986149584,8,29,0.0730994152046783,0.0210526315789473,0.0173130193905817,0.1263157894736842,1.763157894736842,1,2.4,5,,0,1.0,5,3.2,1.2,2.0,2.2,2.0,0.2,1.0,0.8,1.8
2024-02-24,2023/24,Aston Villa,Nottingham Forest,4,2,H,7.0,4.0,7.0,5.0,25,25,49,24,25,0,4,17,4,4,3,3,1.96,1.4,-0.56,0.96,0.8,-0.1599999999999999,-0.4000000000000001,1.0,0.5999999999999999,-0.4000000000000001,0.0,0.0,11,36,0,25,29,4,29,4,0,0,13,13,0.6578947368421053,0.6578947368421053,0.0548245614035087,0.0177809388335704,0,25,0.6578947368421053,0.0253036437246963,0.0219298245614035,0.131578947368421,1.605263157894737,1,1.4,5,1.0,1,0.8,5,1.8,1.2,0.6,1.6,1.8,-0.2,0.19999999999999996,0.6000000000000001,0.8
2024-02-24,2023/24,Brighton,Everton,1,1,D,7.0,4.0,11.0,4.0,25,25,38,30,8,0,7,12,7,7,5,5,1.52,1.4,-0.1200000000000001,1.2,0.8,-0.3999999999999999,0.2799999999999998,0.32,0.5999999999999999,0.2799999999999998,0.0,0.0,22,30,11,19,18,10,18,10,0,0,13,13,0.6578947368421053,0.6578947368421053,0.028604118993135,0.0212224108658743,11,19,0.0548245614035087,0.0328947368421052,0.0346260387811634,0.0598086124401913,1.631578947368421,1,1.4,5,0.9473684210526316,1,0.8,5,2.0,1.4,0.6,0.6,1.0,-0.4,1.4,-0.3999999999999999,1.0
2024-02-24,2023/24,Crystal Palace,Burnley,3,0,H,4.0,2.0,7.0,4.0,25,25,25,13,12,0,16,19,5,2,3,3,1.0,0.8,-0.1999999999999999,0.52,0.4,-0.12,-0.0799999999999999,0.48,0.4,-0.0799999999999999,0.0,0.0,35,47,24,36,5,-7,5,11,0,1,13,13,0.6578947368421053,0.6578947368421053,0.0182748538011695,0.0,24,36,0.0263157894736842,0.0177809388335704,0.1096491228070175,0.0548245614035087,1.1842105263157894,1,0.8,5,,0,0.4,5,1.2,3.0,-1.8,1.0,2.8,-1.8,0.19999999999999996,-0.20000000000000018,0.0
2024-02-24,2023/24,Manchester United,Fulham,1,2,A,13.0,5.0,10.0,1.0,25,25,44,29,15,0,6,13,9,0,3,3,1.76,2.6,0.8400000000000001,1.16,1.0,-0.1599999999999999,1.0,0.6000000000000001,1.6,1.0,0.0,0.0,16,31,5,20,24,9,24,9,0,0,13,13,0.6578947368421053,0.6578947368421053,0.0386996904024767,0.0205592105263157,5,20,0.1096491228070175,0.031328320802005,0.0263157894736842,0.0657894736842105,1.973684210526316,1,2.6,5,1.368421052631579,1,1.0,5,2.6,1.4,1.2,1.2,1.2,0.0,1.4000000000000001,-0.19999999999999996,1.2
2024-02-24,2023/24,Bournemouth,Manchester City,0,1,A,3.0,13.0,8.0,12.0,24,25,28,56,-28,-1,14,2,0,9,3,3,1.1666666666666667,0.6,-0.5666666666666668,2.24,2.6,0.3599999999999999,-0.9266666666666666,-1.0733333333333337,-2.0,-0.9266666666666664,0.0,0.0,32,4,21,-7,8,36,8,36,0,0,14,13,0.631578947368421,0.6578947368421053,0.0191387559808612,0.131578947368421,21,7,0.0287081339712918,0.0822368421052631,0.0701754385964912,0.0177809388335704,1.0263157894736843,1,0.6,5,2.3421052631578947,1,2.6,5,1.0,2.2,-1.2,2.0,0.6,1.4,-1.0,-1.6,-2.5999999999999996
2024-02-24,2023/24,Arsenal,Newcastle United,4,1,H,15.0,8.0,12.0,6.0,25,25,55,37,18,0,3,8,7,7,5,5,2.2,3.0,0.7999999999999998,1.48,1.6,0.1200000000000001,0.6799999999999997,0.7200000000000002,1.4,0.6799999999999997,0.0,0.0,5,23,-6,12,35,17,35,17,0,0,13,13,0.6578947368421053,0.6578947368421053,0.1096491228070175,0.0274122807017543,6,12,0.093984962406015,0.0506072874493927,0.0182748538011695,0.0365497076023391,2.210526315789474,1,3.0,5,1.868421052631579,1,1.6,5,4.2,0.4,3.8,2.8,2.4,0.4,1.4000000000000004,2.0,3.4
2024-02-25,2023/24,Wolverhampton Wanderers,Sheffield United,1,0,H,7.0,4.0,7.0,4.0,25,25,35,13,22,0,11,20,0,3,1,1,1.4,1.4,0.0,0.52,0.8,0.28,-0.28,0.8799999999999999,0.5999999999999999,-0.28,0.0,0.0,25,47,17,39,15,-7,15,11,0,1,13,13,0.6578947368421053,0.6578947368421053,0.0253036437246963,0.0,17,39,0.0365497076023391,0.0164473684210526,0.0411184210526315,0.0548245614035087,1.0789473684210529,1,1.4,5,,0,0.8,5,1.8,1.8,0.0,1.4,3.2,-1.8,0.40000000000000013,1.4000000000000001,1.8
2024-02-26,2023/24,West Ham United,Brentford,4,2,H,2.0,3.0,8.0,3.0,25,25,36,25,11,0,10,16,0,15,5,5,1.44,0.4,-1.04,1.0,0.6,-0.4,-0.64,0.4399999999999999,-0.1999999999999999,-0.6399999999999999,0.6399999999999999,-1.0,24,35,16,27,16,5,16,5,0,0,13,13,0.6578947368421053,0.6578947368421053,0.0263157894736842,0.0182748538011695,16,27,0.0386996904024767,0.0234962406015037,0.0386996904024767,0.1096491228070175,1.0526315789473684,1,0.4,5,1.5526315789473684,1,0.6,5,0.6,2.8,-2.2,1.2,2.2,-1.0,-0.6,-0.5999999999999996,-1.2000000000000002
2024-03-02,2023/24,Nottingham Forest,Liverpool,0,1,A,4.0,12.0,6.0,12.0,26,26,24,60,-36,0,17,1,3,6,3,3,0.9230769230769232,0.8,-0.123076923076923,2.3076923076923075,2.4,0.0923076923076924,-0.2153846153846155,-1.3846153846153844,-1.6,-0.2153846153846155,0.0,0.0,36,0,28,-8,4,40,4,40,0,0,12,12,0.6842105263157895,0.6842105263157895,0.0184921763869132,0.6842105263157895,28,8,0.0235934664246823,0.0760233918128654,0.1368421052631579,0.0166880616174582,1.0,1,0.8,5,1.763157894736842,1,2.4,5,1.6,2.0,-0.4,3.2,1.4,1.8,-1.6,-0.6000000000000001,-2.2
2024-03-02,2023/24,Fulham,Brighton,3,0,H,8.0,7.0,7.0,5.0,26,26,32,39,-7,0,12,7,7,1,3,3,1.2307692307692308,1.6,0.3692307692307692,1.5,1.4,-0.1,0.4692307692307693,-0.2692307692307691,0.2000000000000001,0.4692307692307693,0.4692307692307693,1.0,28,21,20,13,12,19,12,19,0,0,12,12,0.6842105263157895,0.6842105263157895,0.0235934664246823,0.0311004784688995,20,13,0.0325814536340852,0.0488721804511278,0.0526315789473684,0.0342105263157894,1.368421052631579,1,1.6,5,1.631578947368421,1,1.4,5,1.6,1.2,0.4,2.2,1.6,0.6,-0.6000000000000001,0.40000000000000013,-0.19999999999999996
2024-03-02,2023/24,Tottenham Hotspur,Crystal Palace,3,1,H,8.0,7.0,12.0,2.0,25,26,47,28,19,-1,5,14,12,3,5,5,1.88,1.6,-0.2799999999999998,1.0769230769230769,1.4,0.323076923076923,-0.6030769230769228,0.803076923076923,0.2000000000000001,-0.6030769230769228,0.0,0.0,13,32,5,24,27,8,27,8,0,0,13,12,0.6578947368421053,0.6842105263157895,0.0469924812030075,0.0207336523125996,5,24,0.1096491228070175,0.0273684210526315,0.0234962406015037,0.0760233918128654,1.5789473684210529,1,1.6,5,1.1842105263157894,1,1.4,5,2.0,1.8,0.2,1.8,2.0,-0.2,0.19999999999999996,0.19999999999999996,0.4
2024-03-02,2023/24,Brentford,Chelsea,2,2,D,3.0,7.0,3.0,7.0,26,25,25,35,-10,1,16,11,10,4,5,5,0.9615384615384616,0.6,-0.3615384615384616,1.4,1.4,0.0,-0.3615384615384616,-0.4384615384615383,-0.7999999999999999,-0.3615384615384616,0.0,0.0,35,25,27,17,5,15,5,15,0,0,12,13,0.6842105263157895,0.6578947368421053,0.0190058479532163,0.0253036437246963,27,17,0.0244360902255639,0.0365497076023391,0.1140350877192982,0.0411184210526315,1.5526315789473684,1,0.6,5,1.1578947368421053,1,1.4,5,1.2,2.4,-1.2,1.6,2.0,-0.4,-0.40000000000000013,-0.3999999999999999,-0.7999999999999999
2024-03-02,2023/24,Luton Town,Aston Villa,2,3,A,4.0,9.0,6.0,10.0,25,26,20,52,-32,-1,18,4,0,3,1,1,0.8,0.8,0.0,2.0,1.8,-0.1999999999999999,0.1999999999999999,-1.2,-1.0,0.1999999999999999,0.0,0.0,40,8,32,0,0,32,4,32,1,0,13,12,0.6578947368421053,0.6842105263157895,0.0,0.0760233918128654,32,0,0.0199362041467304,0.6842105263157895,0.131578947368421,0.0207336523125996,,0,0.8,5,1.605263157894737,1,1.8,5,2.2,2.6,-0.4,2.6,1.6,1.0,-0.3999999999999999,-1.0,-1.4
2024-03-02,2023/24,Newcastle United,Wolverhampton Wanderers,3,0,H,8.0,9.0,5.0,10.0,26,26,37,38,-1,0,10,9,8,5,5,5,1.4230769230769231,1.6,0.1769230769230769,1.4615384615384617,1.8,0.3384615384615386,-0.1615384615384616,-0.0384615384615383,-0.1999999999999999,-0.1615384615384616,0.0,0.0,23,22,15,14,17,18,17,18,0,0,12,12,0.6842105263157895,0.6842105263157895,0.0285087719298245,0.0297482837528604,15,14,0.0427631578947368,0.0456140350877193,0.0380116959064327,0.0360110803324099,1.868421052631579,1,1.6,5,1.0789473684210529,1,1.8,5,2.6,2.6,0.0,2.0,1.8,0.2,0.6000000000000001,-0.8,-0.2
2024-03-02,2023/24,Everton,West Ham United,1,3,A,4.0,4.0,6.0,4.0,26,26,31,39,-8,0,13,8,6,9,5,5,1.1923076923076923,0.8,-0.3923076923076922,1.5,0.8,-0.7,0.3076923076923077,-0.3076923076923077,0.0,0.3076923076923077,0.0,0.0,29,21,21,13,11,19,11,19,0,0,12,12,0.6842105263157895,0.6842105263157895,0.0228070175438596,0.0311004784688995,21,13,0.0311004784688995,0.0488721804511278,0.0570175438596491,0.0342105263157894,0.9473684210526316,1,0.8,5,1.0526315789473684,1,0.8,5,0.8,1.2,-0.4,1.0,2.8,-1.8,-0.19999999999999996,1.5999999999999999,1.4
2024-03-03,2023/24,Burnley,Bournemouth,0,2,A,1.0,3.0,2.0,5.0,26,25,13,28,-15,1,19,14,0,3,1,1,0.5,0.2,-0.3,1.12,0.6,-0.5200000000000001,0.2200000000000001,-0.6200000000000001,-0.3999999999999999,0.2200000000000001,0.0,0.0,50,35,42,27,-7,8,11,8,1,0,12,13,0.6842105263157895,0.6578947368421053,0.0,0.0182748538011695,42,27,0.0,0.0234962406015037,0.0570175438596491,0.0730994152046783,,0,0.2,5,1.0263157894736843,1,0.6,5,0.8,3.2,-2.4,1.0,1.6,-0.6,-0.19999999999999996,-1.6,-1.7999999999999998
2024-03-03,2023/24,Manchester City,Manchester United,3,1,H,13.0,12.0,13.0,9.0,26,26,59,44,15,0,2,6,12,3,5,5,2.269230769230769,2.6,0.3307692307692309,1.6923076923076923,2.4,0.7076923076923076,-0.3769230769230767,0.5769230769230769,0.2000000000000001,-0.3769230769230767,0.0,0.0,4,19,-4,11,39,24,39,24,0,0,12,12,0.6842105263157895,0.6842105263157895,0.1368421052631579,0.0342105263157894,4,11,0.1368421052631579,0.0570175438596491,0.0171052631578947,0.0273684210526315,2.3421052631578947,1,2.6,5,1.973684210526316,1,2.4,5,1.6,0.4,1.2,2.4,1.4,1.0,-0.7999999999999998,0.9999999999999999,0.19999999999999996
2024-03-04,2023/24,Sheffield United,Arsenal,0,6,A,3.0,15.0,4.0,10.0,26,26,13,58,-45,0,20,3,0,3,1,1,0.5,0.6,0.0999999999999999,2.230769230769231,3.0,0.7692307692307692,-0.6692307692307692,-1.7307692307692308,-2.4,-0.6692307692307691,0.0,0.0,50,5,42,-3,-7,38,11,38,1,0,12,12,0.6842105263157895,0.6842105263157895,0.0,0.1140350877192982,42,3,0.0,0.1710526315789473,0.0570175438596491,0.0175438596491228,,0,0.6,5,2.210526315789474,1,3.0,5,1.0,3.0,-2.0,4.0,0.6,3.4,-3.0,-2.4,-5.4
2024-03-09,2023/24,Manchester United,Everton,2,0,H,9.0,3.0,7.0,2.0,27,27,44,31,13,0,6,13,10,4,5,5,1.6296296296296295,1.8,0.1703703703703705,1.148148148148148,0.6,-0.5481481481481482,0.7185185185185187,0.4814814814814814,1.2000000000000002,0.7185185185185188,0.0,0.0,19,32,11,24,24,11,24,11,0,0,11,11,0.7105263157894737,0.7105263157894737,0.0355263157894736,0.0215311004784689,11,24,0.0592105263157894,0.0284210526315789,0.0284210526315789,0.0592105263157894,1.973684210526316,1,1.8,5,0.9473684210526316,1,0.6,5,1.8,1.4,0.4,1.0,1.8,-0.8,0.8,0.40000000000000013,1.2000000000000002
2024-03-09,2023/24,Bournemouth,Sheffield United,2,2,D,5.0,3.0,5.0,4.0,26,27,31,13,18,-1,14,20,3,0,1,1,1.1923076923076923,1.0,-0.1923076923076923,0.4814814814814814,0.6,0.1185185185185185,-0.3108262108262108,0.7108262108262109,0.4,-0.3108262108262108,0.0,0.0,32,50,24,42,11,-7,11,11,0,1,12,11,0.6842105263157895,0.7105263157894737,0.0207336523125996,0.0,24,42,0.0273684210526315,0.0,0.0570175438596491,0.0592105263157894,1.0263157894736843,1,1.0,5,,0,0.6,5,1.2,1.4,-0.2,0.6,3.6,-3.0,0.6,2.2,2.8
2024-03-09,2023/24,Crystal Palace,Luton Town,1,1,D,4.0,1.0,10.0,5.0,27,26,28,20,8,1,15,18,0,3,1,1,1.037037037037037,0.8,-0.2370370370370369,0.7692307692307693,0.2,-0.5692307692307692,0.3321937321937322,0.2678062678062677,0.6000000000000001,0.3321937321937324,0.0,0.0,35,43,27,35,8,0,8,4,0,1,11,12,0.7105263157894737,0.6842105263157895,0.0,0.0,27,35,0.025375939849624,0.0190058479532163,0.0789473684210526,0.1368421052631579,1.1842105263157894,1,0.8,5,,0,0.2,5,1.4,2.2,-0.8,1.8,3.2,-1.4,-0.40000000000000013,1.0,0.5999999999999999
2024-03-09,2023/24,Wolverhampton Wanderers,Fulham,2,1,H,9.0,10.0,9.0,4.0,27,27,38,35,3,0,10,12,2,5,3,3,1.4074074074074074,1.8,0.3925925925925926,1.2962962962962965,2.0,0.7037037037037037,-0.3111111111111111,0.1111111111111111,-0.1999999999999999,-0.3111111111111111,0.3111111111111111,-1.0,25,28,17,20,18,15,18,15,0,0,11,11,0.7105263157894737,0.7105263157894737,0.027327935222672,0.0245009074410163,17,20,0.0394736842105263,0.0338345864661654,0.0373961218836565,0.0444078947368421,1.0789473684210529,1,1.8,5,1.368421052631579,1,2.0,5,1.4,1.6,-0.2,2.2,1.2,1.0,-0.8000000000000003,-0.40000000000000013,-1.2
2024-03-09,2023/24,Arsenal,Brentford,2,1,H,15.0,4.0,12.0,3.0,27,27,61,26,35,0,3,16,10,4,5,5,2.259259259259259,3.0,0.7407407407407409,0.9629629629629628,0.8,-0.1629629629629628,0.9037037037037038,1.2962962962962965,2.2,0.903703703703704,0.0,0.0,2,37,-6,29,41,6,41,6,0,0,11,11,0.7105263157894737,0.7105263157894737,0.2368421052631578,0.0,6,29,0.1015037593984962,0.0236842105263157,0.0169172932330827,0.1015037593984962,2.210526315789474,1,3.0,5,1.5526315789473684,1,0.8,5,4.8,0.4,4.4,1.4,2.2,-0.8,3.4,1.8000000000000003,5.2
2024-03-10,2023/24,West Ham United,Burnley,2,2,D,6.0,1.0,8.0,3.0,27,27,42,13,29,0,7,20,5,2,3,3,1.5555555555555556,1.2,-0.3555555555555556,0.4814814814814814,0.2,-0.2814814814814814,-0.0740740740740741,1.0740740740740742,1.0,-0.0740740740740741,0.0,0.0,22,51,13,42,21,-8,21,11,0,1,11,11,0.7105263157894737,0.7105263157894737,0.0308924485125858,0.0,13,42,0.0507518796992481,0.0,0.0322966507177033,0.0592105263157894,1.0526315789473684,1,1.2,5,,0,0.2,5,1.4,2.8,-1.4,0.6,3.0,-2.4,0.7999999999999999,0.20000000000000018,1.0
2024-03-10,2023/24,Aston Villa,Tottenham Hotspur,0,4,A,12.0,10.0,7.0,6.0,27,26,55,50,5,1,4,5,9,6,5,5,2.037037037037037,2.4,0.3629629629629627,1.9230769230769231,2.0,0.0769230769230768,0.2860398860398858,0.113960113960114,0.3999999999999999,0.2860398860398858,0.0,0.0,9,14,0,5,34,29,34,29,0,0,11,12,0.7105263157894737,0.6842105263157895,0.0710526315789473,0.0456140350877193,0,5,0.7105263157894737,0.1140350877192982,0.0203007518796992,0.0228070175438596,1.605263157894737,1,2.4,5,1.5789473684210529,1,2.0,5,3.0,1.4,1.6,2.2,1.6,0.6,0.7999999999999998,0.20000000000000018,1.0
2024-03-10,2023/24,Brighton,Nottingham Forest,1,0,H,7.0,4.0,9.0,5.0,27,27,39,24,15,0,10,17,4,4,3,3,1.4444444444444444,1.4,-0.0444444444444445,0.8888888888888888,0.8,-0.0888888888888888,0.0444444444444442,0.5555555555555556,0.5999999999999999,0.0444444444444442,0.0,0.0,25,40,16,31,18,3,18,3,0,0,11,11,0.7105263157894737,0.7105263157894737,0.027327935222672,0.0,16,31,0.0417956656346749,0.022203947368421,0.0373961218836565,0.1776315789473684,1.631578947368421,1,1.4,5,1.0,1,0.8,5,2.2,1.4,0.8,1.4,1.8,-0.4,0.8000000000000003,0.40000000000000013,1.2000000000000002
2024-03-10,2023/24,Liverpool,Manchester City,1,1,D,12.0,13.0,13.0,15.0,27,27,63,62,1,0,2,3,6,6,5,5,2.333333333333333,2.4,0.0666666666666664,2.2962962962962963,2.6,0.3037037037037038,-0.2370370370370373,0.0370370370370372,-0.2000000000000001,-0.2370370370370373,0.2370370370370373,-1.0,1,2,-8,-7,42,41,42,41,0,0,11,11,0.7105263157894737,0.7105263157894737,0.3552631578947368,0.2368421052631578,8,7,0.0789473684210526,0.0888157894736842,0.0165238678090575,0.0169172932330827,1.763157894736842,1,2.4,5,2.3421052631578947,1,2.6,5,2.6,1.2,1.4,1.6,0.4,1.2,1.0,-0.7999999999999999,0.19999999999999996
2024-03-11,2023/24,Chelsea,Newcastle United,3,2,H,5.0,8.0,12.0,6.0,26,27,36,40,-4,-1,11,10,7,7,5,5,1.3846153846153846,1.0,-0.3846153846153846,1.4814814814814814,1.6,0.1185185185185186,-0.5031339031339033,-0.0968660968660968,-0.6000000000000001,-0.5031339031339033,0.0,0.0,28,24,19,15,15,19,15,19,0,0,12,11,0.6842105263157895,0.7105263157894737,0.0235934664246823,0.0284210526315789,19,15,0.0342105263157894,0.0444078947368421,0.0427631578947368,0.0355263157894736,1.1578947368421053,1,1.0,5,1.868421052631579,1,1.6,5,1.8,2.4,-0.6,2.6,2.4,0.2,-0.8,0.0,-0.8
2024-03-13,2023/24,Bournemouth,Luton Town,4,3,H,5.0,1.0,5.0,6.0,27,27,32,21,11,0,13,18,0,0,0,0,1.1851851851851851,1.0,-0.1851851851851851,0.7777777777777778,0.2,-0.5777777777777777,0.3925925925925926,0.4074074074074073,0.8,0.3925925925925927,0.0,0.0,32,43,23,34,11,0,11,3,0,1,11,11,0.7105263157894737,0.7105263157894737,0.0215311004784689,0.0,23,34,0.0296052631578947,0.0,0.0592105263157894,0.1776315789473684,1.0263157894736843,1,1.0,5,,0,0.2,5,1.4,1.6,-0.2,1.2,2.6,-1.4,0.19999999999999996,1.0,1.2
2024-03-16,2023/24,Burnley,Brentford,2,1,H,1.0,1.0,2.0,3.0,28,28,14,26,-12,0,19,16,3,6,3,3,0.5,0.2,-0.3,0.9285714285714286,0.2,-0.7285714285714286,0.4285714285714286,-0.4285714285714286,0.0,0.4285714285714286,0.0,0.0,50,38,41,29,-7,5,10,5,1,0,10,10,0.7368421052631579,0.7368421052631579,0.0,0.0,41,29,0.0,0.0245614035087719,0.0669856459330143,0.1228070175438596,,0,0.2,5,1.5526315789473684,1,0.2,5,0.6,3.0,-2.4,1.2,2.6,-1.4,-0.6,-0.3999999999999999,-1.0
2024-03-16,2023/24,Luton Town,Nottingham Forest,1,1,D,1.0,3.0,3.0,4.0,28,28,21,24,-3,0,18,17,1,1,1,1,0.75,0.2,-0.55,0.8571428571428571,0.6,-0.2571428571428571,-0.2928571428571429,-0.1071428571428571,-0.3999999999999999,-0.2928571428571428,0.0,0.0,43,40,34,31,0,3,3,3,1,0,10,10,0.7368421052631579,0.7368421052631579,0.0,0.0,34,31,0.0,0.0,0.1842105263157894,0.1842105263157894,,0,0.2,5,1.0,1,0.6,5,1.6,2.8,-1.2,1.2,1.8,-0.6,0.40000000000000013,-0.9999999999999998,-0.6
2024-03-16,2023/24,Fulham,Tottenham Hotspur,3,0,H,9.0,10.0,10.0,8.0,28,27,35,53,-18,1,12,5,0,9,3,3,1.25,1.8,0.55,1.962962962962963,2.0,0.0370370370370369,0.5129629629629631,-0.712962962962963,-0.1999999999999999,0.5129629629629631,0.0,0.0,29,11,20,2,14,32,14,32,0,0,10,11,0.7368421052631579,0.7105263157894737,0.0245614035087719,0.0592105263157894,20,2,0.0350877192982456,0.2368421052631578,0.0491228070175438,0.0215311004784689,1.368421052631579,1,1.8,5,1.5789473684210529,1,2.0,5,2.0,1.2,0.8,2.4,1.2,1.2,-0.3999999999999999,0.0,-0.3999999999999999
2024-03-17,2023/24,West Ham United,Aston Villa,1,1,D,7.0,9.0,6.0,10.0,28,28,43,55,-12,0,7,4,10,4,5,5,1.5357142857142858,1.4,-0.1357142857142859,1.9642857142857144,1.8,-0.1642857142857141,0.0285714285714282,-0.4285714285714284,-0.4000000000000001,0.0285714285714282,0.0,0.0,21,9,12,0,21,33,21,33,0,0,10,10,0.7368421052631579,0.7368421052631579,0.0334928229665071,0.0736842105263157,12,0,0.0566801619433198,0.7368421052631579,0.0334928229665071,0.0216718266253869,1.0526315789473684,1,1.4,5,1.605263157894737,1,1.8,5,1.8,2.6,-0.8,2.0,2.2,-0.2,-0.19999999999999996,-0.3999999999999999,-0.6000000000000001
2024-03-30,2023/24,Newcastle United,West Ham United,4,3,H,7.0,8.0,5.0,7.0,28,29,40,44,-4,-1,10,7,6,6,5,5,1.4285714285714286,1.4,-0.0285714285714286,1.5172413793103448,1.6,0.0827586206896553,-0.111330049261084,-0.0886699507389161,-0.2000000000000001,-0.111330049261084,0.0,0.0,24,20,16,12,18,22,18,22,0,0,10,9,0.7368421052631579,0.7631578947368421,0.0294736842105263,0.0363408521303258,16,12,0.0433436532507739,0.0587044534412955,0.038781163434903,0.0331807780320366,1.868421052631579,1,1.4,5,1.0526315789473684,1,1.6,5,2.2,2.2,0.0,2.0,1.6,0.4,0.20000000000000018,-0.6000000000000001,-0.4
2024-03-30,2023/24,Bournemouth,Everton,2,1,H,8.0,2.0,5.0,2.0,28,28,35,31,4,0,13,14,3,6,3,3,1.25,1.6,0.3500000000000001,1.1071428571428572,0.4,-0.7071428571428572,1.0571428571428574,0.1428571428571428,1.2000000000000002,1.0571428571428574,0.0,0.0,29,33,21,25,13,9,13,9,0,0,10,10,0.7368421052631579,0.7368421052631579,0.0245614035087719,0.0,21,25,0.0334928229665071,0.0283400809716599,0.0526315789473684,0.0736842105263157,1.0263157894736843,1,1.6,5,0.9473684210526316,1,0.4,5,2.0,1.6,0.4,0.6,1.8,-1.2,1.4,0.19999999999999996,1.6
2024-03-30,2023/24,Chelsea,Burnley,2,2,D,8.0,4.0,12.0,1.0,27,29,39,17,22,-2,11,19,7,1,3,3,1.4444444444444444,1.6,0.1555555555555556,0.5862068965517241,0.8,0.2137931034482759,-0.0582375478927202,0.8582375478927203,0.8,-0.0582375478927202,0.0,0.0,25,47,17,39,17,-5,17,8,0,1,11,9,0.7105263157894737,0.7631578947368421,0.027327935222672,0.0,17,39,0.0394736842105263,0.0,0.0394736842105263,0.0847953216374269,1.1578947368421053,1,1.6,5,,0,0.8,5,2.2,2.0,0.2,0.8,2.6,-1.8,1.4000000000000001,0.6000000000000001,2.0
2024-03-30,2023/24,Nottingham Forest,Crystal Palace,1,1,D,4.0,5.0,6.0,1.0,29,28,25,29,-4,1,17,15,5,2,3,3,0.8620689655172413,0.8,-0.0620689655172412,1.0357142857142858,1.0,-0.0357142857142858,-0.0263546798029554,-0.1736453201970444,-0.1999999999999999,-0.0263546798029554,0.0,0.0,39,35,31,27,3,7,3,7,0,0,9,10,0.7631578947368421,0.7368421052631579,0.0,0.0,31,27,0.0,0.0263157894736842,0.1907894736842105,0.0921052631578947,1.0,1,0.8,5,1.1842105263157894,1,1.0,5,1.0,1.4,-0.4,1.4,1.6,-0.2,-0.3999999999999999,0.20000000000000018,-0.2
2024-03-30,2023/24,Sheffield United,Fulham,3,3,D,4.0,9.0,1.0,4.0,28,29,14,38,-24,-1,20,12,0,3,1,1,0.5,0.8,0.3,1.3103448275862069,1.8,0.4896551724137932,-0.1896551724137931,-0.8103448275862069,-1.0,-0.1896551724137931,0.0,0.0,50,26,42,18,-8,16,11,16,1,0,10,9,0.7368421052631579,0.7631578947368421,0.0,0.0282651072124756,42,18,0.0,0.0401662049861495,0.0614035087719298,0.044891640866873,,0,0.8,5,1.368421052631579,1,1.8,5,1.0,3.0,-2.0,2.0,1.0,1.0,-1.0,-2.0,-3.0
2024-03-30,2023/24,Tottenham Hotspur,Luton Town,2,1,H,9.0,2.0,12.0,3.0,28,29,53,22,31,-1,5,18,3,0,1,1,1.8928571428571428,1.8,-0.0928571428571427,0.7586206896551724,0.4,-0.3586206896551723,0.2657635467980296,1.1342364532019704,1.4,0.2657635467980295,0.0,0.0,11,42,3,34,31,0,31,3,0,1,10,9,0.7368421052631579,0.7631578947368421,0.0614035087719298,0.0,3,34,0.1842105263157894,0.0,0.0230263157894736,0.1907894736842105,1.5789473684210529,1,1.8,5,,0,0.4,5,2.0,1.4,0.6,1.6,2.6,-1.0,0.3999999999999999,1.2000000000000002,1.6
2024-03-30,2023/24,Aston Villa,Wolverhampton Wanderers,2,0,H,10.0,9.0,6.0,10.0,29,28,56,41,15,1,4,9,2,11,5,5,1.9310344827586208,2.0,0.0689655172413792,1.4642857142857142,1.8,0.3357142857142858,-0.2667487684729066,0.4667487684729066,0.1999999999999999,-0.2667487684729066,0.0,0.0,8,23,0,15,34,19,34,19,0,0,9,10,0.7631578947368421,0.7368421052631579,0.0847953216374269,0.0307017543859649,0,15,0.7631578947368421,0.0460526315789473,0.0218045112781954,0.0368421052631578,1.605263157894737,1,2.0,5,1.0789473684210529,1,1.8,5,2.0,2.0,0.0,1.0,1.4,-0.4,1.0,-0.6000000000000001,0.4
2024-03-30,2023/24,Brentford,Manchester United,1,1,D,1.0,9.0,4.0,9.0,29,28,26,47,-21,1,16,6,3,12,5,5,0.896551724137931,0.2,-0.6965517241379311,1.6785714285714286,1.8,0.1214285714285714,-0.8179802955665025,-0.7820197044334976,-1.6,-0.8179802955665025,0.0,0.0,38,17,30,9,4,25,4,25,0,0,9,10,0.7631578947368421,0.7368421052631579,0.0,0.0409356725146198,30,9,0.0,0.0736842105263157,0.1526315789473684,0.0283400809716599,1.5526315789473684,1,0.2,5,1.973684210526316,1,1.8,5,1.2,2.2,-1.0,1.6,1.4,0.2,-0.40000000000000013,-0.8000000000000003,-1.2
2024-03-31,2023/24,Liverpool,Brighton,2,1,H,13.0,7.0,13.0,4.0,28,28,64,42,22,0,2,9,6,6,5,5,2.2857142857142856,2.6,0.3142857142857145,1.5,1.4,-0.1,0.4142857142857146,0.7857142857142856,1.2000000000000002,0.4142857142857146,0.0,0.0,0,22,-5,17,42,20,42,20,0,0,10,10,0.7368421052631579,0.7368421052631579,0.7368421052631579,0.0320366132723112,5,17,0.1228070175438596,0.0409356725146198,0.0171358629130966,0.0350877192982456,1.763157894736842,1,2.6,5,1.631578947368421,1,1.4,5,2.6,0.8,1.8,1.6,1.2,0.4,1.0,0.3999999999999999,1.4
2024-03-31,2023/24,Manchester City,Arsenal,0,0,D,11.0,15.0,13.0,12.0,28,28,63,64,-1,0,3,1,12,3,5,5,2.25,2.2,-0.0499999999999998,2.2857142857142856,3.0,0.7142857142857144,-0.7642857142857142,-0.0357142857142855,-0.7999999999999998,-0.7642857142857142,0.0,0.0,1,0,-4,-5,41,42,41,42,0,0,10,10,0.7368421052631579,0.7368421052631579,0.3684210526315789,0.7368421052631579,4,5,0.1473684210526315,0.1228070175438596,0.0175438596491228,0.0171358629130966,2.3421052631578947,1,2.2,5,2.210526315789474,1,3.0,5,1.4,0.6,0.8,4.6,0.4,4.2,-3.1999999999999997,-0.19999999999999996,-3.4000000000000004
2024-04-02,2023/24,Newcastle United,Everton,1,1,D,7.0,2.0,8.0,2.0,29,29,43,31,12,0,8,14,9,6,5,5,1.4827586206896552,1.4,-0.0827586206896553,1.0689655172413792,0.4,-0.6689655172413792,0.5862068965517239,0.413793103448276,1.0,0.5862068965517239,0.0,0.0,24,36,16,28,21,9,21,9,0,0,9,9,0.7631578947368421,0.7631578947368421,0.0305263157894736,0.0,16,28,0.044891640866873,0.0,0.034688995215311,0.0763157894736842,1.868421052631579,1,1.4,5,0.9473684210526316,1,0.4,5,2.4,2.4,0.0,0.8,1.8,-1.0,1.5999999999999999,-0.5999999999999999,1.0
2024-04-02,2023/24,Nottingham Forest,Fulham,3,1,H,2.0,10.0,4.0,5.0,30,30,26,39,-13,0,17,12,0,9,3,3,0.8666666666666667,0.4,-0.4666666666666667,1.3,2.0,0.7,-1.1666666666666663,-0.4333333333333333,-1.6,-1.1666666666666667,0.0,0.0,41,28,33,20,4,17,4,17,0,0,8,8,0.7894736842105263,0.7894736842105263,0.0,0.0,33,20,0.0,0.037593984962406,0.1578947368421052,0.043859649122807,1.0,1,0.4,5,1.368421052631579,1,2.0,5,0.8,1.6,-0.8,2.4,1.2,1.2,-1.5999999999999999,-0.40000000000000013,-2.0
2024-04-02,2023/24,Bournemouth,Crystal Palace,1,0,H,10.0,6.0,8.0,2.0,29,29,38,30,8,0,13,15,3,6,3,3,1.3103448275862069,2.0,0.6896551724137931,1.0344827586206895,1.2,0.1655172413793102,0.5241379310344829,0.2758620689655171,0.8,0.5241379310344829,0.0,0.0,29,37,21,29,16,8,16,8,0,0,9,9,0.7631578947368421,0.7631578947368421,0.0,0.0,21,29,0.034688995215311,0.0,0.044891640866873,0.0847953216374269,1.0263157894736843,1,2.0,5,1.1842105263157894,1,1.2,5,2.0,1.4,0.6,1.4,1.2,0.2,0.6000000000000001,-0.19999999999999996,0.39999999999999997
2024-04-02,2023/24,Burnley,Wolverhampton Wanderers,1,1,D,5.0,9.0,5.0,7.0,30,29,18,41,-23,1,19,10,4,4,3,3,0.6,1.0,0.4,1.4137931034482758,1.8,0.3862068965517242,0.0137931034482757,-0.8137931034482758,-0.8,0.0137931034482757,0.0,0.0,49,26,41,18,-4,19,8,19,1,0,8,9,0.7894736842105263,0.7631578947368421,0.0,0.0282651072124756,41,18,0.0,0.0401662049861495,0.087719298245614,0.0381578947368421,,0,1.0,5,1.0789473684210529,1,1.8,5,1.2,2.0,-0.8,1.0,1.4,-0.4,0.19999999999999996,-0.6000000000000001,-0.4
2024-04-02,2023/24,West Ham United,Tottenham Hotspur,1,1,D,8.0,9.0,6.0,5.0,30,29,44,56,-12,1,7,5,7,7,5,5,1.4666666666666666,1.6,0.1333333333333335,1.9310344827586208,1.8,-0.1310344827586207,0.2643678160919542,-0.4643678160919542,-0.1999999999999999,0.2643678160919542,0.0,0.0,23,11,15,3,22,34,22,34,0,0,8,9,0.7894736842105263,0.7631578947368421,0.0328947368421052,0.0635964912280701,15,3,0.0493421052631578,0.1907894736842105,0.034324942791762,0.0218045112781954,1.0526315789473684,1,1.6,5,1.5789473684210529,1,1.8,5,2.6,2.0,0.6,2.0,1.4,0.6,0.6000000000000001,-0.6000000000000001,0.0
2024-04-03,2023/24,Arsenal,Luton Town,2,0,H,13.0,2.0,12.0,2.0,29,30,65,22,43,-1,2,18,3,0,1,1,2.2413793103448274,2.6,0.3586206896551727,0.7333333333333333,0.4,-0.3333333333333332,0.691954022988506,1.508045977011494,2.2,0.6919540229885062,0.0,0.0,2,45,-6,37,43,0,43,5,0,1,9,8,0.7631578947368421,0.7894736842105263,0.2543859649122807,0.0,6,37,0.1090225563909774,0.0,0.0173444976076555,0.131578947368421,2.210526315789474,1,2.6,5,,0,0.4,5,3.4,0.4,3.0,1.6,2.2,-0.6,1.7999999999999998,1.8000000000000003,3.6
2024-04-03,2023/24,Brentford,Brighton,0,0,D,2.0,7.0,5.0,3.0,30,29,27,42,-15,1,17,9,4,10,5,5,0.9,0.4,-0.5,1.4482758620689655,1.4,-0.0482758620689656,-0.4517241379310344,-0.5482758620689655,-1.0,-0.4517241379310344,0.0,0.0,40,25,32,17,5,20,5,20,0,0,8,9,0.7894736842105263,0.7631578947368421,0.0,0.0293522267206477,32,17,0.0,0.0423976608187134,0.131578947368421,0.0363408521303258,1.5526315789473684,1,0.4,5,1.631578947368421,1,1.4,5,1.4,2.2,-0.8,1.6,1.2,0.4,-0.20000000000000018,-1.0000000000000002,-1.2000000000000002
2024-04-03,2023/24,Manchester City,Aston Villa,4,1,H,11.0,10.0,11.0,11.0,29,30,64,59,5,-1,3,4,10,4,5,5,2.206896551724138,2.2,-0.0068965517241377,1.9666666666666663,2.0,0.0333333333333334,-0.0402298850574711,0.2402298850574713,0.2000000000000001,-0.0402298850574711,0.0,0.0,3,8,-5,0,42,37,42,37,0,0,9,8,0.7631578947368421,0.7894736842105263,0.1907894736842105,0.087719298245614,5,0,0.1271929824561403,0.7894736842105263,0.0177478580171358,0.020775623268698,2.3421052631578947,1,2.2,5,1.605263157894737,1,2.0,5,1.2,0.4,0.8,2.0,1.8,0.2,-0.8,1.4,0.6000000000000001
2024-04-04,2023/24,Liverpool,Sheffield United,3,1,H,13.0,2.0,13.0,4.0,29,29,67,15,52,0,2,20,3,0,1,1,2.310344827586207,2.6,0.2896551724137932,0.5172413793103449,0.4,-0.1172413793103448,0.4068965517241381,1.793103448275862,2.2,0.4068965517241381,0.0,0.0,1,53,-8,44,45,-7,45,13,0,1,9,9,0.7631578947368421,0.7631578947368421,0.3815789473684211,0.0,8,44,0.0847953216374269,0.0,0.0165903890160183,0.0545112781954887,1.763157894736842,1,2.6,5,,0,0.4,5,2.4,0.8,1.6,1.0,3.4,-2.4,1.4,2.5999999999999996,4.0
2024-04-04,2023/24,Chelsea,Manchester United,4,3,H,9.0,7.0,10.0,10.0,28,29,40,48,-8,-1,12,6,3,9,5,5,1.4285714285714286,1.8,0.3714285714285714,1.6551724137931034,1.4,-0.2551724137931035,0.626600985221675,-0.2266009852216748,0.4000000000000001,0.626600985221675,0.626600985221675,1.0,28,20,19,11,18,26,18,26,0,0,10,9,0.7368421052631579,0.7631578947368421,0.0254083484573502,0.0363408521303258,19,11,0.0368421052631578,0.0635964912280701,0.038781163434903,0.0282651072124756,1.1578947368421053,1,1.8,5,1.973684210526316,1,1.4,5,2.2,1.6,0.6,1.4,1.4,0.0,0.8000000000000003,-0.20000000000000018,0.6
2024-04-06,2023/24,Crystal Palace,Manchester City,2,4,A,5.0,11.0,10.0,13.0,30,30,30,67,-37,0,15,3,5,8,5,5,1.0,1.0,0.0,2.2333333333333334,2.2,-0.0333333333333332,0.0333333333333332,-1.2333333333333334,-1.2000000000000002,0.0333333333333332,0.0,0.0,40,3,29,-8,8,45,8,45,0,0,8,8,0.7894736842105263,0.7894736842105263,0.0,0.1973684210526315,29,8,0.0,0.087719298245614,0.087719298245614,0.017162471395881,1.1842105263157894,1,1.0,5,2.3421052631578947,1,2.2,5,1.2,1.2,0.0,1.8,0.6,1.2,-0.6000000000000001,-0.6,-1.2
2024-04-06,2023/24,Aston Villa,Brentford,3,3,D,7.0,3.0,6.0,3.0,31,31,59,28,31,0,4,17,8,5,5,5,1.903225806451613,1.4,-0.5032258064516131,0.9032258064516128,0.6,-0.3032258064516129,-0.2000000000000001,1.0,0.7999999999999999,-0.2,0.0,0.0,11,42,0,31,37,6,37,6,0,0,7,7,0.8157894736842105,0.8157894736842105,0.0679824561403508,0.0,0,31,0.8157894736842105,0.0,0.0214681440443213,0.1165413533834586,1.605263157894737,1,1.4,5,1.5526315789473684,1,0.6,5,1.4,2.2,-0.8,1.0,1.4,-0.4,0.3999999999999999,-0.8000000000000003,-0.4
2024-04-06,2023/24,Luton Town,Bournemouth,2,1,H,2.0,13.0,4.0,5.0,31,30,22,41,-19,1,18,12,0,3,1,1,0.7096774193548387,0.4,-0.3096774193548387,1.3666666666666667,2.6,1.2333333333333334,-1.543010752688172,-0.656989247311828,-2.2,-1.5430107526881722,0.0,0.0,48,29,37,18,0,19,6,19,1,0,7,8,0.8157894736842105,0.7894736842105263,0.0,0.0,37,18,0.0,0.0415512465373961,0.1165413533834586,0.0394736842105263,,0,0.4,5,1.0263157894736843,1,2.6,5,1.2,2.0,-0.8,2.2,1.2,1.0,-1.0000000000000002,-0.8,-1.8
2024-04-06,2023/24,Everton,Burnley,1,0,H,2.0,6.0,3.0,2.0,30,31,32,19,13,-1,14,19,6,3,3,3,1.0666666666666669,0.4,-0.6666666666666666,0.6129032258064516,1.2,0.5870967741935483,-1.253763440860215,0.453763440860215,-0.7999999999999999,-1.253763440860215,1.253763440860215,-1.0,38,51,27,40,10,-3,10,9,0,1,8,7,0.7894736842105263,0.8157894736842105,0.0,0.0,27,40,0.0,0.0,0.0717703349282296,0.081578947368421,0.9473684210526316,1,0.4,5,,0,1.2,5,0.8,1.8,-1.0,1.4,1.6,-0.2,-0.5999999999999999,-0.19999999999999996,-0.8
2024-04-06,2023/24,Fulham,Newcastle United,0,1,A,7.0,7.0,10.0,6.0,31,30,39,44,-5,1,13,8,0,9,3,3,1.2580645161290325,1.4,0.1419354838709676,1.4666666666666666,1.4,-0.0666666666666666,0.2086021505376343,-0.2086021505376343,0.0,0.2086021505376343,0.0,0.0,31,26,20,15,17,22,17,22,0,0,7,8,0.8157894736842105,0.7894736842105263,0.0,0.0,20,15,0.0388471177944862,0.0493421052631578,0.0453216374269005,0.034324942791762,1.368421052631579,1,1.4,5,1.868421052631579,1,1.4,5,2.2,1.6,0.6,2.2,2.2,0.0,0.0,0.6000000000000001,0.6
2024-04-06,2023/24,Wolverhampton Wanderers,West Ham United,1,2,A,7.0,6.0,9.0,4.0,30,31,42,45,-3,-1,11,7,6,9,5,5,1.4,1.4,0.0,1.4516129032258065,1.2,-0.2516129032258065,0.2516129032258065,-0.0516129032258065,0.1999999999999999,0.2516129032258065,0.2516129032258065,1.0,28,25,17,14,20,23,20,23,0,0,8,7,0.7894736842105263,0.8157894736842105,0.0,0.0,17,14,0.043859649122807,0.0543859649122807,0.037593984962406,0.0339912280701754,1.0789473684210529,1,1.4,5,1.0526315789473684,1,1.2,5,0.8,1.4,-0.6,2.0,1.8,0.2,-1.2,0.40000000000000013,-0.8
2024-04-06,2023/24,Brighton,Arsenal,0,3,A,5.0,13.0,11.0,13.0,30,30,43,68,-25,0,9,2,7,7,5,5,1.4333333333333331,1.0,-0.4333333333333333,2.2666666666666666,2.6,0.3333333333333335,-0.7666666666666668,-0.8333333333333333,-1.6,-0.7666666666666668,0.0,0.0,27,2,16,-9,21,46,21,46,0,0,8,8,0.7894736842105263,0.7894736842105263,0.0,0.2631578947368421,16,9,0.0464396284829721,0.0789473684210526,0.0358851674641148,0.0167973124300112,1.631578947368421,1,1.0,5,2.210526315789474,1,2.6,5,0.6,1.2,-0.6,2.8,0.4,2.4,-2.1999999999999997,-0.7999999999999999,-3.0
2024-04-07,2023/24,Manchester United,Liverpool,2,2,D,4.0,13.0,10.0,12.0,30,30,48,70,-22,0,6,2,4,10,5,5,1.6,0.8,-0.8,2.333333333333333,2.6,0.2666666666666666,-1.0666666666666669,-0.7333333333333334,-1.8,-1.0666666666666669,0.0,0.0,23,1,12,-10,23,45,23,45,0,0,8,8,0.7894736842105263,0.7894736842105263,0.0328947368421052,0.3947368421052631,12,10,0.0607287449392712,0.0717703349282296,0.0328947368421052,0.017162471395881,1.973684210526316,1,0.8,5,1.763157894736842,1,2.6,5,1.6,2.0,-0.4,2.2,0.8,1.4,-0.6000000000000001,-1.2,-1.7999999999999998
2024-04-07,2023/24,Sheffield United,Chelsea,2,2,D,2.0,9.0,2.0,8.0,30,29,15,43,-28,1,20,9,0,3,1,1,0.5,0.4,-0.0999999999999999,1.4827586206896552,1.8,0.3172413793103448,-0.4172413793103448,-0.9827586206896552,-1.4,-0.4172413793103446,0.0,0.0,56,28,45,17,-10,18,14,18,1,0,8,9,0.7894736842105263,0.7631578947368421,0.0,0.0,45,17,0.0,0.0423976608187134,0.0526315789473684,0.0401662049861495,,0,0.4,5,1.1578947368421053,1,1.8,5,1.2,3.0,-1.8,2.4,2.0,0.4,-1.2,-1.0,-2.2
2024-04-07,2023/24,Tottenham Hotspur,Nottingham Forest,3,1,H,10.0,5.0,12.0,2.0,30,31,57,29,28,-1,5,17,9,0,3,3,1.9,2.0,0.1,0.935483870967742,1.0,0.0645161290322581,0.0354838709677419,0.964516129032258,1.0,0.0354838709677419,0.0,0.0,14,42,3,31,32,4,32,4,0,0,8,7,0.7894736842105263,0.8157894736842105,0.0526315789473684,0.0,3,31,0.1973684210526315,0.0,0.0239234449760765,0.1631578947368421,1.5789473684210529,1,2.0,5,1.0,1,1.0,5,2.0,1.2,0.8,1.0,1.0,0.0,1.0,-0.19999999999999996,0.8
2024-04-13,2023/24,Newcastle United,Tottenham Hotspur,4,0,H,10.0,10.0,9.0,6.0,31,31,47,60,-13,0,8,4,6,9,5,5,1.5161290322580645,2.0,0.4838709677419355,1.935483870967742,2.0,0.064516129032258,0.4193548387096775,-0.4193548387096775,0.0,0.4193548387096775,0.0,0.0,24,11,13,0,22,35,22,35,0,0,7,7,0.8157894736842105,0.8157894736842105,0.0,0.0679824561403508,13,0,0.0582706766917293,0.8157894736842105,0.0354691075514874,0.0226608187134502,1.868421052631579,1,2.0,5,1.5789473684210529,1,2.0,5,2.2,1.4,0.8,2.0,1.2,0.8,0.20000000000000018,-0.19999999999999996,0.0
2024-04-13,2023/24,Brentford,Sheffield United,2,0,H,3.0,3.0,3.0,4.0,32,31,29,16,13,1,16,20,0,3,1,1,0.90625,0.6,-0.30625,0.5161290322580645,0.6,0.0838709677419354,-0.3901209677419355,0.3901209677419355,0.0,-0.3901209677419355,0.0,0.0,42,55,31,44,4,-9,4,13,0,1,6,7,0.8421052631578947,0.8157894736842105,0.0,0.0,31,44,0.0,0.0,0.1684210526315789,0.0582706766917293,1.5526315789473684,1,0.6,5,,0,0.6,5,1.2,1.6,-0.4,1.6,3.2,-1.6,-0.40000000000000013,1.6,1.2000000000000002
2024-04-13,2023/24,Burnley,Brighton,1,1,D,6.0,4.0,5.0,4.0,32,31,19,43,-24,1,19,10,4,4,3,3,0.59375,1.2,0.60625,1.3870967741935485,0.8,-0.5870967741935484,1.1933467741935484,-0.7933467741935485,0.3999999999999999,1.1933467741935484,1.1933467741935484,1.0,52,28,41,17,-6,18,10,18,1,0,6,7,0.8421052631578947,0.8157894736842105,0.0,0.0,41,17,0.0,0.0453216374269005,0.0765550239234449,0.0429362880886426,,0,1.2,5,1.631578947368421,1,0.8,5,1.4,1.4,0.0,0.4,1.6,-1.2,0.9999999999999999,0.20000000000000018,1.2
2024-04-13,2023/24,Manchester City,Luton Town,5,1,H,11.0,4.0,11.0,1.0,31,32,70,25,45,-1,3,18,3,0,1,1,2.2580645161290325,2.2,-0.0580645161290322,0.78125,0.8,0.01875,-0.0768145161290323,1.4768145161290325,1.4,-0.0768145161290323,0.0,0.0,1,46,-10,35,45,0,45,4,0,1,7,6,0.8157894736842105,0.8421052631578947,0.4078947368421052,0.0,10,35,0.0741626794258373,0.0,0.0177345537757437,0.1684210526315789,2.3421052631578947,1,2.2,5,,0,0.8,5,2.4,1.0,1.4,1.4,2.0,-0.6,1.0,1.0,2.0
2024-04-13,2023/24,Nottingham Forest,Wolverhampton Wanderers,2,2,D,5.0,4.0,7.0,7.0,32,31,29,42,-13,1,17,11,2,5,3,3,0.90625,1.0,0.09375,1.3548387096774193,0.8,-0.5548387096774192,0.6485887096774192,-0.4485887096774192,0.1999999999999999,0.6485887096774192,0.6485887096774192,1.0,42,29,31,18,4,17,4,17,0,0,6,7,0.8421052631578947,0.8157894736842105,0.0,0.0,31,18,0.0,0.0429362880886426,0.1684210526315789,0.0453216374269005,1.0,1,1.0,5,1.0789473684210529,1,0.8,5,1.2,1.4,-0.2,0.8,1.8,-1.0,0.3999999999999999,0.40000000000000013,0.8
2024-04-13,2023/24,Bournemouth,Manchester United,2,2,D,10.0,5.0,10.0,7.0,31,31,41,49,-8,0,12,6,3,6,3,3,1.3225806451612905,2.0,0.6774193548387097,1.5806451612903225,1.0,-0.5806451612903225,1.2580645161290325,-0.2580645161290322,1.0,1.2580645161290325,1.2580645161290325,1.0,30,22,19,11,16,24,16,24,0,0,7,7,0.8157894736842105,0.8157894736842105,0.0,0.0,19,11,0.0407894736842105,0.0679824561403508,0.0479876160990712,0.0326315789473684,1.0263157894736843,1,2.0,5,1.973684210526316,1,1.0,5,2.0,1.6,0.4,1.8,2.0,-0.2,0.19999999999999996,0.3999999999999999,0.6000000000000001
2024-04-14,2023/24,Arsenal,Aston Villa,0,2,A,13.0,5.0,15.0,10.0,31,32,71,60,11,-1,2,4,12,3,5,5,2.290322580645161,2.6,0.3096774193548386,1.875,1.0,-0.875,1.1846774193548386,0.4153225806451615,1.6,1.1846774193548386,0.0,0.0,2,13,-11,0,46,35,46,35,0,0,7,6,0.8157894736842105,0.8421052631578947,0.2719298245614035,0.0601503759398496,11,0,0.0679824561403508,0.8421052631578947,0.0173572228443449,0.023391812865497,2.210526315789474,1,2.6,5,1.605263157894737,1,1.0,5,2.6,0.2,2.4,1.4,2.4,-1.0,1.2000000000000002,2.1999999999999997,3.4
2024-04-14,2023/24,Liverpool,Crystal Palace,0,1,A,11.0,2.0,13.0,2.0,31,31,71,30,41,0,3,17,11,2,5,5,2.290322580645161,2.2,-0.0903225806451613,0.967741935483871,0.4,-0.567741935483871,0.4774193548387097,1.3225806451612905,1.8000000000000005,0.4774193548387098,0.0,0.0,2,43,-11,30,46,5,46,5,0,0,7,7,0.8157894736842105,0.8157894736842105,0.2719298245614035,0.0,11,30,0.0679824561403508,0.0,0.0173572228443449,0.1359649122807017,1.763157894736842,1,2.2,5,1.1842105263157894,1,0.4,5,1.8,1.0,0.8,1.0,2.0,-1.0,0.8,1.0,1.8
2024-04-14,2023/24,West Ham United,Fulham,0,2,A,6.0,4.0,6.0,5.0,32,32,48,39,9,0,8,13,6,3,3,3,1.5,1.2,-0.3,1.21875,0.8,-0.4187499999999999,0.1187499999999999,0.28125,0.3999999999999999,0.1187499999999999,0.0,0.0,25,34,12,21,23,14,23,14,0,0,6,6,0.8421052631578947,0.8421052631578947,0.0,0.0,12,21,0.0647773279352226,0.0,0.0350877192982456,0.0561403508771929,1.0526315789473684,1,1.2,5,1.368421052631579,1,0.8,5,1.8,1.8,0.0,1.6,1.8,-0.2,0.19999999999999996,0.0,0.2
2024-04-15,2023/24,Chelsea,Everton,6,0,H,9.0,4.0,10.0,2.0,30,31,44,35,9,-1,9,14,5,8,5,5,1.4666666666666666,1.8,0.3333333333333335,1.1290322580645162,0.8,-0.3290322580645162,0.6623655913978497,0.3376344086021503,1.0,0.6623655913978497,0.0,0.0,29,38,19,28,19,10,19,10,0,0,8,7,0.7894736842105263,0.8157894736842105,0.0,0.0,19,28,0.0394736842105263,0.0,0.0394736842105263,0.0741626794258373,1.1578947368421053,1,1.8,5,0.9473684210526316,1,0.8,5,2.6,2.2,0.4,0.8,1.6,-0.8,1.8,-0.6000000000000001,1.2000000000000002
2024-04-20,2023/24,Luton Town,Brentford,1,5,A,4.0,6.0,4.0,1.0,33,33,25,32,-7,0,18,16,0,3,1,1,0.7575757575757576,0.8,0.0424242424242424,0.9696969696969696,1.2,0.2303030303030302,-0.1878787878787877,-0.2121212121212121,-0.3999999999999999,-0.1878787878787877,0.0,0.0,48,41,38,31,0,7,5,7,1,0,5,5,0.868421052631579,0.868421052631579,0.0,0.0,38,31,0.0,0.0,0.1447368421052631,0.1085526315789473,,0,0.8,5,1.5526315789473684,1,1.2,5,1.0,2.2,-1.2,1.4,1.2,0.2,-0.3999999999999999,-1.0000000000000002,-1.4
2024-04-20,2023/24,Sheffield United,Burnley,1,4,A,3.0,6.0,2.0,2.0,32,33,16,20,-4,-1,20,19,0,3,1,1,0.5,0.6,0.0999999999999999,0.6060606060606061,1.2,0.5939393939393939,-0.4939393939393939,-0.106060606060606,-0.6,-0.4939393939393939,0.0,0.0,57,53,47,43,-9,-5,14,10,1,1,6,5,0.8421052631578947,0.868421052631579,0.0,0.0,47,43,0.0,0.0,0.0561403508771929,0.0789473684210526,,0,0.6,5,,0,1.2,5,1.6,2.4,-0.8,1.2,1.2,0.0,0.40000000000000013,-1.2,-0.8
2024-04-20,2023/24,Wolverhampton Wanderers,Arsenal,0,2,A,5.0,10.0,6.0,13.0,32,32,43,71,-28,0,11,2,0,15,5,5,1.34375,1.0,-0.34375,2.21875,2.0,-0.21875,-0.125,-0.875,-1.0,-0.125,0.0,0.0,30,2,20,-8,18,46,18,46,0,0,6,6,0.8421052631578947,0.8421052631578947,0.0,0.2807017543859649,20,8,0.0,0.0935672514619883,0.0443213296398892,0.0179171332586786,1.0789473684210529,1,1.0,5,2.210526315789474,1,2.0,5,1.2,1.6,-0.4,1.4,0.6,0.8,-0.19999999999999996,-1.0,-1.2000000000000002
2024-04-21,2023/24,Everton,Nottingham Forest,2,0,H,4.0,6.0,6.0,2.0,32,33,35,30,5,-1,15,17,5,2,3,3,1.09375,0.8,-0.2937499999999999,0.9090909090909092,1.2,0.2909090909090909,-0.5846590909090909,0.1846590909090909,-0.3999999999999999,-0.5846590909090909,0.5846590909090909,-1.0,39,44,28,33,10,5,10,5,0,0,6,5,0.8421052631578947,0.868421052631579,0.0,0.0,28,33,0.0,0.0,0.0765550239234449,0.1447368421052631,0.9473684210526316,1,0.8,5,1.0,1,1.2,5,0.6,2.2,-1.6,1.6,1.6,0.0,-1.0,-0.6000000000000001,-1.6
2024-04-21,2023/24,Aston Villa,Bournemouth,3,1,H,8.0,10.0,7.0,5.0,33,32,63,42,21,1,4,13,4,4,3,3,1.9090909090909087,1.6,-0.3090909090909091,1.3125,2.0,0.6875,-0.9965909090909092,0.5965909090909092,-0.3999999999999999,-0.9965909090909092,0.9965909090909092,-1.0,11,32,0,21,38,17,38,17,0,0,5,6,0.868421052631579,0.8421052631578947,0.0723684210526315,0.0,0,21,0.868421052631579,0.0,0.0222672064777327,0.0467836257309941,1.605263157894737,1,1.6,5,1.0263157894736843,1,2.0,5,1.8,1.6,0.2,2.0,1.6,0.4,-0.19999999999999996,0.0,-0.2
2024-04-21,2023/24,Crystal Palace,West Ham United,5,2,H,5.0,5.0,7.0,6.0,32,33,33,48,-15,-1,16,8,8,5,5,5,1.03125,1.0,-0.03125,1.4545454545454546,1.0,-0.4545454545454546,0.4232954545454546,-0.4232954545454546,0.0,0.4232954545454546,0.0,0.0,41,26,30,15,8,23,8,23,0,0,6,5,0.8421052631578947,0.868421052631579,0.0,0.0,30,15,0.0,0.0542763157894736,0.0935672514619883,0.0361842105263157,1.1842105263157894,1,1.0,5,1.0526315789473684,1,1.0,5,1.0,1.4,-0.4,1.4,1.8,-0.4,-0.3999999999999999,0.40000000000000013,0.0
2024-04-21,2023/24,Fulham,Liverpool,1,3,A,7.0,8.0,9.0,10.0,33,32,42,71,-29,1,12,3,1,7,3,3,1.2727272727272727,1.4,0.1272727272727272,2.21875,1.6,-0.6187499999999999,0.7460227272727271,-0.9460227272727272,-0.2000000000000001,0.7460227272727271,0.0,0.0,32,3,21,-8,17,46,17,46,0,0,5,6,0.868421052631579,0.8421052631578947,0.0,0.2105263157894736,21,8,0.0,0.0935672514619883,0.0482456140350877,0.0179171332586786,1.368421052631579,1,1.4,5,1.763157894736842,1,1.6,5,1.8,1.4,0.4,1.6,1.2,0.4,0.19999999999999996,-0.19999999999999996,0.0
2024-04-23,2023/24,Arsenal,Chelsea,5,0,H,10.0,11.0,12.0,6.0,33,31,74,47,27,2,1,9,10,4,5,5,2.242424242424242,2.0,-0.2424242424242422,1.5161290322580645,2.2,0.6838709677419357,-0.926295210166178,0.7262952101661777,-0.2000000000000001,-0.926295210166178,0.926295210166178,-1.0,0,27,-8,19,49,22,49,22,0,0,5,7,0.868421052631579,0.8157894736842105,0.868421052631579,0.0,8,19,0.0964912280701754,0.0407894736842105,0.0173684210526315,0.0354691075514874,2.210526315789474,1,2.0,5,1.1578947368421053,1,2.2,5,1.4,0.4,1.0,3.4,1.8,1.6,-2.0,1.4,-0.6000000000000001
2024-04-24,2023/24,Wolverhampton Wanderers,Bournemouth,0,1,A,2.0,7.0,6.0,4.0,33,33,43,42,1,0,11,13,4,4,3,3,1.303030303030303,0.4,-0.903030303030303,1.2727272727272727,1.4,0.1272727272727272,-1.0303030303030305,0.0303030303030302,-1.0,-1.0303030303030305,1.0303030303030305,-1.0,34,35,23,24,18,17,18,17,0,0,5,5,0.868421052631579,0.868421052631579,0.0,0.0,23,24,0.0,0.0,0.0457063711911357,0.0482456140350877,1.0789473684210529,1,0.4,5,1.0263157894736843,1,1.4,5,0.8,1.8,-1.0,1.4,1.6,-0.2,-0.5999999999999999,-0.19999999999999996,-0.8
2024-04-24,2023/24,Crystal Palace,Newcastle United,2,0,H,7.0,10.0,7.0,9.0,33,32,36,50,-14,1,15,6,3,9,5,5,1.0909090909090908,1.4,0.3090909090909091,1.5625,2.0,0.4375,-0.1284090909090909,-0.4715909090909091,-0.6000000000000001,-0.1284090909090909,0.0,0.0,41,27,30,16,11,25,11,25,0,0,5,6,0.868421052631579,0.8421052631578947,0.0,0.0,30,16,0.0,0.0495356037151702,0.0723684210526315,0.0323886639676113,1.1842105263157894,1,1.4,5,1.868421052631579,1,2.0,5,1.8,1.6,0.2,2.4,1.4,1.0,-0.5999999999999999,-0.20000000000000018,-0.8
2024-04-24,2023/24,Everton,Liverpool,2,0,H,7.0,10.0,8.0,10.0,33,33,38,74,-36,0,14,2,1,13,5,5,1.1515151515151516,1.4,0.2484848484848483,2.242424242424242,2.0,-0.2424242424242422,0.4909090909090905,-1.0909090909090906,-0.6000000000000001,0.4909090909090905,0.0,0.0,39,3,28,-8,13,49,13,49,0,0,5,5,0.868421052631579,0.868421052631579,0.0,0.2171052631578947,28,8,0.0,0.0964912280701754,0.0620300751879699,0.0173684210526315,0.9473684210526316,1,1.4,5,1.763157894736842,1,2.0,5,1.0,1.8,-0.8,2.0,1.2,0.8,-1.0,-0.6000000000000001,-1.6
2024-04-24,2023/24,Manchester United,Sheffield United,4,2,H,6.0,2.0,8.0,4.0,32,33,50,16,34,-1,7,20,3,0,1,1,1.5625,1.2,-0.3625,0.4848484848484848,0.4,-0.0848484848484848,-0.2776515151515152,1.0776515151515151,0.7999999999999999,-0.2776515151515152,0.0,0.0,27,61,16,50,25,-9,25,14,0,1,6,5,0.8421052631578947,0.868421052631579,0.0,0.0,16,50,0.0495356037151702,0.0,0.0323886639676113,0.0578947368421052,1.973684210526316,1,1.2,5,,0,0.4,5,2.0,1.8,0.2,1.4,2.8,-1.4,0.6000000000000001,0.9999999999999998,1.5999999999999999
2024-04-25,2023/24,Brighton,Manchester City,0,4,A,5.0,11.0,8.0,13.0,32,32,44,73,-29,0,11,3,1,13,5,5,1.375,1.0,-0.375,2.28125,2.2,-0.0812499999999998,-0.2937500000000002,-0.90625,-1.2000000000000002,-0.2937500000000002,0.0,0.0,33,4,22,-7,19,48,19,48,0,0,6,6,0.8421052631578947,0.8421052631578947,0.0,0.1684210526315789,22,7,0.0,0.1052631578947368,0.0421052631578947,0.0171858216970998,1.631578947368421,1,1.0,5,2.3421052631578947,1,2.2,5,0.6,1.2,-0.6,2.8,1.0,1.8,-2.1999999999999997,-0.19999999999999996,-2.4
2024-04-27,2023/24,West Ham United,Liverpool,2,2,D,4.0,7.0,6.0,10.0,34,34,48,74,-26,0,8,3,3,12,5,5,1.411764705882353,0.8,-0.611764705882353,2.176470588235294,1.4,-0.776470588235294,0.164705882352941,-0.7647058823529409,-0.5999999999999999,0.164705882352941,0.0,0.0,29,3,18,-8,23,49,23,49,0,0,4,4,0.8947368421052632,0.8947368421052632,0.0,0.2236842105263158,18,8,0.0,0.0994152046783625,0.0372807017543859,0.0178947368421052,1.0526315789473684,1,0.8,5,1.763157894736842,1,1.4,5,1.6,2.6,-1.0,1.6,1.4,0.2,0.0,-1.2000000000000002,-1.2
2024-04-27,2023/24,Fulham,Crystal Palace,1,1,D,4.0,9.0,6.0,5.0,34,34,42,39,3,0,13,15,5,2,3,3,1.2352941176470589,0.8,-0.4352941176470588,1.1470588235294117,1.8,0.6529411764705884,-1.0882352941176472,0.0882352941176471,-1.0,-1.0882352941176472,1.0882352941176472,-1.0,35,38,24,27,17,14,17,14,0,0,4,4,0.8947368421052632,0.8947368421052632,0.0,0.0,24,27,0.0,0.0,0.0497076023391812,0.0596491228070175,1.368421052631579,1,0.8,5,1.1842105263157894,1,1.8,5,1.4,2.0,-0.6,2.0,1.4,0.6,-0.6000000000000001,-0.6000000000000001,-1.2
2024-04-27,2023/24,Manchester United,Burnley,1,1,D,6.0,6.0,10.0,5.0,33,34,53,23,30,-1,6,19,7,1,3,3,1.606060606060606,1.2,-0.406060606060606,0.6764705882352942,1.2,0.5235294117647058,-0.9295900178253118,0.9295900178253118,0.0,-0.9295900178253118,0.0,0.0,24,54,13,43,28,-2,28,7,0,1,5,4,0.868421052631579,0.8947368421052632,0.0,0.0,13,43,0.0620300751879699,0.0,0.0299455535390199,0.1118421052631579,1.973684210526316,1,1.2,5,,0,1.2,5,2.4,2.2,0.2,1.6,1.2,0.4,0.7999999999999998,-1.0000000000000002,-0.2
2024-04-27,2023/24,Newcastle United,Sheffield United,5,1,H,10.0,1.0,11.0,1.0,33,34,50,16,34,-1,7,20,3,0,1,1,1.5151515151515151,2.0,0.4848484848484848,0.4705882352941176,0.2,-0.2705882352941176,0.7554367201426024,1.0445632798573974,1.8,0.7554367201426027,0.0,0.0,27,61,16,50,25,-9,25,14,0,1,5,4,0.868421052631579,0.8947368421052632,0.0,0.0,16,50,0.0,0.0,0.0334008097165991,0.0596491228070175,1.868421052631579,1,2.0,5,,0,0.2,5,2.0,1.2,0.8,1.2,3.0,-1.8,0.8,1.8,2.6
2024-04-27,2023/24,Wolverhampton Wanderers,Luton Town,2,1,H,2.0,3.0,6.0,1.0,34,34,43,25,18,0,12,18,1,1,1,1,1.2647058823529411,0.4,-0.8647058823529411,0.7352941176470589,0.6,-0.1352941176470589,-0.7294117647058822,0.5294117647058822,-0.1999999999999999,-0.7294117647058822,0.7294117647058822,-1.0,34,52,23,41,18,0,18,5,0,1,4,4,0.8947368421052632,0.8947368421052632,0.0,0.0,23,41,0.0,0.0,0.0470914127423822,0.1491228070175438,1.0789473684210529,1,0.4,5,,0,0.6,5,0.8,1.6,-0.8,1.0,3.0,-2.0,-0.19999999999999996,1.4,1.2
2024-04-27,2023/24,Everton,Brentford,1,0,H,10.0,9.0,10.0,4.0,34,34,41,35,6,0,14,16,7,7,5,5,1.2058823529411764,2.0,0.7941176470588236,1.0294117647058822,1.8,0.7705882352941178,0.0235294117647058,0.1764705882352941,0.1999999999999999,0.0235294117647058,0.0,0.0,36,42,25,31,16,10,16,10,0,0,4,4,0.8947368421052632,0.8947368421052632,0.0,0.0,25,31,0.0,0.0,0.0526315789473684,0.0813397129186602,0.9473684210526316,1,2.0,5,1.5526315789473684,1,1.8,5,1.2,1.4,-0.2,2.2,1.0,1.2,-1.0000000000000002,-0.3999999999999999,-1.4
2024-04-27,2023/24,Aston Villa,Chelsea,2,2,D,10.0,8.0,10.0,6.0,34,32,66,47,19,2,4,9,6,9,5,5,1.9411764705882355,2.0,0.0588235294117647,1.46875,1.6,0.1312500000000001,-0.0724264705882353,0.4724264705882353,0.3999999999999999,-0.0724264705882353,0.0,0.0,11,30,0,19,41,22,41,22,0,0,4,6,0.8947368421052632,0.8421052631578947,0.0745614035087719,0.0,0,19,0.8947368421052632,0.0,0.0213032581453634,0.0366132723112128,1.605263157894737,1,2.0,5,1.1578947368421053,1,1.6,5,2.2,1.6,0.6,2.8,2.4,0.4,-0.5999999999999996,0.7999999999999998,0.19999999999999996
2024-04-28,2023/24,Nottingham Forest,Manchester City,0,2,A,5.0,13.0,8.0,13.0,34,33,30,76,-46,1,17,2,1,7,3,3,0.8823529411764706,1.0,0.1176470588235294,2.303030303030303,2.6,0.2969696969696969,-0.1793226381461674,-1.4206773618538326,-1.6,-0.1793226381461674,0.0,0.0,47,1,37,-9,5,51,5,51,0,0,4,5,0.8947368421052632,0.868421052631579,0.0,0.4342105263157895,37,9,0.0,0.0868421052631579,0.1491228070175438,0.0167004048582995,1.0,1,1.0,5,2.3421052631578947,1,2.6,5,1.4,1.8,-0.4,3.4,0.8,2.6,-2.0,-1.0,-3.0
2024-04-28,2023/24,Bournemouth,Brighton,3,0,H,7.0,2.0,11.0,5.0,34,33,45,44,1,1,11,12,0,9,3,3,1.3235294117647058,1.4,0.076470588235294,1.3333333333333333,0.4,-0.9333333333333332,1.0098039215686274,-0.0098039215686274,1.0,1.0098039215686274,1.0098039215686274,1.0,32,33,22,23,20,19,20,19,0,0,4,5,0.8947368421052632,0.868421052631579,0.0,0.0,22,23,0.0,0.0,0.0426065162907268,0.0434210526315789,1.0263157894736843,1,1.4,5,1.631578947368421,1,0.4,5,1.2,1.4,-0.2,0.4,2.0,-1.6,0.7999999999999999,0.6000000000000001,1.4000000000000001
2024-04-28,2023/24,Tottenham Hotspur,Arsenal,2,3,A,7.0,12.0,12.0,13.0,32,34,60,77,-17,-2,5,1,4,10,5,5,1.875,1.4,-0.4750000000000001,2.264705882352941,2.4,0.1352941176470588,-0.6102941176470589,-0.3897058823529411,-1.0,-0.6102941176470589,0.0,0.0,17,0,7,-10,35,52,35,52,0,0,6,4,0.8421052631578947,0.8947368421052632,0.0467836257309941,0.8947368421052632,7,10,0.1052631578947368,0.0813397129186602,0.023391812865497,0.0168818272095332,1.5789473684210529,1,1.4,5,2.210526315789474,1,2.4,5,1.2,2.0,-0.8,2.4,0.4,2.0,-1.2,-1.6,-2.8
2024-05-02,2023/24,Chelsea,Tottenham Hotspur,2,0,H,8.0,7.0,10.0,5.0,33,33,48,60,-12,0,9,5,10,4,5,5,1.4545454545454546,1.6,0.1454545454545455,1.818181818181818,1.4,-0.4181818181818182,0.5636363636363637,-0.3636363636363635,0.2000000000000001,0.5636363636363637,0.5636363636363637,1.0,32,20,19,7,23,35,23,35,0,0,5,5,0.868421052631579,0.868421052631579,0.0,0.0,19,7,0.0,0.1085526315789473,0.0361842105263157,0.0241228070175438,1.1578947368421053,1,1.6,5,1.5789473684210529,1,1.4,5,2.8,2.4,0.4,1.6,2.0,-0.4,1.1999999999999997,-0.3999999999999999,0.8
2024-05-03,2023/24,Luton Town,Everton,1,1,D,3.0,12.0,4.0,2.0,35,35,25,44,-19,0,18,13,3,0,1,1,0.7142857142857143,0.6,-0.1142857142857143,1.2571428571428571,2.4,1.1428571428571428,-1.2571428571428571,-0.5428571428571428,-1.7999999999999998,-1.2571428571428571,0.0,0.0,55,36,42,23,0,19,5,19,1,0,3,3,0.9210526315789472,0.9210526315789472,0.0,0.0,42,23,0.0,0.0,0.1535087719298245,0.0460526315789473,,0,0.6,5,0.9473684210526316,1,2.4,5,1.0,3.0,-2.0,1.2,1.2,0.0,-0.19999999999999996,-1.8,-2.0
2024-05-04,2023/24,Brentford,Fulham,0,0,D,8.0,4.0,6.0,7.0,35,35,35,43,-8,0,16,14,6,3,3,3,1.0,1.6,0.6000000000000001,1.2285714285714286,0.8,-0.4285714285714286,1.0285714285714287,-0.2285714285714286,0.8,1.0285714285714287,1.0285714285714287,1.0,45,37,32,24,9,17,9,17,0,0,3,3,0.9210526315789472,0.9210526315789472,0.0,0.0,32,24,0.0,0.0,0.0921052631578947,0.0511695906432748,1.5526315789473684,1,1.6,5,1.368421052631579,1,0.8,5,2.0,1.0,1.0,1.0,1.6,-0.6,1.0,0.6000000000000001,1.6
2024-05-04,2023/24,Burnley,Newcastle United,1,4,A,6.0,10.0,5.0,6.0,35,34,24,53,-29,1,19,7,0,9,3,3,0.6857142857142857,1.2,0.5142857142857142,1.5588235294117647,2.0,0.4411764705882353,0.0731092436974789,-0.873109243697479,-0.8,0.0731092436974789,0.0,0.0,56,27,43,14,-2,27,6,27,1,0,3,4,0.9210526315789472,0.8947368421052632,0.0,0.0,43,14,0.0,0.0,0.131578947368421,0.0319548872180451,,0,1.2,5,1.868421052631579,1,2.0,5,1.4,1.0,0.4,2.2,0.8,1.4,-0.8000000000000003,-0.19999999999999996,-0.9999999999999999
2024-05-04,2023/24,Sheffield United,Nottingham Forest,1,3,A,1.0,4.0,2.0,1.0,35,35,16,30,-14,0,20,17,0,3,1,1,0.4571428571428571,0.2,-0.2571428571428571,0.8571428571428571,0.8,-0.057142857142857,-0.2,-0.3999999999999999,-0.6000000000000001,-0.2000000000000001,0.0,0.0,64,50,51,37,-10,4,14,4,1,0,3,3,0.9210526315789472,0.9210526315789472,0.0,0.0,51,37,0.0,0.0,0.0614035087719298,0.1842105263157894,,0,0.2,5,1.0,1,0.8,5,1.2,3.4,-2.2,1.2,2.0,-0.8,0.0,-1.4,-1.4000000000000001
2024-05-04,2023/24,Manchester City,Wolverhampton Wanderers,5,1,H,15.0,4.0,13.0,5.0,34,35,79,46,33,-1,2,11,12,3,5,5,2.323529411764706,3.0,0.6764705882352939,1.3142857142857145,0.8,-0.5142857142857142,1.1907563025210082,1.0092436974789918,2.2,1.1907563025210084,0.0,0.0,1,34,-12,21,53,20,53,20,0,0,4,3,0.8947368421052632,0.9210526315789472,0.4473684210526316,0.0,12,21,0.068825910931174,0.0,0.016569200779727,0.043859649122807,2.3421052631578947,1,3.0,5,1.0789473684210529,1,0.8,5,3.8,0.8,3.0,1.0,1.6,-0.6,2.8,0.8,3.6
2024-05-04,2023/24,Arsenal,Bournemouth,3,0,H,12.0,7.0,12.0,7.0,35,35,80,48,32,0,1,10,9,0,3,3,2.2857142857142856,2.4,0.1142857142857143,1.3714285714285714,1.4,0.0285714285714284,0.0857142857142858,0.914285714285714,1.0,0.0857142857142858,0.0,0.0,0,32,-13,19,54,22,54,22,0,0,3,3,0.9210526315789472,0.9210526315789472,0.9210526315789472,0.0,13,19,0.0657894736842105,0.0,0.0167464114832535,0.040045766590389,2.210526315789474,1,2.4,5,1.0263157894736843,1,1.4,5,2.6,0.8,1.8,1.6,1.4,0.2,1.0,0.5999999999999999,1.6
2024-05-05,2023/24,Chelsea,West Ham United,5,0,H,8.0,5.0,13.0,6.0,34,35,51,49,2,-1,8,9,7,7,5,5,1.5,1.6,0.1,1.4,1.0,-0.3999999999999999,0.5,0.1,0.6000000000000001,0.5,0.0,0.0,32,34,16,18,25,23,25,23,0,0,4,3,0.8947368421052632,0.9210526315789472,0.0,0.0,16,18,0.0,0.0,0.034412955465587,0.0383771929824561,1.1578947368421053,1,1.6,5,1.0526315789473684,1,1.0,5,2.4,1.8,0.6,1.4,2.2,-0.8,1.0,0.40000000000000013,1.4
2024-05-05,2023/24,Liverpool,Tottenham Hotspur,4,2,H,5.0,4.0,10.0,4.0,35,34,75,60,15,1,3,5,8,5,5,5,2.142857142857143,1.0,-1.1428571428571428,1.7647058823529411,0.8,-0.9647058823529412,-0.1781512605042017,0.3781512605042016,0.1999999999999999,-0.1781512605042017,0.0,0.0,8,23,-8,7,49,34,49,34,0,0,3,4,0.9210526315789472,0.8947368421052632,0.1023391812865497,0.0,8,7,0.1023391812865497,0.1118421052631579,0.0184210526315789,0.025563909774436,1.763157894736842,1,1.0,5,1.5789473684210529,1,0.8,5,1.4,1.6,-0.2,1.2,2.2,-1.0,0.19999999999999996,0.6000000000000001,0.8
2024-05-05,2023/24,Brighton,Aston Villa,1,0,H,2.0,8.0,7.0,10.0,34,35,44,67,-23,-1,14,4,0,15,5,5,1.2941176470588236,0.4,-0.8941176470588236,1.9142857142857144,1.6,-0.3142857142857143,-0.5798319327731093,-0.6201680672268908,-1.2000000000000002,-0.5798319327731094,0.0,0.0,39,16,23,0,18,41,18,41,0,0,4,3,0.8947368421052632,0.9210526315789472,0.0,0.0,23,0,0.0,0.9210526315789472,0.0470914127423822,0.0219298245614035,1.631578947368421,1,0.4,5,1.605263157894737,1,1.6,5,0.2,2.2,-2.0,2.2,2.0,0.2,-2.0,-0.20000000000000018,-2.2
2024-05-06,2023/24,Crystal Palace,Manchester United,4,0,H,10.0,6.0,10.0,5.0,35,34,40,54,-14,1,15,8,7,7,5,5,1.1428571428571428,2.0,0.8571428571428572,1.588235294117647,1.2,-0.388235294117647,1.2453781512605042,-0.4453781512605042,0.8,1.2453781512605042,1.2453781512605042,1.0,43,29,27,13,14,28,14,28,0,0,3,4,0.9210526315789472,0.8947368421052632,0.0,0.0,27,13,0.0,0.0,0.0614035087719298,0.0308529945553539,1.1842105263157894,1,2.0,5,1.973684210526316,1,1.2,5,2.2,1.4,0.8,2.4,2.2,0.2,-0.19999999999999973,0.8000000000000003,0.6000000000000001
2024-05-11,2023/24,Fulham,Manchester City,0,4,A,5.0,15.0,7.0,13.0,36,35,44,82,-38,1,14,2,0,9,3,3,1.2222222222222223,1.0,-0.2222222222222223,2.342857142857143,3.0,0.657142857142857,-0.8793650793650793,-1.1206349206349209,-2.0,-0.8793650793650793,0.0,0.0,39,1,23,-15,18,56,18,56,0,0,2,3,0.9473684210526316,0.9210526315789472,0.0,0.4605263157894737,23,15,0.0,0.0575657894736842,0.0498614958448753,0.0161588180978762,1.368421052631579,1,1.0,5,2.3421052631578947,1,3.0,5,0.8,1.0,-0.2,4.0,0.8,3.2,-3.2,-0.19999999999999996,-3.4000000000000004
2024-05-11,2023/24,Bournemouth,Brentford,1,2,A,7.0,8.0,13.0,4.0,36,36,48,36,12,0,10,16,2,5,3,3,1.3333333333333333,1.4,0.0666666666666666,1.0,1.6,0.6000000000000001,-0.5333333333333334,0.3333333333333332,-0.2000000000000001,-0.5333333333333334,0.5333333333333334,-1.0,35,47,19,31,22,10,22,10,0,0,2,2,0.9473684210526316,0.9473684210526316,0.0,0.0,19,31,0.0,0.0,0.0411899313501144,0.0861244019138755,1.0263157894736843,1,1.4,5,1.5526315789473684,1,1.6,5,1.4,1.6,-0.2,2.0,1.0,1.0,-0.6000000000000001,-0.6000000000000001,-1.2
2024-05-11,2023/24,Everton,Sheffield United,1,0,H,10.0,0.0,12.0,1.0,36,36,45,16,29,0,13,20,1,1,1,1,1.25,2.0,0.75,0.4444444444444444,0.0,-0.4444444444444444,1.1944444444444444,0.8055555555555556,2.0,1.1944444444444444,0.0,0.0,38,67,22,51,19,-10,19,17,0,1,2,2,0.9473684210526316,0.9473684210526316,0.0,0.0,22,51,0.0,0.0,0.0473684210526315,0.0526315789473684,0.9473684210526316,1,2.0,5,,0,0.0,5,1.2,1.4,-0.2,1.0,3.6,-2.6,0.19999999999999996,2.2,2.4
2024-05-11,2023/24,Newcastle United,Brighton,1,1,D,12.0,4.0,13.0,2.0,35,35,56,47,9,0,6,11,8,5,5,5,1.6,2.4,0.7999999999999998,1.3428571428571427,0.8,-0.5428571428571427,1.3428571428571423,0.2571428571428573,1.6,1.3428571428571423,0.0,0.0,27,36,11,20,30,21,30,21,0,0,3,3,0.9210526315789472,0.9210526315789472,0.0,0.0,11,20,0.0,0.0,0.0297113752122241,0.0418660287081339,1.868421052631579,1,2.4,5,1.631578947368421,1,0.8,5,2.8,0.8,2.0,0.4,2.2,-1.8,2.4,1.4000000000000001,3.8
2024-05-11,2023/24,Tottenham Hotspur,Burnley,2,1,H,3.0,5.0,9.0,6.0,35,36,60,24,36,-1,5,19,6,3,3,3,1.7142857142857142,0.6,-1.1142857142857143,0.6666666666666666,1.0,0.3333333333333333,-1.4476190476190478,1.0476190476190474,-0.4,-1.4476190476190474,1.4476190476190474,-1.0,23,59,7,43,34,-2,34,9,0,1,3,2,0.9210526315789472,0.9473684210526316,0.0,0.0,7,43,0.1151315789473684,0.0,0.0263157894736842,0.0947368421052631,1.5789473684210529,1,0.6,5,,0,1.0,5,1.4,2.8,-1.4,1.4,1.6,-0.2,0.0,-1.1999999999999997,-1.2
2024-05-11,2023/24,West Ham United,Luton Town,3,1,H,4.0,4.0,4.0,0.0,36,36,49,26,23,0,9,18,3,0,1,1,1.3611111111111112,0.8,-0.5611111111111111,0.7222222222222222,0.8,0.0777777777777778,-0.638888888888889,0.638888888888889,0.0,-0.638888888888889,0.0,0.0,34,57,18,41,23,0,23,7,0,1,2,2,0.9473684210526316,0.9473684210526316,0.0,0.0,18,41,0.0,0.0,0.0394736842105263,0.1184210526315789,1.0526315789473684,1,0.8,5,,0,0.8,5,1.2,3.0,-1.8,1.2,2.8,-1.6,0.0,-0.20000000000000018,-0.19999999999999996
2024-05-11,2023/24,Wolverhampton Wanderers,Crystal Palace,1,3,A,4.0,13.0,6.0,5.0,36,36,46,43,3,0,12,15,3,12,5,5,1.2777777777777777,0.8,-0.4777777777777776,1.1944444444444444,2.6,1.4055555555555557,-1.8833333333333333,0.0833333333333332,-1.8,-1.8833333333333333,1.8833333333333333,-1.0,37,40,21,24,20,17,20,17,0,0,2,2,0.9473684210526316,0.9473684210526316,0.0,0.0,21,24,0.0,0.0,0.0451127819548872,0.0526315789473684,1.0789473684210529,1,0.8,5,1.1842105263157894,1,2.6,5,1.0,2.2,-1.2,2.6,0.6,2.0,-1.6,-1.6,-3.2
2024-05-11,2023/24,Nottingham Forest,Chelsea,2,3,A,4.0,10.0,5.0,4.0,36,35,33,54,-21,1,17,7,5,2,3,3,0.9166666666666666,0.8,-0.1166666666666665,1.542857142857143,2.0,0.4571428571428571,-0.5738095238095237,-0.6261904761904763,-1.2,-0.5738095238095237,0.0,0.0,50,29,34,13,7,28,7,28,0,0,2,3,0.9473684210526316,0.9210526315789472,0.0,0.0,34,13,0.0,0.0,0.1184210526315789,0.0317604355716878,1.0,1,0.8,5,1.1578947368421053,1,2.0,5,1.2,2.0,-0.8,3.0,1.4,1.6,-1.8,-0.6000000000000001,-2.4000000000000004
2024-05-12,2023/24,Manchester United,Arsenal,0,1,A,6.0,12.0,8.0,13.0,35,36,54,83,-29,-1,8,2,6,9,5,5,1.542857142857143,1.2,-0.3428571428571429,2.305555555555556,2.4,0.0944444444444445,-0.4373015873015875,-0.7626984126984124,-1.2,-0.4373015873015875,0.0,0.0,31,2,13,-16,28,57,28,57,0,0,3,2,0.9210526315789472,0.9473684210526316,0.0,0.3157894736842105,13,16,0.0,0.0557275541795665,0.0317604355716878,0.0163339382940108,1.973684210526316,1,1.2,5,2.210526315789474,1,2.4,5,1.8,2.2,-0.4,2.6,0.8,1.8,-0.8,-1.4000000000000001,-2.2
2024-05-13,2023/24,Aston Villa,Liverpool,3,3,D,8.0,7.0,8.0,8.0,36,36,67,78,-11,0,4,3,1,13,5,5,1.8611111111111112,1.6,-0.261111111111111,2.1666666666666665,1.4,-0.7666666666666666,0.5055555555555555,-0.3055555555555553,0.2000000000000001,0.5055555555555555,0.5055555555555555,1.0,19,8,0,-11,41,52,41,52,0,0,2,2,0.9473684210526316,0.9473684210526316,0.0,0.0,0,11,0.9473684210526316,0.0789473684210526,0.0225563909774436,0.0178748758689175,1.605263157894737,1,1.6,5,1.763157894736842,1,1.4,5,2.0,1.4,0.6,1.8,1.6,0.2,0.19999999999999996,0.20000000000000018,0.39999999999999997
2024-05-14,2023/24,Tottenham Hotspur,Manchester City,0,2,A,3.0,15.0,12.0,13.0,36,36,63,85,-22,0,5,2,10,4,5,5,1.75,0.6,-1.15,2.361111111111111,3.0,0.6388888888888888,-1.7888888888888888,-0.6111111111111112,-2.4,-1.7888888888888888,0.0,0.0,23,1,5,-17,37,59,37,59,0,0,2,2,0.9473684210526316,0.9473684210526316,0.0,0.4736842105263157,5,17,0.1578947368421052,0.0526315789473684,0.0249307479224376,0.0157894736842105,1.5789473684210529,1,0.6,5,2.3421052631578947,1,3.0,5,1.2,2.8,-1.6,4.0,0.4,3.6,-2.8,-2.4,-5.2
2024-05-15,2023/24,Brighton,Chelsea,1,2,A,5.0,10.0,7.0,6.0,36,36,48,57,-9,0,10,7,8,5,5,5,1.3333333333333333,1.0,-0.3333333333333332,1.5833333333333333,2.0,0.4166666666666667,-0.75,-0.25,-1.0,-0.75,0.0,0.0,40,31,20,11,22,31,22,31,0,0,2,2,0.9473684210526316,0.9473684210526316,0.0,0.0,20,11,0.0,0.0,0.0411899313501144,0.0296052631578947,1.631578947368421,1,1.0,5,1.1578947368421053,1,2.0,5,0.6,1.8,-1.2,2.4,1.8,0.6,-1.7999999999999998,0.0,-1.7999999999999998
2024-05-15,2023/24,Manchester United,Newcastle United,3,2,H,5.0,10.0,8.0,6.0,36,36,54,57,-3,0,8,6,5,8,5,5,1.5,1.0,-0.5,1.5833333333333333,2.0,0.4166666666666667,-0.9166666666666669,-0.0833333333333332,-1.0,-0.9166666666666669,0.0,0.0,34,31,14,11,28,31,28,31,0,0,2,2,0.9473684210526316,0.9473684210526316,0.0,0.0,14,11,0.0,0.0,0.0326678765880217,0.0296052631578947,1.973684210526316,1,1.0,5,1.868421052631579,1,2.0,5,1.4,2.0,-0.6,2.8,1.0,1.8,-1.4,-1.0,-2.4
2024-05-19,2023/24,Arsenal,Everton,2,1,H,15.0,13.0,12.0,2.0,37,37,86,48,38,0,2,11,9,6,5,5,2.324324324324324,3.0,0.6756756756756759,1.2972972972972974,2.6,1.3027027027027027,-0.6270270270270268,1.0270270270270268,0.3999999999999999,-0.6270270270270268,0.0,0.0,2,40,-18,20,60,22,60,22,0,0,1,1,0.9736842105263158,0.9736842105263158,0.3245614035087719,0.0,18,20,0.0512465373961218,0.0,0.0159620362381363,0.0423340961098398,2.210526315789474,1,3.0,5,0.9473684210526316,1,2.6,5,2.8,0.4,2.4,1.4,0.2,1.2,1.4,-0.2,1.2
2024-05-19,2023/24,Brentford,Newcastle United,2,4,A,10.0,7.0,7.0,6.0,37,37,39,57,-18,0,16,7,1,13,5,5,1.054054054054054,2.0,0.945945945945946,1.5405405405405406,1.4,-0.1405405405405406,1.0864864864864867,-0.4864864864864866,0.6000000000000001,1.0864864864864867,1.0864864864864867,1.0,49,31,29,11,13,31,13,31,0,0,1,1,0.9736842105263158,0.9736842105263158,0.0,0.0,29,11,0.0,0.0,0.0695488721804511,0.0304276315789473,1.5526315789473684,1,2.0,5,1.868421052631579,1,1.4,5,1.8,0.6,1.2,2.4,1.6,0.8,-0.5999999999999999,1.0,0.3999999999999999
2024-05-19,2023/24,Brighton,Manchester United,0,2,A,4.0,7.0,6.0,2.0,37,37,48,57,-9,0,10,8,12,3,5,5,1.2972972972972974,0.8,-0.4972972972972973,1.5405405405405406,1.4,-0.1405405405405406,-0.3567567567567566,-0.2432432432432432,-0.5999999999999999,-0.3567567567567566,0.0,0.0,40,31,20,11,22,31,22,31,0,0,1,1,0.9736842105263158,0.9736842105263158,0.0,0.0,20,11,0.0,0.0,0.0423340961098398,0.0304276315789473,1.631578947368421,1,0.8,5,1.973684210526316,1,1.4,5,0.6,2.0,-1.4,1.6,2.0,-0.4,-1.0,0.0,-0.9999999999999999
2024-05-19,2023/24,Burnley,Nottingham Forest,1,2,A,5.0,4.0,5.0,4.0,37,37,24,33,-9,0,19,17,1,1,1,1,0.6486486486486487,1.0,0.3513513513513513,0.8918918918918919,0.8,-0.0918918918918918,0.4432432432432431,-0.2432432432432432,0.1999999999999999,0.4432432432432431,0.4432432432432431,1.0,64,55,44,35,-2,7,9,7,1,0,1,1,0.9736842105263158,0.9736842105263158,0.0,0.0,44,35,0.0,0.0,0.0973684210526315,0.1217105263157894,,0,1.0,5,1.0,1,0.8,5,1.6,1.8,-0.2,1.4,2.0,-0.6,0.20000000000000018,0.19999999999999996,0.39999999999999997
2024-05-19,2023/24,Chelsea,Bournemouth,2,1,H,13.0,6.0,13.0,6.0,37,37,60,48,12,0,6,12,7,1,3,3,1.6216216216216215,2.6,0.9783783783783784,1.2972972972972974,1.2,-0.0972972972972974,1.0756756756756758,0.3243243243243243,1.4,1.0756756756756758,0.0,0.0,28,40,8,20,34,22,34,22,0,0,1,1,0.9736842105263158,0.9736842105263158,0.0,0.0,8,20,0.0,0.0,0.0278195488721804,0.0423340961098398,1.1578947368421053,1,2.6,5,1.0263157894736843,1,1.2,5,2.8,1.0,1.8,1.2,1.6,-0.4,1.5999999999999999,0.6000000000000001,2.2
2024-05-19,2023/24,Crystal Palace,Aston Villa,5,0,H,13.0,8.0,10.0,7.0,37,37,46,68,-22,0,13,4,4,10,5,5,1.2432432432432432,2.6,1.3567567567567569,1.837837837837838,1.6,-0.2378378378378378,1.5945945945945947,-0.5945945945945947,1.0,1.5945945945945947,1.5945945945945947,1.0,42,20,22,0,20,42,20,42,0,0,1,1,0.9736842105263158,0.9736842105263158,0.0,0.0,22,0,0.0,0.9736842105263158,0.0463659147869674,0.0226438188494492,1.1842105263157894,1,2.6,5,1.605263157894737,1,1.6,5,3.0,0.8,2.2,2.0,1.4,0.6,1.0,0.5999999999999999,1.6
2024-05-19,2023/24,Liverpool,Wolverhampton Wanderers,2,0,H,8.0,3.0,10.0,2.0,37,37,79,46,33,0,3,14,12,3,5,5,2.135135135135135,1.6,-0.535135135135135,1.2432432432432432,0.6,-0.6432432432432432,0.1081081081081082,0.8918918918918919,1.0,0.1081081081081081,0.0,0.0,9,42,-11,22,53,20,53,20,0,0,1,1,0.9736842105263158,0.9736842105263158,0.0,0.0,11,22,0.0811403508771929,0.0,0.0180311890838206,0.0463659147869674,1.763157894736842,1,1.6,5,1.0789473684210529,1,0.6,5,2.4,2.0,0.4,0.8,2.4,-1.6,1.5999999999999999,0.3999999999999999,2.0
2024-05-19,2023/24,Luton Town,Fulham,2,4,A,1.0,5.0,5.0,5.0,37,37,26,44,-18,0,18,15,0,3,1,1,0.7027027027027027,0.2,-0.5027027027027027,1.1891891891891893,1.0,-0.1891891891891892,-0.3135135135135134,-0.4864864864864865,-0.8,-0.3135135135135135,0.0,0.0,62,44,42,24,0,18,7,18,1,0,1,1,0.9736842105263158,0.9736842105263158,0.0,0.0,42,24,0.0,0.0,0.1217105263157894,0.0512465373961218,,0,0.2,5,1.368421052631579,1,1.0,5,1.0,3.2,-2.2,0.8,1.6,-0.8,0.19999999999999996,-1.6,-1.4000000000000001
2024-05-19,2023/24,Manchester City,West Ham United,3,1,H,15.0,4.0,13.0,6.0,37,37,88,52,36,0,1,9,13,1,5,5,2.3783783783783785,3.0,0.6216216216216215,1.4054054054054057,0.8,-0.6054054054054054,1.227027027027027,0.972972972972973,2.2,1.2270270270270272,0.0,0.0,0,36,-20,16,62,26,62,26,0,0,1,1,0.9736842105263158,0.9736842105263158,0.9736842105263158,0.0,20,16,0.0463659147869674,0.0,0.0154553049289891,0.0360623781676413,2.3421052631578947,1,3.0,5,1.0526315789473684,1,0.8,5,3.4,0.2,3.2,1.4,3.0,-1.6,2.0,2.8,4.800000000000001
2024-05-19,2023/24,Sheffield United,Tottenham Hotspur,0,3,A,0.0,3.0,2.0,1.0,37,37,16,63,-47,0,20,5,0,3,1,1,0.4324324324324324,0.0,-0.4324324324324324,1.7027027027027026,0.6,-1.1027027027027023,0.6702702702702701,-1.2702702702702702,-0.6,0.6702702702702702,0.0,0.0,72,25,52,5,-10,37,17,37,1,0,1,1,0.9736842105263158,0.9736842105263158,0.0,0.0,52,5,0.0,0.0,0.0540935672514619,0.0256232686980609,,0,0.0,5,1.5789473684210529,1,0.6,5,1.0,3.4,-2.4,1.2,2.4,-1.2,-0.19999999999999996,-1.0,-1.2
2024-08-16,2024/25,Manchester United,Fulham,1,0,H,,,,,0,0,0,0,0,0,1,1,9,3,4,4,,,,,,,,,,,,,0,0,0,0,0,0,0,0,0,0,38,38,0.0,0.0,0.0,0.0,0,0,0.0,0.0,0.0,0.0,1.5789473684210529,1,1.4,5,1.236842105263158,1,1.0,5,1.2,1.6,-0.4,1.2,2.0,-0.8,0.0,0.3999999999999999,0.4
2024-08-17,2024/25,Ipswich Town,Liverpool,0,2,A,,,,,0,0,0,0,0,0,2,2,0,0,0,0,,,,,,,,,,,,,3,3,0,0,0,0,0,0,0,0,38,38,0.0,0.0,0.0,0.0,0,0,0.0,0.0,0.0,0.0,,0,,0,2.1578947368421053,1,1.6,5,,,,2.2,1.8,0.4,,,
2024-08-17,2024/25,Arsenal,Wolverhampton Wanderers,2,0,H,,,,,0,0,0,0,0,0,2,2,15,0,6,5,,,,,,,,,,,,,3,3,0,0,0,0,0,0,0,1,38,38,0.0,0.0,0.0,0.0,0,0,0.0,0.0,0.0,0.0,2.3421052631578947,1,3.0,5,1.2105263157894737,1,0.6,5,2.8,0.6,2.2,0.8,2.4,-1.6,1.9999999999999998,1.7999999999999998,3.8000000000000003
2024-08-17,2024/25,Everton,Brighton,0,3,A,,,,,0,0,0,0,0,0,2,2,5,8,6,5,,,,,,,,,,,,,3,3,0,0,0,0,0,0,0,0,38,38,0.0,0.0,0.0,0.0,0,0,0.0,0.0,0.0,0.0,1.263157894736842,1,2.0,5,1.263157894736842,1,0.8,5,1.2,0.6,0.6,0.6,1.6,-1.0,0.6,1.0,1.6
2024-08-17,2024/25,Newcastle United,Southampton,1,0,H,,,,,0,0,0,0,0,0,2,2,10,1,4,4,,,,,,,,,,,,,3,3,0,0,0,0,0,0,0,0,38,38,0.0,0.0,0.0,0.0,0,0,0.0,0.0,0.0,0.0,1.5789473684210529,1,2.0,5,,0,,0,3.2,1.6,1.6,1.8,3.2,-1.4,1.4000000000000001,1.6,3.0
2024-08-17,2024/25,Nottingham Forest,Bournemouth,1,1,D,,,,,0,0,0,0,0,0,2,2,2,8,4,4,,,,,,,,,,,,,3,3,0,0,0,0,0,0,0,0,38,38,0.0,0.0,0.0,0.0,0,0,0.0,0.0,0.0,0.0,0.9473684210526316,1,1.2,5,1.263157894736842,1,1.2,5,1.4,1.8,-0.4,1.2,1.4,-0.2,0.19999999999999996,-0.40000000000000013,-0.2
2024-08-17,2024/25,West Ham United,Aston Villa,1,2,A,,,,,0,0,0,0,0,0,2,2,8,5,6,5,,,,,,,,,,,,,3,3,0,0,0,0,0,0,1,0,38,38,0.0,0.0,0.0,0.0,0,0,0.0,0.0,0.0,0.0,1.368421052631579,1,0.8,5,1.7894736842105263,1,1.0,5,1.6,3.2,-1.6,1.6,2.4,-0.8,0.0,-0.8000000000000003,-0.8
2024-08-18,2024/25,Brentford,Crystal Palace,2,1,H,,,,,0,0,0,0,0,0,9,9,4,7,6,5,,,,,,,,,,,,,3,3,3,3,0,0,0,0,0,0,38,38,0.0,0.0,0.0,0.0,3,3,0.0,0.0,0.0,0.0,1.0263157894736843,1,1.4,5,1.2894736842105263,1,2.6,5,1.8,1.4,0.4,3.0,0.4,2.6,-1.2,-0.9999999999999999,-2.2
2024-08-18,2024/25,Chelsea,Manchester City,0,2,A,,,,,0,0,0,0,0,0,9,9,2,11,6,5,,,,,,,,,,,,,3,3,3,3,0,0,0,0,0,0,38,38,0.0,0.0,0.0,0.0,3,3,0.0,0.0,0.0,0.0,1.6578947368421053,1,3.0,5,2.3947368421052637,1,3.0,5,2.8,0.8,2.0,3.2,0.4,2.8,-0.40000000000000036,-0.4,-0.7999999999999998
2024-08-19,2024/25,Leicester City,Tottenham Hotspur,1,1,D,,,,,0,0,0,0,0,0,11,11,3,9,4,4,,,,,,,,,,,,,3,3,3,3,0,0,0,0,0,0,38,38,0.0,0.0,0.0,0.0,3,3,0.0,0.0,0.0,0.0,,0,,0,1.736842105263158,1,1.2,5,1.4,2.2,-0.8,1.4,1.8,-0.4,0.0,-0.40000000000000013,-0.4
2024-08-24,2024/25,Brighton,Manchester United,2,1,H,,,,,1,1,3,3,0,0,1,7,12,3,6,5,3.0,,,3.0,,,,0.0,,,,,0,0,0,0,3,3,3,3,0,0,37,37,0.0263157894736842,0.0263157894736842,0.0263157894736842,0.0263157894736842,0,0,0.0263157894736842,0.0263157894736842,0.006578947368421,0.006578947368421,1.263157894736842,1,1.4,5,1.5789473684210529,1,1.8,5,1.2,1.0,0.2,1.2,1.4,-0.2,0.0,0.3999999999999999,0.4
2024-08-24,2024/25,Crystal Palace,West Ham United,0,2,A,,,,,1,1,0,0,0,0,13,13,10,4,6,5,0.0,,,0.0,,,,0.0,,,,,3,3,3,3,0,0,0,0,0,0,37,37,0.0263157894736842,0.0263157894736842,0.006578947368421,0.006578947368421,3,3,0.006578947368421,0.006578947368421,0.0263157894736842,0.0263157894736842,1.2894736842105263,1,2.0,5,1.368421052631579,1,0.8,5,2.8,0.8,2.0,1.4,2.6,-1.2,1.4,1.8,3.2
2024-08-24,2024/25,Fulham,Leicester City,2,1,H,,,,,1,1,0,1,-1,0,15,9,6,0,2,2,0.0,,,1.0,,,,-1.0,,,,,3,2,3,2,0,1,0,1,0,0,37,37,0.0263157894736842,0.0263157894736842,0.006578947368421,0.0087719298245614,3,2,0.006578947368421,0.0087719298245614,0.0263157894736842,0.0131578947368421,1.236842105263158,1,1.0,5,,0,1.0,1,1.0,1.6,-0.6,1.2,2.0,-0.8,-0.19999999999999996,0.3999999999999999,0.20000000000000007
2024-08-24,2024/25,Manchester City,Ipswich Town,4,1,H,,,,,1,1,3,0,3,0,2,17,0,0,0,0,3.0,,,0.0,,,,3.0,,,,,0,3,0,3,3,0,3,0,0,1,37,37,0.0263157894736842,0.0263157894736842,0.0263157894736842,0.006578947368421,0,3,0.0263157894736842,0.006578947368421,0.006578947368421,0.0263157894736842,2.3947368421052637,1,3.0,5,,0,0.0,1,3.2,0.4,2.8,0.0,2.0,-2.0,3.2,1.6,4.8
2024-08-24,2024/25,Southampton,Nottingham Forest,0,1,A,,,,,1,1,0,1,-1,0,15,9,0,6,2,2,0.0,,,1.0,,,,-1.0,,,,,3,2,3,2,0,1,0,1,0,0,37,37,0.0263157894736842,0.0263157894736842,0.006578947368421,0.0087719298245614,3,2,0.006578947368421,0.0087719298245614,0.0263157894736842,0.0131578947368421,,0,0.0,1,0.9473684210526316,1,1.4,5,1.6,2.8,-1.2,1.6,1.6,0.0,0.0,-1.1999999999999997,-1.2
2024-08-24,2024/25,Tottenham Hotspur,Everton,4,0,H,,,,,1,1,1,0,1,0,9,20,11,2,6,5,1.0,,,0.0,,,,1.0,,,,,2,3,2,3,1,0,1,0,0,1,37,37,0.0263157894736842,0.0263157894736842,0.0087719298245614,0.006578947368421,2,3,0.0087719298245614,0.006578947368421,0.0131578947368421,0.0263157894736842,1.736842105263158,1,1.4,5,1.263157894736842,1,1.4,5,1.6,1.6,0.0,0.8,1.2,-0.4,0.8,-0.40000000000000013,0.4
2024-08-24,2024/25,Aston Villa,Arsenal,0,2,A,,,,,1,1,3,3,0,0,5,2,6,9,6,5,3.0,,,3.0,,,,0.0,,,,,0,0,0,0,3,3,3,3,0,0,37,37,0.0263157894736842,0.0263157894736842,0.0263157894736842,0.0263157894736842,0,0,0.0263157894736842,0.0263157894736842,0.006578947368421,0.006578947368421,1.7894736842105263,1,1.0,5,2.3421052631578947,1,3.0,5,1.4,2.4,-1.0,2.2,0.6,1.6,-0.8000000000000003,-1.7999999999999998,-2.6
2024-08-25,2024/25,Bournemouth,Newcastle United,1,1,D,,,,,1,1,1,3,-2,0,13,9,6,3,4,4,1.0,,,3.0,,,,-2.0,,,,,5,3,3,1,1,3,1,3,0,0,37,37,0.0263157894736842,0.0263157894736842,0.0043859649122807,0.006578947368421,3,1,0.006578947368421,0.0131578947368421,0.0131578947368421,0.006578947368421,1.263157894736842,1,0.8,5,1.5789473684210529,1,2.0,5,1.2,1.6,-0.4,2.4,1.4,1.0,-1.2,-0.20000000000000018,-1.4
2024-08-25,2024/25,Wolverhampton Wanderers,Chelsea,2,6,A,,,,,1,1,0,0,0,0,15,15,10,4,6,5,0.0,,,0.0,,,,0.0,,,,,6,6,4,4,0,0,0,0,0,0,37,37,0.0263157894736842,0.0263157894736842,0.0037593984962406,0.0037593984962406,4,4,0.0052631578947368,0.0052631578947368,0.0263157894736842,0.0263157894736842,1.2105263157894737,1,0.6,5,1.6578947368421053,1,2.4,5,0.8,2.6,-1.8,2.4,1.2,1.2,-1.5999999999999999,-1.4000000000000001,-3.0
2024-08-25,2024/25,Liverpool,Brentford,2,0,H,,,,,1,1,3,3,0,0,6,8,12,3,6,5,3.0,,,3.0,,,,0.0,,,,,3,3,1,1,3,3,3,3,0,0,37,37,0.0263157894736842,0.0263157894736842,0.006578947368421,0.006578947368421,1,1,0.0131578947368421,0.0131578947368421,0.006578947368421,0.006578947368421,2.1578947368421053,1,2.2,5,1.0263157894736843,1,1.4,5,2.6,1.4,1.2,1.2,1.4,-0.2,1.4000000000000001,0.0,1.4
2024-08-31,2024/25,Arsenal,Brighton,1,1,D,,,,,2,2,6,6,0,0,3,2,9,6,6,5,3.0,,,3.0,,,,0.0,,,,,0,0,0,0,6,6,6,6,0,0,36,36,0.0526315789473684,0.0526315789473684,0.0526315789473684,0.0526315789473684,0,0,0.0526315789473684,0.0526315789473684,0.0075187969924812,0.0075187969924812,2.3421052631578947,1,3.0,5,1.263157894736842,1,1.4,5,2.0,0.2,1.8,1.4,1.2,0.2,0.6000000000000001,1.0,1.6
2024-08-31,2024/25,Brentford,Southampton,3,1,H,,,,,2,2,3,0,3,0,12,16,9,3,4,4,1.5,,,0.0,,,,1.5,,,,,3,6,3,6,3,0,3,0,0,0,36,36,0.0526315789473684,0.0526315789473684,0.0131578947368421,0.0075187969924812,3,6,0.0131578947368421,0.0075187969924812,0.0131578947368421,0.0526315789473684,1.0263157894736843,1,1.4,5,,0,0.0,2,1.2,1.6,-0.4,1.0,2.2,-1.2,0.19999999999999996,0.6000000000000001,0.7999999999999999
2024-08-31,2024/25,Everton,Bournemouth,2,3,A,,,,,2,2,0,2,-2,0,20,14,6,6,4,4,0.0,,,1.0,,,,-1.0,,,,,6,4,6,4,0,2,0,2,1,0,36,36,0.0526315789473684,0.0526315789473684,0.0075187969924812,0.0105263157894736,6,4,0.0075187969924812,0.0105263157894736,0.0526315789473684,0.0175438596491228,1.263157894736842,1,0.8,5,1.263157894736842,1,0.4,5,0.6,2.0,-1.4,0.8,1.8,-1.0,-0.20000000000000007,-0.19999999999999996,-0.3999999999999999
2024-08-31,2024/25,Ipswich Town,Fulham,1,1,D,,,,,2,2,0,3,-3,0,18,10,0,0,0,0,0.0,,,1.5,,,,-1.5,,,,,6,3,6,3,0,3,0,3,1,0,36,36,0.0526315789473684,0.0526315789473684,0.0075187969924812,0.0131578947368421,6,3,0.0075187969924812,0.0131578947368421,0.0526315789473684,0.0131578947368421,,0,0.0,2,1.236842105263158,1,1.4,5,0.5,3.0,-2.5,1.2,1.6,-0.4,-0.7,-1.4,-2.1
2024-08-31,2024/25,Leicester City,Aston Villa,1,2,A,,,,,2,2,1,3,-2,0,15,12,4,7,4,4,0.5,,,1.5,,,,-1.0,,,,,5,3,5,3,1,3,1,3,0,0,36,36,0.0526315789473684,0.0526315789473684,0.0087719298245614,0.0131578947368421,5,3,0.0087719298245614,0.0131578947368421,0.0263157894736842,0.0131578947368421,,0,0.5,2,1.7894736842105263,1,0.8,5,0.8,1.4,-0.6,1.0,2.4,-1.4,-0.19999999999999996,1.0,0.7999999999999999
2024-08-31,2024/25,Nottingham Forest,Wolverhampton Wanderers,1,1,D,,,,,2,2,4,0,4,0,6,19,3,6,4,4,2.0,,,0.0,,,,2.0,,,,,2,6,2,6,4,0,4,0,0,1,36,36,0.0526315789473684,0.0526315789473684,0.0175438596491228,0.0075187969924812,2,6,0.0175438596491228,0.0075187969924812,0.0105263157894736,0.0526315789473684,0.9473684210526316,1,2.0,5,1.2105263157894737,1,0.0,5,1.8,1.2,0.6,0.8,3.6,-2.8,1.0,2.4000000000000004,3.4
2024-08-31,2024/25,West Ham United,Manchester City,1,3,A,,,,,2,2,3,6,-3,0,9,1,1,13,6,5,1.5,,,3.0,,,,-1.5,,,,,3,0,3,0,3,6,3,6,0,0,36,36,0.0526315789473684,0.0526315789473684,0.0131578947368421,0.0526315789473684,3,0,0.0131578947368421,0.0526315789473684,0.0131578947368421,0.0075187969924812,1.368421052631579,1,1.2,5,2.3947368421052637,1,3.0,5,1.4,2.2,-0.8,3.0,0.4,2.6,-1.6,-1.8000000000000003,-3.4000000000000004
2024-09-01,2024/25,Chelsea,Crystal Palace,1,1,D,,,,,2,2,3,0,3,0,12,18,15,0,6,5,1.5,,,0.0,,,,1.5,,,,,6,9,3,6,3,0,3,1,0,1,36,36,0.0526315789473684,0.0526315789473684,0.0075187969924812,0.0052631578947368,3,6,0.0131578947368421,0.0075187969924812,0.0131578947368421,0.0263157894736842,1.6578947368421053,1,2.4,5,1.2894736842105263,1,1.8,5,2.6,1.6,1.0,2.6,1.0,1.6,0.0,-0.6000000000000001,-0.6000000000000001
2024-09-01,2024/25,Newcastle United,Tottenham Hotspur,2,1,H,,,,,2,2,4,4,0,0,10,9,9,6,6,5,2.0,,,2.0,,,,0.0,,,,,5,5,2,2,4,4,4,4,0,0,36,36,0.0526315789473684,0.0526315789473684,0.0087719298245614,0.0087719298245614,2,2,0.0175438596491228,0.0175438596491228,0.0105263157894736,0.0105263157894736,1.5789473684210529,1,1.6,5,1.736842105263158,1,2.0,5,1.8,1.4,0.4,2.0,0.8,1.2,-0.19999999999999996,-0.5999999999999999,-0.7999999999999999
2024-09-01,2024/25,Manchester United,Liverpool,0,3,A,,,,,2,2,3,6,-3,0,13,4,5,8,6,5,1.5,,,3.0,,,,-1.5,,,,,6,3,3,0,3,6,3,6,0,0,36,36,0.0526315789473684,0.0526315789473684,0.0075187969924812,0.0131578947368421,3,0,0.0131578947368421,0.0526315789473684,0.0131578947368421,0.0075187969924812,1.5789473684210529,1,1.8,5,2.1578947368421053,1,2.6,5,1.4,1.0,0.4,2.6,1.0,1.6,-1.2000000000000002,0.0,-1.2000000000000002
2024-09-14,2024/25,Southampton,Manchester United,0,3,A,,,,,3,3,0,3,-3,0,19,14,3,6,4,4,0.0,,,1.0,,,,-1.0,,,,,9,6,7,4,-1,2,1,2,1,0,35,35,0.0789473684210526,0.0789473684210526,0.0078947368421052,0.0112781954887218,7,4,0.0098684210526315,0.0157894736842105,0.0394736842105263,0.0263157894736842,,0,0.0,3,1.5789473684210529,1,1.8,5,1.2,2.4,-1.2,1.4,1.4,0.0,-0.19999999999999996,-1.0,-1.2
2024-09-14,2024/25,Brighton,Ipswich Town,0,0,D,,,,,3,3,7,1,6,0,3,17,0,0,0,0,2.333333333333333,,,0.3333333333333333,,,,2.0,,,,,2,8,0,6,6,0,6,0,0,0,35,35,0.0789473684210526,0.0789473684210526,0.0263157894736842,0.0087719298245614,0,6,0.0789473684210526,0.0112781954887218,0.0112781954887218,0.0789473684210526,1.263157894736842,1,1.4,5,,0,0.3333333333333333,3,1.4,1.2,0.2,0.6666666666666666,2.3333333333333335,-1.6666666666666667,0.7333333333333333,1.1333333333333335,1.8666666666666667
2024-09-14,2024/25,Crystal Palace,Leicester City,2,2,D,,,,,3,3,1,1,0,0,16,15,5,5,4,4,0.3333333333333333,,,0.3333333333333333,,,,0.0,,,,,8,8,6,6,0,0,0,0,0,0,35,35,0.0789473684210526,0.0789473684210526,0.0087719298245614,0.0087719298245614,6,6,0.0112781954887218,0.0112781954887218,0.0789473684210526,0.0789473684210526,1.2894736842105263,1,1.4,5,,0,0.3333333333333333,3,2.0,1.2,0.8,1.0,1.2,-0.2,1.0,0.0,1.0
2024-09-14,2024/25,Fulham,West Ham United,1,1,D,,,,,3,3,4,3,1,0,12,13,6,6,4,4,1.3333333333333333,,,1.0,,,,0.3333333333333332,,,,,5,6,3,4,3,2,3,2,0,0,35,35,0.0789473684210526,0.0789473684210526,0.0131578947368421,0.0112781954887218,3,4,0.0197368421052631,0.0157894736842105,0.0197368421052631,0.0263157894736842,1.236842105263158,1,1.4,5,1.368421052631579,1,1.2,5,1.4,1.8,-0.4,1.6,1.8,-0.2,-0.20000000000000018,0.0,-0.2
2024-09-14,2024/25,Liverpool,Nottingham Forest,0,1,A,,,,,3,3,9,5,4,0,2,9,9,3,4,4,3.0,,,1.6666666666666667,,,,1.3333333333333333,,,,,0,4,-2,2,8,4,8,4,0,0,35,35,0.0789473684210526,0.0789473684210526,0.0789473684210526,0.0157894736842105,2,2,0.0263157894736842,0.0263157894736842,0.0087719298245614,0.0157894736842105,2.1578947368421053,1,2.6,5,0.9473684210526316,1,1.6,5,2.4,0.6,1.8,1.4,1.2,0.2,1.0,0.6,1.6
2024-09-14,2024/25,Manchester City,Brentford,2,1,H,,,,,3,3,9,6,3,0,1,6,9,6,6,5,3.0,,,2.0,,,,1.0,,,,,0,3,-2,1,8,5,8,5,0,0,35,35,0.0789473684210526,0.0789473684210526,0.0789473684210526,0.0197368421052631,2,1,0.0263157894736842,0.0394736842105263,0.0087719298245614,0.0131578947368421,2.3947368421052637,1,3.0,5,1.0263157894736843,1,1.8,5,2.8,0.6,2.2,1.8,1.8,0.0,0.9999999999999998,1.2000000000000002,2.2
2024-09-14,2024/25,Aston Villa,Everton,3,2,H,,,,,3,3,6,0,6,0,7,20,13,1,6,5,2.0,,,0.0,,,,2.0,,,,,3,9,1,7,5,-1,5,1,0,1,35,35,0.0789473684210526,0.0789473684210526,0.0197368421052631,0.0078947368421052,1,7,0.0394736842105263,0.0098684210526315,0.0131578947368421,0.0394736842105263,1.7894736842105263,1,1.4,5,1.263157894736842,1,0.6,5,1.4,2.4,-1.0,0.8,2.4,-1.6,0.5999999999999999,0.0,0.6000000000000001
2024-09-14,2024/25,Bournemouth,Chelsea,0,1,A,,,,,3,3,5,4,1,0,8,11,1,10,4,4,1.6666666666666667,,,1.3333333333333333,,,,0.3333333333333335,,,,,4,5,2,3,4,3,4,3,0,0,35,35,0.0789473684210526,0.0789473684210526,0.0157894736842105,0.0131578947368421,2,3,0.0263157894736842,0.0197368421052631,0.0157894736842105,0.0197368421052631,1.263157894736842,1,1.0,5,1.6578947368421053,1,2.0,5,1.4,1.6,-0.2,2.2,1.4,0.8,-0.8000000000000003,-0.20000000000000018,-1.0
2024-09-15,2024/25,Tottenham Hotspur,Arsenal,0,1,A,,,,,3,3,4,7,-3,0,13,6,4,10,6,5,1.3333333333333333,,,2.333333333333333,,,,-1.0000000000000002,,,,,8,5,4,1,3,6,3,6,0,0,35,35,0.0789473684210526,0.0789473684210526,0.0087719298245614,0.0131578947368421,4,1,0.0157894736842105,0.0394736842105263,0.0197368421052631,0.0112781954887218,1.736842105263158,1,1.4,5,2.3421052631578947,1,2.6,5,1.8,1.0,0.8,1.6,0.4,1.2,0.19999999999999996,-0.6,-0.3999999999999999
2024-09-15,2024/25,Wolverhampton Wanderers,Newcastle United,1,2,A,,,,,3,3,1,7,-6,0,18,8,2,11,6,5,0.3333333333333333,,,2.333333333333333,,,,-2.0,,,,,11,5,7,1,0,6,1,6,1,0,35,35,0.0789473684210526,0.0789473684210526,0.006578947368421,0.0131578947368421,7,1,0.0098684210526315,0.0394736842105263,0.0394736842105263,0.0112781954887218,1.2105263157894737,1,0.2,5,1.5789473684210529,1,2.0,5,0.8,2.8,-2.0,2.0,1.4,0.6,-1.2,-1.4,-2.6
2024-09-21,2024/25,West Ham United,Chelsea,0,3,A,,,,,4,4,4,7,-3,0,14,8,4,10,6,5,1.0,,,1.75,,,,-0.75,,,,,8,5,5,2,3,6,3,6,0,0,34,34,0.1052631578947368,0.1052631578947368,0.0116959064327485,0.0175438596491228,5,2,0.0175438596491228,0.0350877192982456,0.0263157894736842,0.0150375939849624,1.368421052631579,1,0.8,5,1.6578947368421053,1,2.0,5,1.2,1.8,-0.6,2.0,1.2,0.8,-0.8,-0.6000000000000001,-1.4
2024-09-21,2024/25,Aston Villa,Wolverhampton Wanderers,3,1,H,,,,,4,4,9,1,8,0,5,18,5,8,6,5,2.25,,,0.25,,,,2.0,,,,,3,11,0,8,8,0,8,1,0,1,34,34,0.1052631578947368,0.1052631578947368,0.0263157894736842,0.0087719298245614,0,8,0.1052631578947368,0.0116959064327485,0.0116959064327485,0.0526315789473684,1.7894736842105263,1,1.8,5,1.2105263157894737,1,0.2,5,1.4,2.2,-0.8,0.8,2.6,-1.8,0.5999999999999999,0.3999999999999999,1.0
2024-09-21,2024/25,Fulham,Newcastle United,3,1,H,,,,,4,4,5,10,-5,0,12,3,0,12,4,4,1.25,,,2.5,,,,-1.25,,,,,7,2,4,-1,4,9,4,9,0,0,34,34,0.1052631578947368,0.1052631578947368,0.0131578947368421,0.0350877192982456,4,1,0.0210526315789473,0.0526315789473684,0.0210526315789473,0.0105263157894736,1.236842105263158,1,1.6,5,1.5789473684210529,1,2.6,5,1.6,1.2,0.4,2.0,1.0,1.0,-0.3999999999999999,-0.19999999999999996,-0.6
2024-09-21,2024/25,Leicester City,Everton,1,1,D,,,,,4,4,2,0,2,0,15,20,5,5,4,4,0.5,,,0.0,,,,0.5,,,,,10,12,7,9,1,-1,1,2,0,1,34,34,0.1052631578947368,0.1052631578947368,0.0095693779904306,0.0080971659919028,7,9,0.0131578947368421,0.0105263157894736,0.0526315789473684,0.0350877192982456,,0,0.5,4,1.263157894736842,1,0.0,5,1.4,1.6,-0.2,1.0,3.0,-2.0,0.3999999999999999,1.4,1.8
2024-09-21,2024/25,Liverpool,Bournemouth,3,0,H,,,,,4,4,9,5,4,0,4,11,9,3,4,4,2.25,,,1.25,,,,1.0,,,,,3,7,0,4,8,4,8,4,0,0,34,34,0.1052631578947368,0.1052631578947368,0.0263157894736842,0.0131578947368421,0,4,0.1052631578947368,0.0210526315789473,0.0116959064327485,0.0210526315789473,2.1578947368421053,1,2.4,5,1.263157894736842,1,1.0,5,1.8,0.2,1.6,1.2,1.4,-0.2,0.6000000000000001,1.2,1.8
2024-09-21,2024/25,Southampton,Ipswich Town,1,1,D,,,,,4,4,0,2,-2,0,19,17,0,0,0,0,0.0,,,0.5,,,,-0.5,,,,,12,10,9,7,-1,1,2,1,1,0,34,34,0.1052631578947368,0.1052631578947368,0.0080971659919028,0.0095693779904306,9,7,0.0105263157894736,0.0131578947368421,0.0350877192982456,0.0526315789473684,,0,0.0,4,,0,0.5,4,1.0,2.4,-1.4,0.5,1.75,-1.25,0.5,-0.6499999999999999,-0.1499999999999999
2024-09-21,2024/25,Tottenham Hotspur,Brentford,3,1,H,,,,,4,4,4,6,-2,0,13,9,6,6,6,5,1.0,,,1.5,,,,-0.5,,,,,8,6,5,3,3,5,3,5,0,0,34,34,0.1052631578947368,0.1052631578947368,0.0116959064327485,0.0150375939849624,5,3,0.0175438596491228,0.0263157894736842,0.0263157894736842,0.0175438596491228,1.736842105263158,1,1.4,5,1.0263157894736843,1,1.2,5,1.8,0.8,1.0,1.6,2.0,-0.4,0.19999999999999996,1.2,1.4
2024-09-21,2024/25,Crystal Palace,Manchester United,0,0,D,,,,,4,4,2,6,-4,0,16,10,10,4,6,5,0.5,,,1.5,,,,-1.0,,,,,10,6,7,3,1,5,1,5,0,0,34,34,0.1052631578947368,0.1052631578947368,0.0095693779904306,0.0150375939849624,7,3,0.0131578947368421,0.0263157894736842,0.0526315789473684,0.0175438596491228,1.2894736842105263,1,1.0,5,1.5789473684210529,1,1.8,5,1.8,1.4,0.4,1.4,1.0,0.4,0.40000000000000013,-0.3999999999999999,0.0
2024-09-22,2024/25,Brighton,Nottingham Forest,2,2,D,,,,,4,4,8,8,0,0,7,9,7,4,4,4,2.0,,,2.0,,,,0.0,,,,,4,4,2,2,7,7,7,7,0,0,34,34,0.1052631578947368,0.1052631578947368,0.0210526315789473,0.0210526315789473,2,2,0.0350877192982456,0.0350877192982456,0.0131578947368421,0.0131578947368421,1.263157894736842,1,1.6,5,0.9473684210526316,1,2.2,5,1.2,0.8,0.4,1.2,0.6,0.6,0.0,-0.20000000000000007,-0.19999999999999996
2024-09-22,2024/25,Manchester City,Arsenal,2,2,D,,,,,4,4,12,10,2,0,2,5,10,4,6,5,3.0,,,2.5,,,,0.5,,,,,0,2,-2,0,11,9,11,9,0,0,34,34,0.1052631578947368,0.1052631578947368,0.1052631578947368,0.0350877192982456,2,0,0.0350877192982456,0.1052631578947368,0.0087719298245614,0.0105263157894736,2.3947368421052637,1,3.0,5,2.3421052631578947,1,2.6,5,2.8,0.8,2.0,1.6,0.4,1.2,1.1999999999999997,-0.4,0.8
2024-09-28,2024/25,Newcastle United,Manchester City,1,1,D,10.0,13.0,,,5,5,10,13,-3,0,6,1,1,13,6,5,2.0,2.0,0.0,2.6,2.6,0.0,0.0,-0.6000000000000001,-0.6000000000000001,0.0,0.0,0.0,3,0,1,-2,9,12,9,12,0,0,33,33,0.131578947368421,0.131578947368421,0.0328947368421052,0.131578947368421,1,2,0.0657894736842105,0.043859649122807,0.0131578947368421,0.0101214574898785,1.5789473684210529,1,2.0,5,2.3947368421052637,1,2.6,5,1.4,1.2,0.2,2.6,1.0,1.6,-1.2000000000000002,-0.19999999999999996,-1.4000000000000001
2024-09-28,2024/25,Arsenal,Leicester City,4,2,H,11.0,3.0,,,5,5,11,3,8,0,4,15,12,0,4,4,2.2,2.2,0.0,0.6,0.6,0.0,0.0,1.6,1.6,0.0,0.0,0.0,2,10,0,8,10,2,10,2,0,0,33,33,0.131578947368421,0.131578947368421,0.043859649122807,0.0119617224880382,0,8,0.131578947368421,0.0146198830409356,0.0119617224880382,0.043859649122807,2.3421052631578947,1,2.2,5,,0,0.6,5,1.6,0.6,1.0,1.2,1.6,-0.4,0.40000000000000013,1.0,1.4
2024-09-28,2024/25,Brentford,West Ham United,1,1,D,6.0,4.0,,,5,5,6,4,2,0,12,14,12,3,6,5,1.2,1.2,0.0,0.8,0.8,0.0,0.0,0.3999999999999999,0.3999999999999999,0.0,0.0,0.0,7,9,5,7,5,3,5,3,0,0,33,33,0.131578947368421,0.131578947368421,0.0164473684210526,0.0131578947368421,5,7,0.0219298245614035,0.0164473684210526,0.0219298245614035,0.0328947368421052,1.0263157894736843,1,1.2,5,1.368421052631579,1,0.8,5,1.4,1.8,-0.4,1.0,1.8,-0.8,0.3999999999999999,0.0,0.4
2024-09-28,2024/25,Chelsea,Brighton,4,2,H,10.0,9.0,,,5,5,10,9,1,0,5,7,7,7,6,5,2.0,2.0,0.0,1.8,1.8,0.0,0.0,0.1999999999999999,0.1999999999999999,0.0,0.0,0.0,3,4,1,2,9,8,9,8,0,0,33,33,0.131578947368421,0.131578947368421,0.0328947368421052,0.0263157894736842,1,2,0.0657894736842105,0.043859649122807,0.0131578947368421,0.0146198830409356,1.6578947368421053,1,2.0,5,1.263157894736842,1,1.8,5,2.2,1.0,1.2,1.6,0.8,0.8,0.6000000000000001,-0.19999999999999996,0.3999999999999999
2024-09-28,2024/25,Everton,Crystal Palace,2,1,H,1.0,3.0,,,5,5,1,3,-2,0,19,16,11,2,6,5,0.2,0.2,0.0,0.6,0.6,0.0,0.0,-0.3999999999999999,-0.3999999999999999,0.0,0.0,0.0,12,10,10,8,0,2,2,2,1,0,33,33,0.131578947368421,0.131578947368421,0.0101214574898785,0.0119617224880382,10,8,0.0119617224880382,0.0146198830409356,0.043859649122807,0.043859649122807,1.263157894736842,1,0.2,5,1.2894736842105263,1,0.6,5,1.0,2.8,-1.8,0.8,1.4,-0.6,0.19999999999999996,-1.4,-1.2000000000000002
2024-09-28,2024/25,Nottingham Forest,Fulham,0,1,A,9.0,8.0,,,5,5,9,8,1,0,8,9,3,9,4,4,1.8,1.8,0.0,1.6,1.6,0.0,0.0,0.1999999999999999,0.1999999999999999,0.0,0.0,0.0,4,5,2,3,8,7,8,7,0,0,33,33,0.131578947368421,0.131578947368421,0.0263157894736842,0.0219298245614035,2,3,0.043859649122807,0.0328947368421052,0.0146198830409356,0.0164473684210526,0.9473684210526316,1,1.8,5,1.236842105263158,1,1.6,5,1.2,0.8,0.4,1.4,1.0,0.4,-0.19999999999999996,0.19999999999999996,0.0
2024-09-28,2024/25,Wolverhampton Wanderers,Liverpool,1,2,A,1.0,12.0,,,5,5,1,12,-11,0,19,2,3,12,6,5,0.2,0.2,0.0,2.4,2.4,0.0,0.0,-2.2,-2.2,0.0,0.0,0.0,12,1,10,-1,0,11,2,11,1,0,33,33,0.131578947368421,0.131578947368421,0.0101214574898785,0.0657894736842105,10,1,0.0119617224880382,0.0657894736842105,0.043859649122807,0.0109649122807017,1.2105263157894737,1,0.2,5,2.1578947368421053,1,2.4,5,1.0,2.8,-1.8,2.0,0.2,1.8,-1.0,-2.5999999999999996,-3.6
2024-09-29,2024/25,Ipswich Town,Aston Villa,2,2,D,3.0,12.0,,,5,5,3,12,-9,0,18,5,0,0,0,0,0.6,0.6,0.0,2.4,2.4,0.0,0.0,-1.7999999999999998,-1.7999999999999998,0.0,0.0,0.0,12,3,10,1,0,9,0,9,1,0,33,33,0.131578947368421,0.131578947368421,0.0101214574898785,0.0328947368421052,10,1,0.0119617224880382,0.0657894736842105,0.131578947368421,0.0131578947368421,,0,0.6,5,1.7894736842105263,1,2.4,5,0.6,1.6,-1.0,2.0,1.4,0.6,-1.4,-0.20000000000000018,-1.6
2024-09-29,2024/25,Manchester United,Tottenham Hotspur,0,3,A,7.0,7.0,,,5,5,7,7,0,0,11,10,8,5,6,5,1.4,1.4,0.0,1.4,1.4,0.0,0.0,0.0,0.0,0.0,0.0,0.0,8,8,6,6,4,4,4,4,0,0,33,33,0.131578947368421,0.131578947368421,0.0146198830409356,0.0146198830409356,6,6,0.018796992481203,0.018796992481203,0.0263157894736842,0.0263157894736842,1.5789473684210529,1,1.4,5,1.736842105263158,1,1.4,5,1.0,1.0,0.0,1.8,1.0,0.8,-0.8,0.0,-0.8
2024-09-30,2024/25,Bournemouth,Southampton,3,1,H,5.0,1.0,,,5,5,5,1,4,0,13,19,3,3,2,2,1.0,1.0,0.0,0.2,0.2,0.0,0.0,0.8,0.8,0.0,0.0,0.0,10,14,8,12,2,-2,2,2,0,1,33,33,0.131578947368421,0.131578947368421,0.0119617224880382,0.0087719298245614,8,12,0.0146198830409356,0.0101214574898785,0.043859649122807,0.043859649122807,1.263157894736842,1,1.0,5,,0,0.2,5,1.0,1.6,-0.6,0.4,1.8,-1.4,0.6,0.19999999999999996,0.7999999999999999
2024-10-05,2024/25,Crystal Palace,Liverpool,0,1,A,3.0,12.0,,,6,6,3,15,-12,0,18,1,5,8,6,5,0.5,0.6,0.0999999999999999,2.5,2.4,-0.1,0.2,-2.0,-1.7999999999999998,0.2000000000000001,0.0,0.0,12,0,10,-2,0,12,0,12,1,0,32,32,0.1578947368421052,0.1578947368421052,0.0121457489878542,0.1578947368421052,10,2,0.0143540669856459,0.0526315789473684,0.1578947368421052,0.0121457489878542,1.2894736842105263,1,0.6,5,2.1578947368421053,1,2.4,5,0.8,1.4,-0.6,2.0,0.4,1.6,-1.2,-0.9999999999999999,-2.2
2024-10-05,2024/25,Arsenal,Southampton,3,1,H,11.0,1.0,,,6,6,14,1,13,0,3,19,5,5,4,4,2.333333333333333,2.2,-0.1333333333333333,0.1666666666666666,0.2,0.0333333333333333,-0.1666666666666666,2.166666666666667,2.0,-0.1666666666666669,0.0,0.0,1,14,-1,12,11,-2,11,2,0,1,32,32,0.1578947368421052,0.1578947368421052,0.0789473684210526,0.0105263157894736,1,12,0.0789473684210526,0.0121457489878542,0.0131578947368421,0.0526315789473684,2.3421052631578947,1,2.2,5,,0,0.2,5,2.0,1.0,1.0,0.6,2.2,-1.6,1.4,1.2000000000000002,2.6
2024-10-05,2024/25,Brentford,Wolverhampton Wanderers,5,3,H,4.0,1.0,,,6,6,7,1,6,0,12,20,4,10,6,5,1.1666666666666667,0.8,-0.3666666666666667,0.1666666666666666,0.2,0.0333333333333333,-0.4,1.0,0.6000000000000001,-0.3999999999999999,0.0,0.0,8,14,6,12,4,-2,4,2,0,1,32,32,0.1578947368421052,0.1578947368421052,0.0175438596491228,0.0105263157894736,6,12,0.0225563909774436,0.0121457489878542,0.031578947368421,0.0526315789473684,1.0263157894736843,1,0.8,5,1.2105263157894737,1,0.2,5,1.2,1.8,-0.6,1.2,2.8,-1.6,0.0,0.9999999999999998,1.0
2024-10-05,2024/25,Leicester City,Bournemouth,1,0,H,2.0,7.0,,,6,6,3,8,-5,0,17,11,0,6,2,2,0.5,0.4,-0.0999999999999999,1.3333333333333333,1.4,0.0666666666666666,-0.1666666666666666,-0.8333333333333333,-1.0,-0.1666666666666666,0.0,0.0,12,7,10,5,0,5,0,5,0,0,32,32,0.1578947368421052,0.1578947368421052,0.0121457489878542,0.0197368421052631,10,5,0.0143540669856459,0.0263157894736842,0.1578947368421052,0.0263157894736842,,0,0.4,5,1.263157894736842,1,1.4,5,1.4,2.2,-0.8,1.4,1.6,-0.2,0.0,-0.6000000000000001,-0.6000000000000001
2024-10-05,2024/25,Manchester City,Fulham,3,2,H,11.0,11.0,,,6,6,14,11,3,0,2,6,12,0,4,4,2.333333333333333,2.2,-0.1333333333333333,1.8333333333333333,2.2,0.3666666666666669,-0.5000000000000002,0.5000000000000002,0.0,-0.5000000000000002,0.0,0.0,1,4,-1,2,11,8,11,8,0,0,32,32,0.1578947368421052,0.1578947368421052,0.0789473684210526,0.031578947368421,1,2,0.0789473684210526,0.0526315789473684,0.0131578947368421,0.0175438596491228,2.3947368421052637,1,2.2,5,1.236842105263158,1,2.2,5,2.4,1.2,1.2,1.6,0.8,0.8,0.7999999999999998,-0.3999999999999999,0.3999999999999999
2024-10-05,2024/25,West Ham United,Ipswich Town,4,1,H,5.0,4.0,,,6,6,5,4,1,0,14,15,0,0,0,0,0.8333333333333334,1.0,0.1666666666666666,0.6666666666666666,0.8,0.1333333333333334,0.0333333333333332,0.1666666666666667,0.1999999999999999,0.0333333333333332,0.0,0.0,10,11,8,9,2,1,2,1,0,0,32,32,0.1578947368421052,0.1578947368421052,0.0143540669856459,0.0131578947368421,8,9,0.0175438596491228,0.0157894736842105,0.0526315789473684,0.0789473684210526,1.368421052631579,1,1.0,5,,0,0.8,5,1.0,1.6,-0.6,1.0,1.6,-0.6,0.0,0.0,0.0
2024-10-05,2024/25,Everton,Newcastle United,0,0,D,4.0,8.0,,,6,6,4,11,-7,0,16,7,7,7,6,5,0.6666666666666666,0.8,0.1333333333333334,1.8333333333333333,1.6,-0.2333333333333331,0.3666666666666666,-1.1666666666666663,-0.8,0.3666666666666665,0.0,0.0,11,4,9,2,1,8,1,8,0,0,32,32,0.1578947368421052,0.1578947368421052,0.0131578947368421,0.031578947368421,9,2,0.0157894736842105,0.0526315789473684,0.0789473684210526,0.0175438596491228,1.263157894736842,1,0.8,5,1.5789473684210529,1,1.6,5,1.4,2.4,-1.0,1.4,1.4,0.0,0.0,-1.0,-1.0
2024-10-06,2024/25,Aston Villa,Manchester United,0,0,D,10.0,4.0,,,6,6,13,7,6,0,5,14,4,10,6,5,2.1666666666666665,2.0,-0.1666666666666665,1.1666666666666667,0.8,-0.3666666666666667,0.2000000000000001,0.9999999999999998,1.2,0.2000000000000001,0.0,0.0,5,11,0,6,10,4,10,4,0,0,32,32,0.1578947368421052,0.1578947368421052,0.0263157894736842,0.0131578947368421,0,6,0.1578947368421052,0.0225563909774436,0.0143540669856459,0.031578947368421,1.7894736842105263,1,2.0,5,1.5789473684210529,1,0.8,5,2.0,1.6,0.4,0.8,1.6,-0.8,1.2,0.0,1.2000000000000002
2024-10-06,2024/25,Chelsea,Nottingham Forest,1,1,D,13.0,8.0,,,6,6,13,9,4,0,4,11,5,5,4,4,2.1666666666666665,2.6,0.4333333333333335,1.5,1.6,0.1,0.3333333333333335,0.6666666666666665,1.0,0.3333333333333335,0.0,0.0,5,9,0,4,10,6,10,6,0,0,32,32,0.1578947368421052,0.1578947368421052,0.0263157894736842,0.0157894736842105,0,4,0.1578947368421052,0.031578947368421,0.0143540669856459,0.0225563909774436,1.6578947368421053,1,2.6,5,0.9473684210526316,1,1.6,5,3.0,1.0,2.0,1.0,0.8,0.2,2.0,-0.19999999999999996,1.8
2024-10-06,2024/25,Brighton,Tottenham Hotspur,3,2,H,6.0,9.0,,,6,6,9,10,-1,0,10,8,6,9,6,5,1.5,1.2,-0.3,1.6666666666666667,1.8,0.1333333333333333,-0.4333333333333333,-0.1666666666666667,-0.6000000000000001,-0.4333333333333333,0.0,0.0,9,8,4,3,6,7,6,7,0,0,32,32,0.1578947368421052,0.1578947368421052,0.0157894736842105,0.0175438596491228,4,3,0.031578947368421,0.0394736842105263,0.0225563909774436,0.0197368421052631,1.263157894736842,1,1.2,5,1.736842105263158,1,1.8,5,1.4,1.6,-0.2,2.2,0.8,1.4,-0.8000000000000003,-0.8,-1.5999999999999999
2024-10-19,2024/25,Fulham,Aston Villa,1,3,A,8.0,11.0,,,7,7,11,14,-3,0,8,5,3,9,4,4,1.5714285714285714,1.6,0.0285714285714286,2.0,2.2,0.2000000000000001,-0.1714285714285714,-0.4285714285714286,-0.6000000000000001,-0.1714285714285714,0.0,0.0,7,4,3,0,8,11,8,11,0,0,31,31,0.1842105263157894,0.1842105263157894,0.0230263157894736,0.0368421052631578,3,0,0.0460526315789473,0.1842105263157894,0.0204678362573099,0.0153508771929824,1.236842105263158,1,1.6,5,1.7894736842105263,1,2.2,5,1.6,1.2,0.4,2.0,1.2,0.8,-0.3999999999999999,0.0,-0.4
2024-10-19,2024/25,Ipswich Town,Everton,0,2,A,4.0,5.0,,,7,7,4,5,-1,0,17,16,0,0,0,0,0.5714285714285714,0.8,0.2285714285714286,0.7142857142857143,1.0,0.2857142857142857,-0.057142857142857,-0.1428571428571429,-0.1999999999999999,-0.057142857142857,0.0,0.0,14,13,10,9,1,2,1,2,0,0,31,31,0.1842105263157894,0.1842105263157894,0.0122807017543859,0.0131578947368421,10,9,0.0167464114832535,0.0184210526315789,0.0921052631578947,0.0614035087719298,,0,0.8,5,1.263157894736842,1,1.0,5,1.0,1.6,-0.6,1.4,1.6,-0.2,-0.3999999999999999,0.0,-0.39999999999999997
2024-10-19,2024/25,Tottenham Hotspur,West Ham United,4,1,H,6.0,5.0,,,7,7,10,8,2,0,9,12,8,5,6,5,1.4285714285714286,1.2,-0.2285714285714286,1.1428571428571428,1.0,-0.1428571428571428,-0.0857142857142858,0.2857142857142858,0.1999999999999999,-0.0857142857142858,0.0,0.0,8,10,4,6,7,5,7,5,0,0,31,31,0.1842105263157894,0.1842105263157894,0.0204678362573099,0.0167464114832535,4,6,0.0368421052631578,0.0263157894736842,0.0230263157894736,0.0307017543859649,1.736842105263158,1,1.2,5,1.368421052631579,1,1.0,5,1.8,1.4,0.4,1.4,1.8,-0.4,0.40000000000000013,0.40000000000000013,0.8
2024-10-19,2024/25,Manchester United,Brentford,2,1,H,5.0,7.0,,,7,7,8,10,-2,0,14,11,10,4,6,5,1.1428571428571428,1.0,-0.1428571428571428,1.4285714285714286,1.4,-0.0285714285714286,-0.1142857142857141,-0.2857142857142858,-0.3999999999999999,-0.1142857142857141,0.0,0.0,10,8,6,4,5,7,5,7,0,0,31,31,0.1842105263157894,0.1842105263157894,0.0167464114832535,0.0204678362573099,6,4,0.0263157894736842,0.0368421052631578,0.0307017543859649,0.0230263157894736,1.5789473684210529,1,1.0,5,1.0263157894736843,1,1.4,5,0.6,1.2,-0.6,2.2,2.0,0.2,-1.6,0.8,-0.8
2024-10-19,2024/25,Bournemouth,Arsenal,2,0,H,6.0,11.0,,,7,7,8,17,-9,0,13,3,0,12,4,4,1.1428571428571428,1.2,0.0571428571428571,2.4285714285714284,2.2,-0.2285714285714282,0.2857142857142853,-1.2857142857142856,-1.0000000000000002,0.2857142857142853,0.0,0.0,10,1,6,-3,5,14,5,14,0,0,31,31,0.1842105263157894,0.1842105263157894,0.0167464114832535,0.0921052631578947,6,3,0.0263157894736842,0.0460526315789473,0.0307017543859649,0.0122807017543859,1.263157894736842,1,1.2,5,2.3421052631578947,1,2.2,5,1.2,1.6,-0.4,2.2,1.2,1.0,-1.0000000000000002,-0.40000000000000013,-1.4
2024-10-19,2024/25,Newcastle United,Brighton,0,1,A,8.0,6.0,,,7,7,12,12,0,0,7,6,8,5,6,5,1.7142857142857142,1.6,-0.1142857142857141,1.7142857142857142,1.2,-0.5142857142857142,0.4000000000000001,0.0,0.4000000000000001,0.4000000000000001,0.0,0.0,6,6,2,2,9,9,9,9,0,0,31,31,0.1842105263157894,0.1842105263157894,0.0263157894736842,0.0263157894736842,2,2,0.0614035087719298,0.0614035087719298,0.0184210526315789,0.0184210526315789,1.5789473684210529,1,1.6,5,1.263157894736842,1,1.2,5,1.2,1.2,0.0,1.6,1.8,-0.2,-0.40000000000000013,0.6000000000000001,0.2
2024-10-19,2024/25,Southampton,Leicester City,2,3,A,1.0,5.0,,,7,7,1,6,-5,0,19,15,7,4,4,4,0.1428571428571428,0.2,0.0571428571428571,0.8571428571428571,1.0,0.1428571428571429,-0.0857142857142857,-0.7142857142857142,-0.8,-0.0857142857142858,0.0,0.0,17,12,13,8,-2,3,3,3,1,0,31,31,0.1842105263157894,0.1842105263157894,0.0102339181286549,0.0141700404858299,13,8,0.0131578947368421,0.0204678362573099,0.0460526315789473,0.0460526315789473,,0,0.2,5,,0,1.0,5,0.8,2.6,-1.8,1.4,1.8,-0.4,-0.5999999999999999,-0.8,-1.4
2024-10-20,2024/25,Wolverhampton Wanderers,Manchester City,1,2,A,1.0,11.0,,,7,7,1,17,-16,0,19,2,3,12,6,5,0.1428571428571428,0.2,0.0571428571428571,2.4285714285714284,2.2,-0.2285714285714282,0.2857142857142853,-2.2857142857142856,-2.0,0.2857142857142856,0.0,0.0,17,1,16,0,-2,14,3,14,1,0,31,31,0.1842105263157894,0.1842105263157894,0.0102339181286549,0.0921052631578947,16,0,0.0108359133126934,0.1842105263157894,0.0460526315789473,0.0122807017543859,1.2105263157894737,1,0.2,5,2.3947368421052637,1,2.2,5,1.4,2.6,-1.2,2.2,1.4,0.8,-0.8000000000000003,-1.2000000000000002,-2.0
2024-10-20,2024/25,Liverpool,Chelsea,2,1,H,12.0,11.0,,,7,7,18,14,4,0,1,6,7,4,6,5,2.571428571428572,2.4,-0.1714285714285717,2.0,2.2,0.2000000000000001,-0.3714285714285719,0.5714285714285716,0.1999999999999997,-0.3714285714285719,0.0,0.0,0,4,-1,3,15,11,15,11,0,0,31,31,0.1842105263157894,0.1842105263157894,0.1842105263157894,0.0368421052631578,1,3,0.0921052631578947,0.0460526315789473,0.0115131578947368,0.0153508771929824,2.1578947368421053,1,2.4,5,1.6578947368421053,1,2.2,5,1.8,0.4,1.4,2.0,0.8,1.2,-0.19999999999999996,0.4,0.19999999999999996
2024-10-21,2024/25,Nottingham Forest,Crystal Palace,1,0,H,6.0,3.0,,,7,7,10,3,7,0,12,18,6,3,4,4,1.4285714285714286,1.2,-0.2285714285714286,0.4285714285714285,0.6,0.1714285714285714,-0.4000000000000001,1.0,0.6,-0.4,0.0,0.0,11,18,7,14,7,0,7,1,0,1,31,31,0.1842105263157894,0.1842105263157894,0.0153508771929824,0.0096952908587257,7,14,0.0230263157894736,0.0122807017543859,0.0230263157894736,0.0921052631578947,0.9473684210526316,1,1.2,5,1.2894736842105263,1,0.6,5,1.0,1.0,0.0,0.8,1.2,-0.4,0.19999999999999996,0.19999999999999996,0.4
2024-10-25,2024/25,Leicester City,Nottingham Forest,1,3,A,8.0,8.0,,,8,8,9,13,-4,0,14,8,3,3,2,2,1.125,1.6,0.4750000000000001,1.625,1.6,-0.0249999999999999,0.5,-0.5,0.0,0.5,0.0,0.0,12,8,8,4,6,10,6,10,0,0,30,30,0.2105263157894736,0.2105263157894736,0.0161943319838056,0.023391812865497,8,4,0.023391812865497,0.0421052631578947,0.0300751879699248,0.0191387559808612,,0,1.6,5,0.9473684210526316,1,1.6,5,1.8,1.8,0.0,1.0,0.8,0.2,0.8,-1.0,-0.2
2024-10-26,2024/25,Aston Villa,Bournemouth,1,1,D,11.0,6.0,,,8,8,17,11,6,0,4,11,7,4,4,4,2.125,2.2,0.0750000000000001,1.375,1.2,-0.175,0.2500000000000002,0.75,1.0000000000000002,0.2500000000000002,0.0,0.0,4,10,0,6,14,8,14,8,0,0,30,30,0.2105263157894736,0.2105263157894736,0.0421052631578947,0.0191387559808612,0,6,0.2105263157894736,0.0300751879699248,0.0140350877192982,0.023391812865497,1.7894736842105263,1,2.2,5,1.263157894736842,1,1.2,5,2.2,1.2,1.0,1.0,1.2,-0.2,1.2000000000000002,0.0,1.2
2024-10-26,2024/25,Brentford,Ipswich Town,4,3,H,4.0,3.0,,,8,8,10,4,6,0,13,17,0,0,0,0,1.25,0.8,-0.4499999999999999,0.5,0.6,0.0999999999999999,-0.5499999999999999,0.75,0.2,-0.5499999999999999,0.0,0.0,11,17,7,13,7,1,7,1,0,0,30,30,0.2105263157894736,0.2105263157894736,0.0175438596491228,0.0116959064327485,7,13,0.0263157894736842,0.0150375939849624,0.0263157894736842,0.1052631578947368,1.0263157894736843,1,0.8,5,,0,0.6,5,1.8,2.2,-0.4,0.8,1.8,-1.0,1.0,-0.40000000000000013,0.6
2024-10-26,2024/25,Brighton,Wolverhampton Wanderers,2,2,D,8.0,0.0,,,8,8,15,1,14,0,6,20,13,1,6,5,1.875,1.6,-0.2749999999999999,0.125,0.0,-0.125,-0.1499999999999999,1.75,1.6,-0.1499999999999999,0.0,0.0,6,20,2,16,12,-2,12,3,0,1,30,30,0.2105263157894736,0.2105263157894736,0.0300751879699248,0.0100250626566416,2,16,0.0701754385964912,0.0123839009287925,0.0161943319838056,0.0526315789473684,1.263157894736842,1,1.6,5,1.2105263157894737,1,0.0,5,1.6,1.6,0.0,1.4,2.8,-1.4,0.20000000000000018,1.1999999999999997,1.4
2024-10-26,2024/25,Manchester City,Southampton,1,0,H,11.0,1.0,,,8,8,20,1,19,0,2,19,8,2,4,4,2.5,2.2,-0.2999999999999998,0.125,0.2,0.075,-0.3749999999999998,2.375,2.0,-0.375,0.0,0.0,1,20,-3,16,17,-2,17,3,0,1,30,30,0.2105263157894736,0.2105263157894736,0.1052631578947368,0.0100250626566416,3,16,0.0526315789473684,0.0123839009287925,0.0116959064327485,0.0526315789473684,2.3947368421052637,1,2.2,5,,0,0.2,5,2.0,1.4,0.6,1.0,2.6,-1.6,1.0,1.2000000000000002,2.2
2024-10-26,2024/25,Everton,Fulham,1,1,D,8.0,7.0,,,8,8,8,11,-3,0,16,10,2,8,4,4,1.0,1.6,0.6000000000000001,1.375,1.4,0.0249999999999999,0.5750000000000002,-0.375,0.2000000000000001,0.5750000000000002,0.5750000000000002,1.0,13,10,9,6,5,8,5,8,0,0,30,30,0.2105263157894736,0.2105263157894736,0.0150375939849624,0.0191387559808612,9,6,0.0210526315789473,0.0300751879699248,0.0350877192982456,0.023391812865497,1.263157894736842,1,1.6,5,1.236842105263158,1,1.4,5,1.4,1.0,0.4,1.6,1.6,0.0,-0.20000000000000018,0.6000000000000001,0.4
2024-10-27,2024/25,Chelsea,Newcastle United,2,1,H,10.0,5.0,,,8,8,14,12,2,0,7,12,7,7,6,5,1.75,2.0,0.25,1.5,1.0,-0.5,0.75,0.25,1.0,0.75,0.0,0.0,9,11,3,5,11,9,11,9,0,0,30,30,0.2105263157894736,0.2105263157894736,0.0210526315789473,0.0175438596491228,3,5,0.0526315789473684,0.0350877192982456,0.0175438596491228,0.0210526315789473,1.6578947368421053,1,2.0,5,1.5789473684210529,1,1.0,5,2.0,1.0,1.0,0.8,1.2,-0.4,1.2,0.19999999999999996,1.4
2024-10-27,2024/25,Crystal Palace,Tottenham Hotspur,1,0,H,2.0,9.0,,,8,8,3,13,-10,0,18,8,0,15,6,5,0.375,0.4,0.025,1.625,1.8,0.175,-0.15,-1.25,-1.4,-0.1499999999999999,0.0,0.0,20,10,14,4,0,10,1,10,1,0,30,30,0.2105263157894736,0.2105263157894736,0.0100250626566416,0.0191387559808612,14,4,0.0140350877192982,0.0421052631578947,0.1052631578947368,0.0191387559808612,1.2894736842105263,1,0.4,5,1.736842105263158,1,1.8,5,0.6,1.2,-0.6,2.4,1.2,1.2,-1.7999999999999998,0.0,-1.7999999999999998
2024-10-27,2024/25,West Ham United,Manchester United,2,1,H,5.0,8.0,,,8,8,8,11,-3,0,16,13,6,9,6,5,1.0,1.0,0.0,1.375,1.6,0.2250000000000001,-0.2250000000000001,-0.375,-0.6000000000000001,-0.2250000000000001,0.0,0.0,15,12,9,6,5,8,5,8,0,0,30,30,0.2105263157894736,0.2105263157894736,0.0131578947368421,0.0161943319838056,9,6,0.0210526315789473,0.0300751879699248,0.0350877192982456,0.023391812865497,1.368421052631579,1,1.0,5,1.5789473684210529,1,1.6,5,1.4,2.0,-0.6,1.0,0.8,0.2,0.3999999999999999,-1.2,-0.8
2024-10-27,2024/25,Arsenal,Liverpool,2,2,D,10.0,12.0,,,8,8,17,21,-4,0,4,2,8,5,6,5,2.125,2.0,-0.125,2.625,2.4,-0.2250000000000001,0.1,-0.5,-0.3999999999999999,0.1,0.0,0.0,6,2,0,-4,14,18,14,18,0,0,30,30,0.2105263157894736,0.2105263157894736,0.0300751879699248,0.0701754385964912,0,4,0.2105263157894736,0.0421052631578947,0.0140350877192982,0.0110803324099723,2.3421052631578947,1,2.0,5,2.1578947368421053,1,2.4,5,2.0,1.4,0.6,1.6,0.6,1.0,0.3999999999999999,-0.7999999999999999,-0.4
2024-11-02,2024/25,Newcastle United,Arsenal,1,0,H,2.0,8.0,,,9,9,12,18,-6,0,12,3,7,7,6,5,1.3333333333333333,0.4,-0.9333333333333332,2.0,1.6,-0.3999999999999999,-0.5333333333333333,-0.6666666666666667,-1.2000000000000002,-0.5333333333333334,0.0,0.0,11,5,6,0,8,14,8,14,0,0,29,29,0.2368421052631578,0.2368421052631578,0.0197368421052631,0.0394736842105263,6,0,0.0338345864661654,0.2368421052631578,0.0263157894736842,0.0157894736842105,1.5789473684210529,1,0.4,5,2.3421052631578947,1,1.6,5,0.6,1.4,-0.8,2.2,1.8,0.4,-1.6,0.40000000000000013,-1.2000000000000002
2024-11-02,2024/25,Bournemouth,Manchester City,2,1,H,7.0,11.0,,,9,9,12,23,-11,0,11,1,0,12,4,4,1.3333333333333333,1.4,0.0666666666666666,2.555555555555556,2.2,-0.3555555555555552,0.4222222222222218,-1.222222222222222,-0.8000000000000003,0.4222222222222218,0.0,0.0,11,0,6,-5,8,19,8,19,0,0,29,29,0.2368421052631578,0.2368421052631578,0.0197368421052631,0.2368421052631578,6,5,0.0338345864661654,0.0394736842105263,0.0263157894736842,0.0118421052631578,1.263157894736842,1,1.4,5,2.3947368421052637,1,2.2,5,1.2,1.2,0.0,1.8,1.2,0.6,-0.6000000000000001,0.0,-0.6
2024-11-02,2024/25,Ipswich Town,Leicester City,1,1,D,2.0,7.0,,,9,9,4,9,-5,0,18,15,0,0,0,0,0.4444444444444444,0.4,-0.0444444444444444,1.0,1.4,0.3999999999999999,-0.4444444444444443,-0.5555555555555556,-1.0,-0.4444444444444443,0.0,0.0,19,14,14,9,0,5,2,5,1,0,29,29,0.2368421052631578,0.2368421052631578,0.0118421052631578,0.0157894736842105,14,9,0.0157894736842105,0.0236842105263157,0.0789473684210526,0.0394736842105263,,0,0.4,5,,0,1.4,5,1.4,2.6,-1.2,1.6,2.0,-0.4,-0.20000000000000018,-0.6000000000000001,-0.7999999999999999
2024-11-02,2024/25,Liverpool,Brighton,2,1,H,13.0,8.0,,,9,9,22,16,6,0,2,6,8,5,6,5,2.4444444444444446,2.6,0.1555555555555554,1.7777777777777777,1.6,-0.1777777777777776,0.333333333333333,0.666666666666667,1.0,0.333333333333333,0.0,0.0,1,7,-4,2,18,12,18,12,0,0,29,29,0.2368421052631578,0.2368421052631578,0.1184210526315789,0.0296052631578947,4,2,0.0473684210526315,0.0789473684210526,0.0124653739612188,0.0182186234817813,2.1578947368421053,1,2.6,5,1.263157894736842,1,1.6,5,2.0,0.8,1.2,2.0,2.0,0.0,0.0,1.2,1.2
2024-11-02,2024/25,Nottingham Forest,West Ham United,3,0,H,8.0,7.0,,,9,9,16,11,5,0,7,13,6,6,4,4,1.7777777777777777,1.6,-0.1777777777777776,1.2222222222222223,1.4,0.1777777777777776,-0.3555555555555552,0.5555555555555554,0.2000000000000001,-0.3555555555555552,0.0,0.0,7,12,2,7,12,7,12,7,0,0,29,29,0.2368421052631578,0.2368421052631578,0.0296052631578947,0.0182186234817813,2,7,0.0789473684210526,0.0296052631578947,0.0182186234817813,0.0296052631578947,0.9473684210526316,1,1.6,5,1.368421052631579,1,1.4,5,1.4,1.0,0.4,1.6,2.0,-0.4,-0.20000000000000018,1.0,0.8
2024-11-02,2024/25,Southampton,Everton,1,0,H,1.0,9.0,,,9,9,1,9,-8,0,20,16,6,6,4,4,0.1111111111111111,0.2,0.0888888888888889,1.0,1.8,0.8,-0.7111111111111111,-0.8888888888888888,-1.6,-0.7111111111111112,0.0,0.0,22,14,17,9,-3,5,5,5,1,0,29,29,0.2368421052631578,0.2368421052631578,0.0102974828375286,0.0157894736842105,17,9,0.0131578947368421,0.0236842105263157,0.0394736842105263,0.0394736842105263,,0,0.2,5,1.263157894736842,1,1.8,5,1.0,2.2,-1.2,1.2,0.6,0.6,-0.19999999999999996,-1.6,-1.7999999999999998
2024-11-02,2024/25,Wolverhampton Wanderers,Crystal Palace,2,2,D,1.0,4.0,,,9,9,2,6,-4,0,19,17,3,12,6,5,0.2222222222222222,0.2,-0.0222222222222222,0.6666666666666666,0.8,0.1333333333333334,-0.1555555555555556,-0.4444444444444444,-0.6000000000000001,-0.1555555555555556,0.0,0.0,21,17,16,12,-2,2,4,2,1,0,29,29,0.2368421052631578,0.2368421052631578,0.0107655502392344,0.0131578947368421,16,12,0.0139318885448916,0.0182186234817813,0.0473684210526315,0.0789473684210526,1.2105263157894737,1,0.2,5,1.2894736842105263,1,0.8,5,1.6,2.8,-1.2,0.4,0.8,-0.4,1.2000000000000002,-1.9999999999999998,-0.7999999999999999
2024-11-03,2024/25,Tottenham Hotspur,Aston Villa,4,1,H,9.0,9.0,,,9,9,13,18,-5,0,10,5,6,9,6,5,1.4444444444444444,1.8,0.3555555555555556,2.0,1.8,-0.1999999999999999,0.5555555555555556,-0.5555555555555556,0.0,0.5555555555555556,0.0,0.0,12,7,5,0,8,13,8,13,0,0,29,29,0.2368421052631578,0.2368421052631578,0.0182186234817813,0.0296052631578947,5,0,0.0394736842105263,0.2368421052631578,0.0263157894736842,0.0169172932330827,1.736842105263158,1,1.8,5,1.7894736842105263,1,1.8,5,2.4,1.2,1.2,1.8,1.0,0.8,0.5999999999999999,-0.19999999999999996,0.3999999999999999
2024-11-03,2024/25,Manchester United,Chelsea,1,1,D,5.0,10.0,,,9,9,11,17,-6,0,13,6,8,5,6,5,1.2222222222222223,1.0,-0.2222222222222223,1.8888888888888888,2.0,0.1111111111111111,-0.3333333333333335,-0.6666666666666665,-1.0,-0.3333333333333335,0.0,0.0,14,8,7,1,6,12,6,12,0,0,29,29,0.2368421052631578,0.2368421052631578,0.0157894736842105,0.0263157894736842,7,1,0.0296052631578947,0.1184210526315789,0.0338345864661654,0.0182186234817813,1.5789473684210529,1,1.0,5,1.6578947368421053,1,2.0,5,0.6,1.2,-0.6,2.2,1.2,1.0,-1.6,0.0,-1.6
2024-11-04,2024/25,Fulham,Brentford,2,1,H,7.0,7.0,,,9,9,12,13,-1,0,12,11,4,7,4,4,1.3333333333333333,1.4,0.0666666666666666,1.4444444444444444,1.4,-0.0444444444444445,0.1111111111111111,-0.1111111111111111,0.0,0.1111111111111111,0.0,0.0,13,12,6,5,7,8,7,8,0,0,29,29,0.2368421052631578,0.2368421052631578,0.0169172932330827,0.0182186234817813,6,5,0.0338345864661654,0.0394736842105263,0.0296052631578947,0.0263157894736842,1.236842105263158,1,1.4,5,1.0263157894736843,1,1.4,5,1.6,1.6,0.0,2.4,2.4,0.0,-0.7999999999999998,0.7999999999999998,0.0
2024-11-09,2024/25,Brentford,Bournemouth,3,2,H,7.0,10.0,13.0,5.0,10,10,13,15,-2,0,12,10,8,2,4,4,1.3,1.4,0.0999999999999998,1.5,2.0,0.5,-0.4000000000000001,-0.1999999999999999,-0.6000000000000001,-0.4000000000000001,0.0,0.0,12,10,5,3,8,10,8,10,0,0,28,28,0.2631578947368421,0.2631578947368421,0.020242914979757,0.0239234449760765,5,3,0.043859649122807,0.0657894736842105,0.0292397660818713,0.0239234449760765,1.0263157894736843,1,1.4,5,1.263157894736842,1,2.0,5,2.4,2.2,0.2,1.6,0.8,0.8,0.7999999999999998,-1.4000000000000001,-0.6000000000000001
2024-11-09,2024/25,Crystal Palace,Fulham,0,2,A,4.0,7.0,5.0,5.0,10,10,7,15,-8,0,17,9,3,6,4,4,0.7,0.8,0.1,1.5,1.4,-0.1,0.2000000000000001,-0.8,-0.5999999999999999,0.2000000000000001,0.0,0.0,18,10,11,3,2,10,2,10,0,0,28,28,0.2631578947368421,0.2631578947368421,0.0138504155124653,0.0239234449760765,11,3,0.0219298245614035,0.0657894736842105,0.087719298245614,0.0239234449760765,1.2894736842105263,1,0.8,5,1.236842105263158,1,1.4,5,0.8,1.2,-0.4,1.4,1.6,-0.2,-0.5999999999999999,0.40000000000000013,-0.2
2024-11-09,2024/25,West Ham United,Everton,0,0,D,7.0,8.0,6.0,4.0,10,10,11,9,2,0,14,16,9,6,6,5,1.1,1.4,0.2999999999999998,0.9,1.6,0.7000000000000001,-0.4000000000000002,0.2,-0.2000000000000001,-0.4000000000000002,0.4000000000000002,-1.0,14,16,7,9,6,4,6,4,0,0,28,28,0.2631578947368421,0.2631578947368421,0.0175438596491228,0.0154798761609907,7,9,0.0328947368421052,0.0263157894736842,0.037593984962406,0.0526315789473684,1.368421052631579,1,1.4,5,1.263157894736842,1,1.6,5,1.6,2.0,-0.4,1.0,0.6,0.4,0.6000000000000001,-1.4,-0.8
2024-11-09,2024/25,Wolverhampton Wanderers,Southampton,2,0,H,2.0,3.0,1.0,0.0,10,10,3,4,-1,0,20,19,12,0,4,4,0.3,0.4,0.1,0.4,0.6,0.1999999999999999,-0.0999999999999999,-0.1,-0.1999999999999999,-0.0999999999999999,0.0,0.0,22,21,15,14,-2,-1,4,3,1,1,28,28,0.2631578947368421,0.2631578947368421,0.011441647597254,0.0119617224880382,15,14,0.0164473684210526,0.0175438596491228,0.0526315789473684,0.0657894736842105,1.2105263157894737,1,0.4,5,,0,0.6,5,1.8,2.6,-0.8,1.0,2.0,-1.0,0.8,-0.6000000000000001,0.19999999999999996
2024-11-09,2024/25,Brighton,Manchester City,2,1,H,7.0,10.0,9.0,10.0,10,10,16,23,-7,0,8,2,1,13,6,5,1.6,1.4,-0.2000000000000001,2.3,2.0,-0.2999999999999998,0.0999999999999996,-0.6999999999999997,-0.6000000000000001,0.0999999999999996,0.0,0.0,9,2,2,-5,11,18,11,18,0,0,28,28,0.2631578947368421,0.2631578947368421,0.0263157894736842,0.087719298245614,2,5,0.087719298245614,0.043859649122807,0.0219298245614035,0.0138504155124653,1.263157894736842,1,1.4,5,2.3947368421052637,1,2.0,5,1.8,2.0,-0.2,1.6,1.2,0.4,0.19999999999999996,-0.8,-0.6000000000000001
2024-11-09,2024/25,Liverpool,Aston Villa,2,0,H,13.0,6.0,12.0,10.0,10,10,25,18,7,0,1,6,11,2,6,5,2.5,2.6,0.1,1.8,1.2,-0.6000000000000001,0.7000000000000002,0.7,1.4,0.7000000000000002,0.0,0.0,0,7,-7,0,20,13,20,13,0,0,28,28,0.2631578947368421,0.2631578947368421,0.2631578947368421,0.0328947368421052,7,0,0.0328947368421052,0.2631578947368421,0.012531328320802,0.018796992481203,2.1578947368421053,1,2.6,5,1.7894736842105263,1,1.2,5,1.8,1.0,0.8,1.4,1.6,-0.2,0.40000000000000013,0.6000000000000001,1.0
2024-11-10,2024/25,Manchester United,Leicester City,3,0,H,5.0,7.0,7.0,5.0,10,10,12,10,2,0,13,15,7,4,4,4,1.2,1.0,-0.1999999999999999,1.0,1.4,0.3999999999999999,-0.5999999999999999,0.1999999999999999,-0.3999999999999999,-0.5999999999999999,0.5999999999999999,-1.0,16,18,7,9,6,4,6,4,0,0,28,28,0.2631578947368421,0.2631578947368421,0.0154798761609907,0.0138504155124653,7,9,0.0328947368421052,0.0263157894736842,0.037593984962406,0.0526315789473684,1.5789473684210529,1,1.0,5,,0,1.4,5,0.8,1.4,-0.6,1.6,2.0,-0.4,-0.8,0.6000000000000001,-0.19999999999999996
2024-11-10,2024/25,Nottingham Forest,Newcastle United,1,3,A,10.0,5.0,8.0,5.0,10,10,19,15,4,0,3,12,3,9,4,4,1.9,2.0,0.1,1.5,1.0,-0.5,0.6000000000000001,0.3999999999999999,1.0,0.6000000000000001,0.0,0.0,9,13,0,4,13,9,13,9,0,0,28,28,0.2631578947368421,0.2631578947368421,0.0263157894736842,0.018796992481203,0,4,0.2631578947368421,0.0526315789473684,0.018796992481203,0.0263157894736842,0.9473684210526316,1,2.0,5,1.5789473684210529,1,1.0,5,1.6,0.6,1.0,0.6,0.8,-0.2,1.0,0.20000000000000007,1.2
2024-11-10,2024/25,Tottenham Hotspur,Ipswich Town,1,2,A,9.0,2.0,12.0,2.0,10,10,16,5,11,0,9,19,0,0,0,0,1.6,1.8,0.1999999999999999,0.5,0.4,-0.0999999999999999,0.2999999999999999,1.1,1.4,0.2999999999999998,0.0,0.0,12,23,3,14,10,-1,10,2,0,1,28,28,0.2631578947368421,0.2631578947368421,0.020242914979757,0.0109649122807017,3,14,0.0657894736842105,0.0175438596491228,0.0239234449760765,0.087719298245614,1.736842105263158,1,1.8,5,,0,0.4,5,2.6,1.2,1.4,1.4,2.6,-1.2,1.2000000000000002,1.4000000000000001,2.5999999999999996
2024-11-10,2024/25,Chelsea,Arsenal,1,1,D,8.0,7.0,8.0,7.0,10,10,18,18,0,0,5,6,1,13,6,5,1.8,1.6,-0.1999999999999999,1.8,1.4,-0.4000000000000001,0.2000000000000001,0.0,0.2000000000000001,0.2000000000000001,0.0,0.0,10,10,1,1,12,12,12,12,0,0,28,28,0.2631578947368421,0.2631578947368421,0.0239234449760765,0.0239234449760765,1,1,0.131578947368421,0.131578947368421,0.020242914979757,0.020242914979757,1.6578947368421053,1,1.6,5,2.3421052631578947,1,1.4,5,1.8,1.4,0.4,1.8,1.6,0.2,0.0,0.20000000000000018,0.2
2024-11-23,2024/25,Leicester City,Chelsea,1,2,A,7.0,6.0,5.0,10.0,11,11,10,19,-9,0,15,3,1,10,4,4,0.9090909090909092,1.4,0.4909090909090908,1.7272727272727273,1.2,-0.5272727272727273,1.018181818181818,-0.8181818181818182,0.1999999999999999,1.018181818181818,1.018181818181818,1.0,18,9,9,0,3,12,3,12,0,0,27,27,0.2894736842105263,0.2894736842105263,0.0152354570637119,0.0289473684210526,9,0,0.0289473684210526,0.2894736842105263,0.0723684210526315,0.0222672064777327,,0,1.4,5,1.6578947368421053,1,1.2,5,1.2,1.8,-0.6,1.2,1.2,0.0,0.0,-0.6000000000000001,-0.6
2024-11-23,2024/25,Arsenal,Nottingham Forest,3,0,H,5.0,10.0,11.0,11.0,11,11,19,19,0,0,4,5,9,3,4,4,1.7272727272727273,1.0,-0.7272727272727273,1.7272727272727273,2.0,0.2727272727272727,-1.0,0.0,-1.0,-1.0,0.0,0.0,9,9,0,0,12,12,12,12,0,0,27,27,0.2894736842105263,0.2894736842105263,0.0289473684210526,0.0289473684210526,0,0,0.2894736842105263,0.2894736842105263,0.0222672064777327,0.0222672064777327,2.3421052631578947,1,1.0,5,0.9473684210526316,1,2.0,5,1.2,1.4,-0.2,1.8,1.0,0.8,-0.6000000000000001,-0.3999999999999999,-1.0
2024-11-23,2024/25,Aston Villa,Crystal Palace,2,2,D,5.0,4.0,8.0,2.0,11,11,18,7,11,0,9,18,7,7,6,5,1.6363636363636365,1.0,-0.6363636363636365,0.6363636363636364,0.8,0.1636363636363637,-0.8000000000000002,1.0,0.1999999999999999,-0.8,0.0,0.0,10,21,1,12,11,0,11,1,0,1,27,27,0.2894736842105263,0.2894736842105263,0.0263157894736842,0.0131578947368421,1,12,0.1447368421052631,0.0222672064777327,0.0241228070175438,0.1447368421052631,1.7894736842105263,1,1.0,5,1.2894736842105263,1,0.8,5,1.0,1.6,-0.6,0.6,1.2,-0.6,0.4,-0.40000000000000013,0.0
2024-11-23,2024/25,Bournemouth,Brighton,1,2,A,7.0,10.0,10.0,7.0,11,11,15,19,-4,0,12,6,3,9,4,4,1.3636363636363635,1.4,0.0363636363636363,1.7272727272727273,2.0,0.2727272727272727,-0.2363636363636363,-0.3636363636363637,-0.6000000000000001,-0.2363636363636363,0.0,0.0,13,9,4,0,8,12,8,12,0,0,27,27,0.2894736842105263,0.2894736842105263,0.0206766917293233,0.0289473684210526,4,0,0.0578947368421052,0.2894736842105263,0.0321637426900584,0.0222672064777327,1.263157894736842,1,1.4,5,1.263157894736842,1,2.0,5,1.4,1.2,0.2,1.8,1.4,0.4,-0.40000000000000013,0.19999999999999996,-0.2
2024-11-23,2024/25,Everton,Brentford,0,0,D,6.0,9.0,5.0,0.0,11,11,10,16,-6,0,16,11,10,4,6,5,0.9090909090909092,1.2,0.2909090909090909,1.4545454545454546,1.8,0.3454545454545454,-0.0545454545454545,-0.5454545454545455,-0.6000000000000001,-0.0545454545454545,0.0,0.0,18,12,9,3,3,9,3,9,0,0,27,27,0.2894736842105263,0.2894736842105263,0.0152354570637119,0.0222672064777327,9,3,0.0289473684210526,0.0723684210526315,0.0723684210526315,0.0289473684210526,1.263157894736842,1,1.2,5,1.0263157894736843,1,1.8,5,0.6,0.4,0.2,2.8,2.4,0.4,-2.1999999999999997,2.0,-0.2
2024-11-23,2024/25,Fulham,Wolverhampton Wanderers,1,4,A,7.0,5.0,10.0,2.0,11,11,18,6,12,0,7,19,5,5,4,4,1.6363636363636365,1.4,-0.2363636363636365,0.5454545454545454,1.0,0.4545454545454546,-0.6909090909090911,1.090909090909091,0.3999999999999999,-0.6909090909090911,0.0,0.0,10,22,1,13,11,-1,11,2,0,1,27,27,0.2894736842105263,0.2894736842105263,0.0263157894736842,0.0125858123569794,1,13,0.1447368421052631,0.0206766917293233,0.0241228070175438,0.0964912280701754,1.236842105263158,1,1.4,5,1.2105263157894737,1,1.0,5,1.6,1.6,0.0,2.0,2.2,-0.2,-0.3999999999999999,0.6000000000000001,0.2
2024-11-23,2024/25,Manchester City,Tottenham Hotspur,0,4,A,9.0,6.0,13.0,4.0,11,11,23,16,7,0,2,10,7,7,6,5,2.090909090909091,1.8,-0.2909090909090908,1.4545454545454546,1.2,-0.2545454545454546,-0.0363636363636361,0.6363636363636362,0.6000000000000001,-0.0363636363636361,0.0,0.0,5,12,-4,3,16,9,16,9,0,0,27,27,0.2894736842105263,0.2894736842105263,0.0482456140350877,0.0222672064777327,4,3,0.0578947368421052,0.0723684210526315,0.0170278637770897,0.0289473684210526,2.3947368421052637,1,1.8,5,1.736842105263158,1,1.2,5,1.6,1.4,0.2,2.2,1.6,0.6,-0.6000000000000001,0.20000000000000018,-0.39999999999999997
2024-11-24,2024/25,Southampton,Liverpool,2,3,A,3.0,13.0,4.0,13.0,11,11,4,28,-24,0,20,1,1,10,4,4,0.3636363636363636,0.6,0.2363636363636363,2.5454545454545454,2.6,0.0545454545454546,0.1818181818181816,-2.1818181818181817,-2.0,0.1818181818181816,0.0,0.0,24,0,18,-6,-4,20,5,20,1,0,27,27,0.2894736842105263,0.2894736842105263,0.011578947368421,0.2894736842105263,18,6,0.0152354570637119,0.0413533834586466,0.0482456140350877,0.0137844611528822,,0,0.6,5,2.1578947368421053,1,2.6,5,0.8,1.8,-1.0,1.8,0.8,1.0,-1.0,-1.0,-2.0
2024-11-24,2024/25,Ipswich Town,Manchester United,1,1,D,4.0,8.0,3.0,5.0,11,11,8,15,-7,0,19,12,0,0,0,0,0.7272727272727273,0.8,0.0727272727272727,1.3636363636363635,1.6,0.2363636363636365,-0.1636363636363638,-0.6363636363636362,-0.8,-0.1636363636363638,0.0,0.0,20,13,14,7,0,7,1,7,1,0,27,27,0.2894736842105263,0.2894736842105263,0.0137844611528822,0.0206766917293233,14,7,0.019298245614035,0.0361842105263157,0.1447368421052631,0.0361842105263157,,0,0.8,5,1.5789473684210529,1,1.6,5,1.4,2.4,-1.0,1.4,0.8,0.6,0.0,-1.5999999999999999,-1.6
2024-11-25,2024/25,Newcastle United,West Ham United,0,2,A,7.0,7.0,10.0,5.0,11,11,18,12,6,0,9,14,9,3,6,5,1.6363636363636365,1.4,-0.2363636363636365,1.0909090909090908,1.4,0.3090909090909091,-0.5454545454545456,0.5454545454545456,0.0,-0.5454545454545456,0.0,0.0,13,19,4,10,9,3,9,3,0,0,27,27,0.2894736842105263,0.2894736842105263,0.0206766917293233,0.0144736842105263,4,10,0.0578947368421052,0.0263157894736842,0.0289473684210526,0.0723684210526315,1.5789473684210529,1,1.4,5,1.368421052631579,1,1.4,5,1.0,0.8,0.2,1.4,1.8,-0.4,-0.3999999999999999,1.0,0.6000000000000001
2024-11-29,2024/25,Brighton,Southampton,1,1,D,10.0,3.0,9.0,0.0,12,12,22,4,18,0,5,20,8,2,4,4,1.8333333333333333,2.0,0.1666666666666667,0.3333333333333333,0.6,0.2666666666666666,-0.0999999999999999,1.5,1.4,-0.1,0.0,0.0,9,27,0,18,13,-5,13,5,0,1,26,26,0.3157894736842105,0.3157894736842105,0.031578947368421,0.0112781954887218,0,18,0.3157894736842105,0.0166204986149584,0.0225563909774436,0.0526315789473684,1.263157894736842,1,2.0,5,,0,0.6,5,1.6,1.2,0.4,1.0,1.8,-0.8,0.6000000000000001,0.6000000000000001,1.2000000000000002
2024-11-30,2024/25,Brentford,Leicester City,4,1,H,7.0,4.0,13.0,5.0,12,12,17,10,7,0,11,16,2,8,4,4,1.4166666666666667,1.4,-0.0166666666666668,0.8333333333333334,0.8,-0.0333333333333333,0.0166666666666664,0.5833333333333334,0.5999999999999999,0.0166666666666664,0.0,0.0,14,21,5,12,8,1,8,1,0,0,26,26,0.3157894736842105,0.3157894736842105,0.0210526315789473,0.0143540669856459,5,12,0.0526315789473684,0.0242914979757085,0.0350877192982456,0.1578947368421052,1.0263157894736843,1,1.4,5,,0,0.8,5,1.8,1.8,0.0,1.2,2.2,-1.0,0.6000000000000001,0.40000000000000013,1.0
2024-11-30,2024/25,Crystal Palace,Newcastle United,1,1,D,5.0,6.0,5.0,7.0,12,12,8,18,-10,0,19,10,5,8,6,5,0.6666666666666666,1.0,0.3333333333333333,1.5,1.2,-0.3,0.6333333333333334,-0.8333333333333334,-0.1999999999999999,0.6333333333333334,0.0,0.0,23,13,14,4,-1,9,1,9,1,0,26,26,0.3157894736842105,0.3157894736842105,0.0131578947368421,0.0225563909774436,14,4,0.0210526315789473,0.0631578947368421,0.1578947368421052,0.031578947368421,1.2894736842105263,1,1.0,5,1.5789473684210529,1,1.2,5,1.0,1.4,-0.4,1.0,1.2,-0.2,0.0,-0.19999999999999996,-0.2
2024-11-30,2024/25,Nottingham Forest,Ipswich Town,1,0,H,9.0,5.0,7.0,5.0,12,12,19,9,10,0,7,18,0,0,0,0,1.5833333333333333,1.8,0.2166666666666667,0.75,1.0,0.25,-0.0333333333333332,0.8333333333333333,0.8,-0.0333333333333332,0.0,0.0,12,22,3,13,10,0,10,0,0,1,26,26,0.3157894736842105,0.3157894736842105,0.0242914979757085,0.0137299771167048,3,13,0.0789473684210526,0.0225563909774436,0.0287081339712918,0.3157894736842105,0.9473684210526316,1,1.8,5,,0,1.0,5,1.6,1.4,0.2,1.4,1.8,-0.4,0.20000000000000018,0.40000000000000013,0.6000000000000001
2024-11-30,2024/25,Wolverhampton Wanderers,Bournemouth,2,4,A,8.0,7.0,4.0,4.0,12,12,9,15,-6,0,17,13,4,7,4,4,0.75,1.6,0.8500000000000001,1.25,1.4,0.1499999999999999,0.7000000000000002,-0.5,0.2000000000000001,0.7000000000000002,0.7000000000000002,1.0,22,16,13,7,0,6,0,6,0,0,26,26,0.3157894736842105,0.3157894736842105,0.0137299771167048,0.0185758513931888,13,7,0.0225563909774436,0.0394736842105263,0.3157894736842105,0.0451127819548872,1.2105263157894737,1,1.6,5,1.263157894736842,1,1.4,5,2.2,1.4,0.8,1.6,1.4,0.2,0.6000000000000001,0.0,0.6000000000000001
2024-11-30,2024/25,West Ham United,Arsenal,2,5,A,7.0,5.0,7.0,5.0,12,12,15,22,-7,0,14,5,4,10,6,5,1.25,1.4,0.1499999999999999,1.8333333333333333,1.0,-0.8333333333333333,0.9833333333333332,-0.5833333333333333,0.3999999999999999,0.9833333333333332,0.9833333333333332,1.0,16,9,7,0,6,13,6,13,0,0,26,26,0.3157894736842105,0.3157894736842105,0.0185758513931888,0.031578947368421,7,0,0.0394736842105263,0.3157894736842105,0.0451127819548872,0.0225563909774436,1.368421052631579,1,1.4,5,2.3421052631578947,1,1.0,5,1.0,1.6,-0.6,1.2,1.2,0.0,-0.19999999999999996,-0.40000000000000013,-0.6
2024-12-01,2024/25,Chelsea,Aston Villa,3,0,H,8.0,5.0,9.0,7.0,12,12,22,19,3,0,5,9,7,7,6,5,1.8333333333333333,1.6,-0.2333333333333331,1.5833333333333333,1.0,-0.5833333333333333,0.3500000000000001,0.25,0.6000000000000001,0.3500000000000001,0.0,0.0,9,12,1,4,13,10,13,10,0,0,26,26,0.3157894736842105,0.3157894736842105,0.031578947368421,0.0242914979757085,1,4,0.1578947368421052,0.0631578947368421,0.0225563909774436,0.0287081339712918,1.6578947368421053,1,1.6,5,1.7894736842105263,1,1.0,5,1.4,1.2,0.2,1.4,2.0,-0.6,0.0,0.8,0.8
2024-12-01,2024/25,Manchester United,Everton,4,0,H,8.0,6.0,7.0,5.0,12,12,16,11,5,0,13,15,12,3,6,5,1.3333333333333333,1.6,0.2666666666666668,0.9166666666666666,1.2,0.2833333333333333,-0.0166666666666664,0.4166666666666666,0.4000000000000001,-0.0166666666666664,0.0,0.0,15,20,7,12,7,2,7,2,0,0,26,26,0.3157894736842105,0.3157894736842105,0.0197368421052631,0.0150375939849624,7,12,0.0394736842105263,0.0242914979757085,0.0394736842105263,0.1052631578947368,1.5789473684210529,1,1.6,5,1.263157894736842,1,1.2,5,1.6,1.0,0.6,0.6,0.4,0.2,1.0,-0.6,0.39999999999999997
2024-12-01,2024/25,Tottenham Hotspur,Fulham,1,1,D,9.0,7.0,9.0,8.0,12,12,19,18,1,0,8,12,9,3,4,4,1.5833333333333333,1.8,0.2166666666666667,1.5,1.4,-0.1,0.3166666666666669,0.0833333333333332,0.4000000000000001,0.3166666666666669,0.0,0.0,12,13,4,5,10,9,10,9,0,0,26,26,0.3157894736842105,0.3157894736842105,0.0242914979757085,0.0225563909774436,4,5,0.0631578947368421,0.0526315789473684,0.0287081339712918,0.031578947368421,1.736842105263158,1,1.8,5,1.236842105263158,1,1.4,5,2.6,1.0,1.6,1.4,1.8,-0.4,1.2000000000000002,0.8,2.0
2024-12-01,2024/25,Liverpool,Manchester City,2,0,H,13.0,6.0,12.0,7.0,12,12,31,23,8,0,1,3,6,6,6,5,2.583333333333333,2.6,0.0166666666666666,1.9166666666666667,1.2,-0.7166666666666668,0.7333333333333334,0.6666666666666667,1.4,0.7333333333333334,0.0,0.0,0,8,-8,0,22,14,22,14,0,0,26,26,0.3157894736842105,0.3157894736842105,0.3157894736842105,0.0350877192982456,8,0,0.0350877192982456,0.3157894736842105,0.0137299771167048,0.0210526315789473,2.1578947368421053,1,2.6,5,2.3947368421052637,1,1.2,5,2.2,1.2,1.0,1.0,1.8,-0.8,1.2000000000000002,0.6000000000000001,1.8
2024-12-03,2024/25,Ipswich Town,Crystal Palace,0,1,A,5.0,6.0,4.0,3.0,13,13,9,9,0,0,19,17,0,0,0,0,0.6923076923076923,1.0,0.3076923076923077,0.6923076923076923,1.2,0.5076923076923077,-0.1999999999999999,0.0,-0.1999999999999999,-0.1999999999999999,0.0,0.0,25,25,14,14,0,0,0,0,1,0,25,25,0.3421052631578947,0.3421052631578947,0.0131578947368421,0.0131578947368421,14,14,0.0228070175438596,0.0228070175438596,0.3421052631578947,0.3421052631578947,,0,1.0,5,1.2894736842105263,1,1.2,5,1.4,1.6,-0.2,1.2,1.4,-0.2,0.19999999999999996,-0.20000000000000018,0.0
2024-12-03,2024/25,Leicester City,West Ham United,3,1,H,1.0,7.0,4.0,5.0,13,13,10,15,-5,0,16,14,7,4,4,4,0.7692307692307693,0.2,-0.5692307692307692,1.1538461538461535,1.4,0.2461538461538461,-0.8153846153846154,-0.3846153846153844,-1.2,-0.8153846153846155,0.0,0.0,24,19,13,8,1,6,1,6,0,0,25,25,0.3421052631578947,0.3421052631578947,0.0136842105263157,0.0171052631578947,13,8,0.0244360902255639,0.0380116959064327,0.1710526315789473,0.0488721804511278,,0,0.2,5,1.368421052631579,1,1.4,5,0.8,2.6,-1.8,1.2,1.8,-0.6,-0.3999999999999999,-0.8,-1.2000000000000002
2024-12-04,2024/25,Everton,Wolverhampton Wanderers,4,0,H,3.0,8.0,6.0,5.0,13,13,11,9,2,0,17,18,1,13,6,5,0.8461538461538461,0.6,-0.2461538461538461,0.6923076923076923,1.6,0.9076923076923078,-1.153846153846154,0.1538461538461538,-1.0,-1.1538461538461535,1.1538461538461535,-1.0,23,25,12,14,2,0,2,2,0,1,25,25,0.3421052631578947,0.3421052631578947,0.0142543859649122,0.0131578947368421,12,14,0.0263157894736842,0.0228070175438596,0.1140350877192982,0.1140350877192982,1.263157894736842,1,0.6,5,1.2105263157894737,1,1.6,5,0.2,1.2,-1.0,2.4,1.8,0.6,-2.1999999999999997,0.6000000000000001,-1.6
2024-12-04,2024/25,Manchester City,Nottingham Forest,3,0,H,3.0,9.0,10.0,8.0,13,13,23,22,1,0,5,6,10,1,4,4,1.7692307692307692,0.6,-1.169230769230769,1.6923076923076923,1.8,0.1076923076923077,-1.2769230769230768,0.0769230769230768,-1.2000000000000002,-1.276923076923077,1.276923076923077,-1.0,11,12,0,1,14,13,14,13,0,0,25,25,0.3421052631578947,0.3421052631578947,0.0285087719298245,0.0263157894736842,0,1,0.3421052631578947,0.1710526315789473,0.0228070175438596,0.0244360902255639,2.3947368421052637,1,0.6,5,0.9473684210526316,1,1.8,5,0.6,2.0,-1.4,1.6,1.4,0.2,-1.0,-0.6000000000000001,-1.5999999999999999
2024-12-04,2024/25,Newcastle United,Liverpool,3,3,D,7.0,13.0,7.0,13.0,13,13,19,34,-15,0,11,1,0,15,6,5,1.4615384615384617,1.4,-0.0615384615384615,2.6153846153846154,2.6,-0.0153846153846153,-0.0461538461538462,-1.153846153846154,-1.2000000000000002,-0.0461538461538462,0.0,0.0,15,0,4,-11,10,25,10,25,0,0,25,25,0.3421052631578947,0.3421052631578947,0.0213815789473684,0.3421052631578947,4,11,0.0684210526315789,0.0285087719298245,0.0311004784688995,0.0131578947368421,1.5789473684210529,1,1.4,5,2.1578947368421053,1,2.6,5,1.2,1.2,0.0,2.2,1.0,1.2,-1.0000000000000002,-0.19999999999999996,-1.2
2024-12-04,2024/25,Southampton,Chelsea,1,5,A,4.0,11.0,4.0,10.0,13,13,5,25,-20,0,20,2,6,6,4,4,0.3846153846153846,0.8,0.4153846153846154,1.9230769230769231,2.2,0.276923076923077,0.1384615384615383,-1.5384615384615383,-1.4,0.1384615384615384,0.0,0.0,29,9,18,-2,-4,16,6,16,1,0,25,25,0.3421052631578947,0.3421052631578947,0.0114035087719298,0.0342105263157894,18,2,0.0180055401662049,0.1140350877192982,0.0488721804511278,0.0201238390092879,,0,0.8,5,1.6578947368421053,1,2.2,5,0.8,1.4,-0.6,1.8,0.8,1.0,-1.0,-0.5999999999999999,-1.6
2024-12-04,2024/25,Arsenal,Manchester United,2,0,H,8.0,8.0,11.0,6.0,13,13,25,19,6,0,2,9,12,3,6,5,1.9230769230769231,1.6,-0.323076923076923,1.4615384615384617,1.6,0.1384615384615386,-0.4615384615384617,0.4615384615384617,0.0,-0.4615384615384617,0.0,0.0,9,15,-2,4,16,10,16,10,0,0,25,25,0.3421052631578947,0.3421052631578947,0.0342105263157894,0.0213815789473684,2,4,0.1140350877192982,0.0684210526315789,0.0201238390092879,0.0311004784688995,2.3421052631578947,1,1.6,5,1.5789473684210529,1,1.6,5,2.2,1.2,1.0,2.0,0.8,1.2,0.20000000000000018,-0.3999999999999999,-0.19999999999999996
2024-12-04,2024/25,Aston Villa,Brentford,3,1,H,2.0,10.0,9.0,1.0,13,13,19,20,-1,0,12,8,8,5,6,5,1.4615384615384617,0.4,-1.061538461538461,1.5384615384615383,2.0,0.4615384615384614,-1.5230769230769228,-0.0769230769230771,-1.6,-1.523076923076923,0.0,0.0,15,14,4,3,10,11,10,11,0,0,25,25,0.3421052631578947,0.3421052631578947,0.0213815789473684,0.0228070175438596,4,3,0.0684210526315789,0.0855263157894736,0.0311004784688995,0.0285087719298245,1.7894736842105263,1,0.4,5,1.0263157894736843,1,2.0,5,0.8,2.4,-1.6,2.4,1.6,0.8,-1.5999999999999999,-0.7999999999999998,-2.4000000000000004
2024-12-05,2024/25,Fulham,Brighton,3,1,H,8.0,8.0,7.0,7.0,13,13,19,23,-4,0,12,5,10,1,4,4,1.4615384615384617,1.6,0.1384615384615386,1.7692307692307692,1.6,-0.169230769230769,0.3076923076923077,-0.3076923076923077,0.0,0.3076923076923077,0.0,0.0,16,12,7,3,10,14,10,14,0,0,25,25,0.3421052631578947,0.3421052631578947,0.0201238390092879,0.0263157894736842,7,3,0.0427631578947368,0.0855263157894736,0.0311004784688995,0.0228070175438596,1.236842105263158,1,1.6,5,1.263157894736842,1,1.6,5,1.4,1.4,0.0,1.6,1.4,0.2,-0.20000000000000018,0.0,-0.2
2024-12-05,2024/25,Bournemouth,Tottenham Hotspur,1,0,H,7.0,7.0,9.0,6.0,13,13,18,20,-2,0,13,8,3,9,4,4,1.3846153846153846,1.4,0.0153846153846153,1.5384615384615383,1.4,-0.1384615384615386,0.1538461538461539,-0.1538461538461539,0.0,0.1538461538461539,0.0,0.0,17,15,8,6,9,11,9,11,0,0,25,25,0.3421052631578947,0.3421052631578947,0.0190058479532163,0.0213815789473684,8,6,0.0380116959064327,0.0488721804511278,0.0342105263157894,0.0285087719298245,1.263157894736842,1,1.4,5,1.736842105263158,1,1.4,5,2.0,1.8,0.2,2.0,1.0,1.0,0.0,-0.8,-0.8
2024-12-07,2024/25,Aston Villa,Southampton,1,0,H,4.0,4.0,9.0,1.0,14,14,22,5,17,0,8,20,9,3,4,4,1.5714285714285714,0.8,-0.7714285714285714,0.3571428571428571,0.8,0.4428571428571429,-1.2142857142857142,1.2142857142857142,0.0,-1.2142857142857142,0.0,0.0,13,30,4,21,13,-4,13,7,0,1,24,24,0.3684210526315789,0.3684210526315789,0.0263157894736842,0.0118845500848896,4,21,0.0736842105263157,0.0167464114832535,0.0263157894736842,0.0460526315789473,1.7894736842105263,1,0.8,5,,0,0.8,5,1.2,2.4,-1.2,1.0,2.2,-1.2,0.19999999999999996,-0.19999999999999973,0.0
2024-12-07,2024/25,Brentford,Newcastle United,4,2,H,7.0,8.0,13.0,5.0,14,14,20,20,0,0,11,12,0,15,6,5,1.4285714285714286,1.4,-0.0285714285714286,1.4285714285714286,1.6,0.1714285714285714,-0.2000000000000001,0.0,-0.2000000000000001,-0.2000000000000001,0.0,0.0,15,15,6,6,11,11,11,11,0,0,24,24,0.3684210526315789,0.3684210526315789,0.0230263157894736,0.0230263157894736,6,6,0.0526315789473684,0.0526315789473684,0.0307017543859649,0.0307017543859649,1.0263157894736843,1,1.4,5,1.5789473684210529,1,1.6,5,1.8,1.6,0.2,1.6,1.4,0.2,0.19999999999999996,-0.20000000000000018,0.0
2024-12-07,2024/25,Crystal Palace,Manchester City,2,2,D,6.0,3.0,5.0,4.0,14,14,12,26,-14,0,17,4,2,11,6,5,0.8571428571428571,1.2,0.3428571428571428,1.8571428571428568,0.6,-1.2571428571428571,1.6,-1.0,0.6,1.6,1.6,1.0,23,9,14,0,3,17,3,17,0,0,24,24,0.3684210526315789,0.3684210526315789,0.0153508771929824,0.0368421052631578,14,0,0.0245614035087719,0.3684210526315789,0.0921052631578947,0.0204678362573099,1.2894736842105263,1,1.2,5,2.3947368421052637,1,0.6,5,1.2,1.4,-0.2,1.0,2.0,-1.0,0.19999999999999996,0.6000000000000001,0.8
2024-12-07,2024/25,Manchester United,Nottingham Forest,2,3,A,8.0,6.0,10.0,5.0,14,14,19,22,-3,0,13,7,9,3,4,4,1.3571428571428572,1.6,0.2428571428571428,1.5714285714285714,1.2,-0.3714285714285714,0.6142857142857143,-0.2142857142857142,0.4000000000000001,0.6142857142857143,0.6142857142857143,1.0,16,13,7,4,10,13,10,13,0,0,24,24,0.3684210526315789,0.3684210526315789,0.0216718266253869,0.0263157894736842,7,4,0.0460526315789473,0.0736842105263157,0.0334928229665071,0.0263157894736842,1.5789473684210529,1,1.6,5,0.9473684210526316,1,1.2,5,1.8,0.8,1.0,1.0,1.8,-0.8,0.8,1.0,1.8
2024-12-08,2024/25,Fulham,Arsenal,1,1,D,10.0,10.0,9.0,5.0,14,14,22,28,-6,0,9,3,4,7,4,4,1.5714285714285714,2.0,0.4285714285714286,2.0,2.0,0.0,0.4285714285714286,-0.4285714285714286,0.0,0.4285714285714286,0.0,0.0,13,7,5,-1,13,19,13,19,0,0,24,24,0.3684210526315789,0.3684210526315789,0.0263157894736842,0.0460526315789473,5,1,0.0614035087719298,0.1842105263157894,0.0263157894736842,0.0184210526315789,1.236842105263158,1,2.0,5,2.3421052631578947,1,2.0,5,1.8,1.4,0.4,2.2,0.8,1.4,-0.40000000000000013,-0.5999999999999999,-0.9999999999999999
2024-12-08,2024/25,Ipswich Town,Bournemouth,1,2,A,5.0,9.0,3.0,4.0,14,14,9,21,-12,0,18,10,0,0,0,0,0.6428571428571429,1.0,0.3571428571428571,1.5,1.8,0.3,0.057142857142857,-0.8571428571428571,-0.8,0.057142857142857,0.0,0.0,26,14,18,6,0,12,4,12,1,0,24,24,0.3684210526315789,0.3684210526315789,0.0136452241715399,0.0245614035087719,18,6,0.0193905817174515,0.0526315789473684,0.0736842105263157,0.0283400809716599,,0,1.0,5,1.263157894736842,1,1.8,5,0.8,1.0,-0.2,2.0,1.6,0.4,-1.2,0.6000000000000001,-0.6000000000000001
2024-12-08,2024/25,Leicester City,Brighton,2,2,D,4.0,7.0,7.0,6.0,14,14,13,23,-10,0,17,8,2,8,4,4,0.9285714285714286,0.8,-0.1285714285714285,1.6428571428571428,1.4,-0.2428571428571428,0.1142857142857143,-0.7142857142857142,-0.5999999999999999,0.1142857142857143,0.0,0.0,22,12,14,4,4,14,4,14,0,0,24,24,0.3684210526315789,0.3684210526315789,0.0160183066361556,0.0283400809716599,14,4,0.0245614035087719,0.0736842105263157,0.0736842105263157,0.0245614035087719,,0,0.8,5,1.263157894736842,1,1.4,5,1.2,2.2,-1.0,1.4,1.6,-0.2,-0.19999999999999996,-0.6000000000000001,-0.8
2024-12-08,2024/25,Tottenham Hotspur,Chelsea,3,4,A,7.0,11.0,10.0,10.0,14,14,20,28,-8,0,11,2,4,10,6,5,1.4285714285714286,1.4,-0.0285714285714286,2.0,2.2,0.2000000000000001,-0.2285714285714288,-0.5714285714285714,-0.8000000000000003,-0.2285714285714288,0.0,0.0,15,7,7,-1,11,19,11,19,0,0,24,24,0.3684210526315789,0.3684210526315789,0.0230263157894736,0.0460526315789473,7,1,0.0460526315789473,0.1842105263157894,0.0307017543859649,0.0184210526315789,1.736842105263158,1,1.4,5,1.6578947368421053,1,2.2,5,2.0,1.0,1.0,2.4,0.8,1.6,-0.3999999999999999,-0.19999999999999996,-0.6000000000000001
2024-12-09,2024/25,West Ham United,Wolverhampton Wanderers,2,1,H,4.0,7.0,7.0,4.0,14,14,15,9,6,0,14,19,12,3,6,5,1.0714285714285714,0.8,-0.2714285714285713,0.6428571428571429,1.4,0.757142857142857,-1.0285714285714285,0.4285714285714285,-0.5999999999999999,-1.0285714285714285,1.0285714285714285,-1.0,20,26,12,18,6,0,6,4,0,1,24,24,0.3684210526315789,0.3684210526315789,0.0175438596491228,0.0136452241715399,12,18,0.0283400809716599,0.0193905817174515,0.0526315789473684,0.0736842105263157,1.368421052631579,1,0.8,5,1.2105263157894737,1,1.4,5,1.0,2.2,-1.2,2.0,2.2,-0.2,-1.0,0.0,-1.0
2024-12-14,2024/25,Arsenal,Everton,0,0,D,11.0,5.0,13.0,5.0,15,14,29,14,15,1,3,15,12,3,6,5,1.933333333333333,2.2,0.2666666666666668,1.0,1.0,0.0,0.2666666666666668,0.9333333333333332,1.2000000000000002,0.2666666666666668,0.0,0.0,6,21,-2,13,20,5,20,5,0,0,23,24,0.3947368421052631,0.3684210526315789,0.056390977443609,0.0167464114832535,2,13,0.131578947368421,0.0263157894736842,0.018796992481203,0.0614035087719298,2.3421052631578947,1,2.2,5,1.263157894736842,1,1.0,5,2.4,0.8,1.6,0.8,1.0,-0.2,1.5999999999999999,0.19999999999999996,1.8
2024-12-14,2024/25,Liverpool,Fulham,2,2,D,13.0,8.0,15.0,8.0,14,15,35,23,12,-1,1,10,10,1,4,4,2.5,2.6,0.1,1.5333333333333334,1.6,0.0666666666666666,0.0333333333333334,0.9666666666666666,1.0,0.0333333333333334,0.0,0.0,0,12,-8,4,26,14,26,14,0,0,24,23,0.3684210526315789,0.3947368421052631,0.3684210526315789,0.0303643724696356,8,4,0.0409356725146198,0.0789473684210526,0.0136452241715399,0.0263157894736842,2.1578947368421053,1,2.6,5,1.236842105263158,1,1.6,5,2.4,1.2,1.2,1.6,1.4,0.2,0.7999999999999998,0.19999999999999996,1.0
2024-12-14,2024/25,Newcastle United,Leicester City,4,0,H,5.0,4.0,5.0,4.0,15,15,20,14,6,0,12,16,7,4,4,4,1.3333333333333333,1.0,-0.3333333333333332,0.9333333333333332,0.8,-0.1333333333333333,-0.1999999999999999,0.3999999999999999,0.1999999999999999,-0.1999999999999999,0.0,0.0,15,21,7,13,11,5,11,5,0,0,23,23,0.3947368421052631,0.3947368421052631,0.0246710526315789,0.0179425837320574,7,13,0.0493421052631578,0.0281954887218045,0.0328947368421052,0.0657894736842105,1.5789473684210529,1,1.0,5,,0,0.8,5,1.8,2.2,-0.4,1.4,2.4,-1.0,0.40000000000000013,0.19999999999999973,0.6
2024-12-14,2024/25,Wolverhampton Wanderers,Ipswich Town,1,2,A,6.0,4.0,4.0,4.0,15,15,9,9,0,0,19,18,0,0,0,0,0.6,1.2,0.6,0.6,0.8,0.2,0.3999999999999999,0.0,0.3999999999999999,0.3999999999999999,0.0,0.0,26,26,18,18,0,0,4,4,1,1,23,23,0.3947368421052631,0.3947368421052631,0.0146198830409356,0.0146198830409356,18,18,0.020775623268698,0.020775623268698,0.0789473684210526,0.0789473684210526,1.2105263157894737,1,1.2,5,,0,0.8,5,1.8,2.2,-0.4,0.8,1.2,-0.4,1.0,-1.0000000000000002,0.0
2024-12-14,2024/25,Nottingham Forest,Aston Villa,2,1,H,6.0,7.0,9.0,4.0,15,15,25,25,0,0,5,6,4,7,4,4,1.6666666666666667,1.2,-0.4666666666666668,1.6666666666666667,1.4,-0.2666666666666668,-0.1999999999999999,0.0,-0.1999999999999999,-0.1999999999999999,0.0,0.0,10,10,2,2,16,16,16,16,0,0,23,23,0.3947368421052631,0.3947368421052631,0.0358851674641148,0.0358851674641148,2,2,0.131578947368421,0.131578947368421,0.023219814241486,0.023219814241486,0.9473684210526316,1,1.2,5,1.7894736842105263,1,1.4,5,1.0,2.2,-1.2,1.2,1.6,-0.4,-0.19999999999999996,-0.6000000000000001,-0.7999999999999999
2024-12-15,2024/25,Brighton,Crystal Palace,1,3,A,8.0,6.0,9.0,5.0,15,15,24,13,11,0,7,17,9,3,6,5,1.6,1.6,0.0,0.8666666666666667,1.2,0.3333333333333332,-0.3333333333333332,0.7333333333333334,0.4000000000000001,-0.3333333333333332,0.0,0.0,12,23,4,15,12,1,12,1,0,0,23,23,0.3947368421052631,0.3947368421052631,0.0303643724696356,0.0164473684210526,4,15,0.0789473684210526,0.0246710526315789,0.0303643724696356,0.1973684210526315,1.263157894736842,1,1.6,5,1.2894736842105263,1,1.2,5,1.6,1.6,0.0,1.2,1.4,-0.2,0.40000000000000013,-0.20000000000000018,0.2
2024-12-15,2024/25,Manchester City,Manchester United,1,2,A,4.0,7.0,10.0,3.0,15,15,27,19,8,0,5,13,12,3,6,5,1.8,0.8,-1.0,1.2666666666666666,1.4,0.1333333333333333,-1.1333333333333333,0.5333333333333334,-0.5999999999999999,-1.1333333333333333,1.1333333333333333,-1.0,9,17,1,9,15,7,15,7,0,0,23,23,0.3947368421052631,0.3947368421052631,0.0394736842105263,0.0219298245614035,1,9,0.1973684210526315,0.0394736842105263,0.0246710526315789,0.0493421052631578,2.3947368421052637,1,0.8,5,1.5789473684210529,1,1.4,5,1.2,2.0,-0.8,2.0,1.2,0.8,-0.8,-0.8,-1.6
2024-12-15,2024/25,Chelsea,Brentford,2,1,H,13.0,10.0,11.0,1.0,15,15,31,23,8,0,2,10,2,11,6,5,2.066666666666667,2.6,0.5333333333333332,1.5333333333333334,2.0,0.4666666666666665,0.0666666666666666,0.5333333333333334,0.6000000000000001,0.0666666666666666,0.0,0.0,5,13,-3,5,19,11,19,11,0,0,23,23,0.3947368421052631,0.3947368421052631,0.0657894736842105,0.0281954887218045,3,5,0.0986842105263157,0.0657894736842105,0.0197368421052631,0.0328947368421052,1.6578947368421053,1,2.6,5,1.0263157894736843,1,2.0,5,3.0,1.2,1.8,2.4,1.6,0.8,0.6000000000000001,0.40000000000000013,1.0
2024-12-15,2024/25,Southampton,Tottenham Hotspur,0,5,A,1.0,4.0,4.0,6.0,15,15,5,20,-15,0,20,12,5,5,4,4,0.3333333333333333,0.2,-0.1333333333333333,1.3333333333333333,0.8,-0.5333333333333332,0.3999999999999999,-1.0,-0.6000000000000001,0.3999999999999999,0.0,0.0,31,16,23,8,-7,8,8,8,1,0,23,23,0.3947368421052631,0.3947368421052631,0.0123355263157894,0.023219814241486,23,8,0.0164473684210526,0.043859649122807,0.043859649122807,0.043859649122807,,0,0.2,5,1.736842105263158,1,0.8,5,0.8,2.4,-1.6,1.8,1.6,0.2,-1.0,-0.7999999999999998,-1.8
2024-12-16,2024/25,Bournemouth,West Ham United,1,1,D,9.0,7.0,12.0,4.0,15,15,24,18,6,0,7,14,2,8,4,4,1.6,1.8,0.1999999999999999,1.2,1.4,0.1999999999999999,0.0,0.4000000000000001,0.4000000000000001,0.0,0.0,0.0,12,18,4,10,12,6,12,6,0,0,23,23,0.3947368421052631,0.3947368421052631,0.0303643724696356,0.020775623268698,4,10,0.0789473684210526,0.0358851674641148,0.0303643724696356,0.056390977443609,1.263157894736842,1,1.8,5,1.368421052631579,1,1.4,5,2.0,1.6,0.4,1.4,1.8,-0.4,0.6000000000000001,0.19999999999999996,0.8
2024-12-21,2024/25,West Ham United,Brighton,1,1,D,7.0,5.0,10.0,7.0,16,16,19,24,-5,0,14,9,4,10,6,5,1.1875,1.4,0.2124999999999999,1.5,1.0,-0.5,0.7124999999999999,-0.3125,0.3999999999999999,0.7124999999999999,0.7124999999999999,1.0,17,12,9,4,7,12,7,12,0,0,22,22,0.4210526315789473,0.4210526315789473,0.023391812865497,0.0323886639676113,9,4,0.0421052631578947,0.0842105263157894,0.0526315789473684,0.0323886639676113,1.368421052631579,1,1.4,5,1.263157894736842,1,1.0,5,1.6,2.0,-0.4,1.4,2.0,-0.6,0.20000000000000018,0.0,0.19999999999999996
2024-12-21,2024/25,Crystal Palace,Arsenal,1,5,A,9.0,11.0,5.0,5.0,16,16,16,30,-14,0,15,3,3,12,6,5,1.0,1.8,0.8,1.875,2.2,0.3250000000000002,0.4749999999999998,-0.875,-0.4000000000000001,0.4749999999999998,0.0,0.0,20,6,12,-2,4,18,4,18,0,0,22,22,0.4210526315789473,0.4210526315789473,0.0200501253132832,0.0601503759398496,12,2,0.0323886639676113,0.1403508771929824,0.0842105263157894,0.0221606648199446,1.2894736842105263,1,1.8,5,2.3421052631578947,1,2.2,5,1.8,1.2,0.6,2.2,0.6,1.6,-0.40000000000000013,-0.6,-1.0
2024-12-21,2024/25,Brentford,Nottingham Forest,0,2,A,7.0,9.0,15.0,7.0,16,16,23,28,-5,0,11,4,8,2,4,4,1.4375,1.4,-0.0375,1.75,1.8,0.05,-0.0875000000000001,-0.3125,-0.4000000000000001,-0.0875000000000001,0.0,0.0,13,8,5,0,11,16,11,16,0,0,22,22,0.4210526315789473,0.4210526315789473,0.0300751879699248,0.0467836257309941,5,0,0.0701754385964912,0.4210526315789473,0.0350877192982456,0.0247678018575851,1.0263157894736843,1,1.4,5,0.9473684210526316,1,1.8,5,2.0,1.6,0.4,1.2,1.8,-0.6,0.8,0.19999999999999996,1.0
2024-12-21,2024/25,Ipswich Town,Newcastle United,0,4,A,4.0,5.0,2.0,5.0,16,16,12,23,-11,0,18,12,0,0,0,0,0.75,0.8,0.05,1.4375,1.0,-0.4375,0.4875,-0.6875,-0.1999999999999999,0.4875,0.0,0.0,24,13,16,5,0,11,2,11,1,0,22,22,0.4210526315789473,0.4210526315789473,0.0168421052631578,0.0300751879699248,16,5,0.0247678018575851,0.0701754385964912,0.1403508771929824,0.0350877192982456,,0,0.8,5,1.5789473684210529,1,1.0,5,0.8,1.2,-0.4,2.0,2.0,0.0,-1.2,0.8,-0.4
2024-12-21,2024/25,Aston Villa,Manchester City,2,1,H,7.0,4.0,9.0,4.0,16,16,25,27,-2,0,7,5,4,10,6,5,1.5625,1.4,-0.1625000000000001,1.6875,0.8,-0.8875,0.7249999999999999,-0.125,0.5999999999999999,0.7249999999999999,0.7249999999999999,1.0,11,9,3,1,13,15,13,15,0,0,22,22,0.4210526315789473,0.4210526315789473,0.0350877192982456,0.0421052631578947,3,1,0.1052631578947368,0.2105263157894736,0.0300751879699248,0.0263157894736842,1.7894736842105263,1,1.4,5,2.3947368421052637,1,0.8,5,1.4,1.6,-0.2,1.2,2.0,-0.8,0.19999999999999996,0.3999999999999999,0.6000000000000001
2024-12-22,2024/25,Everton,Chelsea,0,0,D,6.0,15.0,9.0,10.0,15,16,15,34,-19,-1,16,2,7,7,6,5,1.0,1.2,0.1999999999999999,2.125,3.0,0.875,-0.675,-1.125,-1.8,-0.675,0.0,0.0,21,2,16,-3,3,22,3,22,0,0,23,22,0.3947368421052631,0.4210526315789473,0.0179425837320574,0.1403508771929824,16,3,0.023219814241486,0.1052631578947368,0.0986842105263157,0.0183066361556064,1.263157894736842,1,1.2,5,1.6578947368421053,1,3.0,5,0.8,0.8,0.0,3.2,1.2,2.0,-2.4000000000000004,0.3999999999999999,-2.0
2024-12-22,2024/25,Fulham,Southampton,0,0,D,6.0,1.0,7.0,1.0,16,16,24,5,19,0,10,20,6,0,2,2,1.5,1.2,-0.3,0.3125,0.2,-0.1124999999999999,-0.1875,1.1875,1.0,-0.1875,0.0,0.0,12,31,7,26,12,-7,12,9,0,1,22,22,0.4210526315789473,0.4210526315789473,0.0323886639676113,0.0131578947368421,7,26,0.0526315789473684,0.0155945419103313,0.0323886639676113,0.0421052631578947,1.236842105263158,1,1.2,5,,0,0.2,5,1.6,1.8,-0.2,0.8,3.0,-2.2,0.8,1.2,2.0
2024-12-22,2024/25,Leicester City,Wolverhampton Wanderers,0,3,A,4.0,3.0,7.0,4.0,16,16,14,9,5,0,17,19,9,3,4,4,0.875,0.8,-0.0749999999999999,0.5625,0.6,0.0374999999999999,-0.1124999999999999,0.3125,0.2,-0.1124999999999999,0.0,0.0,22,27,17,22,2,-3,2,5,0,1,22,22,0.4210526315789473,0.4210526315789473,0.0183066361556064,0.0150375939849624,17,22,0.023391812865497,0.0183066361556064,0.1403508771929824,0.0701754385964912,,0,0.8,5,1.2105263157894737,1,0.6,5,1.4,2.6,-1.2,1.6,2.6,-1.0,-0.20000000000000018,0.0,-0.19999999999999996
2024-12-22,2024/25,Manchester United,Bournemouth,0,3,A,7.0,10.0,10.0,7.0,16,16,22,25,-3,0,13,8,7,4,4,4,1.375,1.4,0.0249999999999999,1.5625,2.0,0.4375,-0.4125000000000001,-0.1875,-0.6000000000000001,-0.4125000000000001,0.0,0.0,14,11,9,6,10,13,10,13,0,0,22,22,0.4210526315789473,0.4210526315789473,0.0280701754385964,0.0350877192982456,9,6,0.0421052631578947,0.0601503759398496,0.0382775119617224,0.0300751879699248,1.5789473684210529,1,1.4,5,1.263157894736842,1,2.0,5,1.8,1.4,0.4,1.8,1.2,0.6,0.0,-0.19999999999999996,-0.19999999999999996
2024-12-22,2024/25,Tottenham Hotspur,Liverpool,3,6,A,7.0,11.0,7.0,11.0,16,15,23,36,-13,1,11,1,4,10,6,5,1.4375,1.4,-0.0375,2.4,2.2,-0.1999999999999997,0.1624999999999996,-0.9625,-0.8000000000000003,0.1624999999999996,0.0,0.0,13,0,8,-5,11,24,11,24,0,0,22,23,0.4210526315789473,0.3947368421052631,0.0300751879699248,0.3947368421052631,8,5,0.0467836257309941,0.0657894736842105,0.0350877192982456,0.0157894736842105,1.736842105263158,1,1.4,5,2.1578947368421053,1,2.2,5,2.6,1.2,1.4,2.4,1.4,1.0,0.20000000000000018,0.19999999999999996,0.3999999999999999
2024-12-26,2024/25,Manchester City,Everton,1,1,D,4.0,6.0,9.0,5.0,17,16,27,16,11,1,7,15,13,1,6,5,1.588235294117647,0.8,-0.7882352941176469,1.0,1.2,0.1999999999999999,-0.9882352941176468,0.588235294117647,-0.3999999999999999,-0.9882352941176468,0.9882352941176468,-1.0,12,23,4,15,15,4,15,4,0,0,21,22,0.4473684210526316,0.4210526315789473,0.034412955465587,0.0175438596491228,4,15,0.0894736842105263,0.0263157894736842,0.0279605263157894,0.0842105263157894,2.3947368421052637,1,0.8,5,1.263157894736842,1,1.2,5,1.4,1.6,-0.2,0.8,0.8,0.0,0.5999999999999999,-0.8,-0.2
2024-12-26,2024/25,Bournemouth,Crystal Palace,0,0,D,13.0,8.0,10.0,8.0,17,17,28,16,12,0,5,16,6,6,4,4,1.6470588235294117,2.6,0.9529411764705884,0.9411764705882352,1.6,0.6588235294117648,0.2941176470588236,0.7058823529411764,1.0,0.2941176470588236,0.0,0.0,11,23,3,15,16,4,16,4,0,0,21,21,0.4473684210526316,0.4473684210526316,0.0372807017543859,0.0186403508771929,3,15,0.1118421052631579,0.0279605263157894,0.0263157894736842,0.0894736842105263,1.263157894736842,1,2.6,5,1.2894736842105263,1,1.6,5,2.2,0.8,1.4,1.6,1.8,-0.2,0.6000000000000001,1.0,1.5999999999999999
2024-12-26,2024/25,Chelsea,Fulham,1,2,A,13.0,7.0,11.0,6.0,17,17,35,25,10,0,2,9,7,4,4,4,2.0588235294117645,2.6,0.5411764705882356,1.4705882352941178,1.4,-0.0705882352941178,0.6117647058823534,0.5882352941176467,1.2000000000000002,0.6117647058823534,0.0,0.0,4,14,-4,6,23,13,23,13,0,0,21,21,0.4473684210526316,0.4473684210526316,0.0894736842105263,0.0298245614035087,4,6,0.0894736842105263,0.0639097744360902,0.0186403508771929,0.0319548872180451,1.6578947368421053,1,2.6,5,1.236842105263158,1,1.4,5,2.8,1.0,1.8,1.4,1.0,0.4,1.4,0.0,1.4
2024-12-26,2024/25,Newcastle United,Aston Villa,3,0,H,8.0,9.0,7.0,3.0,17,17,26,28,-2,0,8,6,12,3,6,5,1.5294117647058822,1.6,0.0705882352941178,1.6470588235294117,1.8,0.1529411764705883,-0.0823529411764705,-0.1176470588235294,-0.1999999999999999,-0.0823529411764705,0.0,0.0,13,11,5,3,14,16,14,16,0,0,21,21,0.4473684210526316,0.4473684210526316,0.0319548872180451,0.0372807017543859,5,3,0.0745614035087719,0.1118421052631579,0.0298245614035087,0.0263157894736842,1.5789473684210529,1,1.6,5,1.7894736842105263,1,1.8,5,2.8,1.6,1.2,1.4,1.4,0.0,1.4,-0.20000000000000018,1.2
2024-12-26,2024/25,Nottingham Forest,Tottenham Hotspur,1,0,H,12.0,4.0,12.0,6.0,17,17,31,23,8,0,4,11,0,12,4,4,1.8235294117647056,2.4,0.5764705882352941,1.3529411764705883,0.8,-0.5529411764705883,1.1294117647058823,0.4705882352941175,1.6,1.1294117647058823,0.0,0.0,8,16,0,8,19,11,19,11,0,0,21,21,0.4473684210526316,0.4473684210526316,0.0497076023391812,0.0263157894736842,0,8,0.4473684210526316,0.0497076023391812,0.0223684210526315,0.0372807017543859,0.9473684210526316,1,2.4,5,1.736842105263158,1,0.8,5,1.6,1.2,0.4,2.4,2.4,0.0,-0.7999999999999998,1.2,0.4
2024-12-26,2024/25,Southampton,West Ham United,0,1,A,2.0,5.0,3.0,4.0,17,17,6,20,-14,0,20,14,5,5,4,4,0.3529411764705882,0.4,0.0470588235294117,1.1764705882352942,1.0,-0.1764705882352941,0.2235294117647059,-0.8235294117647058,-0.6,0.2235294117647058,0.0,0.0,33,19,25,11,-6,8,8,8,1,0,21,21,0.4473684210526316,0.4473684210526316,0.0131578947368421,0.0223684210526315,25,11,0.0172064777327935,0.0372807017543859,0.0497076023391812,0.0497076023391812,,0,0.4,5,1.368421052631579,1,1.0,5,0.4,2.4,-2.0,1.4,2.2,-0.8,-0.9999999999999999,-0.19999999999999973,-1.2
2024-12-26,2024/25,Wolverhampton Wanderers,Manchester United,2,0,H,3.0,6.0,4.0,5.0,17,17,12,22,-10,0,18,13,3,12,6,5,0.7058823529411765,0.6,-0.1058823529411765,1.2941176470588236,1.2,-0.0941176470588236,-0.0117647058823529,-0.5882352941176471,-0.6,-0.0117647058823529,0.0,0.0,27,17,19,9,0,10,2,10,1,0,21,21,0.4473684210526316,0.4473684210526316,0.0159774436090225,0.0248538011695906,19,9,0.0223684210526315,0.0447368421052631,0.1491228070175438,0.0406698564593301,1.2105263157894737,1,0.6,5,1.5789473684210529,1,1.2,5,1.4,2.4,-1.0,1.6,1.8,-0.2,-0.20000000000000018,-0.5999999999999999,-0.8
2024-12-26,2024/25,Liverpool,Leicester City,3,1,H,11.0,4.0,13.0,4.0,16,17,39,14,25,-1,1,17,9,3,4,4,2.4375,2.2,-0.2374999999999998,0.8235294117647058,0.8,-0.0235294117647058,-0.213970588235294,1.6139705882352942,1.4,-0.213970588235294,0.0,0.0,0,25,-8,17,27,2,27,2,0,0,22,21,0.4210526315789473,0.4473684210526316,0.4210526315789473,0.0172064777327935,8,17,0.0467836257309941,0.0248538011695906,0.0150375939849624,0.1491228070175438,2.1578947368421053,1,2.2,5,,0,0.8,5,3.2,2.0,1.2,1.2,2.8,-1.6,2.0,0.7999999999999998,2.8
2024-12-27,2024/25,Brighton,Brentford,0,0,D,3.0,6.0,8.0,1.0,17,17,25,23,2,0,10,12,8,5,6,5,1.4705882352941178,0.6,-0.8705882352941178,1.3529411764705883,1.2,-0.1529411764705883,-0.7176470588235294,0.1176470588235294,-0.6,-0.7176470588235294,0.7176470588235294,-1.0,17,19,8,10,11,9,11,9,0,0,21,21,0.4473684210526316,0.4473684210526316,0.0248538011695906,0.0223684210526315,8,10,0.0497076023391812,0.0406698564593301,0.0372807017543859,0.0447368421052631,1.263157894736842,1,0.6,5,1.0263157894736843,1,1.2,5,1.2,2.0,-0.8,2.0,2.0,0.0,-0.8,0.0,-0.8
2024-12-27,2024/25,Arsenal,Ipswich Town,1,0,H,11.0,3.0,11.0,6.0,17,17,33,12,21,0,4,19,0,0,0,0,1.9411764705882355,2.2,0.2588235294117649,0.7058823529411765,0.6,-0.1058823529411765,0.3647058823529414,1.2352941176470589,1.6,0.3647058823529412,0.0,0.0,9,30,0,21,19,-2,19,3,0,1,21,21,0.4473684210526316,0.4473684210526316,0.0447368421052631,0.0144312393887945,0,21,0.4473684210526316,0.020334928229665,0.0223684210526315,0.1118421052631579,2.3421052631578947,1,2.2,5,,0,0.6,5,2.6,0.8,1.8,0.6,1.8,-1.2,2.0,1.0,3.0
2024-12-29,2024/25,Leicester City,Manchester City,0,2,A,4.0,5.0,4.0,1.0,18,18,14,28,-14,0,18,7,0,12,4,4,0.7777777777777778,0.8,0.0222222222222222,1.5555555555555556,1.0,-0.5555555555555556,0.5777777777777778,-0.7777777777777778,-0.1999999999999999,0.5777777777777778,0.0,0.0,28,14,20,6,0,14,1,14,1,0,20,20,0.4736842105263157,0.4736842105263157,0.0163339382940108,0.031578947368421,20,6,0.0225563909774436,0.0676691729323308,0.2368421052631578,0.031578947368421,,0,0.8,5,2.3947368421052637,1,1.0,5,1.2,2.6,-1.4,1.6,1.4,0.2,-0.40000000000000013,-1.2000000000000002,-1.5999999999999999
2024-12-29,2024/25,Crystal Palace,Southampton,2,1,H,8.0,1.0,5.0,2.0,18,18,17,6,11,0,16,20,10,1,4,4,0.9444444444444444,1.6,0.6555555555555557,0.3333333333333333,0.2,-0.1333333333333333,0.788888888888889,0.6111111111111112,1.4,0.788888888888889,0.0,0.0,25,36,17,28,3,-8,3,9,0,1,20,20,0.4736842105263157,0.4736842105263157,0.0182186234817813,0.0128022759601706,17,28,0.0263157894736842,0.0163339382940108,0.1184210526315789,0.0473684210526315,1.2894736842105263,1,1.6,5,,0,0.2,5,1.4,1.6,-0.2,0.2,2.4,-2.2,1.2,0.7999999999999998,2.0
2024-12-29,2024/25,Everton,Nottingham Forest,0,2,A,6.0,12.0,7.0,9.0,17,18,17,34,-17,-1,15,4,8,2,4,4,1.0,1.2,0.1999999999999999,1.8888888888888888,2.4,0.5111111111111111,-0.3111111111111111,-0.8888888888888888,-1.2,-0.3111111111111111,0.0,0.0,25,8,17,0,3,20,3,20,0,0,21,20,0.4473684210526316,0.4736842105263157,0.0172064777327935,0.0526315789473684,17,0,0.0248538011695906,0.4736842105263157,0.1118421052631579,0.0225563909774436,1.263157894736842,1,1.2,5,0.9473684210526316,1,2.4,5,1.0,1.0,0.0,1.6,1.2,0.4,-0.6000000000000001,0.19999999999999996,-0.4
2024-12-29,2024/25,Fulham,Bournemouth,2,2,D,9.0,11.0,8.0,10.0,18,18,28,29,-1,0,8,6,4,7,4,4,1.5555555555555556,1.8,0.2444444444444444,1.6111111111111112,2.2,0.588888888888889,-0.3444444444444445,-0.0555555555555555,-0.4000000000000001,-0.3444444444444445,0.0,0.0,14,13,6,5,14,15,14,15,0,0,20,20,0.4736842105263157,0.4736842105263157,0.031578947368421,0.0338345864661654,6,5,0.0676691729323308,0.0789473684210526,0.031578947368421,0.0296052631578947,1.236842105263158,1,1.8,5,1.263157894736842,1,2.2,5,1.6,1.0,0.6,1.4,0.4,1.0,0.20000000000000018,-0.6,-0.4
2024-12-29,2024/25,Tottenham Hotspur,Wolverhampton Wanderers,2,2,D,3.0,6.0,4.0,7.0,18,18,23,15,8,0,12,17,3,12,6,5,1.2777777777777777,0.6,-0.6777777777777777,0.8333333333333334,1.2,0.3666666666666666,-1.0444444444444445,0.4444444444444443,-0.6,-1.0444444444444445,1.0444444444444445,-1.0,19,27,11,19,9,1,9,1,0,0,20,20,0.4736842105263157,0.4736842105263157,0.0236842105263157,0.0169172932330827,11,19,0.0394736842105263,0.0236842105263157,0.0473684210526315,0.2368421052631578,1.736842105263158,1,0.6,5,1.2105263157894737,1,1.2,5,2.2,2.4,-0.2,1.4,1.6,-0.2,0.8000000000000003,-0.7999999999999998,0.0
2024-12-29,2024/25,West Ham United,Liverpool,0,5,A,8.0,11.0,8.0,11.0,18,17,23,42,-19,1,13,1,1,13,6,5,1.2777777777777777,1.6,0.3222222222222224,2.4705882352941178,2.2,-0.2705882352941176,0.59281045751634,-1.19281045751634,-0.6000000000000001,0.59281045751634,0.0,0.0,19,0,11,-8,9,28,9,28,0,0,20,21,0.4736842105263157,0.4473684210526316,0.0236842105263157,0.4473684210526316,11,8,0.0394736842105263,0.0497076023391812,0.0473684210526315,0.0154264972776769,1.368421052631579,1,1.6,5,2.1578947368421053,1,2.2,5,1.2,1.2,0.0,3.2,1.8,1.4,-2.0,0.6000000000000001,-1.4
2024-12-30,2024/25,Aston Villa,Brighton,2,2,D,9.0,3.0,11.0,5.0,18,18,28,26,2,0,9,10,12,3,6,5,1.5555555555555556,1.8,0.2444444444444444,1.4444444444444444,0.6,-0.8444444444444444,1.088888888888889,0.1111111111111111,1.2000000000000002,1.088888888888889,0.0,0.0,17,19,7,9,14,12,14,12,0,0,20,20,0.4736842105263157,0.4736842105263157,0.0263157894736842,0.0236842105263157,7,9,0.0592105263157894,0.0473684210526315,0.031578947368421,0.0364372469635627,1.7894736842105263,1,1.8,5,1.263157894736842,1,0.6,5,1.4,1.4,0.0,1.0,1.8,-0.8,0.3999999999999999,0.40000000000000013,0.8
2024-12-30,2024/25,Ipswich Town,Chelsea,2,0,H,3.0,10.0,2.0,11.0,18,18,12,35,-23,0,19,4,0,0,0,0,0.6666666666666666,0.6,-0.0666666666666666,1.9444444444444444,2.0,0.0555555555555555,-0.1222222222222222,-1.2777777777777777,-1.4,-0.1222222222222222,0.0,0.0,33,10,23,0,-2,21,4,21,1,0,20,20,0.4736842105263157,0.4736842105263157,0.0139318885448916,0.0430622009569377,23,0,0.0197368421052631,0.4736842105263157,0.0947368421052631,0.0215311004784688,,0,0.6,5,1.6578947368421053,1,2.0,5,0.6,1.8,-1.2,2.4,1.4,1.0,-1.7999999999999998,-0.40000000000000013,-2.2
2024-12-30,2024/25,Manchester United,Newcastle United,0,2,A,3.0,10.0,7.0,7.0,18,18,22,29,-7,0,14,7,5,8,6,5,1.2222222222222223,0.6,-0.6222222222222223,1.6111111111111112,2.0,0.3888888888888888,-1.011111111111111,-0.3888888888888888,-1.4,-1.011111111111111,0.0,0.0,23,16,13,6,8,15,8,15,0,0,20,20,0.4736842105263157,0.4736842105263157,0.0197368421052631,0.0278637770897832,13,6,0.0338345864661654,0.0676691729323308,0.0526315789473684,0.0296052631578947,1.5789473684210529,1,0.6,5,1.5789473684210529,1,2.0,5,0.8,2.2,-1.4,3.2,1.4,1.8,-2.4000000000000004,-0.8000000000000003,-3.2
2025-01-01,2024/25,Brentford,Arsenal,1,3,A,4.0,11.0,12.0,8.0,18,18,24,36,-12,0,12,3,1,13,6,5,1.3333333333333333,0.8,-0.5333333333333332,2.0,2.2,0.2000000000000001,-0.7333333333333334,-0.6666666666666667,-1.4,-0.7333333333333334,0.0,0.0,21,9,11,-1,9,21,9,21,0,0,20,20,0.4736842105263157,0.4736842105263157,0.0215311004784688,0.0473684210526315,11,1,0.0394736842105263,0.2368421052631578,0.0473684210526315,0.0215311004784688,1.0263157894736843,1,0.8,5,2.3421052631578947,1,2.2,5,1.2,1.8,-0.6,1.8,0.4,1.4,-0.6000000000000001,-1.4,-2.0
2025-01-04,2024/25,Tottenham Hotspur,Newcastle United,1,2,A,4.0,12.0,2.0,10.0,19,19,24,32,-8,0,11,5,3,12,7,5,1.263157894736842,0.8,-0.463157894736842,1.6842105263157894,2.4,0.7157894736842105,-1.1789473684210523,-0.4210526315789473,-1.6,-1.1789473684210523,0.0,0.0,21,13,11,3,9,17,9,17,0,0,19,19,0.5,0.5,0.0227272727272727,0.0357142857142857,11,3,0.0416666666666666,0.125,0.05,0.0277777777777777,1.736842105263158,1,0.8,5,1.5789473684210529,1,2.4,5,2.6,2.6,0.0,3.0,0.8,2.2,-0.3999999999999999,-1.8,-2.2
2025-01-04,2024/25,Aston Villa,Leicester City,2,1,H,7.0,1.0,11.0,1.0,19,19,29,14,15,0,9,19,10,4,5,5,1.5263157894736843,1.4,-0.1263157894736843,0.7368421052631579,0.2,-0.5368421052631578,0.4105263157894734,0.7894736842105264,1.2,0.4105263157894735,0.0,0.0,16,31,6,21,14,-1,14,2,0,1,19,19,0.5,0.5,0.0294117647058823,0.015625,6,21,0.0714285714285714,0.0227272727272727,0.0333333333333333,0.1666666666666666,1.7894736842105263,1,1.4,5,,0,0.2,5,1.2,1.6,-0.4,0.6,2.8,-2.2,0.6,1.1999999999999997,1.8000000000000003
2025-01-04,2024/25,Bournemouth,Everton,1,0,H,9.0,6.0,8.0,3.0,19,18,30,17,13,1,7,16,9,6,5,5,1.5789473684210529,1.8,0.2210526315789474,0.9444444444444444,1.2,0.2555555555555555,-0.0345029239766081,0.6345029239766082,0.6000000000000001,-0.0345029239766081,0.0,0.0,15,28,5,18,15,2,15,2,0,0,19,20,0.5,0.4736842105263157,0.03125,0.0163339382940108,5,18,0.0833333333333333,0.0249307479224376,0.03125,0.1578947368421052,1.263157894736842,1,1.8,5,1.263157894736842,1,1.2,5,1.6,0.8,0.8,1.0,0.6,0.4,0.6000000000000001,-0.20000000000000007,0.4
2025-01-04,2024/25,Crystal Palace,Chelsea,1,1,D,8.0,7.0,5.0,10.0,19,19,20,35,-15,0,15,4,1,13,7,5,1.0526315789473684,1.6,0.5473684210526317,1.8421052631578947,1.4,-0.4421052631578948,0.9894736842105264,-0.7894736842105263,0.2000000000000001,0.9894736842105264,0.9894736842105264,1.0,25,10,15,0,5,20,5,20,0,0,19,19,0.5,0.5,0.0192307692307692,0.0454545454545454,15,0,0.03125,0.5,0.0833333333333333,0.0238095238095238,1.2894736842105263,1,1.6,5,1.6578947368421053,1,1.4,5,1.6,1.8,-0.2,1.4,1.6,-0.2,0.20000000000000018,-0.19999999999999996,0.0
2025-01-04,2024/25,Manchester City,West Ham United,4,1,H,5.0,8.0,7.0,7.0,19,19,31,23,8,0,6,13,15,0,7,5,1.631578947368421,1.0,-0.631578947368421,1.2105263157894737,1.6,0.3894736842105264,-1.0210526315789474,0.4210526315789473,-0.6000000000000001,-1.0210526315789474,1.0210526315789474,-1.0,14,22,4,12,16,8,16,8,0,0,19,19,0.5,0.5,0.0333333333333333,0.0217391304347826,4,12,0.1,0.0384615384615384,0.0294117647058823,0.0555555555555555,2.3947368421052637,1,1.0,5,1.368421052631579,1,1.6,5,1.4,1.4,0.0,1.0,1.6,-0.6,0.3999999999999999,0.20000000000000018,0.6
2025-01-04,2024/25,Southampton,Brentford,0,5,A,1.0,4.0,3.0,2.0,19,19,6,24,-18,0,20,12,3,12,5,5,0.3157894736842105,0.2,-0.1157894736842105,1.263157894736842,0.8,-0.463157894736842,0.3473684210526315,-0.9473684210526316,-0.6000000000000001,0.3473684210526314,0.0,0.0,39,21,29,11,-9,9,10,9,1,0,19,19,0.5,0.5,0.0125,0.0227272727272727,29,11,0.0166666666666666,0.0416666666666666,0.0454545454545454,0.05,,0,0.2,5,1.0263157894736843,1,0.8,5,0.2,1.8,-1.6,1.2,1.8,-0.6,-1.0,0.0,-1.0
2025-01-04,2024/25,Brighton,Arsenal,1,1,D,4.0,11.0,6.0,11.0,19,19,27,39,-12,0,10,2,4,10,7,5,1.4210526315789471,0.8,-0.6210526315789473,2.0526315789473686,2.2,0.1473684210526316,-0.7684210526315789,-0.6315789473684212,-1.4,-0.7684210526315789,0.0,0.0,18,6,8,-4,12,24,12,24,0,0,19,19,0.5,0.5,0.0263157894736842,0.0714285714285714,8,4,0.0555555555555555,0.1,0.0384615384615384,0.02,1.263157894736842,1,0.8,5,2.3421052631578947,1,2.2,5,1.2,1.6,-0.4,2.0,0.6,1.4,-0.8,-1.0,-1.7999999999999998
2025-01-05,2024/25,Fulham,Ipswich Town,2,2,D,7.0,6.0,6.0,6.0,19,19,29,15,14,0,9,18,1,1,1,1,1.5263157894736843,1.4,-0.1263157894736843,0.7894736842105263,1.2,0.4105263157894736,-0.536842105263158,0.736842105263158,0.1999999999999999,-0.536842105263158,0.0,0.0,16,30,7,21,14,0,14,1,0,1,19,19,0.5,0.5,0.0294117647058823,0.0161290322580645,7,21,0.0625,0.0227272727272727,0.0333333333333333,0.25,1.236842105263158,1,1.4,5,,0,1.2,5,1.4,1.2,0.2,1.0,1.6,-0.6,0.3999999999999999,0.40000000000000013,0.8
2025-01-05,2024/25,Liverpool,Manchester United,2,2,D,11.0,3.0,13.0,4.0,18,19,45,22,23,-1,1,14,8,5,7,5,2.5,2.2,-0.2999999999999998,1.1578947368421053,0.6,-0.5578947368421053,0.2578947368421055,1.3421052631578947,1.6,0.2578947368421054,0.0,0.0,0,23,-9,14,30,7,30,7,0,0,20,19,0.4736842105263157,0.5,0.4736842105263157,0.0208333333333333,9,14,0.0473684210526315,0.0333333333333333,0.0152801358234295,0.0625,2.1578947368421053,1,2.2,5,1.5789473684210529,1,0.6,5,3.8,1.8,2.0,0.8,2.2,-1.4,3.0,0.40000000000000013,3.4
2025-01-06,2024/25,Wolverhampton Wanderers,Nottingham Forest,0,3,A,7.0,15.0,7.0,9.0,19,19,16,37,-21,0,17,3,7,4,5,5,0.8421052631578947,1.4,0.5578947368421052,1.947368421052632,3.0,1.0526315789473684,-0.4947368421052631,-1.105263157894737,-1.6,-0.4947368421052631,0.0,0.0,30,9,20,-1,0,21,0,21,0,0,19,19,0.5,0.5,0.0161290322580645,0.05,20,1,0.0238095238095238,0.25,0.5,0.0227272727272727,1.2105263157894737,1,1.4,5,0.9473684210526316,1,3.0,5,1.8,1.2,0.6,2.0,0.6,1.4,-0.19999999999999996,-0.6,-0.7999999999999999
2025-01-14,2024/25,Brentford,Manchester City,2,2,D,4.0,7.0,9.0,4.0,20,20,27,34,-7,0,11,6,6,9,7,5,1.35,0.8,-0.55,1.7,1.4,-0.3,-0.25,-0.3499999999999998,-0.5999999999999999,-0.25,0.0,0.0,19,12,9,2,11,18,11,18,0,0,18,18,0.5263157894736842,0.5263157894736842,0.0263157894736842,0.0404858299595141,9,2,0.0526315789473684,0.175438596491228,0.043859649122807,0.0277008310249307,1.0263157894736843,1,0.8,5,2.3947368421052637,1,1.4,5,1.4,1.4,0.0,1.8,1.2,0.6,-0.40000000000000013,-0.19999999999999996,-0.6
2025-01-14,2024/25,Chelsea,Bournemouth,2,2,D,5.0,9.0,10.0,10.0,20,20,36,33,3,0,4,7,13,1,5,5,1.8,1.0,-0.8,1.65,1.8,0.1500000000000001,-0.9500000000000002,0.1500000000000001,-0.8,-0.9500000000000002,0.9500000000000002,-1.0,10,13,0,3,20,17,20,17,0,0,18,18,0.5263157894736842,0.5263157894736842,0.0478468899521531,0.037593984962406,0,3,0.5263157894736842,0.131578947368421,0.025062656641604,0.0292397660818713,1.6578947368421053,1,1.0,5,1.263157894736842,1,1.8,5,0.8,1.2,-0.4,1.4,0.6,0.8,-0.5999999999999999,-0.6,-1.2000000000000002
2025-01-14,2024/25,West Ham United,Fulham,3,2,H,5.0,7.0,5.0,9.0,20,20,23,30,-7,0,14,9,7,7,5,5,1.15,1.0,-0.1499999999999999,1.5,1.4,-0.1,-0.0499999999999998,-0.3500000000000001,-0.3999999999999999,-0.0499999999999998,0.0,0.0,23,16,13,6,7,14,7,14,0,0,18,18,0.5263157894736842,0.5263157894736842,0.0219298245614035,0.0309597523219814,13,6,0.037593984962406,0.075187969924812,0.0657894736842105,0.0350877192982456,1.368421052631579,1,1.0,5,1.236842105263158,1,1.4,5,0.8,2.2,-1.4,1.6,1.4,0.2,-0.8,-0.8000000000000003,-1.5999999999999999
2025-01-14,2024/25,Nottingham Forest,Liverpool,1,1,D,15.0,11.0,12.0,11.0,20,19,40,46,-6,1,3,1,6,9,5,5,2.0,3.0,1.0,2.421052631578948,2.2,-0.2210526315789471,1.2210526315789472,-0.4210526315789473,0.7999999999999998,1.2210526315789472,1.2210526315789472,1.0,6,0,-4,-10,24,30,24,30,0,0,18,19,0.5263157894736842,0.5,0.075187969924812,0.5,4,10,0.1052631578947368,0.0454545454545454,0.0210526315789473,0.0161290322580645,0.9473684210526316,1,3.0,5,2.1578947368421053,1,2.2,5,2.0,0.2,1.8,3.6,1.6,2.0,-1.6,1.4000000000000001,-0.19999999999999996
2025-01-15,2024/25,Everton,Aston Villa,0,1,A,3.0,7.0,6.0,0.0,19,20,17,32,-15,-1,16,8,1,13,7,5,0.8947368421052632,0.6,-0.2947368421052632,1.6,1.4,-0.2000000000000001,-0.094736842105263,-0.7052631578947369,-0.7999999999999999,-0.094736842105263,0.0,0.0,30,15,20,5,1,16,1,16,0,0,19,18,0.5,0.5263157894736842,0.0161290322580645,0.0328947368421052,20,5,0.0238095238095238,0.087719298245614,0.25,0.0309597523219814,1.263157894736842,1,0.6,5,1.7894736842105263,1,1.4,5,0.2,0.8,-0.6,1.4,1.8,-0.4,-1.2,1.0,-0.19999999999999996
2025-01-15,2024/25,Leicester City,Crystal Palace,0,2,A,0.0,8.0,4.0,9.0,20,20,14,21,-7,0,19,15,6,6,5,5,0.7,0.0,-0.7,1.05,1.6,0.55,-1.25,-0.3500000000000001,-1.6,-1.25,0.0,0.0,33,26,23,16,-2,5,2,5,1,0,18,18,0.5263157894736842,0.5263157894736842,0.0154798761609907,0.0194931773879142,23,16,0.0219298245614035,0.0309597523219814,0.175438596491228,0.087719298245614,,0,0.0,5,1.2894736842105263,1,1.6,5,0.4,2.8,-2.4,1.4,1.6,-0.2,-0.9999999999999999,-1.1999999999999997,-2.1999999999999997
2025-01-15,2024/25,Newcastle United,Wolverhampton Wanderers,3,0,H,15.0,7.0,10.0,7.0,20,20,35,16,19,0,5,17,11,2,7,5,1.75,3.0,1.25,0.8,1.4,0.5999999999999999,0.6500000000000001,0.95,1.6,0.6500000000000001,0.0,0.0,12,31,2,21,19,0,19,0,0,0,18,18,0.5263157894736842,0.5263157894736842,0.0404858299595141,0.0164473684210526,2,21,0.175438596491228,0.0239234449760765,0.0263157894736842,0.5263157894736842,1.5789473684210529,1,3.0,5,1.2105263157894737,1,1.4,5,3.0,0.2,2.8,1.6,1.4,0.2,1.4,1.2,2.5999999999999996
2025-01-15,2024/25,Arsenal,Tottenham Hotspur,2,1,H,11.0,4.0,11.0,6.0,20,20,40,24,16,0,3,13,13,1,7,5,2.0,2.2,0.2000000000000001,1.2,0.8,-0.3999999999999999,0.6000000000000001,0.8,1.4,0.6000000000000001,0.0,0.0,7,23,-3,13,24,8,24,8,0,0,18,18,0.5263157894736842,0.5263157894736842,0.0657894736842105,0.0219298245614035,3,13,0.131578947368421,0.037593984962406,0.0210526315789473,0.0584795321637426,2.3421052631578947,1,2.2,5,1.736842105263158,1,0.8,5,2.0,0.6,1.4,2.2,2.2,0.0,-0.20000000000000018,1.6,1.4
2025-01-16,2024/25,Ipswich Town,Brighton,0,2,A,7.0,4.0,4.0,6.0,20,20,16,28,-12,0,17,11,1,1,1,1,0.8,1.4,0.5999999999999999,1.4,0.8,-0.5999999999999999,1.1999999999999995,-0.5999999999999999,0.5999999999999999,1.1999999999999995,1.1999999999999995,1.0,31,19,22,10,0,12,0,12,0,0,18,18,0.5263157894736842,0.5263157894736842,0.0164473684210526,0.0263157894736842,22,10,0.022883295194508,0.0478468899521531,0.5263157894736842,0.0404858299595141,,0,1.4,5,1.263157894736842,1,0.8,5,1.2,1.6,-0.4,1.0,1.4,-0.4,0.19999999999999996,-0.20000000000000018,0.0
2025-01-16,2024/25,Manchester United,Southampton,3,1,H,4.0,1.0,6.0,2.0,20,20,23,6,17,0,15,20,9,3,5,5,1.15,0.8,-0.3499999999999998,0.3,0.2,-0.0999999999999999,-0.2499999999999999,0.8499999999999999,0.6000000000000001,-0.2499999999999997,0.0,0.0,24,41,15,32,7,-10,7,10,0,1,18,18,0.5263157894736842,0.5263157894736842,0.0210526315789473,0.012531328320802,15,32,0.0328947368421052,0.0159489633173843,0.0657894736842105,0.0478468899521531,1.5789473684210529,1,0.8,5,,0,0.2,5,0.8,2.0,-1.2,0.2,2.6,-2.4,0.6000000000000001,0.6000000000000001,1.2
2025-01-18,2024/25,Newcastle United,Bournemouth,1,4,A,15.0,9.0,10.0,11.0,21,21,38,34,4,0,4,8,4,7,5,5,1.809523809523809,3.0,1.1904761904761905,1.619047619047619,1.8,0.1809523809523809,1.0095238095238095,0.1904761904761904,1.2,1.0095238095238095,0.0,0.0,9,13,0,4,22,18,22,18,0,0,17,17,0.5526315789473685,0.5526315789473685,0.0552631578947368,0.0394736842105263,0,4,0.5526315789473685,0.1105263157894737,0.0240274599542334,0.0290858725761772,1.5789473684210529,1,3.0,5,1.263157894736842,1,1.8,5,2.8,0.2,2.6,1.6,0.8,0.8,1.1999999999999997,0.6000000000000001,1.8
2025-01-18,2024/25,Brentford,Liverpool,0,2,A,5.0,11.0,7.0,11.0,21,20,28,47,-19,1,11,1,3,12,7,5,1.3333333333333333,1.0,-0.3333333333333332,2.35,2.2,-0.1499999999999999,-0.1833333333333333,-1.0166666666666668,-1.2000000000000002,-0.1833333333333333,0.0,0.0,19,0,10,-9,12,31,12,31,0,0,17,18,0.5526315789473685,0.5263157894736842,0.0276315789473684,0.5263157894736842,10,9,0.0502392344497607,0.0526315789473684,0.0425101214574898,0.0164473684210526,1.0263157894736843,1,1.0,5,2.1578947368421053,1,2.2,5,1.6,1.4,0.2,3.4,1.4,2.0,-1.7999999999999998,0.0,-1.8
2025-01-18,2024/25,Leicester City,Fulham,0,2,A,0.0,6.0,4.0,8.0,21,21,14,30,-16,0,19,10,0,9,3,3,0.6666666666666666,0.0,-0.6666666666666666,1.4285714285714286,1.2,-0.2285714285714286,-0.438095238095238,-0.761904761904762,-1.2,-0.438095238095238,0.0,0.0,33,17,24,8,-2,14,2,14,1,0,17,17,0.5526315789473685,0.5526315789473685,0.0162538699690402,0.0307017543859649,24,8,0.0221052631578947,0.0614035087719298,0.1842105263157895,0.0368421052631579,,0,0.0,5,1.236842105263158,1,1.2,5,0.4,2.4,-2.0,1.6,1.6,0.0,-1.2000000000000002,-0.7999999999999998,-2.0
2025-01-18,2024/25,West Ham United,Crystal Palace,0,2,A,7.0,8.0,7.0,11.0,21,21,26,24,2,0,13,15,4,10,7,5,1.238095238095238,1.4,0.1619047619047617,1.1428571428571428,1.6,0.4571428571428573,-0.2952380952380955,0.0952380952380953,-0.2000000000000001,-0.2952380952380955,0.2952380952380955,-1.0,21,23,12,14,10,8,10,8,0,0,17,17,0.5526315789473685,0.5526315789473685,0.0251196172248803,0.0230263157894736,12,14,0.0425101214574898,0.0368421052631579,0.0502392344497607,0.0614035087719298,1.368421052631579,1,1.4,5,1.2894736842105263,1,1.6,5,1.2,2.4,-1.2,1.2,1.4,-0.2,0.0,-1.0,-1.0
2025-01-18,2024/25,Arsenal,Aston Villa,2,2,D,13.0,10.0,13.0,3.0,21,21,43,35,8,0,2,7,9,6,7,5,2.0476190476190474,2.6,0.5523809523809526,1.6666666666666667,2.0,0.3333333333333332,0.2190476190476193,0.3809523809523807,0.6000000000000001,0.2190476190476193,0.0,0.0,4,12,-5,3,27,19,27,19,0,0,17,17,0.5526315789473685,0.5526315789473685,0.1105263157894737,0.0425101214574898,5,3,0.0921052631578947,0.1381578947368421,0.0197368421052631,0.0276315789473684,2.3421052631578947,1,2.6,5,1.7894736842105263,1,2.0,5,2.4,0.8,1.6,1.4,1.4,0.0,1.0,0.5999999999999999,1.6
2025-01-19,2024/25,Everton,Tottenham Hotspur,3,2,H,2.0,1.0,5.0,6.0,20,21,17,24,-7,-1,16,15,2,11,7,5,0.85,0.4,-0.4499999999999999,1.1428571428571428,0.2,-0.9428571428571428,0.4928571428571429,-0.2928571428571428,0.2,0.4928571428571428,0.4928571428571428,1.0,33,26,21,14,1,8,1,8,0,0,18,17,0.5263157894736842,0.5526315789473685,0.0154798761609907,0.0204678362573099,21,14,0.0239234449760765,0.0368421052631579,0.2631578947368421,0.0614035087719298,1.263157894736842,1,0.4,5,1.736842105263158,1,0.2,5,0.2,1.0,-0.8,1.4,2.6,-1.2,-1.2,1.6,0.3999999999999999
2025-01-19,2024/25,Manchester United,Brighton,1,3,A,4.0,7.0,6.0,6.0,21,21,26,31,-5,0,13,10,3,12,7,5,1.238095238095238,0.8,-0.4380952380952381,1.4761904761904765,1.4,-0.0761904761904763,-0.3619047619047617,-0.2380952380952381,-0.5999999999999999,-0.3619047619047617,0.0,0.0,24,19,12,7,10,15,10,15,0,0,17,17,0.5526315789473685,0.5526315789473685,0.0221052631578947,0.0276315789473684,12,7,0.0425101214574898,0.069078947368421,0.0502392344497607,0.0345394736842105,1.5789473684210529,1,0.8,5,1.263157894736842,1,1.4,5,1.0,2.0,-1.0,1.2,0.8,0.4,-0.19999999999999996,-1.2,-1.4
2025-01-19,2024/25,Nottingham Forest,Southampton,3,2,H,13.0,1.0,10.0,2.0,21,21,41,6,35,0,3,20,9,0,3,3,1.9523809523809523,2.6,0.6476190476190478,0.2857142857142857,0.2,-0.0857142857142856,0.7333333333333334,1.6666666666666663,2.4,0.7333333333333334,0.0,0.0,9,44,-3,32,25,-10,25,10,0,1,17,17,0.5526315789473685,0.5526315789473685,0.0552631578947368,0.0122807017543859,3,32,0.1381578947368421,0.0167464114832535,0.0212550607287449,0.0502392344497607,0.9473684210526316,1,2.6,5,,0,0.2,5,1.8,0.2,1.6,0.4,2.2,-1.8,1.4,2.0,3.4000000000000004
2025-01-19,2024/25,Ipswich Town,Manchester City,0,6,A,4.0,8.0,3.0,5.0,21,21,16,35,-19,0,18,8,0,3,1,1,0.7619047619047619,0.8,0.0380952380952381,1.6666666666666667,1.6,-0.0666666666666666,0.1047619047619048,-0.9047619047619048,-0.8,0.1047619047619048,0.0,0.0,34,15,22,3,0,19,0,19,1,0,17,17,0.5526315789473685,0.5526315789473685,0.0157894736842105,0.0345394736842105,22,3,0.0240274599542334,0.1381578947368421,0.5526315789473685,0.0276315789473684,,0,0.8,5,2.3947368421052637,1,1.6,5,0.8,1.8,-1.0,2.0,1.2,0.8,-1.2,-0.6000000000000001,-1.8
2025-01-20,2024/25,Chelsea,Wolverhampton Wanderers,3,1,H,3.0,7.0,8.0,4.0,21,21,37,16,21,0,6,17,6,9,7,5,1.761904761904762,0.6,-1.1619047619047618,0.7619047619047619,1.4,0.638095238095238,-1.7999999999999998,1.0,-0.7999999999999999,-1.7999999999999998,1.7999999999999998,-1.0,13,34,1,22,21,0,21,0,0,0,17,17,0.5526315789473685,0.5526315789473685,0.0394736842105263,0.0157894736842105,1,22,0.2763157894736842,0.0240274599542334,0.0251196172248803,0.5526315789473685,1.6578947368421053,1,0.6,5,1.2105263157894737,1,1.4,5,0.8,1.4,-0.6,1.4,1.6,-0.2,-0.5999999999999999,0.20000000000000018,-0.39999999999999997
2025-01-25,2024/25,Bournemouth,Nottingham Forest,5,0,H,9.0,13.0,8.0,12.0,22,22,37,44,-7,0,7,3,9,3,5,5,1.681818181818182,1.8,0.1181818181818181,2.0,2.6,0.6000000000000001,-0.4818181818181819,-0.3181818181818181,-0.8,-0.4818181818181819,0.0,0.0,13,6,3,-4,21,28,21,28,0,0,16,16,0.5789473684210527,0.5789473684210527,0.0413533834586466,0.0827067669172932,3,4,0.1447368421052631,0.1157894736842105,0.0263157894736842,0.0199637023593466,1.263157894736842,1,1.8,5,0.9473684210526316,1,2.6,5,1.8,1.0,0.8,2.0,0.6,1.4,-0.19999999999999996,-0.4,-0.5999999999999999
2025-01-25,2024/25,Brighton,Everton,0,1,A,9.0,4.0,6.0,3.0,22,21,34,20,14,1,9,16,8,5,7,5,1.5454545454545454,1.8,0.2545454545454546,0.9523809523809524,0.8,-0.1523809523809522,0.4069264069264069,0.5930735930735931,1.0,0.4069264069264069,0.0,0.0,16,30,6,20,18,4,18,4,0,0,16,17,0.5789473684210527,0.5526315789473685,0.0340557275541795,0.0178268251273344,6,20,0.0827067669172932,0.0263157894736842,0.0304709141274238,0.1105263157894737,1.263157894736842,1,1.8,5,1.263157894736842,1,0.8,5,1.6,0.8,0.8,0.8,1.4,-0.6,0.8,0.5999999999999999,1.4
2025-01-25,2024/25,Liverpool,Ipswich Town,4,1,H,11.0,4.0,11.0,7.0,21,22,50,16,34,-1,1,18,3,0,1,1,2.380952380952381,2.2,-0.1809523809523807,0.7272727272727273,0.8,0.0727272727272727,-0.2536796536796535,1.6536796536796536,1.4,-0.2536796536796535,0.0,0.0,0,34,-10,24,34,0,34,0,0,1,17,16,0.5526315789473685,0.5789473684210527,0.5526315789473685,0.0165413533834586,10,24,0.0502392344497607,0.0231578947368421,0.0157894736842105,0.5789473684210527,2.1578947368421053,1,2.2,5,,0,0.8,5,2.6,0.8,1.8,0.8,2.2,-1.4,1.8,1.4000000000000001,3.2
2025-01-25,2024/25,Southampton,Newcastle United,1,3,A,0.0,12.0,0.0,10.0,22,22,6,38,-32,0,20,6,1,13,5,5,0.2727272727272727,0.0,-0.2727272727272727,1.7272727272727273,2.4,0.6727272727272726,-0.9454545454545452,-1.4545454545454546,-2.4,-0.9454545454545452,0.0,0.0,44,12,34,2,-10,22,10,22,1,0,16,16,0.5789473684210527,0.5789473684210527,0.0128654970760233,0.0445344129554655,34,2,0.0165413533834586,0.1929824561403509,0.0526315789473684,0.0251716247139588,,0,0.0,5,1.5789473684210529,1,2.4,5,0.8,2.8,-2.0,2.2,1.0,1.2,-1.4000000000000001,-1.7999999999999998,-3.2
2025-01-25,2024/25,Wolverhampton Wanderers,Arsenal,0,1,A,4.0,11.0,6.0,11.0,22,22,16,44,-28,0,17,2,0,15,7,5,0.7272727272727273,0.8,0.0727272727272727,2.0,2.2,0.2000000000000001,-0.1272727272727274,-1.2727272727272727,-1.4,-0.1272727272727274,0.0,0.0,34,6,24,-4,0,28,0,28,0,0,16,16,0.5789473684210527,0.5789473684210527,0.0165413533834586,0.0827067669172932,24,4,0.0231578947368421,0.1157894736842105,0.5789473684210527,0.0199637023593466,1.2105263157894737,1,0.8,5,2.3421052631578947,1,2.2,5,1.0,2.2,-1.2,1.8,1.0,0.8,-0.8,-1.2000000000000002,-2.0
2025-01-25,2024/25,Manchester City,Chelsea,3,1,H,11.0,5.0,7.0,8.0,22,22,38,40,-2,0,5,4,11,2,7,5,1.7272727272727273,2.2,0.4727272727272729,1.818181818181818,1.0,-0.8181818181818181,1.290909090909091,-0.0909090909090908,1.2000000000000002,1.290909090909091,1.290909090909091,1.0,12,10,2,0,22,24,22,24,0,0,16,16,0.5789473684210527,0.5789473684210527,0.0445344129554655,0.0526315789473684,2,0,0.1929824561403509,0.5789473684210527,0.0251716247139588,0.0231578947368421,2.3947368421052637,1,2.2,5,1.6578947368421053,1,1.0,5,3.0,0.8,2.2,1.4,1.6,-0.2,1.6,0.8,2.4000000000000004
2025-01-26,2024/25,Crystal Palace,Brentford,1,2,A,11.0,5.0,6.0,5.0,22,22,27,28,-1,0,12,11,6,6,7,5,1.2272727272727273,2.2,0.9727272727272728,1.2727272727272727,1.0,-0.2727272727272727,1.2454545454545456,-0.0454545454545454,1.2000000000000002,1.2454545454545456,1.2454545454545456,1.0,26,25,14,13,11,12,11,12,0,0,16,16,0.5789473684210527,0.5789473684210527,0.0214424951267056,0.0222672064777327,14,13,0.0385964912280701,0.0413533834586466,0.0482456140350877,0.0445344129554655,1.2894736842105263,1,2.2,5,1.0263157894736843,1,1.0,5,1.4,0.4,1.0,1.6,1.4,0.2,-0.20000000000000018,0.9999999999999999,0.8
2025-01-26,2024/25,Tottenham Hotspur,Leicester City,1,2,A,1.0,0.0,2.0,0.0,22,22,24,14,10,0,15,19,10,4,5,5,1.0909090909090908,0.2,-0.8909090909090909,0.6363636363636364,0.0,-0.6363636363636364,-0.2545454545454545,0.4545454545454545,0.2,-0.2545454545454544,0.0,0.0,29,39,17,27,8,-2,8,2,0,1,16,16,0.5789473684210527,0.5789473684210527,0.019298245614035,0.0144736842105263,17,27,0.0321637426900584,0.0206766917293233,0.0643274853801169,0.1929824561403509,1.736842105263158,1,0.2,5,,0,0.0,5,1.2,2.0,-0.8,0.4,2.2,-1.8,0.7999999999999999,0.20000000000000018,1.0
2025-01-26,2024/25,Aston Villa,West Ham United,1,1,D,8.0,6.0,13.0,7.0,22,22,36,26,10,0,8,14,8,5,7,5,1.6363636363636365,1.6,-0.0363636363636363,1.181818181818182,1.2,0.018181818181818,-0.0545454545454544,0.4545454545454546,0.4000000000000001,-0.0545454545454544,0.0,0.0,17,27,5,15,20,10,20,10,0,0,16,16,0.5789473684210527,0.5789473684210527,0.0321637426900584,0.0206766917293233,5,15,0.0964912280701754,0.0361842105263157,0.0275689223057644,0.0526315789473684,1.7894736842105263,1,1.6,5,1.368421052631579,1,1.2,5,1.4,1.6,-0.2,1.0,2.6,-1.6,0.3999999999999999,1.0,1.4000000000000001
2025-01-26,2024/25,Fulham,Manchester United,0,1,A,8.0,4.0,7.0,5.0,22,22,33,26,7,0,10,13,3,12,5,5,1.5,1.6,0.1,1.181818181818182,0.8,-0.3818181818181818,0.4818181818181819,0.3181818181818181,0.8,0.4818181818181819,0.0,0.0,20,27,8,15,17,10,17,10,0,0,16,16,0.5789473684210527,0.5789473684210527,0.0275689223057644,0.0206766917293233,8,15,0.0643274853801169,0.0361842105263157,0.0321637426900584,0.0526315789473684,1.236842105263158,1,1.6,5,1.5789473684210529,1,0.8,5,2.0,1.6,0.4,1.2,2.0,-0.8,0.8,0.3999999999999999,1.2000000000000002
2025-02-01,2024/25,Nottingham Forest,Brighton,7,0,H,10.0,8.0,13.0,9.0,23,23,44,34,10,0,3,9,5,8,5,5,1.9130434782608696,2.0,0.0869565217391303,1.4782608695652173,1.6,0.1217391304347828,-0.0347826086956524,0.4347826086956523,0.3999999999999999,-0.0347826086956524,0.0,0.0,9,19,-3,7,28,18,28,18,0,0,15,15,0.6052631578947368,0.6052631578947368,0.0605263157894736,0.0302631578947368,3,7,0.1513157894736842,0.0756578947368421,0.0208711433756805,0.0318559556786703,0.9473684210526316,1,2.0,5,1.263157894736842,1,1.6,5,1.8,1.6,0.2,1.6,1.0,0.6,0.19999999999999996,-0.6000000000000001,-0.39999999999999997
2025-02-01,2024/25,Bournemouth,Liverpool,0,2,A,11.0,11.0,11.0,11.0,23,22,40,53,-13,1,7,1,3,12,5,5,1.7391304347826086,2.2,0.4608695652173915,2.409090909090909,2.2,-0.209090909090909,0.6699604743083005,-0.6699604743083005,0.0,0.6699604743083005,0.0,0.0,13,0,1,-12,24,37,24,37,0,0,15,16,0.6052631578947368,0.5789473684210527,0.0432330827067669,0.5789473684210527,1,12,0.3026315789473684,0.0445344129554655,0.0242105263157894,0.0152354570637119,1.263157894736842,1,2.2,5,2.1578947368421053,1,2.2,5,2.8,1.0,1.8,2.8,0.8,2.0,0.0,-0.19999999999999996,-0.19999999999999996
2025-02-01,2024/25,Everton,Leicester City,4,0,H,6.0,3.0,7.0,3.0,22,23,23,17,6,-1,16,17,6,6,5,5,1.0454545454545454,1.2,0.1545454545454545,0.7391304347826086,0.6,-0.1391304347826086,0.2936758893280632,0.3063241106719367,0.6,0.2936758893280632,0.0,0.0,30,36,18,24,7,1,7,1,0,0,16,15,0.5789473684210527,0.6052631578947368,0.0186757215619694,0.0163584637268847,18,24,0.0304709141274238,0.0242105263157894,0.0723684210526315,0.3026315789473684,1.263157894736842,1,1.2,5,,0,0.6,5,0.8,1.2,-0.4,0.6,1.8,-1.2,0.20000000000000007,0.6000000000000001,0.7999999999999999
2025-02-01,2024/25,Ipswich Town,Southampton,1,2,A,4.0,0.0,3.0,1.0,23,23,16,6,10,0,19,20,1,1,1,1,0.6956521739130435,0.8,0.1043478260869565,0.2608695652173913,0.0,-0.2608695652173913,0.3652173913043479,0.4347826086956521,0.8,0.3652173913043479,0.0,0.0,37,47,25,35,0,-10,1,11,1,1,15,15,0.6052631578947368,0.6052631578947368,0.0159279778393351,0.0,25,35,0.0232793522267206,0.016812865497076,0.3026315789473684,0.050438596491228,,0,0.8,5,,0,0.0,5,1.0,2.8,-1.8,1.0,3.2,-2.2,0.0,0.40000000000000036,0.40000000000000013
2025-02-01,2024/25,Newcastle United,Fulham,1,2,A,12.0,5.0,10.0,8.0,23,23,41,33,8,0,5,10,12,3,5,5,1.7826086956521738,2.4,0.6173913043478261,1.434782608695652,1.0,-0.4347826086956521,1.0521739130434782,0.3478260869565217,1.4,1.0521739130434782,0.0,0.0,12,20,0,8,25,17,25,17,0,0,15,15,0.6052631578947368,0.6052631578947368,0.0465587044534413,0.0288220551378446,0,8,0.6052631578947368,0.067251461988304,0.0232793522267206,0.033625730994152,1.5789473684210529,1,2.4,5,1.236842105263158,1,1.0,5,2.2,1.2,1.0,1.6,1.6,0.0,0.6000000000000001,0.40000000000000013,1.0
2025-02-01,2024/25,Wolverhampton Wanderers,Aston Villa,2,0,H,1.0,9.0,3.0,4.0,23,23,16,37,-21,0,18,8,5,8,7,5,0.6956521739130435,0.2,-0.4956521739130434,1.608695652173913,1.8,0.1913043478260869,-0.6869565217391305,-0.9130434782608696,-1.6,-0.6869565217391305,0.0,0.0,37,16,25,4,0,21,1,21,1,0,15,15,0.6052631578947368,0.6052631578947368,0.0159279778393351,0.0356037151702786,25,4,0.0232793522267206,0.1210526315789473,0.3026315789473684,0.027511961722488,1.2105263157894737,1,0.2,5,1.7894736842105263,1,1.8,5,0.6,2.4,-1.8,1.6,1.2,0.4,-1.0,-1.2,-2.2
2025-02-02,2024/25,Brentford,Tottenham Hotspur,0,2,A,7.0,1.0,4.0,3.0,23,23,31,24,7,0,11,16,5,8,7,5,1.3478260869565215,1.4,0.0521739130434781,1.0434782608695652,0.2,-0.8434782608695652,0.8956521739130434,0.3043478260869565,1.2,0.8956521739130434,0.0,0.0,25,32,10,17,14,7,14,7,0,0,15,15,0.6052631578947368,0.6052631578947368,0.0232793522267206,0.018341307814992,10,17,0.055023923444976,0.033625730994152,0.0403508771929824,0.0756578947368421,1.0263157894736843,1,1.4,5,1.736842105263158,1,0.2,5,2.0,1.6,0.4,1.4,2.2,-0.8,0.6000000000000001,0.6000000000000001,1.2000000000000002
2025-02-02,2024/25,Manchester United,Crystal Palace,0,2,A,7.0,10.0,3.0,13.0,23,23,29,27,2,0,12,13,5,8,7,5,1.2608695652173914,1.4,0.1391304347826085,1.173913043478261,2.0,0.826086956521739,-0.6869565217391305,0.0869565217391303,-0.6000000000000001,-0.6869565217391305,0.6869565217391305,-1.0,27,29,12,14,12,10,12,10,0,0,15,15,0.6052631578947368,0.6052631578947368,0.0216165413533834,0.0201754385964912,12,14,0.0465587044534413,0.0403508771929824,0.0465587044534413,0.055023923444976,1.5789473684210529,1,1.4,5,1.2894736842105263,1,2.0,5,1.4,1.6,-0.2,1.6,0.8,0.8,-0.20000000000000018,-0.8,-1.0
2025-02-02,2024/25,Arsenal,Manchester City,5,1,H,11.0,13.0,11.0,8.0,23,23,47,41,6,0,2,4,5,8,7,5,2.0434782608695654,2.2,0.1565217391304347,1.7826086956521738,2.6,0.8173913043478263,-0.6608695652173915,0.2608695652173916,-0.3999999999999999,-0.6608695652173915,0.6608695652173915,-1.0,9,15,-6,0,30,24,30,24,0,0,15,15,0.6052631578947368,0.6052631578947368,0.0605263157894736,0.037828947368421,6,0,0.0864661654135338,0.6052631578947368,0.0195246179966044,0.0242105263157894,2.3421052631578947,1,2.2,5,2.3947368421052637,1,2.6,5,1.8,1.0,0.8,3.4,0.8,2.6,-1.5999999999999999,-0.19999999999999996,-1.8
2025-02-03,2024/25,Chelsea,West Ham United,2,1,H,5.0,4.0,10.0,5.0,23,23,40,27,13,0,6,15,10,4,7,5,1.7391304347826086,1.0,-0.7391304347826086,1.173913043478261,0.8,-0.3739130434782609,-0.3652173913043477,0.5652173913043477,0.1999999999999999,-0.3652173913043477,0.0,0.0,16,29,1,14,23,10,23,10,0,0,15,15,0.6052631578947368,0.6052631578947368,0.0356037151702786,0.0201754385964912,1,14,0.3026315789473684,0.0403508771929824,0.025219298245614,0.055023923444976,1.6578947368421053,1,1.0,5,1.368421052631579,1,0.8,5,1.4,1.8,-0.4,1.0,2.8,-1.8,0.3999999999999999,0.9999999999999998,1.4
2025-02-12,2024/25,Everton,Liverpool,2,2,D,9.0,11.0,7.0,13.0,23,23,26,56,-30,0,16,1,4,10,6,5,1.1304347826086956,1.8,0.6695652173913045,2.4347826086956523,2.2,-0.2347826086956521,0.9043478260869566,-1.3043478260869568,-0.4000000000000001,0.9043478260869566,0.0,0.0,30,0,17,-13,9,39,9,39,0,0,15,15,0.6052631578947368,0.6052631578947368,0.0195246179966044,0.6052631578947368,17,13,0.033625730994152,0.0432330827067669,0.0605263157894736,0.0151315789473684,1.263157894736842,1,1.8,5,2.1578947368421053,1,2.2,5,1.6,0.8,0.8,2.2,0.8,1.4,-0.6000000000000001,0.0,-0.5999999999999999
2025-02-14,2024/25,Brighton,Chelsea,3,0,H,7.0,8.0,3.0,5.0,24,24,34,43,-9,0,10,4,6,9,7,5,1.4166666666666667,1.4,-0.0166666666666668,1.7916666666666667,1.6,-0.1916666666666666,0.1749999999999998,-0.375,-0.2000000000000001,0.1749999999999998,0.0,0.0,23,14,9,0,17,26,17,26,0,0,14,14,0.631578947368421,0.631578947368421,0.0263157894736842,0.0421052631578947,9,0,0.0631578947368421,0.631578947368421,0.0350877192982456,0.023391812865497,1.263157894736842,1,1.4,5,1.6578947368421053,1,1.6,5,1.2,2.0,-0.8,1.8,1.6,0.2,-0.6000000000000001,-0.3999999999999999,-1.0
2025-02-15,2024/25,Leicester City,Arsenal,0,2,A,3.0,11.0,1.0,11.0,24,24,17,50,-33,0,18,2,0,15,5,5,0.7083333333333334,0.6,-0.1083333333333333,2.083333333333333,2.2,0.1166666666666667,-0.2250000000000001,-1.375,-1.6,-0.2250000000000001,0.0,0.0,40,7,26,-7,0,33,2,33,1,0,14,14,0.631578947368421,0.631578947368421,0.0154043645699614,0.0789473684210526,26,7,0.023391812865497,0.0789473684210526,0.2105263157894736,0.0185758513931888,,0,0.6,5,2.3421052631578947,1,2.2,5,0.6,2.2,-1.6,2.2,1.0,1.2,-1.6,-1.2000000000000002,-2.8
2025-02-15,2024/25,Aston Villa,Ipswich Town,1,1,D,8.0,1.0,11.0,4.0,24,24,37,16,21,0,9,19,1,1,1,1,1.5416666666666667,1.6,0.0583333333333333,0.6666666666666666,0.2,-0.4666666666666666,0.5249999999999999,0.8750000000000001,1.4,0.525,0.0,0.0,20,41,6,27,20,-1,20,3,0,1,14,14,0.631578947368421,0.631578947368421,0.0300751879699248,0.0150375939849624,6,27,0.0902255639097744,0.0225563909774436,0.0300751879699248,0.1578947368421052,1.7894736842105263,1,1.6,5,,0,0.2,5,1.2,1.2,0.0,0.8,3.2,-2.4,0.3999999999999999,2.0,2.4
2025-02-15,2024/25,Fulham,Nottingham Forest,2,1,H,7.0,10.0,4.0,12.0,24,24,36,47,-11,0,10,3,12,3,5,5,1.5,1.4,-0.1,1.9583333333333333,2.0,0.0416666666666667,-0.1416666666666668,-0.4583333333333332,-0.6000000000000001,-0.1416666666666668,0.0,0.0,21,10,7,-4,19,30,19,30,0,0,14,14,0.631578947368421,0.631578947368421,0.0287081339712918,0.0574162679425837,7,4,0.0789473684210526,0.1263157894736842,0.031578947368421,0.0203735144312393,1.236842105263158,1,1.4,5,0.9473684210526316,1,2.0,5,1.6,1.4,0.2,2.8,1.6,1.2,-1.1999999999999997,0.20000000000000018,-1.0
2025-02-15,2024/25,Manchester City,Newcastle United,4,0,H,10.0,9.0,10.0,12.0,24,24,41,41,0,0,5,6,11,2,7,5,1.7083333333333333,2.0,0.2916666666666667,1.7083333333333333,1.8,0.0916666666666667,0.1999999999999999,0.0,0.1999999999999999,0.1999999999999999,0.0,0.0,16,16,2,2,24,24,24,24,0,0,14,14,0.631578947368421,0.631578947368421,0.0371517027863777,0.0371517027863777,2,2,0.2105263157894736,0.2105263157894736,0.0252631578947368,0.0252631578947368,2.3947368421052637,1,2.0,5,1.5789473684210529,1,1.8,5,3.2,1.8,1.4,2.0,1.6,0.4,1.2000000000000002,-0.19999999999999996,0.9999999999999999
2025-02-15,2024/25,Southampton,Bournemouth,1,3,A,3.0,10.0,0.0,11.0,24,24,9,40,-31,0,20,7,3,6,3,3,0.375,0.6,0.2249999999999999,1.6666666666666667,2.0,0.3333333333333332,-0.1083333333333332,-1.2916666666666667,-1.4,-0.1083333333333331,0.0,0.0,48,17,34,3,-8,23,10,23,1,0,14,14,0.631578947368421,0.631578947368421,0.0,0.0350877192982456,34,3,0.0180451127819548,0.1578947368421052,0.0574162679425837,0.0263157894736842,,0,0.6,5,1.263157894736842,1,2.0,5,1.2,3.0,-1.8,2.4,1.0,1.4,-1.2,-2.0,-3.2
2025-02-15,2024/25,West Ham United,Brentford,0,1,A,4.0,7.0,7.0,7.0,24,24,27,31,-4,0,16,11,4,10,7,5,1.125,0.8,-0.3249999999999999,1.2916666666666667,1.4,0.1083333333333331,-0.4333333333333331,-0.1666666666666667,-0.5999999999999999,-0.4333333333333331,0.0,0.0,30,26,16,12,10,14,10,14,0,0,14,14,0.631578947368421,0.631578947368421,0.0203735144312393,0.023391812865497,16,12,0.0371517027863777,0.048582995951417,0.0574162679425837,0.0421052631578947,1.368421052631579,1,0.8,5,1.0263157894736843,1,1.4,5,1.2,2.2,-1.0,1.8,1.4,0.4,-0.6000000000000001,-0.8000000000000003,-1.4
2025-02-15,2024/25,Crystal Palace,Everton,1,2,A,10.0,10.0,5.0,5.0,24,24,30,27,3,0,12,15,2,11,7,5,1.25,2.0,0.75,1.125,2.0,0.875,-0.125,0.125,0.0,-0.125,0.0,0.0,27,30,13,16,13,10,13,10,0,0,14,14,0.631578947368421,0.631578947368421,0.0225563909774436,0.0203735144312393,13,16,0.0451127819548872,0.0371517027863777,0.0451127819548872,0.0574162679425837,1.2894736842105263,1,2.0,5,1.263157894736842,1,2.0,5,1.6,0.6,1.0,2.0,1.0,1.0,-0.3999999999999999,0.4,0.0
2025-02-16,2024/25,Liverpool,Wolverhampton Wanderers,2,1,H,11.0,3.0,11.0,4.0,24,24,57,19,38,0,1,17,12,3,7,5,2.375,2.2,-0.1749999999999998,0.7916666666666666,0.6,-0.1916666666666666,0.0166666666666668,1.5833333333333337,1.6,0.0166666666666666,0.0,0.0,0,38,-13,25,40,2,40,2,0,0,14,14,0.631578947368421,0.631578947368421,0.631578947368421,0.0161943319838056,13,25,0.0451127819548872,0.0242914979757085,0.0154043645699614,0.2105263157894736,2.1578947368421053,1,2.2,5,1.2105263157894737,1,0.6,5,2.2,0.8,1.4,0.6,2.0,-1.4,1.6,1.2,2.8
2025-02-16,2024/25,Tottenham Hotspur,Manchester United,1,0,H,3.0,7.0,1.0,7.0,24,24,27,29,-2,0,15,14,8,5,7,5,1.125,0.6,-0.525,1.2083333333333333,1.4,0.1916666666666666,-0.7166666666666667,-0.0833333333333332,-0.7999999999999999,-0.7166666666666667,0.0,0.0,30,28,17,15,10,12,10,12,0,0,14,14,0.631578947368421,0.631578947368421,0.0203735144312393,0.0217785843920145,17,15,0.0350877192982456,0.0394736842105263,0.0574162679425837,0.048582995951417,1.736842105263158,1,0.6,5,1.5789473684210529,1,1.4,5,1.4,1.8,-0.4,1.4,1.6,-0.2,0.0,-0.19999999999999996,-0.2
2025-02-19,2024/25,Aston Villa,Liverpool,2,2,D,6.0,13.0,9.0,11.0,25,25,38,60,-22,0,9,1,2,11,7,5,1.52,1.2,-0.32,2.4,2.6,0.2000000000000001,-0.5200000000000002,-0.8799999999999999,-1.4,-0.5200000000000002,0.0,0.0,22,0,6,-16,21,43,21,43,0,0,13,13,0.6578947368421053,0.6578947368421053,0.028604118993135,0.6578947368421053,6,16,0.093984962406015,0.0386996904024767,0.0299043062200956,0.0149521531100478,1.7894736842105263,1,1.2,5,2.1578947368421053,1,2.6,5,1.0,1.2,-0.2,2.4,0.8,1.6,-1.4,-0.3999999999999999,-1.8
2025-02-21,2024/25,Leicester City,Brentford,0,4,A,3.0,7.0,0.0,10.0,25,25,17,34,-17,0,19,11,8,5,5,5,0.68,0.6,-0.08,1.36,1.4,0.0399999999999998,-0.1199999999999998,-0.68,-0.7999999999999999,-0.1199999999999998,0.0,0.0,44,27,27,10,0,17,2,17,1,0,13,13,0.6578947368421053,0.6578947368421053,0.0,0.0234962406015037,27,10,0.0234962406015037,0.0598086124401913,0.2192982456140351,0.0365497076023391,,0,0.6,5,1.0263157894736843,1,1.4,5,0.4,2.2,-1.8,1.0,1.4,-0.4,-0.6,-0.8000000000000003,-1.4
2025-02-22,2024/25,Everton,Manchester United,2,2,D,13.0,6.0,7.0,7.0,25,25,30,29,1,0,14,15,0,15,7,5,1.2,2.6,1.4,1.16,1.2,0.04,1.36,0.04,1.4,1.36,0.0,0.0,31,32,14,15,13,12,13,12,0,0,13,13,0.6578947368421053,0.6578947368421053,0.0205592105263157,0.0199362041467304,14,15,0.043859649122807,0.0411184210526315,0.0469924812030075,0.0506072874493927,1.263157894736842,1,2.6,5,1.5789473684210529,1,1.2,5,2.4,1.0,1.4,1.0,1.4,-0.4,1.4,0.3999999999999999,1.7999999999999998
2025-02-22,2024/25,Arsenal,West Ham United,0,1,A,13.0,4.0,11.0,5.0,25,25,53,27,26,0,2,16,10,4,7,5,2.12,2.6,0.48,1.08,0.8,-0.28,0.76,1.04,1.8,0.76,0.0,0.0,8,34,-9,17,36,10,36,10,0,0,13,13,0.6578947368421053,0.6578947368421053,0.0730994152046783,0.018796992481203,9,17,0.0657894736842105,0.0365497076023391,0.0177809388335704,0.0598086124401913,2.3421052631578947,1,2.6,5,1.368421052631579,1,0.8,5,2.4,0.8,1.6,1.0,1.6,-0.6,1.4,0.8,2.2
2025-02-22,2024/25,Bournemouth,Wolverhampton Wanderers,0,1,A,10.0,3.0,8.0,4.0,25,25,43,19,24,0,5,17,10,4,5,5,1.72,2.0,0.28,0.76,0.6,-0.16,0.44,0.96,1.4,0.4399999999999999,0.0,0.0,18,42,1,25,26,2,26,2,0,0,13,13,0.6578947368421053,0.6578947368421053,0.0346260387811634,0.0,1,25,0.3289473684210526,0.0253036437246963,0.0243664717348927,0.2192982456140351,1.263157894736842,1,2.0,5,1.2105263157894737,1,0.6,5,2.8,1.2,1.6,0.8,1.8,-1.0,1.9999999999999998,0.6000000000000001,2.6
2025-02-22,2024/25,Fulham,Crystal Palace,0,2,A,9.0,9.0,6.0,13.0,25,25,39,30,9,0,8,13,9,3,5,5,1.56,1.8,0.24,1.2,1.8,0.6000000000000001,-0.3600000000000001,0.3600000000000001,0.0,-0.3600000000000001,0.0,0.0,22,31,5,14,22,13,22,13,0,0,13,13,0.6578947368421053,0.6578947368421053,0.028604118993135,0.0205592105263157,5,14,0.1096491228070175,0.043859649122807,0.028604118993135,0.0469924812030075,1.236842105263158,1,1.8,5,1.2894736842105263,1,1.8,5,1.6,1.2,0.4,1.6,0.8,0.8,0.0,-0.3999999999999999,-0.4
2025-02-22,2024/25,Ipswich Town,Tottenham Hotspur,1,4,A,1.0,6.0,3.0,6.0,25,25,17,30,-13,0,18,12,3,0,1,1,0.68,0.2,-0.48,1.2,1.2,0.0,-0.48,-0.5199999999999999,-1.0,-0.4800000000000001,0.0,0.0,44,31,27,14,0,13,2,13,1,0,13,13,0.6578947368421053,0.6578947368421053,0.0,0.0205592105263157,27,14,0.0234962406015037,0.043859649122807,0.2192982456140351,0.0469924812030075,,0,0.2,5,1.736842105263158,1,1.2,5,0.6,3.0,-2.4,1.4,1.4,0.0,-0.7999999999999999,-1.6,-2.4
2025-02-22,2024/25,Southampton,Brighton,0,4,A,3.0,9.0,0.0,8.0,25,25,9,37,-28,0,20,11,3,9,5,5,0.36,0.6,0.24,1.48,1.8,0.32,-0.08,-1.12,-1.2000000000000002,-0.08,0.0,0.0,52,24,35,7,-8,20,10,20,1,0,13,13,0.6578947368421053,0.6578947368421053,0.0,0.0263157894736842,35,7,0.0182748538011695,0.0822368421052631,0.0598086124401913,0.031328320802005,,0,0.6,5,1.263157894736842,1,1.8,5,1.4,2.6,-1.2,1.6,1.8,-0.2,-0.20000000000000018,-0.8,-1.0
2025-02-22,2024/25,Aston Villa,Chelsea,2,1,H,4.0,7.0,7.0,2.0,26,25,39,43,-4,1,9,6,7,7,7,5,1.5,0.8,-0.7,1.72,1.4,-0.32,-0.3799999999999999,-0.2199999999999999,-0.5999999999999999,-0.3799999999999999,0.0,0.0,22,18,5,1,22,26,22,26,0,0,12,13,0.6842105263157895,0.6578947368421053,0.0297482837528604,0.0346260387811634,5,1,0.1140350877192982,0.3289473684210526,0.0297482837528604,0.0243664717348927,1.7894736842105263,1,0.8,5,1.6578947368421053,1,1.4,5,1.2,1.6,-0.4,1.6,2.0,-0.4,-0.40000000000000013,0.3999999999999999,0.0
2025-02-23,2024/25,Newcastle United,Nottingham Forest,4,3,H,6.0,7.0,9.0,9.0,25,25,41,47,-6,0,8,3,12,3,5,5,1.64,1.2,-0.4399999999999999,1.88,1.4,-0.48,0.04,-0.24,-0.1999999999999999,0.04,0.0,0.0,20,14,3,-3,24,30,24,30,0,0,13,13,0.6578947368421053,0.6578947368421053,0.031328320802005,0.043859649122807,3,3,0.1644736842105263,0.1644736842105263,0.0263157894736842,0.0212224108658743,1.5789473684210529,1,1.2,5,0.9473684210526316,1,1.4,5,1.6,2.2,-0.6,2.4,2.0,0.4,-0.7999999999999998,-0.20000000000000018,-1.0
2025-02-23,2024/25,Manchester City,Liverpool,0,2,A,10.0,11.0,10.0,9.0,25,26,44,61,-17,-1,4,1,5,8,7,5,1.76,2.0,0.24,2.3461538461538463,2.2,-0.146153846153846,0.386153846153846,-0.5861538461538462,-0.2000000000000001,0.386153846153846,0.0,0.0,17,0,0,-17,27,44,27,44,0,0,13,12,0.6578947368421053,0.6842105263157895,0.0365497076023391,0.6842105263157895,0,17,0.6578947368421053,0.0380116959064327,0.0234962406015037,0.0152046783625731,2.3947368421052637,1,2.0,5,2.1578947368421053,1,2.2,5,3.2,1.6,1.6,2.4,1.2,1.2,0.8000000000000003,-0.40000000000000013,0.40000000000000013
2025-02-25,2024/25,Brighton,Bournemouth,2,1,H,9.0,9.0,5.0,11.0,26,26,40,43,-3,0,9,6,12,3,5,5,1.5384615384615383,1.8,0.2615384615384615,1.6538461538461535,1.8,0.1461538461538463,0.1153846153846152,-0.1153846153846152,0.0,0.1153846153846152,0.0,0.0,24,21,4,1,23,26,23,26,0,0,12,12,0.6842105263157895,0.6842105263157895,0.0273684210526315,0.0311004784688995,4,1,0.1368421052631579,0.3421052631578947,0.0285087719298245,0.0253411306042885,1.263157894736842,1,1.8,5,1.263157894736842,1,1.8,5,2.0,1.8,0.2,2.4,1.0,1.4,-0.3999999999999999,-0.8,-1.2
2025-02-25,2024/25,Crystal Palace,Aston Villa,4,1,H,9.0,6.0,4.0,4.0,26,27,33,42,-9,-1,13,8,7,7,7,5,1.2692307692307692,1.8,0.5307692307692309,1.5555555555555556,1.2,-0.3555555555555556,0.8863247863247865,-0.2863247863247864,0.6000000000000001,0.8863247863247865,0.8863247863247865,1.0,31,22,11,2,16,25,16,25,0,0,12,11,0.6842105263157895,0.7105263157894737,0.0213815789473684,0.0308924485125858,11,2,0.0570175438596491,0.2368421052631578,0.0402476780185758,0.027327935222672,1.2894736842105263,1,1.8,5,1.7894736842105263,1,1.2,5,1.6,0.8,0.8,1.2,1.4,-0.2,0.40000000000000013,0.5999999999999999,1.0
2025-02-25,2024/25,Wolverhampton Wanderers,Fulham,1,2,A,6.0,9.0,6.0,10.0,26,26,22,39,-17,0,17,10,8,5,5,5,0.8461538461538461,1.2,0.3538461538461538,1.5,1.8,0.3,0.0538461538461537,-0.6538461538461539,-0.6000000000000001,0.0538461538461537,0.0,0.0,42,25,22,5,5,22,5,22,0,0,12,12,0.6842105263157895,0.6842105263157895,0.0,0.0263157894736842,22,5,0.0297482837528604,0.1140350877192982,0.1140350877192982,0.0297482837528604,1.2105263157894737,1,1.2,5,1.236842105263158,1,1.8,5,1.0,1.2,-0.2,1.2,1.0,0.2,-0.19999999999999996,-0.19999999999999996,-0.4
2025-02-25,2024/25,Chelsea,Southampton,4,0,H,6.0,3.0,10.0,4.0,26,26,43,9,34,0,7,20,9,6,5,5,1.6538461538461535,1.2,-0.4538461538461538,0.3461538461538461,0.6,0.2538461538461538,-0.7076923076923076,1.3076923076923077,0.6,-0.7076923076923075,0.0,0.0,21,55,1,35,26,-8,26,13,0,1,12,12,0.6842105263157895,0.6842105263157895,0.0311004784688995,0.0,1,35,0.3421052631578947,0.0190058479532163,0.0253411306042885,0.0488721804511278,1.6578947368421053,1,1.2,5,,0,0.6,5,1.4,2.0,-0.6,1.2,2.8,-1.6,0.19999999999999996,0.7999999999999998,1.0
2025-02-26,2024/25,Tottenham Hotspur,Manchester City,0,1,A,9.0,9.0,4.0,7.0,26,26,33,44,-11,0,13,5,7,7,7,5,1.2692307692307692,1.8,0.5307692307692309,1.6923076923076923,1.8,0.1076923076923077,0.4230769230769231,-0.4230769230769231,0.0,0.4230769230769231,0.0,0.0,31,20,13,2,16,27,16,27,0,0,12,12,0.6842105263157895,0.6842105263157895,0.0213815789473684,0.0325814536340852,13,2,0.0488721804511278,0.2280701754385965,0.0402476780185758,0.0244360902255639,1.736842105263158,1,1.8,5,2.3947368421052637,1,1.8,5,2.0,1.2,0.8,2.8,1.6,1.2,-0.7999999999999998,0.40000000000000013,-0.3999999999999999
2025-02-26,2024/25,Nottingham Forest,Arsenal,0,0,D,6.0,10.0,13.0,13.0,26,26,47,53,-6,0,3,2,3,12,5,5,1.807692307692308,1.2,-0.6076923076923078,2.0384615384615383,2.0,-0.0384615384615383,-0.5692307692307694,-0.2307692307692306,-0.8,-0.5692307692307694,0.0,0.0,17,11,-1,-7,30,36,30,36,0,0,12,12,0.6842105263157895,0.6842105263157895,0.0380116959064327,0.0570175438596491,1,7,0.3421052631578947,0.0855263157894736,0.0220713073005093,0.0184921763869132,0.9473684210526316,1,1.2,5,2.3421052631578947,1,2.0,5,2.8,2.6,0.2,2.0,0.8,1.2,0.7999999999999998,-1.8,-1.0
2025-02-26,2024/25,Liverpool,Newcastle United,2,0,H,11.0,6.0,11.0,12.0,27,26,64,44,20,1,1,6,13,1,7,5,2.3703703703703702,2.2,-0.17037037037037,1.6923076923076923,1.2,-0.4923076923076923,0.3219373219373223,0.678062678062678,1.0000000000000002,0.3219373219373223,0.0,0.0,0,20,-18,2,47,27,47,27,0,0,11,12,0.7105263157894737,0.6842105263157895,0.7105263157894737,0.0325814536340852,18,2,0.0373961218836565,0.2280701754385965,0.0148026315789473,0.0244360902255639,2.1578947368421053,1,2.2,5,1.5789473684210529,1,1.2,5,2.0,1.0,1.0,1.8,2.8,-1.0,0.19999999999999996,1.7999999999999998,2.0
2025-02-26,2024/25,Manchester United,Ipswich Town,3,2,H,4.0,1.0,3.0,5.0,26,26,30,17,13,0,15,18,1,1,1,1,1.1538461538461535,0.8,-0.3538461538461537,0.6538461538461539,0.2,-0.4538461538461538,0.1000000000000001,0.4999999999999999,0.6000000000000001,0.1000000000000002,0.0,0.0,34,47,16,29,13,0,13,5,0,1,12,12,0.6842105263157895,0.6842105263157895,0.0195488721804511,0.0,16,29,0.0402476780185758,0.0228070175438596,0.0488721804511278,0.1140350877192982,1.5789473684210529,1,0.8,5,,0,0.2,5,0.8,1.6,-0.8,0.8,3.4,-2.6,0.0,1.7999999999999998,1.8
2025-02-26,2024/25,Brentford,Everton,1,1,D,9.0,11.0,1.0,8.0,26,26,37,31,6,0,11,14,2,11,7,5,1.4230769230769231,1.8,0.3769230769230769,1.1923076923076923,2.2,1.007692307692308,-0.630769230769231,0.2307692307692308,-0.4000000000000001,-0.630769230769231,0.630769230769231,-1.0,27,33,9,15,20,14,20,14,0,0,12,12,0.6842105263157895,0.6842105263157895,0.0244360902255639,0.0201238390092879,9,15,0.0684210526315789,0.0427631578947368,0.0325814536340852,0.0456140350877193,1.0263157894736843,1,1.8,5,1.263157894736842,1,2.2,5,1.4,1.0,0.4,2.2,1.0,1.2,-0.8000000000000003,0.0,-0.7999999999999999
2025-02-27,2024/25,West Ham United,Leicester City,2,0,H,4.0,3.0,4.0,3.0,26,26,30,17,13,0,16,19,4,10,5,5,1.1538461538461535,0.8,-0.3538461538461537,0.6538461538461539,0.6,-0.0538461538461538,-0.2999999999999998,0.4999999999999999,0.2,-0.2999999999999998,0.0,0.0,37,50,17,30,13,0,13,5,0,1,12,12,0.6842105263157895,0.6842105263157895,0.0,0.0,17,30,0.0380116959064327,0.0220713073005093,0.0488721804511278,0.1140350877192982,1.368421052631579,1,0.8,5,,0,0.6,5,0.6,1.2,-0.6,0.4,2.6,-2.2,0.19999999999999996,1.4000000000000001,1.6
2025-03-08,2024/25,Nottingham Forest,Manchester City,1,0,H,4.0,9.0,11.0,10.0,27,27,48,47,1,0,3,4,1,13,5,5,1.7777777777777777,0.8,-0.9777777777777776,1.7407407407407407,1.8,0.0592592592592593,-1.037037037037037,0.0370370370370369,-1.0,-1.037037037037037,1.037037037037037,-1.0,19,20,-1,0,31,30,31,30,0,0,11,11,0.7105263157894737,0.7105263157894737,0.0355263157894736,0.0338345864661654,1,0,0.3552631578947368,0.7105263157894737,0.022203947368421,0.0229202037351443,0.9473684210526316,1,0.8,5,2.3947368421052637,1,1.8,5,2.2,2.2,0.0,1.8,1.6,0.2,0.40000000000000013,-0.6000000000000001,-0.2
2025-03-08,2024/25,Brighton,Fulham,2,1,H,9.0,9.0,8.0,12.0,27,27,43,42,1,0,8,9,1,13,5,5,1.5925925925925926,1.8,0.2074074074074074,1.5555555555555556,1.8,0.2444444444444444,-0.0370370370370369,0.0370370370370369,0.0,-0.0370370370370369,0.0,0.0,24,25,4,5,26,25,26,25,0,0,11,11,0.7105263157894737,0.7105263157894737,0.0284210526315789,0.027327935222672,4,5,0.1421052631578947,0.1184210526315789,0.0263157894736842,0.027327935222672,1.263157894736842,1,1.8,5,1.236842105263158,1,1.8,5,1.8,1.8,0.0,1.2,1.2,0.0,0.6000000000000001,-0.6000000000000001,0.0
2025-03-08,2024/25,Crystal Palace,Ipswich Town,1,0,H,9.0,1.0,7.0,2.0,27,27,36,17,19,0,12,18,3,0,1,1,1.3333333333333333,1.8,0.4666666666666668,0.6296296296296297,0.2,-0.4296296296296296,0.8962962962962964,0.7037037037037036,1.6,0.8962962962962965,0.0,0.0,31,50,11,30,19,0,19,5,0,1,11,11,0.7105263157894737,0.7105263157894737,0.022203947368421,0.0,11,30,0.0592105263157894,0.0229202037351443,0.0355263157894736,0.1184210526315789,1.2894736842105263,1,1.8,5,,0,0.2,5,2.0,1.0,1.0,1.2,2.8,-1.6,0.8,1.7999999999999998,2.6
2025-03-08,2024/25,Liverpool,Southampton,3,1,H,11.0,3.0,13.0,3.0,28,27,67,9,58,1,1,20,13,1,5,5,2.392857142857143,2.2,-0.1928571428571426,0.3333333333333333,0.6,0.2666666666666666,-0.4595238095238093,2.0595238095238093,1.6,-0.4595238095238092,0.0,0.0,0,58,-20,38,50,-8,50,13,0,1,10,11,0.7368421052631579,0.7105263157894737,0.7368421052631579,0.0,20,38,0.0350877192982456,0.0,0.0144478844169246,0.0507518796992481,2.1578947368421053,1,2.2,5,,0,0.6,5,2.0,1.0,1.0,0.8,3.0,-2.2,1.2,2.0,3.2
2025-03-08,2024/25,Brentford,Aston Villa,0,1,A,10.0,5.0,2.0,4.0,27,28,38,42,-4,-1,11,10,2,11,7,5,1.4074074074074074,2.0,0.5925925925925926,1.5,1.0,-0.5,1.0925925925925926,-0.0925925925925925,1.0,1.0925925925925926,1.0925925925925926,1.0,29,25,9,5,21,25,21,25,0,0,11,10,0.7105263157894737,0.7368421052631579,0.0236842105263157,0.0283400809716599,9,5,0.0710526315789473,0.1228070175438596,0.0322966507177033,0.0283400809716599,1.0263157894736843,1,2.0,5,1.7894736842105263,1,1.0,5,1.6,0.8,0.8,1.2,2.0,-0.8,0.40000000000000013,1.2,1.6
2025-03-08,2024/25,Wolverhampton Wanderers,Everton,1,1,D,6.0,9.0,6.0,8.0,27,27,22,32,-10,0,17,16,10,4,7,5,0.8148148148148148,1.2,0.3851851851851852,1.1851851851851851,1.8,0.6148148148148149,-0.2296296296296297,-0.3703703703703703,-0.6000000000000001,-0.2296296296296297,0.0,0.0,45,35,25,15,5,15,5,15,0,0,11,11,0.7105263157894737,0.7105263157894737,0.0,0.0,25,15,0.027327935222672,0.0444078947368421,0.1184210526315789,0.0444078947368421,1.2105263157894737,1,1.2,5,1.263157894736842,1,1.8,5,1.0,1.0,0.0,2.2,1.2,1.0,-1.2000000000000002,0.19999999999999996,-1.0
2025-03-09,2024/25,Manchester United,Arsenal,1,1,D,7.0,10.0,6.0,11.0,27,27,33,54,-21,0,15,2,3,12,7,5,1.2222222222222223,1.4,0.1777777777777776,2.0,2.0,0.0,0.1777777777777776,-0.7777777777777777,-0.6000000000000001,0.1777777777777776,0.0,0.0,37,16,14,-7,16,37,16,37,0,0,11,11,0.7105263157894737,0.7105263157894737,0.0,0.0417956656346749,14,7,0.0473684210526315,0.0888157894736842,0.0417956656346749,0.0186980609418282,1.5789473684210529,1,1.4,5,2.3421052631578947,1,2.0,5,1.2,1.4,-0.2,1.6,0.4,1.2,-0.40000000000000013,-0.9999999999999999,-1.4
2025-03-09,2024/25,Chelsea,Leicester City,1,0,H,6.0,3.0,10.0,3.0,27,27,46,17,29,0,5,19,13,1,5,5,1.7037037037037035,1.2,-0.5037037037037038,0.6296296296296297,0.6,-0.0296296296296296,-0.4740740740740741,1.074074074074074,0.6,-0.474074074074074,0.0,0.0,24,53,1,30,29,0,29,6,0,1,11,11,0.7105263157894737,0.7105263157894737,0.0284210526315789,0.0,1,30,0.3552631578947368,0.0229202037351443,0.0236842105263157,0.1015037593984962,1.6578947368421053,1,1.2,5,,0,0.6,5,1.6,1.8,-0.2,0.4,2.6,-2.2,1.2000000000000002,0.8,2.0
2025-03-09,2024/25,Tottenham Hotspur,Bournemouth,2,2,D,9.0,6.0,4.0,8.0,27,27,33,43,-10,0,13,9,9,6,5,5,1.2222222222222223,1.8,0.5777777777777777,1.5925925925925926,1.2,-0.3925925925925926,0.9703703703703704,-0.3703703703703702,0.6000000000000001,0.9703703703703704,0.9703703703703704,1.0,37,27,14,4,16,26,16,26,0,0,11,11,0.7105263157894737,0.7105263157894737,0.0,0.025375939849624,14,4,0.0473684210526315,0.1421052631578947,0.0417956656346749,0.0263157894736842,1.736842105263158,1,1.8,5,1.263157894736842,1,1.2,5,1.6,0.8,0.8,1.8,1.2,0.6,-0.19999999999999996,0.3999999999999999,0.20000000000000007
2025-03-10,2024/25,West Ham United,Newcastle United,0,1,A,7.0,6.0,6.0,9.0,27,27,33,44,-11,0,16,9,5,8,7,5,1.2222222222222223,1.4,0.1777777777777776,1.6296296296296295,1.2,-0.4296296296296296,0.6074074074074072,-0.4074074074074072,0.1999999999999999,0.6074074074074072,0.6074074074074072,1.0,37,26,16,5,16,27,16,27,0,0,11,11,0.7105263157894737,0.7105263157894737,0.0,0.0263157894736842,16,5,0.0417956656346749,0.1184210526315789,0.0417956656346749,0.025375939849624,1.368421052631579,1,1.4,5,1.5789473684210529,1,1.2,5,1.0,0.8,0.2,1.6,2.4,-0.8,-0.6000000000000001,1.5999999999999999,1.0
2025-03-15,2024/25,Everton,West Ham United,1,1,D,7.0,6.0,8.0,7.0,28,28,33,33,0,0,15,16,7,7,7,5,1.1785714285714286,1.4,0.2214285714285713,1.1785714285714286,1.2,0.0214285714285713,0.1999999999999999,0.0,0.1999999999999999,0.1999999999999999,0.0,0.0,37,37,16,16,16,16,16,16,0,0,10,10,0.7368421052631579,0.7368421052631579,0.0,0.0,16,16,0.0433436532507739,0.0433436532507739,0.0433436532507739,0.0433436532507739,1.263157894736842,1,1.4,5,1.368421052631579,1,1.2,5,1.6,1.4,0.2,0.8,0.8,0.0,0.8,-0.5999999999999999,0.2
2025-03-15,2024/25,Southampton,Wolverhampton Wanderers,1,2,A,3.0,7.0,0.0,4.0,28,28,9,23,-14,0,20,17,0,15,5,5,0.3214285714285714,0.6,0.2785714285714285,0.8214285714285714,1.4,0.5785714285714285,-0.3,-0.4999999999999999,-0.7999999999999999,-0.3,0.0,0.0,61,47,40,26,-8,6,14,6,1,0,10,10,0.7368421052631579,0.7368421052631579,0.0,0.0,40,26,0.0,0.0272904483430799,0.0491228070175438,0.1052631578947368,,0,0.6,5,1.2105263157894737,1,1.4,5,0.8,3.0,-2.2,1.2,1.0,0.2,-0.3999999999999999,-2.0,-2.4000000000000004
2025-03-15,2024/25,Ipswich Town,Nottingham Forest,2,4,A,1.0,7.0,3.0,6.0,28,28,17,51,-34,0,18,3,0,3,1,1,0.6071428571428571,0.2,-0.4071428571428571,1.821428571428572,1.4,-0.4214285714285715,0.0142857142857144,-1.2142857142857144,-1.2,0.0142857142857144,0.0,0.0,53,19,32,-2,0,34,6,34,1,0,10,10,0.7368421052631579,0.7368421052631579,0.0,0.0368421052631578,32,2,0.0,0.2456140350877192,0.1052631578947368,0.0210526315789473,,0,0.2,5,0.9473684210526316,1,1.4,5,1.0,2.2,-1.2,2.4,1.2,1.2,-1.4,-1.0000000000000002,-2.4
2025-03-15,2024/25,Manchester City,Brighton,2,2,D,6.0,12.0,10.0,10.0,28,28,47,46,1,0,5,7,10,4,7,5,1.6785714285714286,1.2,-0.4785714285714286,1.6428571428571428,2.4,0.7571428571428571,-1.2357142857142858,0.0357142857142858,-1.2,-1.2357142857142858,1.2357142857142858,-1.0,23,24,2,3,30,29,30,29,0,0,10,10,0.7368421052631579,0.7368421052631579,0.0307017543859649,0.0294736842105263,2,3,0.2456140350877192,0.1842105263157894,0.0237691001697792,0.0245614035087719,2.3947368421052637,1,1.2,5,1.263157894736842,1,2.4,5,1.2,1.6,-0.4,2.2,1.8,0.4,-1.0000000000000002,0.19999999999999996,-0.8
2025-03-15,2024/25,Bournemouth,Brentford,1,2,A,4.0,7.0,7.0,13.0,28,28,44,38,6,0,9,12,2,11,5,5,1.5714285714285714,0.8,-0.7714285714285714,1.3571428571428572,1.4,0.0428571428571427,-0.8142857142857141,0.2142857142857142,-0.5999999999999999,-0.8142857142857141,0.8142857142857141,-1.0,26,32,5,11,27,21,27,21,0,0,10,10,0.7368421052631579,0.7368421052631579,0.0272904483430799,0.0,5,11,0.1228070175438596,0.0614035087719298,0.0263157894736842,0.0334928229665071,1.263157894736842,1,0.8,5,1.0263157894736843,1,1.4,5,1.2,1.6,-0.4,1.2,0.8,0.4,0.0,-0.8,-0.8
2025-03-16,2024/25,Arsenal,Chelsea,1,0,H,8.0,9.0,10.0,1.0,28,28,55,49,6,0,2,4,11,2,7,5,1.9642857142857144,1.6,-0.3642857142857141,1.75,1.8,0.05,-0.4142857142857141,0.2142857142857142,-0.1999999999999999,-0.4142857142857141,0.4142857142857141,-1.0,15,21,-6,0,38,32,38,32,0,0,10,10,0.7368421052631579,0.7368421052631579,0.0460526315789473,0.0334928229665071,6,0,0.1052631578947368,0.7368421052631579,0.0188933873144399,0.0223285486443381,2.3421052631578947,1,1.6,5,1.6578947368421053,1,1.8,5,1.6,0.6,1.0,1.6,1.2,0.4,0.0,0.6,0.6
2025-03-16,2024/25,Fulham,Tottenham Hotspur,2,0,H,9.0,10.0,5.0,6.0,28,28,42,34,8,0,10,13,4,10,5,5,1.5,1.8,0.3,1.2142857142857142,2.0,0.7857142857142858,-0.4857142857142857,0.2857142857142858,-0.1999999999999999,-0.4857142857142857,0.4857142857142857,-1.0,28,36,7,15,25,17,25,17,0,0,10,10,0.7368421052631579,0.7368421052631579,0.0254083484573502,0.0,7,15,0.0921052631578947,0.0460526315789473,0.0283400809716599,0.0409356725146198,1.236842105263158,1,1.8,5,1.736842105263158,1,2.0,5,1.4,1.4,0.0,1.8,0.8,1.0,-0.40000000000000013,-0.5999999999999999,-1.0
2025-03-16,2024/25,Leicester City,Manchester United,0,3,A,0.0,5.0,0.0,5.0,28,28,17,34,-17,0,19,15,4,10,5,5,0.6071428571428571,0.0,-0.6071428571428571,1.2142857142857142,1.0,-0.2142857142857142,-0.3928571428571429,-0.6071428571428571,-1.0,-0.3928571428571429,0.0,0.0,53,36,32,15,0,17,9,17,1,0,10,10,0.7368421052631579,0.7368421052631579,0.0,0.0,32,15,0.0,0.0460526315789473,0.0736842105263157,0.0409356725146198,,0,0.0,5,1.5789473684210529,1,1.0,5,0.0,2.6,-2.6,1.2,1.6,-0.4,-1.2,-1.0,-2.2
2025-04-01,2024/25,Arsenal,Fulham,2,1,H,8.0,9.0,10.0,9.0,29,29,58,45,13,0,2,8,8,5,5,5,2.0,1.6,-0.3999999999999999,1.5517241379310345,1.8,0.2482758620689655,-0.6482758620689655,0.4482758620689655,-0.1999999999999999,-0.6482758620689655,0.6482758620689655,-1.0,12,25,-9,4,41,28,41,28,0,0,9,9,0.7631578947368421,0.7631578947368421,0.0587044534412955,0.0293522267206477,9,4,0.0763157894736842,0.1526315789473684,0.0181704260651629,0.0263157894736842,2.3421052631578947,1,1.6,5,1.236842105263158,1,1.8,5,0.8,0.4,0.4,1.4,1.2,0.2,-0.5999999999999999,0.7999999999999999,0.2
2025-04-01,2024/25,Wolverhampton Wanderers,West Ham United,1,0,H,7.0,7.0,4.0,5.0,29,29,26,34,-8,0,17,16,3,12,7,5,0.896551724137931,1.4,0.5034482758620689,1.1724137931034482,1.4,0.2275862068965517,0.2758620689655171,-0.2758620689655171,0.0,0.2758620689655171,0.0,0.0,44,36,23,15,9,17,9,17,0,0,9,9,0.7631578947368421,0.7631578947368421,0.0,0.0,23,15,0.031798245614035,0.0476973684210526,0.0763157894736842,0.0423976608187134,1.2105263157894737,1,1.4,5,1.368421052631579,1,1.4,5,1.2,1.2,0.0,0.8,0.6,0.2,0.3999999999999999,-0.6,-0.2
2025-04-01,2024/25,Nottingham Forest,Manchester United,1,0,H,7.0,8.0,11.0,8.0,29,29,54,37,17,0,3,13,6,9,5,5,1.862068965517241,1.4,-0.4620689655172414,1.2758620689655171,1.6,0.3241379310344827,-0.7862068965517242,0.586206896551724,-0.2000000000000001,-0.7862068965517242,0.7862068965517242,-1.0,16,33,-5,12,37,20,37,20,0,0,9,9,0.7631578947368421,0.7631578947368421,0.044891640866873,0.0,5,12,0.1271929824561403,0.0587044534412955,0.0200831024930747,0.0363408521303258,0.9473684210526316,1,1.4,5,1.5789473684210529,1,1.6,5,1.8,1.6,0.2,1.8,1.2,0.6,0.0,-0.40000000000000013,-0.39999999999999997
2025-04-02,2024/25,Bournemouth,Ipswich Town,1,2,A,4.0,1.0,6.0,2.0,29,29,44,17,27,0,10,18,3,0,1,1,1.5172413793103448,0.8,-0.7172413793103447,0.5862068965517241,0.2,-0.3862068965517241,-0.3310344827586206,0.9310344827586208,0.6000000000000001,-0.3310344827586206,0.0,0.0,26,53,5,32,27,0,27,12,0,1,9,9,0.7631578947368421,0.7631578947368421,0.0282651072124756,0.0,5,32,0.1271929824561403,0.0,0.0272556390977443,0.0587044534412955,1.263157894736842,1,0.8,5,,0,0.2,5,1.4,1.6,-0.2,1.2,2.6,-1.4,0.19999999999999996,1.0,1.2
2025-04-02,2024/25,Brighton,Aston Villa,0,3,A,13.0,8.0,10.0,7.0,29,29,47,45,2,0,7,9,4,10,7,5,1.6206896551724137,2.6,0.9793103448275864,1.5517241379310345,1.6,0.0482758620689656,0.9310344827586208,0.0689655172413792,1.0,0.9310344827586208,0.0,0.0,23,25,2,4,30,28,30,28,0,0,9,9,0.7631578947368421,0.7631578947368421,0.031798245614035,0.0293522267206477,2,4,0.2543859649122807,0.1526315789473684,0.0246179966044142,0.0263157894736842,1.263157894736842,1,2.6,5,1.7894736842105263,1,1.6,5,2.6,0.8,1.8,1.4,1.6,-0.2,1.2000000000000002,0.8,2.0
2025-04-02,2024/25,Manchester City,Leicester City,2,0,H,7.0,0.0,10.0,3.0,29,29,48,17,31,0,5,19,15,0,5,5,1.6551724137931034,1.4,-0.2551724137931035,0.5862068965517241,0.0,-0.5862068965517241,0.3310344827586206,1.0689655172413794,1.4,0.3310344827586204,0.0,0.0,22,53,1,32,31,0,31,12,0,1,9,9,0.7631578947368421,0.7631578947368421,0.0331807780320366,0.0,1,32,0.3815789473684211,0.0,0.0238486842105263,0.0587044534412955,2.3947368421052637,1,1.4,5,,0,0.0,5,1.4,1.0,0.4,0.0,2.4,-2.4,1.4,1.4,2.8
2025-04-02,2024/25,Newcastle United,Brentford,2,1,H,6.0,10.0,9.0,15.0,28,29,47,41,6,-1,6,11,12,3,7,5,1.6785714285714286,1.2,-0.4785714285714286,1.4137931034482758,2.0,0.5862068965517242,-1.0647783251231528,0.2647783251231528,-0.8,-1.0647783251231528,1.0647783251231528,-1.0,23,29,2,8,30,24,30,24,0,0,10,9,0.7368421052631579,0.7631578947368421,0.0307017543859649,0.0,2,8,0.2456140350877192,0.0847953216374269,0.0237691001697792,0.0305263157894736,1.5789473684210529,1,1.2,5,1.0263157894736843,1,2.0,5,1.2,2.2,-1.0,1.6,0.6,1.0,-0.40000000000000013,-1.6,-2.0
2025-04-02,2024/25,Southampton,Crystal Palace,1,1,D,0.0,12.0,0.0,13.0,29,28,9,39,-30,1,20,12,1,13,5,5,0.3103448275862069,0.0,-0.3103448275862069,1.3928571428571428,2.4,1.0071428571428571,-1.317487684729064,-1.082512315270936,-2.4,-1.317487684729064,0.0,0.0,61,31,40,10,-8,22,20,22,1,0,9,10,0.7631578947368421,0.7368421052631579,0.0,0.0,40,10,0.0,0.0669856459330143,0.0363408521303258,0.0320366132723112,,0,0.0,5,1.2894736842105263,1,2.4,5,0.6,3.2,-2.6,2.0,0.6,1.4,-1.4,-2.6,-4.0
2025-04-02,2024/25,Liverpool,Everton,1,0,H,13.0,7.0,13.0,8.0,29,29,70,34,36,0,1,15,8,5,7,5,2.413793103448276,2.6,0.1862068965517243,1.1724137931034482,1.4,0.2275862068965517,-0.0413793103448274,1.2413793103448276,1.2000000000000002,-0.0413793103448274,0.0,0.0,0,36,-21,15,53,17,53,17,0,0,9,9,0.7631578947368421,0.7631578947368421,0.7631578947368421,0.0,21,15,0.034688995215311,0.0476973684210526,0.0141325536062378,0.0423976608187134,2.1578947368421053,1,2.6,5,1.263157894736842,1,1.4,5,2.2,0.8,1.4,1.4,1.2,0.2,0.8000000000000003,0.3999999999999999,1.2
2025-04-03,2024/25,Chelsea,Tottenham Hotspur,1,0,H,6.0,7.0,13.0,6.0,29,29,49,34,15,0,6,14,10,4,7,5,1.6896551724137931,1.2,-0.4896551724137932,1.1724137931034482,1.4,0.2275862068965517,-0.7172413793103449,0.517241379310345,-0.1999999999999999,-0.7172413793103449,0.7172413793103449,-1.0,24,39,2,17,29,14,29,14,0,0,9,9,0.7631578947368421,0.7631578947368421,0.0305263157894736,0.0,2,17,0.2543859649122807,0.0423976608187134,0.025438596491228,0.0508771929824561,1.6578947368421053,1,1.2,5,1.736842105263158,1,1.4,5,1.2,1.2,0.0,1.4,1.2,0.2,-0.19999999999999996,0.0,-0.2
2025-04-05,2024/25,Everton,Arsenal,1,1,D,4.0,8.0,9.0,9.0,30,30,34,61,-27,0,15,2,4,10,7,5,1.1333333333333333,0.8,-0.3333333333333332,2.033333333333333,1.6,-0.4333333333333331,0.0999999999999998,-0.8999999999999999,-0.8,0.0999999999999998,0.0,0.0,39,12,18,-9,14,41,14,41,0,0,8,8,0.7894736842105263,0.7894736842105263,0.0,0.0607287449392712,18,9,0.0415512465373961,0.0789473684210526,0.0526315789473684,0.018796992481203,1.263157894736842,1,0.8,5,2.3421052631578947,1,1.6,5,1.0,1.2,-0.2,0.8,0.6,0.2,0.19999999999999996,-0.6,-0.4
2025-04-05,2024/25,Crystal Palace,Brighton,2,1,H,10.0,10.0,7.0,10.0,29,30,40,47,-7,-1,12,8,5,8,7,5,1.3793103448275863,2.0,0.6206896551724137,1.5666666666666669,2.0,0.4333333333333333,0.1873563218390803,-0.1873563218390803,0.0,0.1873563218390803,0.0,0.0,33,26,12,5,20,27,20,27,0,0,9,8,0.7631578947368421,0.7894736842105263,0.0,0.0,12,5,0.0587044534412955,0.131578947368421,0.0363408521303258,0.0281954887218045,1.2894736842105263,1,2.0,5,1.263157894736842,1,2.0,5,1.8,0.8,1.0,2.0,1.4,0.6,-0.19999999999999996,0.5999999999999999,0.4
2025-04-05,2024/25,Ipswich Town,Wolverhampton Wanderers,1,2,A,3.0,10.0,0.0,6.0,30,30,20,29,-9,0,18,17,3,0,1,1,0.6666666666666666,0.6,-0.0666666666666666,0.9666666666666668,2.0,1.0333333333333332,-1.1,-0.3,-1.4,-1.1,0.0,0.0,53,44,32,23,0,9,9,9,1,0,8,8,0.7894736842105263,0.7894736842105263,0.0,0.0,32,23,0.0,0.0328947368421052,0.0789473684210526,0.0789473684210526,,0,0.6,5,1.2105263157894737,1,2.0,5,1.4,2.6,-1.2,1.2,0.8,0.4,0.19999999999999996,-1.8,-1.6
2025-04-05,2024/25,West Ham United,Bournemouth,2,2,D,7.0,1.0,6.0,8.0,30,30,34,44,-10,0,16,10,9,3,5,5,1.1333333333333333,1.4,0.2666666666666666,1.4666666666666666,0.2,-1.2666666666666666,1.5333333333333332,-0.3333333333333332,1.2,1.5333333333333332,1.5333333333333332,1.0,39,29,18,8,14,24,14,24,0,0,8,8,0.7894736842105263,0.7894736842105263,0.0,0.0,18,8,0.0415512465373961,0.087719298245614,0.0526315789473684,0.031578947368421,1.368421052631579,1,1.4,5,1.263157894736842,1,0.2,5,0.8,0.6,0.2,1.0,1.8,-0.8,-0.19999999999999996,1.2000000000000002,1.0
2025-04-05,2024/25,Aston Villa,Nottingham Forest,2,1,H,10.0,10.0,9.0,6.0,30,30,48,57,-9,0,7,3,7,7,5,5,1.6,2.0,0.3999999999999999,1.9,2.0,0.1,0.2999999999999998,-0.2999999999999998,0.0,0.2999999999999998,0.0,0.0,25,16,4,-5,28,37,28,37,0,0,8,8,0.7894736842105263,0.7894736842105263,0.0,0.0464396284829721,4,5,0.1578947368421052,0.131578947368421,0.0272232304900181,0.020775623268698,1.7894736842105263,1,2.0,5,0.9473684210526316,1,2.0,5,1.8,1.4,0.4,1.8,1.2,0.6,0.0,-0.19999999999999996,-0.19999999999999996
2025-04-06,2024/25,Brentford,Chelsea,0,0,D,7.0,9.0,2.0,1.0,30,30,41,52,-11,0,12,4,8,5,7,5,1.3666666666666667,1.4,0.0333333333333332,1.7333333333333334,1.8,0.0666666666666666,-0.0333333333333334,-0.3666666666666667,-0.4000000000000001,-0.0333333333333334,0.0,0.0,32,21,11,0,21,32,21,32,0,0,8,8,0.7894736842105263,0.7894736842105263,0.0,0.0358851674641148,11,0,0.0657894736842105,0.7894736842105263,0.0358851674641148,0.0239234449760765,1.0263157894736843,1,1.4,5,1.6578947368421053,1,1.8,5,1.6,1.0,0.6,1.4,0.6,0.8,0.20000000000000018,-0.4,-0.20000000000000007
2025-04-06,2024/25,Fulham,Liverpool,3,2,H,6.0,13.0,7.0,11.0,30,30,45,73,-28,0,10,1,2,11,5,5,1.5,1.2,-0.3,2.433333333333333,2.6,0.1666666666666669,-0.466666666666667,-0.9333333333333332,-1.4,-0.466666666666667,0.0,0.0,28,0,7,-21,25,53,25,53,0,0,8,8,0.7894736842105263,0.7894736842105263,0.0,0.7894736842105263,7,21,0.0986842105263157,0.0358851674641148,0.0303643724696356,0.0146198830409356,1.236842105263158,1,1.2,5,2.1578947368421053,1,2.6,5,1.2,1.4,-0.2,2.0,0.6,1.4,-0.8,-0.7999999999999999,-1.5999999999999999
2025-04-06,2024/25,Tottenham Hotspur,Southampton,3,1,H,4.0,1.0,4.0,3.0,30,30,34,10,24,0,16,20,8,5,5,5,1.1333333333333333,0.8,-0.3333333333333332,0.3333333333333333,0.2,-0.1333333333333333,-0.1999999999999999,0.8,0.6000000000000001,-0.1999999999999999,0.0,0.0,39,63,18,42,14,-10,14,22,0,1,8,8,0.7894736842105263,0.7894736842105263,0.0,0.0,18,42,0.0415512465373961,0.0,0.0526315789473684,0.034324942791762,1.736842105263158,1,0.8,5,,0,0.2,5,1.2,1.4,-0.2,0.6,2.8,-2.2,0.6,1.4,2.0
2025-04-06,2024/25,Manchester United,Manchester City,0,0,D,8.0,7.0,7.0,7.0,30,30,37,51,-14,0,13,5,6,9,7,5,1.2333333333333334,1.6,0.3666666666666667,1.7,1.4,-0.3,0.6666666666666667,-0.4666666666666665,0.2000000000000001,0.6666666666666667,0.6666666666666667,1.0,36,22,15,1,17,31,17,31,0,0,8,8,0.7894736842105263,0.7894736842105263,0.0,0.034324942791762,15,1,0.0493421052631578,0.3947368421052631,0.043859649122807,0.0246710526315789,1.5789473684210529,1,1.6,5,2.3947368421052637,1,1.4,5,1.8,1.2,0.6,1.0,1.0,0.0,0.8,-0.19999999999999996,0.6
2025-04-07,2024/25,Leicester City,Newcastle United,0,3,A,0.0,9.0,0.0,9.0,30,29,17,50,-33,1,19,7,4,10,5,5,0.5666666666666667,0.0,-0.5666666666666667,1.7241379310344829,1.8,0.0758620689655173,-0.642528735632184,-1.157471264367816,-1.8,-0.642528735632184,0.0,0.0,56,23,36,3,-3,30,15,30,1,0,8,9,0.7894736842105263,0.7631578947368421,0.0,0.031798245614035,36,3,0.0,0.1907894736842105,0.0493421052631578,0.0246179966044142,,0,0.0,5,1.5789473684210529,1,1.8,5,0.0,2.4,-2.4,1.4,2.0,-0.6,-1.4,-0.3999999999999999,-1.7999999999999998
2025-04-12,2024/25,Manchester City,Crystal Palace,5,2,H,8.0,13.0,10.0,13.0,31,30,52,43,9,1,6,11,11,2,7,5,1.6774193548387095,1.6,-0.0774193548387096,1.4333333333333331,2.6,1.1666666666666667,-1.2440860215053764,0.2440860215053764,-1.0,-1.2440860215053764,1.2440860215053764,-1.0,21,30,1,10,32,23,32,23,0,0,7,8,0.8157894736842105,0.7894736842105263,0.0370813397129186,0.0,1,10,0.4078947368421052,0.0717703349282296,0.0247208931419457,0.0328947368421052,2.3947368421052637,1,1.6,5,1.2894736842105263,1,2.6,5,1.0,0.6,0.4,2.0,0.6,1.4,-1.0,0.0,-0.9999999999999999
2025-04-12,2024/25,Nottingham Forest,Everton,0,1,A,10.0,4.0,13.0,8.0,31,31,57,35,22,0,3,15,5,8,5,5,1.8387096774193548,2.0,0.1612903225806452,1.1290322580645162,0.8,-0.3290322580645162,0.4903225806451614,0.7096774193548385,1.2,0.4903225806451614,0.0,0.0,16,38,-4,18,37,15,37,15,0,0,7,7,0.8157894736842105,0.8157894736842105,0.0479876160990712,0.0,4,18,0.1631578947368421,0.0429362880886426,0.0214681440443213,0.0509868421052631,0.9473684210526316,1,2.0,5,1.263157894736842,1,0.8,5,1.4,0.8,0.6,0.8,1.0,-0.2,0.5999999999999999,0.19999999999999996,0.8
2025-04-12,2024/25,Arsenal,Brentford,1,1,D,9.0,5.0,10.0,12.0,31,31,62,42,20,0,2,12,13,1,7,5,2.0,1.8,-0.1999999999999999,1.3548387096774193,1.0,-0.3548387096774192,0.1548387096774193,0.6451612903225807,0.8,0.1548387096774193,0.0,0.0,11,31,-9,11,42,22,42,22,0,0,7,7,0.8157894736842105,0.8157894736842105,0.0679824561403508,0.0,9,11,0.081578947368421,0.0679824561403508,0.0189718482252141,0.0354691075514874,2.3421052631578947,1,1.8,5,1.0263157894736843,1,1.0,5,1.0,0.6,0.4,0.8,1.0,-0.2,0.19999999999999996,0.4,0.6000000000000001
2025-04-12,2024/25,Southampton,Aston Villa,0,3,A,1.0,12.0,1.0,7.0,31,31,10,51,-41,0,20,7,3,12,5,5,0.3225806451612903,0.2,-0.1225806451612903,1.6451612903225807,2.4,0.7548387096774192,-0.8774193548387095,-1.3225806451612905,-2.2,-0.8774193548387093,0.0,0.0,63,22,43,2,-10,31,22,31,1,0,7,7,0.8157894736842105,0.8157894736842105,0.0,0.0,43,2,0.0,0.2719298245614035,0.0354691075514874,0.0254934210526315,,0,0.2,5,1.7894736842105263,1,2.4,5,0.8,2.6,-1.8,1.8,1.2,0.6,-1.0,-1.4000000000000001,-2.4
2025-04-12,2024/25,Brighton,Leicester City,2,2,D,7.0,0.0,9.0,3.0,31,31,47,17,30,0,9,19,9,3,5,5,1.5161290322580645,1.4,-0.1161290322580645,0.5483870967741935,0.0,-0.5483870967741935,0.4322580645161289,0.967741935483871,1.4,0.4322580645161289,0.0,0.0,26,56,6,36,27,-3,27,15,0,1,7,7,0.8157894736842105,0.8157894736842105,0.0,0.0,6,36,0.1165413533834586,0.0,0.0291353383458646,0.0509868421052631,1.263157894736842,1,1.4,5,,0,0.0,5,1.4,1.8,-0.4,0.0,2.2,-2.2,1.4,0.40000000000000013,1.8000000000000003
2025-04-13,2024/25,Chelsea,Ipswich Town,2,2,D,10.0,3.0,15.0,4.0,31,31,53,20,33,0,6,18,0,3,1,1,1.7096774193548387,2.0,0.2903225806451612,0.6451612903225806,0.6,-0.0451612903225806,0.3354838709677419,1.064516129032258,1.4,0.3354838709677419,0.0,0.0,20,53,2,35,33,0,33,12,0,1,7,7,0.8157894736842105,0.8157894736842105,0.0388471177944862,0.0,2,35,0.2719298245614035,0.0,0.0239938080495356,0.0627530364372469,1.6578947368421053,1,2.0,5,,0,0.6,5,1.2,0.2,1.0,1.4,2.2,-0.8,-0.19999999999999996,2.0,1.8
2025-04-13,2024/25,Liverpool,West Ham United,2,1,H,12.0,5.0,15.0,5.0,31,31,73,35,38,0,1,16,13,1,7,5,2.3548387096774195,2.4,0.0451612903225804,1.1290322580645162,1.0,-0.1290322580645162,0.1741935483870966,1.2258064516129032,1.4,0.1741935483870966,0.0,0.0,0,38,-18,20,53,15,53,15,0,0,7,7,0.8157894736842105,0.8157894736842105,0.8157894736842105,0.0,18,20,0.0429362880886426,0.0388471177944862,0.0151072124756335,0.0509868421052631,2.1578947368421053,1,2.4,5,1.368421052631579,1,1.0,5,2.0,0.8,1.2,1.0,1.0,0.0,1.0,0.19999999999999996,1.2
2025-04-13,2024/25,Wolverhampton Wanderers,Tottenham Hotspur,4,2,H,10.0,4.0,7.0,6.0,31,31,32,37,-5,0,17,15,10,4,7,5,1.032258064516129,2.0,0.967741935483871,1.1935483870967742,0.8,-0.3935483870967742,1.3612903225806452,-0.1612903225806452,1.2,1.3612903225806452,1.3612903225806452,1.0,41,36,23,18,12,17,12,17,0,0,7,7,0.8157894736842105,0.8157894736842105,0.0,0.0,23,18,0.0,0.0429362880886426,0.0627530364372469,0.0453216374269005,1.2105263157894737,1,2.0,5,1.736842105263158,1,0.8,5,1.4,1.0,0.4,1.0,1.4,-0.4,0.3999999999999999,0.3999999999999999,0.8
2025-04-13,2024/25,Newcastle United,Manchester United,4,1,H,12.0,8.0,9.0,7.0,30,31,53,38,15,-1,7,13,10,4,7,5,1.7666666666666666,2.4,0.6333333333333333,1.2258064516129032,1.6,0.3741935483870968,0.2591397849462364,0.5408602150537634,0.7999999999999998,0.2591397849462364,0.0,0.0,20,35,2,17,33,18,33,18,0,0,8,7,0.7894736842105263,0.8157894736842105,0.037593984962406,0.0,2,17,0.2631578947368421,0.0453216374269005,0.023219814241486,0.0429362880886426,1.5789473684210529,1,2.4,5,1.5789473684210529,1,1.6,5,2.0,1.2,0.8,1.4,0.8,0.6,0.6000000000000001,-0.3999999999999999,0.20000000000000007
2025-04-14,2024/25,Bournemouth,Fulham,1,0,H,2.0,9.0,3.0,9.0,31,31,45,48,-3,0,10,8,8,5,5,5,1.4516129032258065,0.4,-1.0516129032258066,1.5483870967741935,1.8,0.2516129032258065,-1.3032258064516131,-0.096774193548387,-1.4,-1.303225806451613,0.0,0.0,31,28,11,8,24,27,24,27,0,0,7,7,0.8157894736842105,0.8157894736842105,0.0,0.0,11,8,0.0679824561403508,0.0906432748538011,0.0326315789473684,0.0291353383458646,1.263157894736842,1,0.4,5,1.236842105263158,1,1.8,5,1.4,2.0,-0.6,1.8,1.4,0.4,-0.40000000000000013,-0.6000000000000001,-1.0
2025-04-16,2024/25,Newcastle United,Crystal Palace,5,0,H,12.0,10.0,9.0,10.0,31,31,56,43,13,0,4,12,6,6,7,5,1.806451612903225,2.4,0.5935483870967742,1.3870967741935485,2.0,0.6129032258064515,-0.0193548387096773,0.4193548387096772,0.3999999999999999,-0.0193548387096773,0.0,0.0,20,33,0,13,35,22,35,22,0,0,7,7,0.8157894736842105,0.8157894736842105,0.0388471177944862,0.0,0,13,0.8157894736842105,0.0582706766917293,0.0226608187134502,0.0354691075514874,1.5789473684210529,1,2.4,5,1.2894736842105263,1,2.0,5,2.0,0.8,1.2,2.0,1.6,0.4,0.0,0.8,0.7999999999999999
2025-04-19,2024/25,Brentford,Brighton,4,2,H,5.0,5.0,2.0,7.0,32,32,43,48,-5,0,11,10,6,6,7,5,1.34375,1.0,-0.34375,1.5,1.0,-0.5,0.15625,-0.15625,0.0,0.15625,0.0,0.0,33,28,14,9,22,27,22,27,0,0,6,6,0.8421052631578947,0.8421052631578947,0.0,0.0,14,9,0.0561403508771929,0.0842105263157894,0.0366132723112128,0.0300751879699248,1.0263157894736843,1,1.0,5,1.263157894736842,1,1.0,5,0.8,1.0,-0.2,1.4,2.0,-0.6,-0.5999999999999999,1.0,0.39999999999999997
2025-04-19,2024/25,Crystal Palace,Bournemouth,0,0,D,7.0,5.0,9.0,8.0,32,32,43,48,-5,0,12,8,7,7,5,5,1.34375,1.4,0.0562499999999999,1.5,1.0,-0.5,0.5562499999999999,-0.15625,0.3999999999999999,0.5562499999999999,0.5562499999999999,1.0,33,28,14,9,22,27,22,27,0,0,6,6,0.8421052631578947,0.8421052631578947,0.0,0.0,14,9,0.0561403508771929,0.0842105263157894,0.0366132723112128,0.0300751879699248,1.2894736842105263,1,1.4,5,1.263157894736842,1,1.0,5,1.2,2.4,-1.2,1.4,1.6,-0.2,-0.19999999999999996,-0.7999999999999998,-1.0
2025-04-19,2024/25,Everton,Manchester City,0,2,A,6.0,8.0,7.0,7.0,32,32,38,55,-17,0,13,5,2,11,7,5,1.1875,1.2,0.0124999999999999,1.71875,1.6,-0.1187499999999999,0.1312499999999998,-0.53125,-0.4000000000000001,0.1312499999999998,0.0,0.0,38,21,19,2,17,34,17,34,0,0,6,6,0.8421052631578947,0.8421052631578947,0.0,0.0,19,2,0.0,0.2807017543859649,0.0467836257309941,0.0240601503759398,1.263157894736842,1,1.2,5,2.3947368421052637,1,1.6,5,0.8,0.8,0.0,1.8,1.0,0.8,-1.0,0.19999999999999996,-0.8
2025-04-19,2024/25,West Ham United,Southampton,1,1,D,2.0,1.0,4.0,3.0,32,32,35,10,25,0,17,20,8,5,5,5,1.09375,0.4,-0.69375,0.3125,0.2,-0.1124999999999999,-0.58125,0.78125,0.2,-0.58125,0.0,0.0,41,66,22,47,14,-11,14,25,0,1,6,6,0.8421052631578947,0.8421052631578947,0.0,0.0,22,47,0.0,0.0,0.0561403508771929,0.0323886639676113,1.368421052631579,1,0.4,5,,0,0.2,5,0.8,1.4,-0.6,0.8,2.4,-1.6,0.0,1.0,1.0
2025-04-19,2024/25,Aston Villa,Newcastle United,4,1,H,12.0,15.0,9.0,9.0,32,32,54,59,-5,0,7,3,3,12,7,5,1.6875,2.4,0.7124999999999999,1.84375,3.0,1.15625,-0.4437500000000001,-0.15625,-0.6000000000000001,-0.4437500000000001,0.0,0.0,22,17,3,-2,33,38,33,38,0,0,6,6,0.8421052631578947,0.8421052631578947,0.0,0.0467836257309941,3,2,0.2105263157894736,0.2807017543859649,0.0247678018575851,0.0215924426450742,1.7894736842105263,1,2.4,5,1.5789473684210529,1,3.0,5,2.0,1.0,1.0,3.0,0.4,2.6,-1.0,-0.6,-1.6
2025-04-20,2024/25,Fulham,Chelsea,1,2,A,6.0,8.0,9.0,1.0,32,32,48,54,-6,0,9,7,7,7,5,5,1.5,1.2,-0.3,1.6875,1.6,-0.0874999999999999,-0.2125000000000001,-0.1875,-0.4000000000000001,-0.2125000000000001,0.0,0.0,28,22,10,4,27,33,27,33,0,0,6,6,0.8421052631578947,0.8421052631578947,0.0,0.0,10,4,0.0765550239234449,0.1684210526315789,0.0300751879699248,0.0247678018575851,1.236842105263158,1,1.2,5,1.6578947368421053,1,1.6,5,1.4,1.4,0.0,0.8,0.6,0.2,0.5999999999999999,-0.7999999999999999,-0.2
2025-04-20,2024/25,Ipswich Town,Arsenal,0,4,A,4.0,9.0,0.0,9.0,32,32,21,63,-42,0,18,2,0,3,1,1,0.65625,0.8,0.14375,1.96875,1.8,-0.1687499999999999,0.3125,-1.3125,-1.0,0.3125,0.0,0.0,55,13,37,-5,0,42,14,42,1,0,6,6,0.8421052631578947,0.8421052631578947,0.0,0.0601503759398496,37,5,0.0,0.1403508771929824,0.0561403508771929,0.0195838433292533,,0,0.8,5,2.3421052631578947,1,1.8,5,1.4,2.0,-0.6,1.2,0.8,0.4,0.19999999999999996,-1.2,-1.0
2025-04-20,2024/25,Manchester United,Wolverhampton Wanderers,0,1,A,5.0,13.0,5.0,9.0,32,32,38,35,3,0,14,17,12,3,7,5,1.1875,1.0,-0.1875,1.09375,2.6,1.50625,-1.69375,0.09375,-1.6,-1.69375,1.69375,-1.0,38,41,20,23,17,14,17,14,0,0,6,6,0.8421052631578947,0.8421052631578947,0.0,0.0,20,23,0.0,0.0,0.0467836257309941,0.0561403508771929,1.5789473684210529,1,1.0,5,1.2105263157894737,1,2.6,5,1.0,1.2,-0.2,2.0,1.0,1.0,-1.0,-0.19999999999999996,-1.2
2025-04-20,2024/25,Leicester City,Liverpool,0,1,A,1.0,12.0,0.0,8.0,32,32,18,76,-58,0,19,1,3,12,5,5,0.5625,0.2,-0.3625,2.375,2.4,0.0249999999999999,-0.3874999999999999,-1.8125,-2.2,-0.3874999999999997,0.0,0.0,58,0,40,-18,-3,55,17,55,1,0,6,6,0.8421052631578947,0.8421052631578947,0.0,0.8421052631578947,40,18,0.0,0.0443213296398892,0.0467836257309941,0.0150375939849624,,0,0.2,5,2.1578947368421053,1,2.4,5,0.4,2.2,-1.8,2.0,1.0,1.0,-1.6,-1.2000000000000002,-2.8
2025-04-21,2024/25,Tottenham Hotspur,Nottingham Forest,1,2,A,4.0,9.0,7.0,3.0,32,32,37,57,-20,0,16,6,12,3,5,5,1.15625,0.8,-0.3562499999999999,1.78125,1.8,0.01875,-0.375,-0.625,-1.0,-0.375,0.0,0.0,42,22,21,1,16,36,16,36,0,0,6,6,0.8421052631578947,0.8421052631578947,0.0,0.0,21,1,0.0,0.4210526315789473,0.0495356037151702,0.0227596017069701,1.736842105263158,1,0.8,5,0.9473684210526316,1,1.8,5,1.4,2.0,-0.6,1.4,1.0,0.4,0.0,-1.0,-1.0
2025-04-22,2024/25,Manchester City,Aston Villa,2,1,H,11.0,15.0,10.0,9.0,33,33,58,57,1,0,5,7,7,7,7,5,1.7575757575757576,2.2,0.4424242424242426,1.7272727272727273,3.0,1.2727272727272727,-0.8303030303030301,0.0303030303030302,-0.7999999999999998,-0.8303030303030301,0.8303030303030301,-1.0,21,22,1,2,37,36,37,36,0,0,5,5,0.868421052631579,0.868421052631579,0.0,0.0,1,2,0.4342105263157895,0.2894736842105263,0.0228531855955678,0.0234708392603129,2.3947368421052637,1,2.2,5,1.7894736842105263,1,3.0,5,2.2,0.8,1.4,2.6,0.4,2.2,-0.3999999999999999,-0.4,-0.8000000000000003
2025-04-23,2024/25,Arsenal,Crystal Palace,2,2,D,11.0,5.0,10.0,7.0,33,33,66,44,22,0,2,12,15,0,7,5,2.0,2.2,0.2000000000000001,1.3333333333333333,1.0,-0.3333333333333332,0.5333333333333334,0.6666666666666667,1.2000000000000002,0.5333333333333334,0.0,0.0,13,35,-6,16,45,23,45,23,0,0,5,5,0.868421052631579,0.868421052631579,0.0620300751879699,0.0,6,16,0.1240601503759398,0.0,0.0188787185354691,0.0361842105263157,2.3421052631578947,1,2.2,5,1.2894736842105263,1,1.0,5,1.8,0.6,1.2,1.0,2.4,-1.4,0.8,1.7999999999999998,2.5999999999999996
2025-04-26,2024/25,Chelsea,Everton,1,0,H,8.0,5.0,13.0,8.0,33,33,57,38,19,0,6,13,8,5,7,5,1.7272727272727273,1.6,-0.1272727272727272,1.1515151515151516,1.0,-0.1515151515151516,0.0242424242424244,0.5757575757575757,0.6000000000000001,0.0242424242424244,0.0,0.0,22,41,3,22,36,17,36,17,0,0,5,5,0.868421052631579,0.868421052631579,0.0,0.0,3,22,0.2171052631578947,0.0,0.0234708392603129,0.0482456140350877,1.6578947368421053,1,1.6,5,1.263157894736842,1,1.0,5,1.0,0.8,0.2,0.6,1.0,-0.4,0.4,0.19999999999999996,0.6000000000000001
2025-04-26,2024/25,Brighton,West Ham United,3,2,H,2.0,3.0,10.0,4.0,33,33,48,36,12,0,10,17,8,5,7,5,1.4545454545454546,0.4,-1.054545454545455,1.0909090909090908,0.6,-0.4909090909090908,-0.5636363636363638,0.3636363636363637,-0.1999999999999999,-0.5636363636363637,0.5636363636363637,-1.0,31,43,12,24,27,15,27,15,0,0,5,5,0.868421052631579,0.868421052631579,0.0,0.0,12,24,0.0668016194331983,0.0,0.0310150375939849,0.0542763157894736,1.263157894736842,1,0.4,5,1.368421052631579,1,0.6,5,1.4,2.6,-1.2,1.0,1.4,-0.4,0.3999999999999999,-1.2000000000000002,-0.7999999999999999
2025-04-26,2024/25,Newcastle United,Ipswich Town,3,0,H,12.0,4.0,12.0,5.0,33,33,59,21,38,0,5,18,3,0,1,1,1.7878787878787878,2.4,0.6121212121212121,0.6363636363636364,0.8,0.1636363636363637,0.4484848484848484,1.1515151515151514,1.6,0.4484848484848485,0.0,0.0,20,58,1,39,38,0,38,15,0,1,5,5,0.868421052631579,0.868421052631579,0.0,0.0,1,39,0.4342105263157895,0.0,0.0222672064777327,0.0542763157894736,1.5789473684210529,1,2.4,5,,0,0.8,5,3.0,1.2,1.8,1.4,2.6,-1.2,1.6,1.4000000000000001,3.0
2025-04-26,2024/25,Southampton,Fulham,1,2,A,2.0,6.0,1.0,6.0,33,33,11,48,-37,0,20,9,1,7,3,3,0.3333333333333333,0.4,0.0666666666666667,1.4545454545454546,1.2,-0.2545454545454546,0.3212121212121213,-1.121212121212121,-0.7999999999999999,0.3212121212121214,0.0,0.0,68,31,49,12,-10,27,25,27,1,0,5,5,0.868421052631579,0.868421052631579,0.0,0.0,49,12,0.0,0.0668016194331983,0.0334008097165991,0.0310150375939849,,0,0.4,5,1.236842105263158,1,1.2,5,0.8,2.0,-1.2,1.4,1.4,0.0,-0.5999999999999999,-0.6000000000000001,-1.2
2025-04-26,2024/25,Wolverhampton Wanderers,Leicester City,3,0,H,15.0,1.0,10.0,1.0,33,33,38,18,20,0,15,19,6,9,5,5,1.1515151515151516,3.0,1.8484848484848484,0.5454545454545454,0.2,-0.3454545454545454,2.193939393939394,0.6060606060606062,2.8,2.1939393939393934,0.0,0.0,41,61,22,42,17,-3,17,18,0,1,5,5,0.868421052631579,0.868421052631579,0.0,0.0,22,42,0.0,0.0,0.0482456140350877,0.0457063711911357,1.2105263157894737,1,3.0,5,,0,0.2,5,2.0,0.8,1.2,0.4,2.2,-1.8,1.6,1.4000000000000001,3.0
2025-04-27,2024/25,Bournemouth,Manchester United,1,1,D,5.0,4.0,3.0,4.0,33,33,49,38,11,0,10,15,7,7,5,5,1.4848484848484849,1.0,-0.4848484848484848,1.1515151515151516,0.8,-0.3515151515151515,-0.1333333333333333,0.3333333333333332,0.1999999999999999,-0.1333333333333333,0.0,0.0,30,41,12,23,28,17,28,17,0,0,5,5,0.868421052631579,0.868421052631579,0.0,0.0,12,23,0.0668016194331983,0.0,0.0299455535390199,0.0482456140350877,1.263157894736842,1,1.0,5,1.5789473684210529,1,0.8,5,1.0,1.2,-0.2,0.8,1.2,-0.4,0.19999999999999996,0.0,0.2
2025-04-27,2024/25,Liverpool,Tottenham Hotspur,5,1,H,12.0,3.0,15.0,6.0,33,33,79,37,42,0,1,16,12,3,7,5,2.393939393939394,2.4,0.0060606060606058,1.121212121212121,0.6,-0.5212121212121211,0.527272727272727,1.272727272727273,1.7999999999999998,0.5272727272727269,0.0,0.0,0,42,-18,24,58,16,58,16,0,0,5,5,0.868421052631579,0.868421052631579,0.868421052631579,0.0,18,24,0.0457063711911357,0.0,0.0147190008920606,0.0510835913312693,2.1578947368421053,1,2.4,5,1.736842105263158,1,0.6,5,1.8,1.0,0.8,1.2,2.0,-0.8,0.6000000000000001,1.0,1.6
2025-05-01,2024/25,Nottingham Forest,Brentford,0,2,A,9.0,8.0,10.0,10.0,33,33,60,46,14,0,6,11,5,8,5,5,1.818181818181818,1.8,-0.018181818181818,1.393939393939394,1.6,0.206060606060606,-0.2242424242424241,0.4242424242424241,0.1999999999999999,-0.2242424242424241,0.0,0.0,22,36,1,15,39,25,39,25,0,0,5,5,0.868421052631579,0.868421052631579,0.0,0.0,1,15,0.4342105263157895,0.0542763157894736,0.0217105263157894,0.0334008097165991,0.9473684210526316,1,1.8,5,1.0263157894736843,1,1.6,5,1.6,1.2,0.4,1.6,1.2,0.4,0.0,0.0,0.0
2025-05-02,2024/25,Manchester City,Wolverhampton Wanderers,1,0,H,13.0,15.0,10.0,12.0,34,34,61,41,20,0,4,13,12,3,7,5,1.7941176470588236,2.6,0.8058823529411765,1.2058823529411764,3.0,1.7941176470588236,-0.9882352941176472,0.5882352941176472,-0.3999999999999999,-0.9882352941176472,0.9882352941176472,-1.0,21,41,0,20,40,20,40,20,0,0,4,4,0.8947368421052632,0.8947368421052632,0.0,0.0,0,20,0.8947368421052632,0.0,0.0218228498074454,0.0426065162907268,2.3947368421052637,1,2.6,5,1.2105263157894737,1,3.0,5,2.2,0.6,1.6,2.2,0.6,1.6,0.0,0.0,0.0
2025-05-03,2024/25,Aston Villa,Fulham,1,0,H,12.0,6.0,11.0,6.0,34,34,57,51,6,0,7,8,12,3,5,5,1.6764705882352942,2.4,0.7235294117647058,1.5,1.2,-0.3,1.0235294117647058,0.1764705882352941,1.2,1.0235294117647058,0.0,0.0,25,31,5,11,36,30,36,30,0,0,4,4,0.8947368421052632,0.8947368421052632,0.0,0.0,5,11,0.1491228070175438,0.0745614035087719,0.0241820768136557,0.0288624787775891,1.7894736842105263,1,2.4,5,1.236842105263158,1,1.2,5,2.6,0.8,1.8,1.4,1.6,-0.2,1.2000000000000002,0.8,2.0
2025-05-03,2024/25,Everton,Ipswich Town,2,2,D,4.0,4.0,4.0,4.0,34,34,38,21,17,0,15,18,3,0,1,1,1.1176470588235294,0.8,-0.3176470588235294,0.6176470588235294,0.8,0.1823529411764706,-0.5,0.5,0.0,-0.5,0.0,0.0,44,61,24,41,17,0,17,15,0,1,4,4,0.8947368421052632,0.8947368421052632,0.0,0.0,24,41,0.0,0.0,0.0497076023391812,0.0559210526315789,1.263157894736842,1,0.8,5,,0,0.8,5,0.4,1.0,-0.6,1.0,2.4,-1.4,-0.6,1.4,0.7999999999999999
2025-05-03,2024/25,Leicester City,Southampton,2,0,H,1.0,2.0,0.0,4.0,34,34,18,11,7,0,19,20,7,7,5,5,0.5294117647058824,0.2,-0.3294117647058823,0.3235294117647059,0.4,0.0764705882352941,-0.4058823529411764,0.2058823529411764,-0.2,-0.4058823529411764,0.4058823529411764,-1.0,64,71,44,51,-3,-10,18,25,1,1,4,4,0.8947368421052632,0.8947368421052632,0.0,0.0,44,51,0.0,0.0,0.0470914127423822,0.034412955465587,,0,0.2,5,,0,0.4,5,0.4,2.2,-1.8,0.8,2.0,-1.2,-0.4,-0.20000000000000018,-0.6000000000000001
2025-05-03,2024/25,Arsenal,Bournemouth,1,2,A,9.0,6.0,8.0,6.0,34,34,67,50,17,0,2,10,12,3,5,5,1.9705882352941173,1.8,-0.1705882352941177,1.4705882352941178,1.2,-0.2705882352941178,0.1,0.5,0.6000000000000001,0.1,0.0,0.0,15,32,-5,12,46,29,46,29,0,0,4,4,0.8947368421052632,0.8947368421052632,0.0,0.0,5,12,0.1491228070175438,0.068825910931174,0.019036954087346,0.0298245614035087,2.3421052631578947,1,1.8,5,1.263157894736842,1,1.2,5,2.0,1.0,1.0,1.0,1.0,0.0,1.0,0.0,1.0
2025-05-04,2024/25,Brentford,Manchester United,4,3,H,8.0,2.0,5.0,5.0,34,34,49,39,10,0,11,15,4,10,7,5,1.4411764705882353,1.6,0.1588235294117648,1.1470588235294117,0.4,-0.7470588235294117,0.9058823529411764,0.2941176470588236,1.2000000000000002,0.9058823529411766,0.0,0.0,33,43,13,23,27,17,27,17,0,0,4,4,0.8947368421052632,0.8947368421052632,0.0,0.0,13,23,0.0,0.0,0.0319548872180451,0.0497076023391812,1.0263157894736843,1,1.6,5,1.5789473684210529,1,0.4,5,1.6,1.0,0.6,0.4,1.4,-1.0,1.2000000000000002,0.3999999999999999,1.6
2025-05-04,2024/25,Brighton,Newcastle United,1,1,D,4.0,12.0,10.0,6.0,34,34,51,62,-11,0,10,4,8,5,7,5,1.5,0.8,-0.7,1.8235294117647056,2.4,0.5764705882352941,-1.276470588235294,-0.3235294117647058,-1.6,-1.276470588235294,0.0,0.0,31,20,11,0,29,40,29,40,0,0,4,4,0.8947368421052632,0.8947368421052632,0.0,0.0,11,0,0.0745614035087719,0.8947368421052632,0.0298245614035087,0.0218228498074454,1.263157894736842,1,0.8,5,1.5789473684210529,1,2.4,5,1.6,2.6,-1.0,3.2,1.0,2.2,-1.6,-1.6,-3.2
2025-05-04,2024/25,West Ham United,Tottenham Hotspur,1,1,D,2.0,3.0,5.0,3.0,34,34,36,37,-1,0,17,16,5,8,7,5,1.0588235294117647,0.4,-0.6588235294117647,1.088235294117647,0.6,-0.488235294117647,-0.1705882352941177,-0.0294117647058822,-0.1999999999999999,-0.1705882352941177,0.0,0.0,46,45,26,25,14,15,14,15,0,0,4,4,0.8947368421052632,0.8947368421052632,0.0,0.0,26,25,0.0,0.0,0.0596491228070175,0.0559210526315789,1.368421052631579,1,0.4,5,1.736842105263158,1,0.6,5,1.2,1.8,-0.6,1.4,2.6,-1.2,-0.19999999999999996,0.8,0.6
2025-05-04,2024/25,Chelsea,Liverpool,3,1,H,11.0,12.0,13.0,8.0,34,34,60,82,-22,0,5,1,3,9,7,5,1.7647058823529411,2.2,0.435294117647059,2.411764705882353,2.4,-0.0117647058823529,0.4470588235294119,-0.6470588235294117,-0.1999999999999997,0.4470588235294119,0.0,0.0,22,0,2,-20,38,60,38,60,0,0,4,4,0.8947368421052632,0.8947368421052632,0.0,0.8947368421052632,2,20,0.2982456140350877,0.0426065162907268,0.0229419703103913,0.0146678170836928,1.6578947368421053,1,2.2,5,2.1578947368421053,1,2.4,5,1.2,0.6,0.6,2.2,1.0,1.2,-1.0000000000000002,0.4,-0.6
2025-05-05,2024/25,Crystal Palace,Nottingham Forest,1,1,D,5.0,6.0,10.0,6.0,34,34,45,60,-15,0,12,6,3,9,5,5,1.3235294117647058,1.0,-0.3235294117647058,1.7647058823529411,1.2,-0.5647058823529412,0.2411764705882353,-0.4411764705882353,-0.1999999999999999,0.2411764705882353,0.0,0.0,37,22,18,3,23,38,23,38,0,0,4,4,0.8947368421052632,0.8947368421052632,0.0,0.0,18,3,0.0,0.2236842105263158,0.0372807017543859,0.0229419703103913,1.2894736842105263,1,1.0,5,0.9473684210526316,1,1.2,5,1.2,2.6,-1.4,0.8,1.2,-0.4,0.3999999999999999,-1.4000000000000001,-0.9999999999999999
2025-05-10,2024/25,Fulham,Everton,1,3,A,6.0,5.0,9.0,5.0,35,35,51,39,12,0,11,14,9,3,5,5,1.457142857142857,1.2,-0.2571428571428571,1.1142857142857143,1.0,-0.1142857142857143,-0.1428571428571428,0.3428571428571427,0.1999999999999999,-0.1428571428571428,0.0,0.0,31,43,12,24,29,17,29,17,0,0,3,3,0.9210526315789472,0.9210526315789472,0.0,0.0,12,24,0.0,0.0,0.0307017543859649,0.0511695906432748,1.236842105263158,1,1.2,5,1.263157894736842,1,1.0,5,1.2,1.4,-0.2,0.8,1.2,-0.4,0.3999999999999999,-0.19999999999999996,0.2
2025-05-10,2024/25,Ipswich Town,Brentford,0,1,A,2.0,11.0,0.0,10.0,35,35,22,52,-30,0,18,9,0,3,1,1,0.6285714285714286,0.4,-0.2285714285714285,1.4857142857142858,2.2,0.7142857142857144,-0.942857142857143,-0.8571428571428572,-1.8000000000000005,-0.9428571428571432,0.0,0.0,60,30,41,11,0,30,15,30,1,0,3,3,0.9210526315789472,0.9210526315789472,0.0,0.0,41,11,0.0,0.0,0.0575657894736842,0.0297113752122241,,0,0.4,5,1.0263157894736843,1,2.2,5,1.0,2.6,-1.6,2.2,1.2,1.0,-1.2000000000000002,-1.4000000000000001,-2.6
2025-05-10,2024/25,Southampton,Manchester City,0,0,D,1.0,13.0,1.0,7.0,35,35,11,64,-53,0,20,3,2,11,5,5,0.3142857142857143,0.2,-0.1142857142857142,1.8285714285714283,2.6,0.7714285714285716,-0.8857142857142859,-1.5142857142857142,-2.4,-0.8857142857142857,0.0,0.0,71,18,52,-1,-11,42,26,42,1,0,3,3,0.9210526315789472,0.9210526315789472,0.0,0.0,52,1,0.0,0.4605263157894737,0.0341130604288499,0.0214198286413708,,0,0.2,5,2.3947368421052637,1,2.6,5,0.6,2.2,-1.6,2.0,0.6,1.4,-1.4,-1.6,-3.0
2025-05-10,2024/25,Wolverhampton Wanderers,Brighton,0,2,A,12.0,5.0,10.0,4.0,35,35,41,52,-11,0,13,10,2,11,7,5,1.1714285714285717,2.4,1.2285714285714284,1.4857142857142858,1.0,-0.4857142857142857,1.7142857142857142,-0.3142857142857143,1.4,1.7142857142857142,1.7142857142857142,1.0,41,30,22,11,19,30,19,30,0,0,3,3,0.9210526315789472,0.9210526315789472,0.0,0.0,22,11,0.0,0.0,0.0460526315789473,0.0297113752122241,1.2105263157894737,1,2.4,5,1.263157894736842,1,1.0,5,2.0,0.8,1.2,1.8,2.2,-0.4,0.19999999999999996,1.4000000000000001,1.6
2025-05-10,2024/25,Bournemouth,Aston Villa,0,1,A,9.0,12.0,4.0,9.0,35,35,53,60,-7,0,8,7,5,8,5,5,1.5142857142857142,1.8,0.2857142857142858,1.7142857142857142,2.4,0.6857142857142857,-0.3999999999999999,-0.1999999999999999,-0.5999999999999999,-0.3999999999999999,0.0,0.0,29,22,10,3,31,38,31,38,0,0,3,3,0.9210526315789472,0.9210526315789472,0.0,0.0,10,3,0.0,0.2302631578947368,0.0287828947368421,0.0236167341430499,1.263157894736842,1,1.8,5,1.7894736842105263,1,2.4,5,1.2,0.8,0.4,2.2,0.8,1.4,-1.0000000000000002,0.0,-0.9999999999999999
2025-05-11,2024/25,Liverpool,Arsenal,2,2,D,9.0,6.0,15.0,9.0,35,35,82,67,15,0,1,2,3,9,7,5,2.342857142857143,1.8,-0.5428571428571429,1.9142857142857144,1.2,-0.7142857142857144,0.1714285714285714,0.4285714285714286,0.6000000000000001,0.1714285714285714,0.0,0.0,0,15,-19,-4,60,45,60,45,0,0,3,3,0.9210526315789472,0.9210526315789472,0.9210526315789472,0.0,19,4,0.0460526315789473,0.1842105263157894,0.0150992234685073,0.0200228832951945,2.1578947368421053,1,1.8,5,2.3421052631578947,1,1.2,5,2.2,1.6,0.6,1.8,1.2,0.6,0.40000000000000013,-0.40000000000000013,0.0
2025-05-11,2024/25,Manchester United,West Ham United,0,2,A,2.0,3.0,5.0,4.0,35,35,39,37,2,0,15,17,6,9,7,5,1.1142857142857143,0.4,-0.7142857142857143,1.0571428571428572,0.6,-0.4571428571428572,-0.2571428571428571,0.0571428571428571,-0.1999999999999999,-0.2571428571428571,0.2571428571428571,-1.0,43,45,24,26,17,15,17,15,0,0,3,3,0.9210526315789472,0.9210526315789472,0.0,0.0,24,26,0.0,0.0,0.0511695906432748,0.0575657894736842,1.5789473684210529,1,0.4,5,1.368421052631579,1,0.6,5,1.0,2.0,-1.0,1.4,1.8,-0.4,-0.3999999999999999,-0.19999999999999996,-0.6
2025-05-11,2024/25,Newcastle United,Chelsea,2,0,H,10.0,11.0,15.0,4.0,35,35,63,63,0,0,4,5,7,7,7,5,1.8,2.0,0.1999999999999999,1.8,2.2,0.4000000000000001,-0.2000000000000001,0.0,-0.2000000000000001,-0.2000000000000001,0.0,0.0,19,19,0,0,41,41,41,41,0,0,3,3,0.9210526315789472,0.9210526315789472,0.0,0.0,0,0,0.9210526315789472,0.9210526315789472,0.0219298245614035,0.0219298245614035,1.5789473684210529,1,2.0,5,1.6578947368421053,1,2.2,5,2.8,1.2,1.6,1.6,0.8,0.8,1.1999999999999997,-0.3999999999999999,0.8
2025-05-11,2024/25,Tottenham Hotspur,Crystal Palace,0,2,A,4.0,3.0,7.0,5.0,35,35,38,46,-8,0,16,12,12,3,7,5,1.0857142857142856,0.8,-0.2857142857142856,1.3142857142857145,0.6,-0.7142857142857143,0.4285714285714287,-0.2285714285714286,0.2,0.4285714285714287,0.4285714285714287,1.0,44,36,25,17,16,24,16,24,0,0,3,3,0.9210526315789472,0.9210526315789472,0.0,0.0,25,17,0.0,0.0,0.0541795665634674,0.0368421052631578,1.736842105263158,1,0.8,5,1.2894736842105263,1,0.6,5,1.6,2.6,-1.0,1.0,2.6,-1.6,0.6000000000000001,0.0,0.6000000000000001
2025-05-11,2024/25,Nottingham Forest,Leicester City,2,2,D,4.0,4.0,7.0,1.0,35,35,61,21,40,0,7,19,6,3,3,3,1.7428571428571429,0.8,-0.9428571428571428,0.6,0.8,0.2,-1.1428571428571428,1.1428571428571428,0.0,-1.1428571428571428,0.0,0.0,21,61,2,42,39,-1,39,16,0,1,3,3,0.9210526315789472,0.9210526315789472,0.0,0.0,2,42,0.3070175438596491,0.0,0.0230263157894736,0.0541795665634674,0.9473684210526316,1,0.8,5,,0,0.8,5,0.8,1.4,-0.6,0.8,1.8,-1.0,0.0,0.40000000000000013,0.4
2025-05-16,2024/25,Aston Villa,Tottenham Hotspur,2,0,H,12.0,1.0,13.0,1.0,36,36,63,38,25,0,6,17,9,6,7,5,1.75,2.4,0.6499999999999999,1.0555555555555556,0.2,-0.8555555555555556,1.5055555555555555,0.6944444444444444,2.2,1.505555555555555,0.0,0.0,20,45,2,27,41,16,41,16,0,0,2,2,0.9473684210526316,0.9473684210526316,0.0,0.0,2,27,0.3157894736842105,0.0,0.0225563909774436,0.0557275541795665,1.7894736842105263,1,2.4,5,1.736842105263158,1,0.2,5,2.0,0.6,1.4,1.0,2.8,-1.8,1.0,2.1999999999999997,3.2
2025-05-16,2024/25,Chelsea,Manchester United,1,0,H,10.0,1.0,13.0,4.0,36,36,63,39,24,0,5,16,5,8,7,5,1.75,2.0,0.25,1.0833333333333333,0.2,-0.8833333333333333,1.1333333333333333,0.6666666666666667,1.8,1.1333333333333333,0.0,0.0,20,44,2,26,41,17,41,17,0,0,2,2,0.9473684210526316,0.9473684210526316,0.0,0.0,2,26,0.3157894736842105,0.0,0.0225563909774436,0.0526315789473684,1.6578947368421053,1,2.0,5,1.5789473684210529,1,0.2,5,1.6,1.2,0.4,1.0,2.4,-1.4,0.6000000000000001,1.2,1.7999999999999998
2025-05-18,2024/25,West Ham United,Nottingham Forest,1,2,A,5.0,5.0,6.0,7.0,36,36,40,62,-22,0,15,7,6,9,5,5,1.1111111111111112,1.0,-0.1111111111111111,1.7222222222222223,1.0,-0.7222222222222223,0.6111111111111112,-0.6111111111111112,0.0,0.6111111111111112,0.0,0.0,43,21,26,4,18,40,18,40,0,0,2,2,0.9473684210526316,0.9473684210526316,0.0,0.0,26,4,0.0,0.1894736842105263,0.0498614958448753,0.0231065468549422,1.368421052631579,1,1.0,5,0.9473684210526316,1,1.0,5,1.4,1.4,0.0,1.0,1.4,-0.4,0.3999999999999999,0.0,0.4
2025-05-18,2024/25,Brentford,Fulham,2,3,A,13.0,3.0,8.0,3.0,36,36,55,51,4,0,8,11,7,7,5,5,1.5277777777777777,2.6,1.0722222222222224,1.4166666666666667,0.6,-0.8166666666666668,1.8888888888888893,0.1111111111111109,2.0,1.888888888888889,0.0,0.0,28,32,11,15,33,29,33,29,0,0,2,2,0.9473684210526316,0.9473684210526316,0.0,0.0,11,15,0.0,0.0,0.0278637770897832,0.031578947368421,1.0263157894736843,1,2.6,5,1.236842105263158,1,0.6,5,2.4,1.2,1.2,0.8,1.6,-0.8,1.5999999999999999,0.40000000000000013,2.0
2025-05-18,2024/25,Leicester City,Ipswich Town,2,0,H,5.0,2.0,3.0,5.0,36,36,22,22,0,0,19,18,1,1,1,1,0.6111111111111112,1.0,0.3888888888888888,0.6111111111111112,0.4,-0.2111111111111111,0.6,0.0,0.6,0.6,0.0,0.0,61,61,44,44,0,0,16,16,1,1,2,2,0.9473684210526316,0.9473684210526316,0.0,0.0,44,44,0.0,0.0,0.0557275541795665,0.0557275541795665,,0,1.0,5,,0,0.4,5,1.2,1.6,-0.4,0.8,2.4,-1.6,0.3999999999999999,0.7999999999999998,1.2000000000000002
2025-05-18,2024/25,Arsenal,Newcastle United,1,0,H,6.0,10.0,8.0,7.0,36,36,68,66,2,0,2,3,7,7,7,5,1.8888888888888888,1.2,-0.6888888888888889,1.8333333333333333,2.0,0.1666666666666667,-0.8555555555555556,0.0555555555555555,-0.8,-0.8555555555555556,0.8555555555555556,-1.0,15,17,-2,0,46,44,46,44,0,0,2,2,0.9473684210526316,0.9473684210526316,0.0,0.0,2,0,0.3157894736842105,0.9473684210526316,0.0201567749160134,0.0210526315789473,2.3421052631578947,1,1.2,5,1.5789473684210529,1,2.0,5,2.0,1.4,0.6,2.4,1.0,1.4,-0.3999999999999999,-0.3999999999999999,-0.7999999999999999
2025-05-18,2024/25,Everton,Southampton,2,0,H,7.0,2.0,4.0,1.0,36,36,42,12,30,0,13,20,6,9,5,5,1.1666666666666667,1.4,0.2333333333333331,0.3333333333333333,0.4,0.0666666666666667,0.1666666666666664,0.8333333333333335,1.0,0.1666666666666664,0.0,0.0,41,71,24,54,20,-10,20,26,0,1,2,2,0.9473684210526316,0.9473684210526316,0.0,0.0,24,54,0.0,0.0,0.0451127819548872,0.0350877192982456,1.263157894736842,1,1.4,5,,0,0.4,5,1.2,1.2,0.0,0.4,1.6,-1.2,0.7999999999999999,0.40000000000000013,1.2
2025-05-19,2024/25,Brighton,Liverpool,3,2,H,8.0,10.0,8.0,7.0,36,36,55,83,-28,0,9,1,5,8,7,5,1.5277777777777777,1.6,0.0722222222222224,2.305555555555556,2.0,-0.3055555555555553,0.3777777777777777,-0.7777777777777777,-0.3999999999999999,0.3777777777777777,0.0,0.0,28,0,11,-17,30,58,30,58,0,0,2,2,0.9473684210526316,0.9473684210526316,0.0,0.9473684210526316,11,17,0.0,0.0526315789473684,0.030560271646859,0.0160570918822479,1.263157894736842,1,1.6,5,2.1578947368421053,1,2.0,5,2.0,1.8,0.2,2.2,1.4,0.8,-0.20000000000000018,-0.40000000000000013,-0.6000000000000001
2025-05-20,2024/25,Crystal Palace,Wolverhampton Wanderers,4,2,H,6.0,9.0,11.0,12.0,36,36,49,41,8,0,12,14,10,4,7,5,1.3611111111111112,1.2,-0.1611111111111112,1.1388888888888888,1.8,0.6611111111111112,-0.8222222222222224,0.2222222222222223,-0.6000000000000001,-0.8222222222222224,0.8222222222222224,-1.0,34,42,17,25,24,16,24,16,0,0,2,2,0.9473684210526316,0.9473684210526316,0.0,0.0,17,25,0.0,0.0,0.0378947368421052,0.0557275541795665,1.2894736842105263,1,1.2,5,1.2105263157894737,1,1.8,5,1.0,1.6,-0.6,1.6,1.0,0.6,-0.6000000000000001,-0.6000000000000001,-1.2
2025-05-20,2024/25,Manchester City,Bournemouth,3,1,H,13.0,8.0,13.0,6.0,36,36,65,53,12,0,6,11,12,3,5,5,1.805555555555556,2.6,0.7944444444444445,1.4722222222222223,1.6,0.1277777777777777,0.6666666666666667,0.3333333333333332,1.0,0.6666666666666667,0.0,0.0,18,30,1,13,40,28,40,28,0,0,2,2,0.9473684210526316,0.9473684210526316,0.0,0.0,1,13,0.4736842105263157,0.0,0.0231065468549422,0.0326678765880217,2.3947368421052637,1,2.6,5,1.263157894736842,1,1.6,5,2.0,0.6,1.4,0.8,0.6,0.2,1.2,0.0,1.2
2025-05-25,2024/25,Fulham,Manchester City,0,2,A,6.0,13.0,6.0,8.0,37,37,54,68,-14,0,10,3,0,15,5,5,1.4594594594594594,1.2,-0.2594594594594595,1.837837837837838,2.6,0.7621621621621621,-1.0216216216216216,-0.3783783783783785,-1.4,-1.0216216216216216,0.0,0.0,29,15,12,-2,29,43,29,43,0,0,1,1,0.9736842105263158,0.9736842105263158,0.0,0.0,12,2,0.0,0.3245614035087719,0.0324561403508772,0.0221291866028708,1.236842105263158,1,1.2,5,2.3947368421052637,1,2.6,5,1.4,1.8,-0.4,1.6,0.4,1.2,-0.20000000000000018,-1.4,-1.6
2025-05-25,2024/25,Manchester United,Aston Villa,2,0,H,1.0,12.0,5.0,12.0,37,37,39,66,-27,0,16,6,10,4,7,5,1.054054054054054,0.2,-0.854054054054054,1.7837837837837838,2.4,0.6162162162162161,-1.47027027027027,-0.7297297297297298,-2.2,-1.47027027027027,0.0,0.0,44,17,27,0,14,41,14,41,0,0,1,1,0.9736842105263158,0.9736842105263158,0.0,0.0,27,0,0.0,0.9736842105263158,0.0649122807017544,0.0231829573934837,1.5789473684210529,1,0.2,5,1.7894736842105263,1,2.4,5,0.8,1.8,-1.0,1.8,0.6,1.2,-1.0,-1.2000000000000002,-2.2
2025-05-25,2024/25,Ipswich Town,West Ham United,1,3,A,1.0,5.0,0.0,4.0,37,37,22,40,-18,0,19,15,0,3,1,1,0.5945945945945946,0.2,-0.3945945945945946,1.0810810810810811,1.0,-0.0810810810810811,-0.3135135135135135,-0.4864864864864865,-0.8,-0.3135135135135135,0.0,0.0,61,43,44,26,-3,15,16,15,1,0,1,1,0.9736842105263158,0.9736842105263158,0.0,0.0,44,26,0.0,0.0,0.0572755417956656,0.0608552631578947,,0,0.2,5,1.368421052631579,1,1.0,5,0.4,2.4,-2.0,1.4,1.4,0.0,-0.9999999999999999,-1.0,-2.0
2025-05-25,2024/25,Liverpool,Crystal Palace,1,1,D,7.0,9.0,13.0,5.0,37,37,83,52,31,0,1,12,8,5,7,5,2.2432432432432434,1.4,-0.8432432432432435,1.4054054054054057,1.8,0.3945945945945945,-1.237837837837838,0.8378378378378379,-0.4000000000000001,-1.237837837837838,1.237837837837838,-1.0,0,31,-17,14,58,27,58,27,0,0,1,1,0.9736842105263158,0.9736842105263158,0.9736842105263158,0.0,17,14,0.0540935672514619,0.0,0.0165031222123104,0.0347744360902255,2.1578947368421053,1,1.4,5,1.2894736842105263,1,1.8,5,2.2,1.8,0.4,1.8,1.0,0.8,0.40000000000000013,-0.8,-0.4
2025-05-25,2024/25,Bournemouth,Leicester City,2,0,H,5.0,7.0,4.0,2.0,37,37,53,25,28,0,11,18,6,3,3,3,1.4324324324324325,1.0,-0.4324324324324324,0.6756756756756757,1.4,0.7243243243243243,-1.1567567567567567,0.7567567567567568,-0.3999999999999999,-1.1567567567567567,1.1567567567567567,-1.0,30,58,13,41,28,0,28,13,0,1,1,1,0.9736842105263158,0.9736842105263158,0.0,0.0,13,41,0.0,0.0,0.0335753176043557,0.0695488721804511,1.263157894736842,1,1.0,5,,0,1.4,5,0.8,1.2,-0.4,1.2,1.2,0.0,-0.3999999999999999,0.0,-0.4
2025-05-25,2024/25,Wolverhampton Wanderers,Brentford,1,1,D,6.0,12.0,10.0,10.0,37,37,41,55,-14,0,14,9,7,7,7,5,1.108108108108108,1.2,0.0918918918918918,1.4864864864864864,2.4,0.9135135135135136,-0.8216216216216217,-0.3783783783783783,-1.2,-0.8216216216216217,0.0,0.0,42,28,25,11,16,30,16,30,0,0,1,1,0.9736842105263158,0.9736842105263158,0.0,0.0,25,11,0.0,0.0,0.0572755417956656,0.031409168081494,1.2105263157894737,1,1.2,5,1.0263157894736843,1,2.4,5,1.2,1.4,-0.2,2.6,1.6,1.0,-1.4000000000000001,0.20000000000000018,-1.2
2025-05-25,2024/25,Nottingham Forest,Chelsea,0,1,A,8.0,12.0,7.0,4.0,37,37,65,66,-1,0,7,5,6,6,5,5,1.7567567567567568,1.6,-0.1567567567567567,1.7837837837837838,2.4,0.6162162162162161,-0.7729729729729728,-0.0270270270270269,-0.7999999999999998,-0.7729729729729728,0.0,0.0,18,17,1,0,40,41,40,41,0,0,1,1,0.9736842105263158,0.9736842105263158,0.0,0.0,1,0,0.4868421052631579,0.9736842105263158,0.0237483953786906,0.0231829573934837,0.9473684210526316,1,1.6,5,1.6578947368421053,1,2.4,5,1.4,1.4,0.0,1.4,0.8,0.6,0.0,-0.5999999999999999,-0.6
2025-05-25,2024/25,Southampton,Arsenal,1,2,A,2.0,8.0,2.0,7.0,37,37,12,71,-59,0,20,2,5,8,5,5,0.3243243243243243,0.4,0.0756756756756756,1.9189189189189189,1.6,-0.3189189189189187,0.3945945945945944,-1.5945945945945943,-1.2000000000000002,0.3945945945945943,0.0,0.0,71,12,54,-5,-13,46,26,46,1,0,1,1,0.9736842105263158,0.9736842105263158,0.0,0.0,54,5,0.0,0.1622807017543859,0.0360623781676413,0.0207166853303471,,0,0.4,5,2.3421052631578947,1,1.6,5,0.4,1.4,-1.0,2.0,1.2,0.8,-1.6,-0.19999999999999996,-1.8
2025-05-25,2024/25,Newcastle United,Everton,0,1,A,7.0,7.0,15.0,7.0,37,37,66,45,21,0,4,13,8,5,7,5,1.7837837837837838,1.4,-0.3837837837837838,1.2162162162162162,1.4,0.1837837837837836,-0.5675675675675675,0.5675675675675675,0.0,-0.5675675675675675,0.0,0.0,17,38,0,21,41,20,41,20,0,0,1,1,0.9736842105263158,0.9736842105263158,0.0,0.0,0,21,0.9736842105263158,0.0,0.0231829573934837,0.0463659147869674,1.5789473684210529,1,1.4,5,1.263157894736842,1,1.4,5,1.4,1.2,0.2,1.4,1.2,0.2,0.0,0.0,0.0
2025-05-25,2024/25,Tottenham Hotspur,Brighton,1,4,A,1.0,10.0,4.0,7.0,37,37,38,58,-20,0,17,8,9,6,7,5,1.027027027027027,0.2,-0.827027027027027,1.5675675675675675,2.0,0.4324324324324324,-1.2594594594594597,-0.5405405405405406,-1.8,-1.2594594594594597,0.0,0.0,45,25,28,8,13,33,13,33,0,0,1,1,0.9736842105263158,0.9736842105263158,0.0,0.0,28,8,0.0,0.0,0.0695488721804511,0.0286377708978328,1.736842105263158,1,0.2,5,1.263157894736842,1,2.0,5,0.6,2.4,-1.8,2.2,1.8,0.4,-1.6,-0.5999999999999999,-2.2
2025-08-15,2025/26,Liverpool,Bournemouth,4,2,H,,,,,0,0,0,0,0,0,1,1,12,3,6,5,,,,,,,,,,,,,0,0,0,0,0,0,0,0,0,0,38,38,0.0,0.0,0.0,0.0,0,0,0.0,0.0,0.0,0.0,2.210526315789474,1,1.0,5,1.4736842105263157,1,1.4,5,2.2,2.0,0.2,1.2,1.2,0.0,1.0000000000000002,-0.8,0.2
2025-08-16,2025/26,Aston Villa,Newcastle United,0,0,D,,,,,0,0,0,0,0,0,2,2,6,9,8,5,,,,,,,,,,,,,3,3,0,0,0,0,0,0,0,0,38,38,0.0,0.0,0.0,0.0,0,0,0.0,0.0,0.0,0.0,1.736842105263158,1,1.8,5,1.736842105263158,1,1.4,5,1.0,0.8,0.2,1.2,0.6,0.6,-0.19999999999999996,-0.20000000000000007,-0.39999999999999997
2025-08-16,2025/26,Sunderland,West Ham United,3,0,H,,,,,0,0,0,0,0,0,2,2,0,0,0,0,,,,,,,,,,,,,3,3,0,0,0,0,0,0,0,1,38,38,0.0,0.0,0.0,0.0,0,0,0.0,0.0,0.0,0.0,,0,,0,1.131578947368421,1,1.4,5,,,,1.8,1.4,0.4,,,
2025-08-16,2025/26,Wolverhampton Wanderers,Manchester City,0,4,A,,,,,0,0,0,0,0,0,2,2,3,12,8,5,,,,,,,,,,,,,3,3,0,0,0,0,0,0,1,0,38,38,0.0,0.0,0.0,0.0,0,0,0.0,0.0,0.0,0.0,1.105263157894737,1,0.8,5,1.868421052631579,1,2.6,5,1.2,1.6,-0.4,1.6,0.4,1.2,-0.40000000000000013,-1.2000000000000002,-1.6
2025-08-16,2025/26,Tottenham Hotspur,Burnley,3,0,H,,,,,0,0,0,0,0,0,2,2,9,3,4,4,,,,,,,,,,,,,3,3,0,0,0,0,0,0,0,0,38,38,0.0,0.0,0.0,0.0,0,0,0.0,0.0,0.0,0.0,1.0,1,0.2,5,,0,,0,0.6,2.8,-2.2,1.6,2.0,-0.4,-1.0,-0.7999999999999998,-1.8000000000000003
2025-08-16,2025/26,Brighton,Fulham,1,1,D,,,,,0,0,0,0,0,0,2,2,4,10,6,5,,,,,,,,,,,,,3,3,0,0,0,0,0,0,0,0,38,38,0.0,0.0,0.0,0.0,0,0,0.0,0.0,0.0,0.0,1.605263157894737,1,2.6,5,1.4210526315789471,1,1.2,5,2.6,1.2,1.4,1.2,1.8,-0.6,1.4000000000000001,0.6000000000000001,2.0
2025-08-17,2025/26,Chelsea,Crystal Palace,0,0,D,,,,,0,0,0,0,0,0,9,9,11,2,8,5,,,,,,,,,,,,,3,3,3,3,0,0,0,0,0,0,38,38,0.0,0.0,0.0,0.0,3,3,0.0,0.0,0.0,0.0,1.8157894736842104,1,2.4,5,1.394736842105263,1,1.8,5,1.2,0.6,0.6,2.0,1.2,0.8,-0.8,0.6,-0.20000000000000007
2025-08-17,2025/26,Nottingham Forest,Brentford,3,1,H,,,,,0,0,0,0,0,0,9,9,4,10,6,5,,,,,,,,,,,,,3,3,3,3,0,0,0,0,0,0,38,38,0.0,0.0,0.0,0.0,3,3,0.0,0.0,0.0,0.0,1.7105263157894737,1,1.0,5,1.4736842105263157,1,2.0,5,1.0,1.4,-0.4,2.0,1.4,0.6,-1.0,0.0,-1.0
2025-08-17,2025/26,Manchester United,Arsenal,0,1,A,,,,,0,0,0,0,0,0,9,9,1,13,8,5,,,,,,,,,,,,,3,3,3,3,0,0,0,0,0,0,38,38,0.0,0.0,0.0,0.0,3,3,0.0,0.0,0.0,0.0,1.105263157894737,1,0.8,5,1.947368421052632,1,1.6,5,1.2,1.6,-0.4,1.6,1.4,0.2,-0.40000000000000013,-0.20000000000000018,-0.6000000000000001
2025-08-18,2025/26,Leeds United,Everton,1,0,H,,,,,0,0,0,0,0,0,13,13,2,8,4,4,,,,,,,,,,,,,3,3,3,3,0,0,0,0,0,0,38,38,0.0,0.0,0.0,0.0,3,3,0.0,0.0,0.0,0.0,,0,,0,1.263157894736842,1,2.0,5,1.2,3.0,-1.8,1.6,0.8,0.8,-0.40000000000000013,-2.2,-2.6
2025-08-22,2025/26,West Ham United,Chelsea,1,5,A,,,,,1,1,0,1,-1,0,18,10,4,10,8,5,0.0,,,1.0,,,,-1.0,,,,,3,2,3,2,0,1,0,1,1,0,37,37,0.0263157894736842,0.0263157894736842,0.006578947368421,0.0087719298245614,3,2,0.006578947368421,0.0087719298245614,0.0263157894736842,0.0131578947368421,1.131578947368421,1,1.4,5,1.8157894736842104,1,2.0,5,1.4,1.4,0.0,1.0,0.6,0.4,0.3999999999999999,-0.7999999999999999,-0.4
2025-08-23,2025/26,Manchester City,Tottenham Hotspur,0,2,A,,,,,1,1,3,3,0,0,2,3,7,7,8,5,3.0,,,3.0,,,,0.0,,,,,1,1,0,0,3,3,3,3,0,0,37,37,0.0263157894736842,0.0263157894736842,0.0131578947368421,0.0131578947368421,0,0,0.0263157894736842,0.0263157894736842,0.006578947368421,0.006578947368421,1.868421052631579,1,2.6,5,1.0,1,0.8,5,2.0,0.2,1.8,1.0,1.8,-0.8,1.0,1.6,2.6
2025-08-23,2025/26,Bournemouth,Wolverhampton Wanderers,1,0,H,,,,,1,1,0,0,0,0,16,19,9,6,6,5,0.0,,,0.0,,,,0.0,,,,,4,4,3,3,0,0,0,0,0,1,37,37,0.0263157894736842,0.0263157894736842,0.0052631578947368,0.0052631578947368,3,3,0.006578947368421,0.006578947368421,0.0263157894736842,0.0263157894736842,1.4736842105263157,1,1.2,5,1.105263157894737,1,0.2,5,1.4,1.8,-0.4,0.6,2.4,-1.8,0.7999999999999999,0.5999999999999999,1.4
2025-08-23,2025/26,Brentford,Aston Villa,1,0,H,,,,,1,1,0,1,-1,0,17,11,2,11,8,5,0.0,,,1.0,,,,-1.0,,,,,4,3,3,2,0,1,0,1,0,0,37,37,0.0263157894736842,0.0263157894736842,0.0052631578947368,0.006578947368421,3,2,0.006578947368421,0.0087719298245614,0.0263157894736842,0.0131578947368421,1.4736842105263157,1,1.4,5,1.736842105263158,1,2.0,5,1.8,2.0,-0.2,0.8,0.4,0.4,1.0,-1.6,-0.6000000000000001
2025-08-23,2025/26,Burnley,Sunderland,2,0,H,,,,,1,1,0,3,-3,0,18,3,0,0,0,0,0.0,,,3.0,,,,-3.0,,,,,4,1,3,0,0,3,0,3,1,0,37,37,0.0263157894736842,0.0263157894736842,0.0052631578947368,0.0131578947368421,3,0,0.006578947368421,0.0263157894736842,0.0263157894736842,0.006578947368421,,0,0.0,1,,0,3.0,1,0.8,2.4,-1.6,3.0,0.0,3.0,-2.2,-2.4,-4.6
2025-08-23,2025/26,Arsenal,Leeds United,5,0,H,,,,,1,1,3,3,0,0,7,7,12,0,4,4,3.0,,,3.0,,,,0.0,,,,,1,1,0,0,3,3,3,3,0,0,37,37,0.0263157894736842,0.0263157894736842,0.0131578947368421,0.0131578947368421,0,0,0.0263157894736842,0.0263157894736842,0.006578947368421,0.006578947368421,1.947368421052632,1,2.0,5,,0,3.0,1,1.4,1.0,0.4,1.2,2.2,-1.0,0.19999999999999996,1.2000000000000002,1.4
2025-08-24,2025/26,Crystal Palace,Nottingham Forest,1,1,D,,,,,1,1,1,3,-2,0,14,6,4,7,6,5,1.0,,,3.0,,,,-2.0,,,,,5,3,2,0,1,3,1,3,0,0,37,37,0.0263157894736842,0.0263157894736842,0.0043859649122807,0.006578947368421,2,0,0.0087719298245614,0.0263157894736842,0.0131578947368421,0.006578947368421,1.394736842105263,1,1.8,5,1.7105263157894737,1,1.6,5,1.6,0.8,0.8,1.6,1.2,0.4,0.0,0.3999999999999999,0.4
2025-08-24,2025/26,Everton,Brighton,2,0,H,,,,,1,1,0,1,-1,0,17,12,8,5,8,5,0.0,,,1.0,,,,-1.0,,,,,6,5,3,2,0,1,0,1,0,0,37,37,0.0263157894736842,0.0263157894736842,0.0037593984962406,0.0043859649122807,3,2,0.006578947368421,0.0087719298245614,0.0263157894736842,0.0131578947368421,1.263157894736842,1,2.0,5,1.605263157894737,1,2.2,5,1.6,0.8,0.8,2.2,1.0,1.2,-0.6000000000000001,0.19999999999999996,-0.3999999999999999
2025-08-24,2025/26,Fulham,Manchester United,1,1,D,,,,,1,1,1,0,1,0,12,17,3,12,6,5,1.0,,,0.0,,,,1.0,,,,,5,6,2,3,1,0,1,0,0,1,37,37,0.0263157894736842,0.0263157894736842,0.0043859649122807,0.0037593984962406,2,3,0.0087719298245614,0.006578947368421,0.0131578947368421,0.0263157894736842,1.4210526315789471,1,0.8,5,1.105263157894737,1,0.6,5,1.0,1.8,-0.8,1.0,1.6,-0.6,0.0,-0.19999999999999996,-0.20000000000000007
2025-08-25,2025/26,Newcastle United,Liverpool,2,3,A,,,,,1,1,1,3,-2,0,15,5,1,13,8,5,1.0,,,3.0,,,,-2.0,,,,,5,3,3,1,0,2,0,2,0,0,37,37,0.0263157894736842,0.0263157894736842,0.0043859649122807,0.006578947368421,3,1,0.006578947368421,0.0131578947368421,0.0263157894736842,0.0087719298245614,1.736842105263158,1,1.0,5,2.210526315789474,1,1.0,5,0.6,0.6,0.0,2.0,2.2,-0.2,-1.4,1.6,0.2
2025-08-30,2025/26,Chelsea,Fulham,2,0,H,,,,,2,2,4,2,2,0,4,13,10,4,6,5,2.0,,,1.0,,,,1.0,,,,,2,4,0,2,3,1,3,1,0,0,36,36,0.0526315789473684,0.0526315789473684,0.0175438596491228,0.0105263157894736,0,2,0.0526315789473684,0.0175438596491228,0.0131578947368421,0.0263157894736842,1.8157894736842104,1,2.0,5,1.4210526315789471,1,1.0,5,1.4,0.6,0.8,1.2,1.8,-0.6,0.19999999999999996,1.2000000000000002,1.4
2025-08-30,2025/26,Manchester United,Burnley,3,2,H,,,,,2,2,1,3,-2,0,16,10,8,2,4,4,0.5,,,1.5,,,,-1.0,,,,,5,3,3,1,0,2,0,2,0,0,36,36,0.0526315789473684,0.0526315789473684,0.0087719298245614,0.0131578947368421,3,1,0.0131578947368421,0.0263157894736842,0.0526315789473684,0.0175438596491228,1.105263157894737,1,0.8,5,,0,1.5,2,0.6,1.0,-0.4,1.0,2.2,-1.2,-0.4,1.2000000000000002,0.7999999999999999
2025-08-30,2025/26,Sunderland,Brentford,2,1,H,,,,,2,2,3,3,0,0,7,10,0,0,0,0,1.5,,,1.5,,,,0.0,,,,,3,3,1,1,2,2,2,2,0,0,36,36,0.0526315789473684,0.0526315789473684,0.0131578947368421,0.0131578947368421,1,1,0.0263157894736842,0.0263157894736842,0.0175438596491228,0.0175438596491228,,0,1.5,2,1.4736842105263157,1,1.4,5,1.5,1.0,0.5,1.2,1.4,-0.2,0.30000000000000004,0.3999999999999999,0.7
2025-08-30,2025/26,Tottenham Hotspur,Bournemouth,0,1,A,,,,,2,2,6,3,3,0,2,9,7,7,6,5,3.0,,,1.5,,,,1.5,,,,,0,3,-2,1,5,2,5,2,0,0,36,36,0.0526315789473684,0.0526315789473684,0.0526315789473684,0.0131578947368421,2,1,0.0175438596491228,0.0263157894736842,0.0087719298245614,0.0175438596491228,1.0,1,1.2,5,1.4736842105263157,1,1.2,5,1.2,1.6,-0.4,1.2,1.6,-0.4,0.0,0.0,0.0
2025-08-30,2025/26,Wolverhampton Wanderers,Everton,2,3,A,,,,,2,2,0,3,-3,0,19,8,8,5,8,5,0.0,,,1.5,,,,-1.5,,,,,6,3,4,1,-1,2,1,2,1,0,36,36,0.0526315789473684,0.0526315789473684,0.0075187969924812,0.0131578947368421,4,1,0.0105263157894736,0.0263157894736842,0.0263157894736842,0.0175438596491228,1.105263157894737,1,0.2,5,1.263157894736842,1,2.4,5,0.6,2.4,-1.8,1.6,0.4,1.2,-1.0,-2.0,-3.0
2025-08-30,2025/26,Leeds United,Newcastle United,0,0,D,,,,,2,2,3,1,2,0,12,15,3,6,4,4,1.5,,,0.5,,,,1.0,,,,,3,5,1,3,2,0,2,0,0,0,36,36,0.0526315789473684,0.0526315789473684,0.0131578947368421,0.0087719298245614,1,3,0.0263157894736842,0.0131578947368421,0.0175438596491228,0.0526315789473684,,0,1.5,2,1.736842105263158,1,0.8,5,1.0,2.8,-1.8,0.8,1.0,-0.2,0.19999999999999996,-1.7999999999999998,-1.6
2025-08-31,2025/26,Brighton,Manchester City,2,1,H,,,,,2,2,1,3,-2,0,18,11,5,8,8,5,0.5,,,1.5,,,,-1.0,,,,,6,4,5,3,0,2,0,2,1,0,36,36,0.0526315789473684,0.0526315789473684,0.0075187969924812,0.0105263157894736,5,3,0.0087719298245614,0.0131578947368421,0.0526315789473684,0.0175438596491228,1.605263157894737,1,2.0,5,1.868421052631579,1,2.0,5,2.0,1.2,0.8,1.8,0.6,1.2,0.19999999999999996,-0.6,-0.3999999999999999
2025-08-31,2025/26,Nottingham Forest,West Ham United,0,3,A,,,,,2,2,4,0,4,0,8,20,9,6,6,5,2.0,,,0.0,,,,2.0,,,,,3,7,2,6,3,-1,3,1,0,1,36,36,0.0526315789473684,0.0526315789473684,0.0131578947368421,0.006578947368421,2,6,0.0175438596491228,0.0075187969924812,0.0131578947368421,0.0263157894736842,1.7105263157894737,1,1.6,5,1.131578947368421,1,1.2,5,1.6,1.2,0.4,1.4,2.2,-0.8,0.20000000000000018,1.0000000000000002,1.2000000000000002
2025-08-31,2025/26,Liverpool,Arsenal,1,0,H,,,,,2,2,6,6,0,0,4,2,4,7,8,5,3.0,,,3.0,,,,0.0,,,,,1,1,0,0,5,5,5,5,0,0,36,36,0.0526315789473684,0.0526315789473684,0.0263157894736842,0.0263157894736842,0,0,0.0526315789473684,0.0526315789473684,0.0087719298245614,0.0087719298245614,2.210526315789474,1,1.6,5,1.947368421052632,1,2.6,5,2.4,2.0,0.4,2.2,0.6,1.6,0.19999999999999973,-1.4,-1.2000000000000002
2025-08-31,2025/26,Aston Villa,Crystal Palace,0,3,A,,,,,2,2,1,2,-1,0,17,14,7,7,8,5,0.5,,,1.0,,,,-0.5,,,,,6,5,5,4,0,1,0,1,0,0,36,36,0.0526315789473684,0.0526315789473684,0.0075187969924812,0.0087719298245614,5,4,0.0087719298245614,0.0105263157894736,0.0526315789473684,0.0263157894736842,1.736842105263158,1,1.4,5,1.394736842105263,1,1.8,5,0.6,0.6,0.0,1.6,0.8,0.8,-1.0,0.20000000000000007,-0.8
2025-09-13,2025/26,Bournemouth,Brighton,2,1,H,,,,,3,3,6,4,2,0,7,11,3,12,6,5,2.0,,,1.3333333333333333,,,,0.6666666666666667,,,,,3,5,0,2,4,2,4,2,0,0,35,35,0.0789473684210526,0.0789473684210526,0.0197368421052631,0.0131578947368421,0,2,0.0789473684210526,0.0263157894736842,0.0157894736842105,0.0263157894736842,1.4736842105263157,1,1.8,5,1.605263157894737,1,2.0,5,1.4,1.4,0.0,2.0,1.4,0.6,-0.6000000000000001,0.0,-0.6
2025-09-13,2025/26,Everton,Aston Villa,0,0,D,,,,,3,3,6,1,5,0,5,19,1,13,8,5,2.0,,,0.3333333333333333,,,,1.6666666666666667,,,,,3,8,0,5,4,-1,4,1,0,1,35,35,0.0789473684210526,0.0789473684210526,0.0197368421052631,0.0087719298245614,0,5,0.0789473684210526,0.0131578947368421,0.0157894736842105,0.0394736842105263,1.263157894736842,1,2.4,5,1.736842105263158,1,0.8,5,1.6,0.6,1.0,0.4,1.2,-0.8,1.2000000000000002,0.6,1.8
2025-09-13,2025/26,Crystal Palace,Sunderland,0,0,D,,,,,3,3,5,6,-1,0,8,5,0,0,0,0,1.6666666666666667,,,2.0,,,,-0.3333333333333332,,,,,4,3,1,0,3,4,3,4,0,0,35,35,0.0789473684210526,0.0789473684210526,0.0157894736842105,0.0197368421052631,1,0,0.0394736842105263,0.0789473684210526,0.0197368421052631,0.0157894736842105,1.394736842105263,1,1.8,5,,0,2.0,3,1.8,0.8,1.0,1.6666666666666667,1.0,0.6666666666666666,0.1333333333333333,0.19999999999999996,0.33333333333333337
2025-09-13,2025/26,Arsenal,Nottingham Forest,3,0,H,,,,,3,3,6,4,2,0,3,10,10,4,6,5,2.0,,,1.3333333333333333,,,,0.6666666666666667,,,,,3,5,0,2,4,2,4,2,0,0,35,35,0.0789473684210526,0.0789473684210526,0.0197368421052631,0.0131578947368421,0,2,0.0789473684210526,0.0263157894736842,0.0157894736842105,0.0263157894736842,1.947368421052632,1,2.4,5,1.7105263157894737,1,1.4,5,1.8,0.4,1.4,1.2,1.4,-0.2,0.6000000000000001,0.9999999999999999,1.5999999999999999
2025-09-13,2025/26,Brentford,Chelsea,2,2,D,,,,,3,3,3,7,-4,0,15,2,8,5,8,5,1.0,,,2.333333333333333,,,,-1.3333333333333337,,,,,6,2,3,-1,1,5,1,5,0,0,35,35,0.0789473684210526,0.0789473684210526,0.0112781954887218,0.0263157894736842,3,1,0.0197368421052631,0.0394736842105263,0.0394736842105263,0.0131578947368421,1.4736842105263157,1,0.8,5,1.8157894736842104,1,2.6,5,1.2,1.8,-0.6,1.8,0.2,1.6,-0.6000000000000001,-1.6,-2.2
2025-09-13,2025/26,Newcastle United,Wolverhampton Wanderers,1,0,H,,,,,3,3,2,0,2,0,17,20,13,1,8,5,0.6666666666666666,,,0.0,,,,0.6666666666666666,,,,,7,9,4,6,0,-2,0,2,0,1,35,35,0.0789473684210526,0.0789473684210526,0.0098684210526315,0.0078947368421052,4,6,0.0157894736842105,0.0112781954887218,0.0789473684210526,0.0263157894736842,1.736842105263158,1,0.4,5,1.105263157894737,1,0.2,5,0.4,1.0,-0.6,1.0,2.6,-1.6,-0.6,1.6,1.0
2025-09-13,2025/26,Fulham,Leeds United,1,0,H,,,,,3,3,2,4,-2,0,18,12,6,0,2,2,0.6666666666666666,,,1.3333333333333333,,,,-0.6666666666666666,,,,,7,5,4,2,0,2,0,2,1,0,35,35,0.0789473684210526,0.0789473684210526,0.0098684210526315,0.0131578947368421,4,2,0.0157894736842105,0.0263157894736842,0.0789473684210526,0.0263157894736842,1.4210526315789471,1,1.0,5,,0,1.3333333333333333,3,1.0,1.6,-0.6,0.6,2.4,-1.8,0.4,0.7999999999999998,1.2000000000000002
2025-09-13,2025/26,West Ham United,Tottenham Hotspur,0,3,A,,,,,3,3,3,6,-3,0,16,4,5,8,8,5,1.0,,,2.0,,,,-1.0,,,,,6,3,3,0,1,4,1,4,0,0,35,35,0.0789473684210526,0.0789473684210526,0.0112781954887218,0.0197368421052631,3,0,0.0197368421052631,0.0789473684210526,0.0394736842105263,0.0157894736842105,1.131578947368421,1,1.2,5,1.0,1,1.2,5,1.6,2.2,-0.6,1.2,1.4,-0.2,0.40000000000000013,-0.8000000000000003,-0.39999999999999997
2025-09-14,2025/26,Burnley,Liverpool,0,1,A,,,,,3,3,3,9,-6,0,17,3,0,12,4,4,1.0,,,3.0,,,,-2.0,,,,,6,0,6,0,0,6,0,6,0,0,35,35,0.0789473684210526,0.0789473684210526,0.0112781954887218,0.0789473684210526,6,0,0.0112781954887218,0.0789473684210526,0.0789473684210526,0.0112781954887218,,0,1.0,3,2.210526315789474,1,2.0,5,1.2,2.0,-0.8,2.2,1.6,0.6,-1.0000000000000002,-0.3999999999999999,-1.4
2025-09-14,2025/26,Manchester City,Manchester United,3,0,H,,,,,3,3,3,4,-1,0,16,11,7,7,8,5,1.0,,,1.3333333333333333,,,,-0.3333333333333332,,,,,6,5,6,5,0,1,0,1,0,0,35,35,0.0789473684210526,0.0789473684210526,0.0112781954887218,0.0131578947368421,6,5,0.0112781954887218,0.0131578947368421,0.0789473684210526,0.0394736842105263,1.868421052631579,1,1.8,5,1.105263157894737,1,1.4,5,2.0,1.0,1.0,1.2,1.0,0.2,0.8,0.0,0.8
2025-09-20,2025/26,Liverpool,Everton,2,1,H,,,,,4,4,12,7,5,0,1,6,10,4,8,5,3.0,,,1.75,,,,1.25,,,,,0,5,-3,2,9,4,9,4,0,0,34,34,0.1052631578947368,0.1052631578947368,0.1052631578947368,0.0175438596491228,3,2,0.0263157894736842,0.0350877192982456,0.0105263157894736,0.0210526315789473,2.210526315789474,1,2.6,5,1.263157894736842,1,2.0,5,2.0,1.0,1.0,1.2,0.6,0.6,0.8,-0.4,0.4
2025-09-20,2025/26,Brighton,Tottenham Hotspur,2,2,D,,,,,4,4,4,9,-5,0,13,3,9,6,8,5,1.0,,,2.25,,,,-1.25,,,,,8,3,5,0,1,6,1,6,0,0,34,34,0.1052631578947368,0.1052631578947368,0.0116959064327485,0.0263157894736842,5,0,0.0175438596491228,0.1052631578947368,0.0526315789473684,0.0150375939849624,1.605263157894737,1,1.4,5,1.0,1,1.8,5,1.6,1.4,0.2,1.8,1.0,0.8,-0.19999999999999996,-0.3999999999999999,-0.6000000000000001
2025-09-20,2025/26,West Ham United,Crystal Palace,1,2,A,,,,,4,4,3,6,-3,0,18,9,4,10,8,5,0.75,,,1.5,,,,-0.75,,,,,9,6,6,3,0,3,0,3,1,0,34,34,0.1052631578947368,0.1052631578947368,0.0105263157894736,0.0150375939849624,6,3,0.0150375939849624,0.0263157894736842,0.1052631578947368,0.0263157894736842,1.131578947368421,1,1.2,5,1.394736842105263,1,1.4,5,1.4,2.4,-1.0,1.0,0.4,0.6,0.3999999999999999,-2.0,-1.6
2025-09-20,2025/26,Fulham,Brentford,3,1,H,,,,,4,4,5,4,1,0,11,12,7,7,6,5,1.25,,,1.0,,,,0.25,,,,,7,8,4,5,2,1,2,1,0,0,34,34,0.1052631578947368,0.1052631578947368,0.0131578947368421,0.0116959064327485,4,5,0.0210526315789473,0.0175438596491228,0.0350877192982456,0.0526315789473684,1.4210526315789471,1,1.0,5,1.4736842105263157,1,1.0,5,0.6,1.2,-0.6,1.2,1.6,-0.4,-0.6,0.40000000000000013,-0.19999999999999996
2025-09-20,2025/26,Wolverhampton Wanderers,Leeds United,1,3,A,,,,,4,4,0,4,-4,0,20,16,1,10,4,4,0.0,,,1.0,,,,-1.0,,,,,12,8,9,5,-3,1,3,1,1,0,34,34,0.1052631578947368,0.1052631578947368,0.0080971659919028,0.0116959064327485,9,5,0.0105263157894736,0.0175438596491228,0.0263157894736842,0.0526315789473684,1.105263157894737,1,0.2,5,,0,1.0,4,0.6,2.0,-1.4,0.4,2.0,-1.6,0.19999999999999996,0.0,0.20000000000000018
2025-09-20,2025/26,Manchester United,Chelsea,2,1,H,,,,,4,4,4,8,-4,0,14,5,7,7,8,5,1.0,,,2.0,,,,-1.0,,,,,8,4,5,1,1,5,1,5,0,0,34,34,0.1052631578947368,0.1052631578947368,0.0116959064327485,0.0210526315789473,5,1,0.0175438596491228,0.0526315789473684,0.0526315789473684,0.0175438596491228,1.105263157894737,1,1.4,5,1.8157894736842104,1,2.2,5,1.2,1.4,-0.2,2.0,0.6,1.4,-0.8,-0.7999999999999999,-1.5999999999999999
2025-09-20,2025/26,Burnley,Nottingham Forest,1,1,D,,,,,4,4,3,4,-1,0,17,15,1,4,2,2,0.75,,,1.0,,,,-0.25,,,,,9,8,6,5,0,1,0,1,0,0,34,34,0.1052631578947368,0.1052631578947368,0.0105263157894736,0.0116959064327485,6,5,0.0150375939849624,0.0175438596491228,0.1052631578947368,0.0526315789473684,,0,0.75,4,1.7105263157894737,1,0.8,5,1.0,1.8,-0.8,0.8,1.8,-1.0,0.19999999999999996,0.0,0.19999999999999996
2025-09-21,2025/26,Bournemouth,Newcastle United,0,0,D,,,,,4,4,9,5,4,0,5,13,9,3,6,5,2.25,,,1.25,,,,1.0,,,,,6,10,0,4,6,2,6,2,0,0,34,34,0.1052631578947368,0.1052631578947368,0.0150375939849624,0.0095693779904306,0,4,0.1052631578947368,0.0210526315789473,0.0150375939849624,0.0350877192982456,1.4736842105263157,1,2.4,5,1.736842105263158,1,1.0,5,1.6,1.0,0.6,0.6,0.8,-0.2,1.0,-0.19999999999999996,0.8
2025-09-21,2025/26,Sunderland,Aston Villa,1,1,D,,,,,4,4,7,2,5,0,8,19,0,0,0,0,1.75,,,0.5,,,,1.25,,,,,8,13,2,7,4,-1,4,2,0,1,34,34,0.1052631578947368,0.1052631578947368,0.0116959064327485,0.0075187969924812,2,7,0.0350877192982456,0.0131578947368421,0.0210526315789473,0.0350877192982456,,0,1.75,4,1.736842105263158,1,0.4,5,1.25,0.75,0.5,0.0,1.2,-1.2,1.25,0.44999999999999996,1.7
2025-09-21,2025/26,Arsenal,Manchester City,1,1,D,,,,,4,4,9,6,3,0,3,12,8,5,8,5,2.25,,,1.5,,,,0.75,,,,,6,9,0,3,6,3,6,3,0,0,34,34,0.1052631578947368,0.1052631578947368,0.0150375939849624,0.0105263157894736,0,3,0.1052631578947368,0.0263157894736842,0.0150375939849624,0.0263157894736842,1.947368421052632,1,2.4,5,1.868421052631579,1,1.8,5,2.2,0.4,1.8,2.0,0.8,1.2,0.20000000000000018,0.4,0.6000000000000001
2025-09-27,2025/26,Brentford,Manchester United,3,1,H,4.0,7.0,,,5,5,4,7,-3,0,17,11,4,10,8,5,0.8,0.8,0.0,1.4,1.4,0.0,0.0,-0.5999999999999999,-0.5999999999999999,0.0,0.0,0.0,11,8,6,3,1,4,1,4,0,0,33,33,0.131578947368421,0.131578947368421,0.0109649122807017,0.0146198830409356,6,3,0.018796992481203,0.0328947368421052,0.0657894736842105,0.0263157894736842,1.4736842105263157,1,0.8,5,1.105263157894737,1,1.4,5,1.2,2.0,-0.8,1.2,1.6,-0.4,0.0,-0.3999999999999999,-0.4
2025-09-27,2025/26,Chelsea,Brighton,1,3,A,8.0,5.0,,,5,5,8,5,3,0,6,14,9,6,8,5,1.6,1.6,0.0,1.0,1.0,0.0,0.0,0.6000000000000001,0.6000000000000001,0.0,0.0,0.0,7,10,2,5,5,2,5,2,0,0,33,33,0.131578947368421,0.131578947368421,0.0164473684210526,0.0119617224880382,2,5,0.043859649122807,0.0219298245614035,0.0219298245614035,0.043859649122807,1.8157894736842104,1,1.6,5,1.605263157894737,1,1.0,5,2.0,1.0,1.0,1.2,1.6,-0.4,0.8,0.6000000000000001,1.4
2025-09-27,2025/26,Crystal Palace,Liverpool,2,1,H,9.0,15.0,,,5,5,9,15,-6,0,5,1,5,8,8,5,1.8,1.8,0.0,3.0,3.0,0.0,0.0,-1.2,-1.2,0.0,0.0,0.0,6,0,1,-5,6,12,6,12,0,0,33,33,0.131578947368421,0.131578947368421,0.018796992481203,0.131578947368421,1,5,0.0657894736842105,0.0219298245614035,0.018796992481203,0.0101214574898785,1.394736842105263,1,1.8,5,2.210526315789474,1,3.0,5,1.2,0.4,0.8,2.2,1.0,1.2,-1.0000000000000002,0.6,-0.3999999999999999
2025-09-27,2025/26,Leeds United,Bournemouth,2,2,D,7.0,10.0,,,5,5,7,10,-3,0,12,4,3,3,2,2,1.4,1.4,0.0,2.0,2.0,0.0,0.0,-0.6000000000000001,-0.6000000000000001,0.0,0.0,0.0,8,5,3,0,4,7,4,7,0,0,33,33,0.131578947368421,0.131578947368421,0.0146198830409356,0.0219298245614035,3,0,0.0328947368421052,0.131578947368421,0.0263157894736842,0.0164473684210526,,0,1.4,5,1.4736842105263157,1,2.0,5,0.8,1.4,-0.6,1.2,1.0,0.2,-0.3999999999999999,-0.3999999999999999,-0.8
2025-09-27,2025/26,Manchester City,Burnley,5,1,H,7.0,4.0,,,5,5,7,4,3,0,9,16,12,0,4,4,1.4,1.4,0.0,0.8,0.8,0.0,0.0,0.5999999999999999,0.5999999999999999,0.0,0.0,0.0,8,11,3,6,4,1,4,1,0,0,33,33,0.131578947368421,0.131578947368421,0.0146198830409356,0.0109649122807017,3,6,0.0328947368421052,0.018796992481203,0.0263157894736842,0.0657894736842105,1.868421052631579,1,1.4,5,,0,0.8,5,1.8,1.0,0.8,1.0,1.6,-0.6,0.8,0.6000000000000001,1.4
2025-09-27,2025/26,Nottingham Forest,Sunderland,0,1,A,5.0,8.0,,,5,5,5,8,-3,0,15,7,0,0,0,0,1.0,1.0,0.0,1.6,1.6,0.0,0.0,-0.6000000000000001,-0.6000000000000001,0.0,0.0,0.0,10,7,5,2,2,5,2,5,0,0,33,33,0.131578947368421,0.131578947368421,0.0119617224880382,0.0164473684210526,5,2,0.0219298245614035,0.043859649122807,0.043859649122807,0.0219298245614035,1.7105263157894737,1,1.0,5,,0,1.6,5,1.0,1.8,-0.8,1.2,0.8,0.4,-0.19999999999999996,-1.0,-1.2000000000000002
2025-09-27,2025/26,Tottenham Hotspur,Wolverhampton Wanderers,1,1,D,10.0,0.0,,,5,5,10,0,10,0,3,20,1,13,8,5,2.0,2.0,0.0,0.0,0.0,0.0,0.0,2.0,2.0,0.0,0.0,0.0,5,15,0,10,7,-3,7,4,0,1,33,33,0.131578947368421,0.131578947368421,0.0219298245614035,0.0082236842105263,0,10,0.131578947368421,0.0119617224880382,0.0164473684210526,0.0263157894736842,1.0,1,2.0,5,1.105263157894737,1,0.0,5,2.0,0.6,1.4,0.6,2.4,-1.8,1.4,1.7999999999999998,3.2
2025-09-28,2025/26,Aston Villa,Fulham,3,1,H,3.0,8.0,,,5,5,3,8,-5,0,18,9,15,0,6,5,0.6,0.6,0.0,1.6,1.6,0.0,0.0,-1.0,-1.0,0.0,0.0,0.0,12,7,8,3,0,5,1,5,1,0,33,33,0.131578947368421,0.131578947368421,0.0101214574898785,0.0164473684210526,8,3,0.0146198830409356,0.0328947368421052,0.0657894736842105,0.0219298245614035,1.736842105263158,1,0.6,5,1.4210526315789471,1,1.6,5,0.2,1.0,-0.8,1.2,1.0,0.2,-1.0,0.0,-1.0
2025-09-28,2025/26,Newcastle United,Arsenal,1,2,A,6.0,10.0,,,5,5,6,10,-4,0,15,7,6,9,8,5,1.2,1.2,0.0,2.0,2.0,0.0,0.0,-0.8,-0.8,0.0,0.0,0.0,9,5,5,1,3,7,3,7,0,0,33,33,0.131578947368421,0.131578947368421,0.0131578947368421,0.0219298245614035,5,1,0.0219298245614035,0.0657894736842105,0.0328947368421052,0.0164473684210526,1.736842105263158,1,1.2,5,1.947368421052632,1,2.0,5,0.6,0.6,0.0,2.0,0.4,1.6,-1.4,-0.19999999999999996,-1.6
2025-09-29,2025/26,Everton,West Ham United,1,1,D,7.0,3.0,,,5,5,7,3,4,0,12,19,5,8,8,5,1.4,1.4,0.0,0.6,0.6,0.0,0.0,0.7999999999999999,0.7999999999999999,0.0,0.0,0.0,8,12,4,8,3,-1,3,2,0,1,33,33,0.131578947368421,0.131578947368421,0.0146198830409356,0.0101214574898785,4,8,0.0263157894736842,0.0146198830409356,0.0328947368421052,0.043859649122807,1.263157894736842,1,1.4,5,1.131578947368421,1,0.6,5,1.2,1.0,0.2,1.0,2.6,-1.6,0.19999999999999996,1.6,1.8
2025-10-03,2025/26,Bournemouth,Fulham,3,1,H,11.0,7.0,,,6,6,11,8,3,0,6,11,10,4,6,5,1.8333333333333333,2.2,0.3666666666666669,1.3333333333333333,1.4,0.0666666666666666,0.3000000000000002,0.5,0.8000000000000003,0.3000000000000002,0.0,0.0,4,7,0,3,7,4,7,4,0,0,32,32,0.1578947368421052,0.1578947368421052,0.031578947368421,0.0197368421052631,0,3,0.1578947368421052,0.0394736842105263,0.0197368421052631,0.031578947368421,1.4736842105263157,1,2.2,5,1.4210526315789471,1,1.4,5,1.2,0.6,0.6,1.2,1.4,-0.2,0.0,0.7999999999999999,0.8
2025-10-04,2025/26,Leeds United,Tottenham Hotspur,1,2,A,5.0,8.0,,,6,6,8,11,-3,0,12,5,0,12,4,4,1.3333333333333333,1.0,-0.3333333333333332,1.8333333333333333,1.6,-0.2333333333333331,-0.1,-0.5,-0.6000000000000001,-0.1,0.0,0.0,7,4,4,1,4,7,4,7,0,0,32,32,0.1578947368421052,0.1578947368421052,0.0197368421052631,0.031578947368421,4,1,0.031578947368421,0.0789473684210526,0.031578947368421,0.0197368421052631,,0,1.0,5,1.0,1,1.6,5,1.0,1.8,-0.8,1.6,0.8,0.8,-0.6000000000000001,-1.0,-1.6
2025-10-04,2025/26,Arsenal,West Ham United,2,0,H,10.0,4.0,,,6,6,13,4,9,0,3,19,7,7,8,5,2.1666666666666665,2.0,-0.1666666666666665,0.6666666666666666,0.8,0.1333333333333334,-0.2999999999999999,1.5,1.2,-0.3,0.0,0.0,2,11,-1,8,9,0,9,1,0,1,32,32,0.1578947368421052,0.1578947368421052,0.0526315789473684,0.0131578947368421,1,8,0.0789473684210526,0.0175438596491228,0.0157894736842105,0.0789473684210526,1.947368421052632,1,2.0,5,1.131578947368421,1,0.8,5,2.2,0.6,1.6,1.2,2.2,-1.0,1.0000000000000002,1.6,2.6
2025-10-04,2025/26,Manchester United,Sunderland,2,0,H,7.0,8.0,,,6,6,7,11,-4,0,14,6,0,0,0,0,1.1666666666666667,1.4,0.2333333333333331,1.8333333333333333,1.6,-0.2333333333333331,0.4666666666666663,-0.6666666666666665,-0.2000000000000001,0.4666666666666663,0.0,0.0,8,4,5,1,3,7,3,7,0,0,32,32,0.1578947368421052,0.1578947368421052,0.0175438596491228,0.031578947368421,5,1,0.0263157894736842,0.0789473684210526,0.0394736842105263,0.0197368421052631,1.105263157894737,1,1.4,5,,0,1.6,5,1.4,2.0,-0.6,0.8,0.8,0.0,0.5999999999999999,-1.2,-0.6
2025-10-04,2025/26,Chelsea,Liverpool,2,1,H,7.0,12.0,,,6,6,8,15,-7,0,8,1,5,8,8,5,1.3333333333333333,1.4,0.0666666666666666,2.5,2.4,-0.1,0.1666666666666667,-1.1666666666666667,-1.0,0.1666666666666667,0.0,0.0,7,0,4,-3,4,11,4,11,0,0,32,32,0.1578947368421052,0.1578947368421052,0.0197368421052631,0.1578947368421052,4,3,0.031578947368421,0.0394736842105263,0.031578947368421,0.0131578947368421,1.8157894736842104,1,1.4,5,2.210526315789474,1,2.4,5,2.2,1.6,0.6,1.6,1.0,0.6,0.6000000000000001,-0.6000000000000001,0.0
2025-10-05,2025/26,Aston Villa,Burnley,2,1,H,5.0,4.0,,,6,6,6,4,2,0,16,18,10,1,4,4,1.0,1.0,0.0,0.6666666666666666,0.8,0.1333333333333334,-0.1333333333333334,0.3333333333333333,0.1999999999999999,-0.1333333333333334,0.0,0.0,10,12,8,10,2,0,2,1,0,1,32,32,0.1578947368421052,0.1578947368421052,0.0143540669856459,0.0121457489878542,8,10,0.0175438596491228,0.0143540669856459,0.0526315789473684,0.0789473684210526,1.736842105263158,1,1.0,5,,0,0.8,5,0.8,1.2,-0.4,1.2,2.0,-0.8,-0.3999999999999999,0.8,0.4
2025-10-05,2025/26,Everton,Crystal Palace,2,1,H,8.0,11.0,,,6,6,8,12,-4,0,10,5,11,2,8,5,1.3333333333333333,1.6,0.2666666666666668,2.0,2.2,0.2000000000000001,0.0666666666666666,-0.6666666666666667,-0.6000000000000001,0.0666666666666666,0.0,0.0,8,4,6,2,4,8,4,8,0,0,32,32,0.1578947368421052,0.1578947368421052,0.0175438596491228,0.031578947368421,6,2,0.0225563909774436,0.0526315789473684,0.031578947368421,0.0175438596491228,1.263157894736842,1,1.6,5,1.394736842105263,1,2.2,5,1.4,1.0,0.4,1.6,0.6,1.0,-0.20000000000000018,-0.4,-0.6
2025-10-05,2025/26,Newcastle United,Nottingham Forest,2,0,H,5.0,2.0,,,6,6,6,5,1,0,15,17,12,3,6,5,1.0,1.0,0.0,0.8333333333333334,0.4,-0.4333333333333333,0.4333333333333333,0.1666666666666666,0.6,0.4333333333333333,0.0,0.0,10,11,8,9,2,1,2,1,0,0,32,32,0.1578947368421052,0.1578947368421052,0.0143540669856459,0.0131578947368421,8,9,0.0175438596491228,0.0157894736842105,0.0526315789473684,0.0789473684210526,1.736842105263158,1,1.0,5,1.7105263157894737,1,0.4,5,0.8,1.0,-0.2,0.4,1.8,-1.4,0.4,0.8,1.2
2025-10-05,2025/26,Wolverhampton Wanderers,Brighton,1,1,D,1.0,7.0,,,6,6,1,8,-7,0,20,11,2,11,8,5,0.1666666666666666,0.2,0.0333333333333333,1.3333333333333333,1.4,0.0666666666666666,-0.0333333333333333,-1.1666666666666663,-1.2,-0.0333333333333334,0.0,0.0,15,8,13,6,-3,4,4,4,1,0,32,32,0.1578947368421052,0.1578947368421052,0.0098684210526315,0.0175438596491228,13,6,0.0112781954887218,0.0225563909774436,0.031578947368421,0.031578947368421,1.105263157894737,1,0.2,5,1.605263157894737,1,1.4,5,0.8,1.8,-1.0,1.6,1.6,0.0,-0.8,-0.19999999999999996,-1.0
2025-10-05,2025/26,Brentford,Manchester City,0,1,A,7.0,7.0,,,6,6,7,10,-3,0,14,8,4,10,8,5,1.1666666666666667,1.4,0.2333333333333331,1.6666666666666667,1.4,-0.2666666666666668,0.5,-0.5,0.0,0.5,0.0,0.0,9,6,7,4,3,6,3,6,0,0,32,32,0.1578947368421052,0.1578947368421052,0.0157894736842105,0.0225563909774436,7,4,0.0197368421052631,0.031578947368421,0.0394736842105263,0.0225563909774436,1.4736842105263157,1,1.4,5,1.868421052631579,1,1.4,5,1.6,1.6,0.0,2.0,1.2,0.8,-0.3999999999999999,-0.40000000000000013,-0.8
2025-10-18,2025/26,Nottingham Forest,Chelsea,0,3,A,1.0,7.0,,,7,7,5,11,-6,0,17,7,5,8,6,5,0.7142857142857143,0.2,-0.5142857142857142,1.5714285714285714,1.4,-0.1714285714285714,-0.3428571428571427,-0.8571428571428571,-1.2,-0.3428571428571428,0.0,0.0,11,5,9,3,1,7,1,7,0,0,31,31,0.1842105263157894,0.1842105263157894,0.0153508771929824,0.0307017543859649,9,3,0.0184210526315789,0.0460526315789473,0.0921052631578947,0.0230263157894736,1.7105263157894737,1,0.2,5,1.8157894736842104,1,1.4,5,0.2,2.0,-1.8,1.6,1.6,0.0,-1.4000000000000001,-0.3999999999999999,-1.8
2025-10-18,2025/26,Brighton,Newcastle United,2,1,H,8.0,8.0,,,7,7,9,9,0,0,12,11,8,5,8,5,1.2857142857142858,1.6,0.3142857142857143,1.2857142857142858,1.6,0.3142857142857143,0.0,0.0,0.0,0.0,0.0,0.0,7,7,5,5,5,5,5,5,0,0,31,31,0.1842105263157894,0.1842105263157894,0.0230263157894736,0.0230263157894736,5,5,0.0307017543859649,0.0307017543859649,0.0307017543859649,0.0307017543859649,1.605263157894737,1,1.6,5,1.736842105263158,1,1.6,5,1.8,1.4,0.4,0.8,0.4,0.4,1.0,-0.9999999999999999,0.0
2025-10-18,2025/26,Crystal Palace,Bournemouth,3,3,D,10.0,11.0,,,7,7,12,14,-2,0,6,4,5,8,6,5,1.7142857142857142,2.0,0.2857142857142858,2.0,2.2,0.2000000000000001,0.0857142857142856,-0.2857142857142858,-0.2000000000000001,0.0857142857142856,0.0,0.0,4,2,2,0,8,10,8,10,0,0,31,31,0.1842105263157894,0.1842105263157894,0.0368421052631578,0.0614035087719298,2,0,0.0614035087719298,0.1842105263157894,0.0204678362573099,0.0167464114832535,1.394736842105263,1,2.0,5,1.4736842105263157,1,2.2,5,1.6,0.8,0.8,1.6,0.8,0.8,0.0,0.0,0.0
2025-10-18,2025/26,Fulham,Arsenal,0,1,A,6.0,10.0,,,7,7,8,16,-8,0,14,1,5,8,6,5,1.1428571428571428,1.2,0.0571428571428571,2.2857142857142856,2.0,-0.2857142857142856,0.3428571428571427,-1.1428571428571428,-0.8,0.3428571428571427,0.0,0.0,8,0,6,-2,4,12,4,12,0,0,31,31,0.1842105263157894,0.1842105263157894,0.0204678362573099,0.1842105263157894,6,2,0.0263157894736842,0.0614035087719298,0.0368421052631578,0.0141700404858299,1.4210526315789471,1,1.2,5,1.947368421052632,1,2.0,5,1.2,1.8,-0.6,1.6,0.6,1.0,-0.40000000000000013,-1.2000000000000002,-1.6
2025-10-18,2025/26,Manchester City,Everton,2,0,H,10.0,8.0,,,7,7,13,11,2,0,5,8,13,1,8,5,1.8571428571428568,2.0,0.1428571428571428,1.5714285714285714,1.6,0.0285714285714286,0.1142857142857141,0.2857142857142858,0.3999999999999999,0.1142857142857141,0.0,0.0,3,5,1,3,9,7,9,7,0,0,31,31,0.1842105263157894,0.1842105263157894,0.0460526315789473,0.0307017543859649,1,3,0.0921052631578947,0.0460526315789473,0.0184210526315789,0.0230263157894736,1.868421052631579,1,2.0,5,1.263157894736842,1,1.6,5,2.2,0.8,1.4,1.4,1.2,0.2,0.8000000000000003,0.3999999999999999,1.2
2025-10-18,2025/26,Sunderland,Wolverhampton Wanderers,2,0,H,8.0,2.0,,,7,7,11,2,9,0,9,20,0,0,0,0,1.5714285714285714,1.6,0.0285714285714286,0.2857142857142857,0.4,0.1142857142857143,-0.0857142857142856,1.2857142857142856,1.2000000000000002,-0.0857142857142854,0.0,0.0,5,14,3,12,7,-2,7,3,0,1,31,31,0.1842105263157894,0.1842105263157894,0.0307017543859649,0.0122807017543859,3,12,0.0460526315789473,0.0141700404858299,0.0230263157894736,0.0460526315789473,,0,1.6,5,1.105263157894737,1,0.4,5,0.8,0.8,0.0,1.0,1.8,-0.8,-0.19999999999999996,1.0,0.8
2025-10-18,2025/26,Burnley,Leeds United,2,0,H,1.0,5.0,,,7,7,4,8,-4,0,18,15,1,4,2,2,0.5714285714285714,0.2,-0.3714285714285714,1.1428571428571428,1.0,-0.1428571428571428,-0.2285714285714286,-0.5714285714285714,-0.8,-0.2285714285714286,0.0,0.0,12,8,10,6,0,4,1,4,1,0,31,31,0.1842105263157894,0.1842105263157894,0.0141700404858299,0.0204678362573099,10,6,0.0167464114832535,0.0263157894736842,0.0921052631578947,0.0368421052631578,,0,0.2,5,,0,1.0,5,1.0,2.4,-1.4,1.2,1.2,0.0,-0.19999999999999996,-1.2,-1.4
2025-10-19,2025/26,Tottenham Hotspur,Aston Villa,1,2,A,8.0,8.0,,,7,7,14,9,5,0,5,13,6,9,8,5,2.0,1.6,-0.3999999999999999,1.2857142857142858,1.6,0.3142857142857143,-0.7142857142857142,0.7142857142857142,0.0,-0.7142857142857142,0.0,0.0,5,10,1,6,9,4,9,4,0,0,31,31,0.1842105263157894,0.1842105263157894,0.0307017543859649,0.0167464114832535,1,6,0.0921052631578947,0.0263157894736842,0.0184210526315789,0.0368421052631578,1.0,1,1.6,5,1.736842105263158,1,1.6,5,1.6,1.0,0.6,1.2,1.2,0.0,0.40000000000000013,0.19999999999999996,0.6
2025-10-19,2025/26,Liverpool,Manchester United,1,2,A,9.0,9.0,,,7,7,15,10,5,0,3,11,9,3,8,5,2.142857142857143,1.8,-0.3428571428571427,1.4285714285714286,1.8,0.3714285714285714,-0.7142857142857142,0.7142857142857142,0.0,-0.7142857142857142,0.0,0.0,4,9,0,5,10,5,10,5,0,0,31,31,0.1842105263157894,0.1842105263157894,0.0368421052631578,0.0184210526315789,0,5,0.1842105263157894,0.0307017543859649,0.0167464114832535,0.0307017543859649,2.210526315789474,1,1.8,5,1.105263157894737,1,1.8,5,1.2,1.0,0.2,1.6,1.8,-0.2,-0.40000000000000013,0.8,0.4
2025-10-20,2025/26,West Ham United,Brentford,0,2,A,4.0,4.0,,,7,7,4,7,-3,0,19,16,4,10,8,5,0.5714285714285714,0.8,0.2285714285714286,1.0,0.8,-0.1999999999999999,0.4285714285714286,-0.4285714285714286,0.0,0.4285714285714286,0.0,0.0,15,12,11,8,-1,2,3,2,1,0,31,31,0.1842105263157894,0.1842105263157894,0.0115131578947368,0.0141700404858299,11,8,0.0153508771929824,0.0204678362573099,0.0460526315789473,0.0614035087719298,1.131578947368421,1,0.8,5,1.4736842105263157,1,0.8,5,1.0,1.6,-0.6,1.4,1.8,-0.4,-0.3999999999999999,0.19999999999999996,-0.19999999999999996
2025-10-24,2025/26,Leeds United,West Ham United,2,1,H,4.0,1.0,,,8,8,8,4,4,0,16,19,4,7,4,4,1.0,0.8,-0.1999999999999999,0.5,0.2,-0.3,0.1,0.5,0.6000000000000001,0.1,0.0,0.0,11,15,7,11,3,-1,3,3,0,1,30,30,0.2105263157894736,0.2105263157894736,0.0175438596491228,0.0131578947368421,7,11,0.0263157894736842,0.0175438596491228,0.0526315789473684,0.0526315789473684,,0,0.8,5,1.131578947368421,1,0.2,5,1.2,1.6,-0.4,0.4,2.0,-1.6,0.7999999999999999,0.3999999999999999,1.2000000000000002
2025-10-25,2025/26,Chelsea,Sunderland,1,2,A,7.0,8.0,,,8,8,14,14,0,0,5,7,0,0,0,0,1.75,1.4,-0.3500000000000001,1.75,1.6,-0.1499999999999999,-0.2000000000000001,0.0,-0.2000000000000001,-0.2000000000000001,0.0,0.0,5,5,1,1,9,9,9,9,0,0,30,30,0.2105263157894736,0.2105263157894736,0.0350877192982456,0.0350877192982456,1,1,0.1052631578947368,0.1052631578947368,0.0210526315789473,0.0210526315789473,1.8157894736842104,1,1.4,5,,0,1.6,5,1.8,1.6,0.2,0.8,0.6,0.2,1.0,-1.0,0.0
2025-10-25,2025/26,Newcastle United,Fulham,2,1,H,7.0,6.0,,,8,8,9,8,1,0,15,16,9,6,6,5,1.125,1.4,0.2749999999999999,1.0,1.2,0.1999999999999999,0.0749999999999999,0.125,0.1999999999999999,0.0749999999999999,0.0,0.0,10,11,6,7,4,3,4,3,0,0,30,30,0.2105263157894736,0.2105263157894736,0.0191387559808612,0.0175438596491228,6,7,0.0300751879699248,0.0263157894736842,0.0421052631578947,0.0526315789473684,1.736842105263158,1,1.4,5,1.4210526315789471,1,1.2,5,1.0,0.8,0.2,1.2,1.6,-0.4,-0.19999999999999996,0.8,0.6000000000000001
2025-10-25,2025/26,Manchester United,Brighton,4,2,H,9.0,8.0,,,8,8,13,12,1,0,9,10,3,12,8,5,1.625,1.8,0.175,1.5,1.6,0.1,0.0749999999999999,0.125,0.1999999999999999,0.0749999999999999,0.0,0.0,6,7,2,3,8,7,8,7,0,0,30,30,0.2105263157894736,0.2105263157894736,0.0300751879699248,0.0263157894736842,2,3,0.0701754385964912,0.0526315789473684,0.023391812865497,0.0263157894736842,1.105263157894737,1,1.8,5,1.605263157894737,1,1.6,5,1.4,1.6,-0.2,1.8,1.4,0.4,-0.40000000000000013,-0.20000000000000018,-0.6000000000000001
2025-10-25,2025/26,Brentford,Liverpool,3,2,H,7.0,6.0,,,8,8,10,15,-5,0,14,3,0,15,8,5,1.25,1.4,0.1499999999999999,1.875,1.2,-0.675,0.825,-0.625,0.1999999999999999,0.825,0.825,1.0,9,4,5,0,5,10,5,10,0,0,30,30,0.2105263157894736,0.2105263157894736,0.0210526315789473,0.0421052631578947,5,0,0.0350877192982456,0.2105263157894736,0.0350877192982456,0.0191387559808612,1.4736842105263157,1,1.4,5,2.210526315789474,1,1.2,5,1.6,1.4,0.2,1.2,1.4,-0.2,0.40000000000000013,0.0,0.4
2025-10-26,2025/26,Arsenal,Crystal Palace,1,0,H,13.0,8.0,,,8,8,19,13,6,0,1,9,13,1,8,5,2.375,2.6,0.2250000000000001,1.625,1.6,-0.0249999999999999,0.25,0.75,1.0,0.25,0.0,0.0,0,6,-3,3,14,8,14,8,0,0,30,30,0.2105263157894736,0.2105263157894736,0.2105263157894736,0.0300751879699248,3,3,0.0526315789473684,0.0526315789473684,0.0140350877192982,0.023391812865497,1.947368421052632,1,2.6,5,1.394736842105263,1,1.6,5,1.8,0.4,1.4,1.6,1.4,0.2,0.19999999999999996,0.9999999999999999,1.2
2025-10-26,2025/26,Aston Villa,Manchester City,1,0,H,11.0,13.0,,,8,8,12,16,-4,0,12,3,6,9,8,5,1.5,2.2,0.7000000000000002,2.0,2.6,0.6000000000000001,0.1,-0.5,-0.3999999999999999,0.1,0.0,0.0,7,3,4,0,7,11,7,11,0,0,30,30,0.2105263157894736,0.2105263157894736,0.0263157894736842,0.0526315789473684,4,0,0.0421052631578947,0.2105263157894736,0.0263157894736842,0.0175438596491228,1.736842105263158,1,2.2,5,1.868421052631579,1,2.6,5,1.6,0.8,0.8,2.4,0.4,2.0,-0.7999999999999998,-0.4,-1.2
2025-10-26,2025/26,Bournemouth,Nottingham Forest,2,0,H,9.0,1.0,,,8,8,15,5,10,0,5,18,9,3,6,5,1.875,1.8,-0.0749999999999999,0.625,0.2,-0.425,0.35,1.25,1.6,0.3500000000000001,0.0,0.0,4,14,1,11,10,0,10,2,0,1,30,30,0.2105263157894736,0.2105263157894736,0.0421052631578947,0.0140350877192982,1,11,0.1052631578947368,0.0175438596491228,0.0191387559808612,0.0701754385964912,1.4736842105263157,1,1.8,5,1.7105263157894737,1,0.2,5,2.0,1.4,0.6,0.2,2.0,-1.8,1.8,0.6000000000000001,2.4
2025-10-26,2025/26,Wolverhampton Wanderers,Burnley,2,3,A,2.0,4.0,,,8,8,2,7,-5,0,20,17,5,5,4,4,0.25,0.4,0.15,0.875,0.8,-0.0749999999999999,0.2249999999999999,-0.625,-0.4,0.2249999999999999,0.0,0.0,17,12,14,9,-3,2,5,2,1,0,30,30,0.2105263157894736,0.2105263157894736,0.0116959064327485,0.0161943319838056,14,9,0.0140350877192982,0.0210526315789473,0.0350877192982456,0.0701754385964912,1.105263157894737,1,0.4,5,,0,0.8,5,0.6,1.6,-1.0,1.0,1.8,-0.8,-0.4,0.19999999999999996,-0.19999999999999996
2025-10-26,2025/26,Everton,Tottenham Hotspur,0,3,A,5.0,8.0,,,8,8,11,14,-3,0,14,7,5,8,8,5,1.375,1.0,-0.375,1.75,1.6,-0.1499999999999999,-0.2250000000000001,-0.375,-0.6000000000000001,-0.2250000000000001,0.0,0.0,8,5,5,2,6,9,6,9,0,0,30,30,0.2105263157894736,0.2105263157894736,0.023391812865497,0.0350877192982456,5,2,0.0350877192982456,0.0701754385964912,0.0300751879699248,0.0210526315789473,1.263157894736842,1,1.0,5,1.0,1,1.6,5,0.8,1.2,-0.4,1.8,1.2,0.6,-1.0,0.0,-1.0
2025-11-01,2025/26,Brighton,Leeds United,3,0,H,8.0,7.0,,,9,9,12,11,1,0,13,15,6,3,4,4,1.3333333333333333,1.6,0.2666666666666668,1.2222222222222223,1.4,0.1777777777777776,0.0888888888888892,0.1111111111111109,0.2000000000000001,0.0888888888888892,0.0,0.0,10,11,5,6,7,6,7,6,0,0,29,29,0.2368421052631578,0.2368421052631578,0.0215311004784688,0.0197368421052631,5,6,0.0394736842105263,0.0338345864661654,0.0296052631578947,0.0338345864661654,1.605263157894737,1,1.6,5,,0,1.4,5,2.0,1.8,0.2,1.6,1.6,0.0,0.3999999999999999,-0.19999999999999996,0.2
2025-11-01,2025/26,Burnley,Arsenal,0,2,A,7.0,13.0,,,9,9,10,22,-12,0,16,1,1,10,4,4,1.1111111111111112,1.4,0.2888888888888887,2.4444444444444446,2.6,0.1555555555555554,0.1333333333333333,-1.3333333333333337,-1.2000000000000002,0.1333333333333333,0.0,0.0,12,0,7,-5,5,17,5,17,0,0,29,29,0.2368421052631578,0.2368421052631578,0.0182186234817813,0.2368421052631578,7,5,0.0296052631578947,0.0394736842105263,0.0394736842105263,0.0131578947368421,,0,1.4,5,1.947368421052632,1,2.6,5,1.6,2.0,-0.4,1.4,0.4,1.0,0.20000000000000018,-1.6,-1.4
2025-11-01,2025/26,Crystal Palace,Brentford,2,0,H,7.0,9.0,,,9,9,13,13,0,0,10,11,5,8,8,5,1.4444444444444444,1.4,-0.0444444444444445,1.4444444444444444,1.8,0.3555555555555556,-0.4000000000000001,0.0,-0.4000000000000001,-0.4000000000000001,0.0,0.0,9,9,4,4,8,8,8,8,0,0,29,29,0.2368421052631578,0.2368421052631578,0.0236842105263157,0.0236842105263157,4,4,0.0473684210526315,0.0473684210526315,0.0263157894736842,0.0263157894736842,1.394736842105263,1,1.4,5,1.4736842105263157,1,1.8,5,1.6,1.6,0.0,1.8,1.4,0.4,-0.19999999999999996,-0.20000000000000018,-0.4
2025-11-01,2025/26,Fulham,Wolverhampton Wanderers,3,0,H,3.0,2.0,,,9,9,8,2,6,0,17,20,7,7,6,5,0.8888888888888888,0.6,-0.2888888888888888,0.2222222222222222,0.4,0.1777777777777778,-0.4666666666666667,0.6666666666666666,0.1999999999999999,-0.4666666666666667,0.0,0.0,14,20,9,15,3,-3,3,6,0,1,29,29,0.2368421052631578,0.2368421052631578,0.0157894736842105,0.0112781954887218,9,15,0.0236842105263157,0.0148026315789473,0.0592105263157894,0.0338345864661654,1.4210526315789471,1,0.6,5,1.105263157894737,1,0.4,5,1.2,2.0,-0.8,1.0,2.0,-1.0,0.19999999999999996,0.0,0.19999999999999996
2025-11-01,2025/26,Nottingham Forest,Manchester United,2,2,D,1.0,12.0,,,9,9,5,16,-11,0,18,6,9,6,6,5,0.5555555555555556,0.2,-0.3555555555555555,1.7777777777777777,2.4,0.6222222222222222,-0.977777777777778,-1.222222222222222,-2.2,-0.9777777777777776,0.0,0.0,17,6,12,1,0,11,3,11,1,0,29,29,0.2368421052631578,0.2368421052631578,0.0131578947368421,0.0338345864661654,12,1,0.0182186234817813,0.1184210526315789,0.0592105263157894,0.0197368421052631,1.7105263157894737,1,0.2,5,1.105263157894737,1,2.4,5,0.2,1.8,-1.6,2.2,1.4,0.8,-2.0,-0.40000000000000013,-2.4000000000000004
2025-11-01,2025/26,Tottenham Hotspur,Chelsea,0,1,A,8.0,6.0,,,9,9,17,14,3,0,3,9,3,12,8,5,1.8888888888888888,1.6,-0.2888888888888887,1.5555555555555556,1.2,-0.3555555555555556,0.0666666666666668,0.3333333333333332,0.4000000000000001,0.0666666666666668,0.0,0.0,5,8,0,3,12,9,12,9,0,0,29,29,0.2368421052631578,0.2368421052631578,0.0394736842105263,0.0263157894736842,0,3,0.2368421052631578,0.0592105263157894,0.0182186234817813,0.0236842105263157,1.0,1,1.6,5,1.8157894736842104,1,1.2,5,1.8,1.2,0.6,1.6,1.6,0.0,0.19999999999999996,0.40000000000000013,0.6
2025-11-01,2025/26,Liverpool,Aston Villa,2,0,H,3.0,13.0,,,9,9,15,15,0,0,7,8,9,3,8,5,1.6666666666666667,0.6,-1.0666666666666669,1.6666666666666667,2.6,0.9333333333333332,-2.0,0.0,-2.0,-2.0,0.0,0.0,7,7,2,2,10,10,10,10,0,0,29,29,0.2368421052631578,0.2368421052631578,0.0296052631578947,0.0296052631578947,2,2,0.0789473684210526,0.0789473684210526,0.0215311004784688,0.0215311004784688,2.210526315789474,1,0.6,5,1.736842105263158,1,2.6,5,1.4,2.0,-0.6,1.8,0.8,1.0,-0.40000000000000013,-1.2,-1.6
2025-11-02,2025/26,West Ham United,Newcastle United,3,1,H,1.0,7.0,,,9,9,4,12,-8,0,19,13,4,10,8,5,0.4444444444444444,0.2,-0.2444444444444444,1.3333333333333333,1.4,0.0666666666666666,-0.311111111111111,-0.8888888888888888,-1.2,-0.3111111111111111,0.0,0.0,21,13,13,5,-2,6,6,6,1,0,29,29,0.2368421052631578,0.2368421052631578,0.0107655502392344,0.0169172932330827,13,5,0.0169172932330827,0.0394736842105263,0.0338345864661654,0.0338345864661654,1.131578947368421,1,0.2,5,1.736842105263158,1,1.4,5,0.6,1.8,-1.2,1.2,1.0,0.2,-0.6,-0.8,-1.4
2025-11-02,2025/26,Manchester City,Bournemouth,3,1,H,10.0,9.0,,,9,9,16,18,-2,0,8,2,12,3,6,5,1.7777777777777777,2.0,0.2222222222222223,2.0,1.8,-0.1999999999999999,0.4222222222222223,-0.2222222222222223,0.1999999999999999,0.4222222222222223,0.4222222222222223,1.0,9,7,1,-1,10,12,10,12,0,0,29,29,0.2368421052631578,0.2368421052631578,0.0236842105263157,0.0296052631578947,1,1,0.1184210526315789,0.1184210526315789,0.0215311004784688,0.0182186234817813,1.868421052631579,1,2.0,5,1.4736842105263157,1,1.8,5,1.8,0.6,1.2,2.0,1.2,0.8,-0.19999999999999996,0.6,0.3999999999999999
2025-11-03,2025/26,Sunderland,Everton,1,1,D,10.0,4.0,,,9,9,17,11,6,0,7,15,0,0,0,0,1.8888888888888888,2.0,0.1111111111111111,1.2222222222222223,0.8,-0.4222222222222223,0.5333333333333334,0.6666666666666665,1.2,0.5333333333333334,0.0,0.0,8,14,1,7,10,4,10,4,0,0,29,29,0.2368421052631578,0.2368421052631578,0.0263157894736842,0.0157894736842105,1,7,0.1184210526315789,0.0296052631578947,0.0215311004784688,0.0473684210526315,,0,2.0,5,1.263157894736842,1,0.8,5,1.2,0.8,0.4,0.8,1.8,-1.0,0.3999999999999999,1.0,1.4
2025-11-08,2025/26,Sunderland,Arsenal,2,2,D,10.0,15.0,11.0,12.0,10,10,18,25,-7,0,4,1,0,0,0,0,1.8,2.0,0.1999999999999999,2.5,3.0,0.5,-0.3,-0.7,-1.0,-0.3,0.0,0.0,7,0,0,-7,11,18,11,18,0,0,28,28,0.2631578947368421,0.2631578947368421,0.0328947368421052,0.2631578947368421,0,7,0.2631578947368421,0.0328947368421052,0.0219298245614035,0.0138504155124653,,0,2.0,5,1.947368421052632,1,3.0,5,1.2,0.8,0.4,1.6,0.2,1.4,-0.40000000000000013,-0.6000000000000001,-0.9999999999999999
2025-11-08,2025/26,Chelsea,Wolverhampton Wanderers,3,0,H,9.0,2.0,7.0,1.0,10,10,17,2,15,0,7,20,6,9,8,5,1.7,1.8,0.1,0.2,0.4,0.2,-0.0999999999999999,1.5,1.4,-0.1,0.0,0.0,8,23,1,16,10,-5,10,8,0,1,28,28,0.2631578947368421,0.2631578947368421,0.0292397660818713,0.0109649122807017,1,16,0.131578947368421,0.0154798761609907,0.0239234449760765,0.0292397660818713,1.8157894736842104,1,1.8,5,1.105263157894737,1,0.4,5,1.6,1.2,0.4,0.8,2.0,-1.2,0.8,0.8,1.6
2025-11-08,2025/26,Everton,Fulham,2,0,H,5.0,3.0,8.0,1.0,10,10,12,11,1,0,14,15,5,8,6,5,1.2,1.0,-0.1999999999999999,1.1,0.6,-0.5000000000000001,0.3000000000000001,0.0999999999999998,0.4,0.3000000000000001,0.0,0.0,13,14,6,7,5,4,5,4,0,0,28,28,0.2631578947368421,0.2631578947368421,0.018796992481203,0.0175438596491228,6,7,0.037593984962406,0.0328947368421052,0.043859649122807,0.0526315789473684,1.263157894736842,1,1.0,5,1.4210526315789471,1,0.6,5,0.8,1.6,-0.8,1.2,1.8,-0.6,-0.3999999999999999,0.19999999999999996,-0.20000000000000007
2025-11-08,2025/26,West Ham United,Burnley,3,2,H,4.0,6.0,3.0,3.0,10,10,7,10,-3,0,18,17,6,3,4,4,0.7,0.8,0.1,1.0,1.2,0.1999999999999999,-0.0999999999999998,-0.3,-0.3999999999999999,-0.0999999999999998,0.0,0.0,18,15,11,8,0,3,3,3,1,0,28,28,0.2631578947368421,0.2631578947368421,0.0138504155124653,0.0164473684210526,11,8,0.0219298245614035,0.0292397660818713,0.0657894736842105,0.0657894736842105,1.131578947368421,1,0.8,5,,0,1.2,5,1.0,1.6,-0.6,1.4,2.2,-0.8,-0.3999999999999999,0.6000000000000001,0.20000000000000007
2025-11-08,2025/26,Tottenham Hotspur,Manchester United,2,2,D,7.0,10.0,4.0,5.0,10,10,17,17,0,0,6,8,11,2,8,5,1.7,1.4,-0.3,1.7,2.0,0.3,-0.6000000000000001,0.0,-0.6000000000000001,-0.6000000000000001,0.0,0.0,8,8,1,1,10,10,10,10,0,0,28,28,0.2631578947368421,0.2631578947368421,0.0292397660818713,0.0292397660818713,1,1,0.131578947368421,0.131578947368421,0.0239234449760765,0.0239234449760765,1.0,1,1.4,5,1.105263157894737,1,2.0,5,1.4,1.0,0.4,2.2,1.6,0.6,-0.8000000000000003,0.6000000000000001,-0.19999999999999996
2025-11-09,2025/26,Aston Villa,Bournemouth,4,0,H,12.0,8.0,10.0,5.0,10,10,15,18,-3,0,12,7,11,2,6,5,1.5,2.4,0.8999999999999999,1.8,1.6,-0.1999999999999999,1.1,-0.3,0.7999999999999998,1.1,1.1,1.0,11,8,4,1,5,8,5,8,0,0,28,28,0.2631578947368421,0.2631578947368421,0.0219298245614035,0.0292397660818713,4,1,0.0526315789473684,0.131578947368421,0.043859649122807,0.0292397660818713,1.736842105263158,1,2.4,5,1.4736842105263157,1,1.6,5,1.6,1.0,0.6,2.2,1.8,0.4,-0.6000000000000001,0.8,0.19999999999999996
2025-11-09,2025/26,Brentford,Newcastle United,3,1,H,9.0,6.0,10.0,3.0,10,10,13,12,1,0,13,14,3,12,8,5,1.3,1.8,0.5,1.2,1.2,0.0,0.5,0.1,0.6000000000000001,0.5,0.0,0.0,13,14,6,7,3,2,3,2,0,0,28,28,0.2631578947368421,0.2631578947368421,0.018796992481203,0.0175438596491228,6,7,0.037593984962406,0.0328947368421052,0.0657894736842105,0.087719298245614,1.4736842105263157,1,1.8,5,1.736842105263158,1,1.2,5,1.6,1.2,0.4,1.4,1.6,-0.2,0.20000000000000018,0.40000000000000013,0.6000000000000001
2025-11-09,2025/26,Crystal Palace,Brighton,0,0,D,7.0,10.0,9.0,4.0,10,10,16,15,1,0,9,10,7,7,8,5,1.6,1.4,-0.2000000000000001,1.5,2.0,0.5,-0.7000000000000002,0.1,-0.6000000000000001,-0.7000000000000002,0.7000000000000002,-1.0,10,11,3,4,6,5,6,5,0,0,28,28,0.2631578947368421,0.2631578947368421,0.0239234449760765,0.0219298245614035,3,4,0.0657894736842105,0.0526315789473684,0.037593984962406,0.043859649122807,1.394736842105263,1,1.4,5,1.605263157894737,1,2.0,5,1.6,1.4,0.2,2.2,1.4,0.8,-0.6000000000000001,0.0,-0.6000000000000001
2025-11-09,2025/26,Nottingham Forest,Leeds United,3,1,H,1.0,4.0,4.0,3.0,10,10,6,11,-5,0,19,16,3,3,2,2,0.6,0.2,-0.3999999999999999,1.1,0.8,-0.3,-0.0999999999999999,-0.5000000000000001,-0.6000000000000001,-0.0999999999999999,0.0,0.0,20,15,13,8,-4,1,4,1,1,0,28,28,0.2631578947368421,0.2631578947368421,0.012531328320802,0.0164473684210526,13,8,0.018796992481203,0.0292397660818713,0.0526315789473684,0.131578947368421,1.7105263157894737,1,0.2,5,,0,0.8,5,0.4,2.0,-1.6,1.0,2.0,-1.0,-0.6,0.0,-0.6000000000000001
2025-11-09,2025/26,Manchester City,Liverpool,3,0,H,12.0,3.0,12.0,6.0,10,10,19,18,1,0,3,6,5,8,8,5,1.9,2.4,0.5,1.8,0.6,-1.2000000000000002,1.7000000000000002,0.0999999999999998,1.7999999999999998,1.7,0.0,0.0,7,8,0,1,9,8,9,8,0,0,28,28,0.2631578947368421,0.2631578947368421,0.0328947368421052,0.0292397660818713,0,1,0.2631578947368421,0.131578947368421,0.0263157894736842,0.0292397660818713,1.868421052631579,1,2.4,5,2.210526315789474,1,0.6,5,2.2,0.6,1.6,1.4,1.8,-0.4,0.8000000000000003,1.2000000000000002,2.0
2025-11-22,2025/26,Burnley,Chelsea,0,2,A,6.0,12.0,7.0,10.0,11,11,10,20,-10,0,17,3,2,8,4,4,0.9090909090909092,1.2,0.2909090909090909,1.818181818181818,2.4,0.5818181818181818,-0.2909090909090909,-0.9090909090909092,-1.2,-0.2909090909090909,0.0,0.0,16,6,9,-1,0,10,0,10,0,0,27,27,0.2894736842105263,0.2894736842105263,0.0170278637770897,0.0413533834586466,9,1,0.0289473684210526,0.1447368421052631,0.2894736842105263,0.0263157894736842,,0,1.2,5,1.8157894736842104,1,2.4,5,1.6,1.8,-0.2,2.0,0.6,1.4,-0.3999999999999999,-1.2000000000000002,-1.5999999999999999
2025-11-22,2025/26,Bournemouth,West Ham United,2,2,D,7.0,6.0,13.0,4.0,11,11,18,10,8,0,9,18,4,7,6,5,1.6363636363636365,1.4,-0.2363636363636365,0.9090909090909092,1.2,0.2909090909090909,-0.5272727272727274,0.7272727272727274,0.1999999999999999,-0.5272727272727274,0.0,0.0,8,16,1,9,8,0,8,0,0,1,27,27,0.2894736842105263,0.2894736842105263,0.0321637426900584,0.0170278637770897,1,9,0.1447368421052631,0.0289473684210526,0.0321637426900584,0.2894736842105263,1.4736842105263157,1,1.4,5,1.131578947368421,1,1.2,5,1.8,2.2,-0.4,1.4,1.8,-0.4,0.40000000000000013,-0.40000000000000013,0.0
2025-11-22,2025/26,Brighton,Brentford,2,1,H,8.0,9.0,11.0,3.0,11,11,16,16,0,0,11,12,6,6,8,5,1.4545454545454546,1.6,0.1454545454545455,1.4545454545454546,1.8,0.3454545454545454,-0.1999999999999999,0.0,-0.1999999999999999,-0.1999999999999999,0.0,0.0,10,10,3,3,6,6,6,6,0,0,27,27,0.2894736842105263,0.2894736842105263,0.0263157894736842,0.0263157894736842,3,3,0.0723684210526315,0.0723684210526315,0.0413533834586466,0.0413533834586466,1.605263157894737,1,1.6,5,1.4736842105263157,1,1.8,5,1.6,1.2,0.4,1.6,1.2,0.4,0.0,0.0,0.0
2025-11-22,2025/26,Fulham,Sunderland,1,0,H,3.0,8.0,10.0,7.0,11,11,11,19,-8,0,15,4,0,0,0,0,1.0,0.6,-0.4,1.7272727272727273,1.6,-0.1272727272727272,-0.2727272727272728,-0.7272727272727273,-1.0,-0.2727272727272727,0.0,0.0,15,7,8,0,1,9,1,9,0,0,27,27,0.2894736842105263,0.2894736842105263,0.0180921052631578,0.0361842105263157,8,0,0.0321637426900584,0.2894736842105263,0.1447368421052631,0.0289473684210526,1.4210526315789471,1,0.6,5,,0,1.6,5,1.0,1.6,-0.6,1.4,1.2,0.2,-0.3999999999999999,-0.40000000000000013,-0.8
2025-11-22,2025/26,Liverpool,Nottingham Forest,0,3,A,3.0,4.0,12.0,2.0,11,11,18,9,9,0,8,19,10,4,6,5,1.6363636363636365,0.6,-1.0363636363636366,0.8181818181818182,0.8,-0.0181818181818181,-1.0181818181818183,0.8181818181818182,-0.2,-1.0181818181818183,1.0181818181818183,-1.0,8,17,1,10,8,-1,8,1,0,1,27,27,0.2894736842105263,0.2894736842105263,0.0321637426900584,0.0160818713450292,1,10,0.1447368421052631,0.0263157894736842,0.0321637426900584,0.1447368421052631,2.210526315789474,1,0.6,5,1.7105263157894737,1,0.8,5,1.2,2.0,-0.8,1.0,2.0,-1.0,0.19999999999999996,0.0,0.19999999999999996
2025-11-22,2025/26,Wolverhampton Wanderers,Crystal Palace,0,2,A,1.0,5.0,1.0,7.0,11,11,2,17,-15,0,20,10,4,10,8,5,0.1818181818181818,0.2,0.0181818181818181,1.5454545454545454,1.0,-0.5454545454545454,0.5636363636363636,-1.3636363636363635,-0.8,0.5636363636363635,0.0,0.0,24,9,17,2,-8,7,8,7,1,0,27,27,0.2894736842105263,0.2894736842105263,0.011578947368421,0.0289473684210526,17,2,0.0160818713450292,0.0964912280701754,0.0321637426900584,0.0361842105263157,1.105263157894737,1,0.2,5,1.394736842105263,1,1.0,5,0.6,2.4,-1.8,1.2,1.2,0.0,-0.6,-1.2,-1.8
2025-11-22,2025/26,Newcastle United,Manchester City,2,1,H,6.0,12.0,9.0,7.0,11,11,12,22,-10,0,14,2,1,13,8,5,1.0909090909090908,1.2,0.1090909090909091,2.0,2.4,0.3999999999999999,-0.2909090909090908,-0.9090909090909092,-1.2,-0.2909090909090908,0.0,0.0,14,4,7,-3,2,12,2,12,0,0,27,27,0.2894736842105263,0.2894736842105263,0.019298245614035,0.0578947368421052,7,3,0.0361842105263157,0.0723684210526315,0.0964912280701754,0.0222672064777327,1.736842105263158,1,1.2,5,1.868421052631579,1,2.4,5,1.4,1.8,-0.4,1.8,0.4,1.4,-0.40000000000000013,-1.4,-1.7999999999999998
2025-11-23,2025/26,Leeds United,Aston Villa,1,2,A,3.0,12.0,8.0,5.0,11,11,11,18,-7,0,18,9,2,8,4,4,1.0,0.6,-0.4,1.6363636363636365,2.4,0.7636363636363634,-1.1636363636363636,-0.6363636363636365,-1.7999999999999998,-1.1636363636363634,0.0,0.0,15,8,9,2,0,7,0,7,1,0,27,27,0.2894736842105263,0.2894736842105263,0.0180921052631578,0.0321637426900584,9,2,0.0289473684210526,0.0964912280701754,0.2894736842105263,0.0361842105263157,,0,0.6,5,1.736842105263158,1,2.4,5,0.8,2.2,-1.4,1.8,0.8,1.0,-1.0,-1.4000000000000001,-2.4
2025-11-23,2025/26,Arsenal,Tottenham Hotspur,4,1,H,13.0,7.0,13.0,13.0,11,11,26,18,8,0,1,8,13,1,8,5,2.363636363636364,2.6,0.2363636363636363,1.6363636363636365,1.4,-0.2363636363636365,0.4727272727272729,0.7272727272727273,1.2000000000000002,0.4727272727272729,0.0,0.0,0,8,-6,2,15,7,15,7,0,0,27,27,0.2894736842105263,0.2894736842105263,0.2894736842105263,0.0321637426900584,6,2,0.0413533834586466,0.0964912280701754,0.0180921052631578,0.0361842105263157,1.947368421052632,1,2.6,5,1.0,1,1.4,5,1.6,0.4,1.2,1.6,1.2,0.4,0.0,0.7999999999999999,0.7999999999999999
2025-11-24,2025/26,Manchester United,Everton,0,1,A,11.0,7.0,12.0,4.0,11,11,18,15,3,0,10,13,13,1,8,5,1.6363636363636365,2.2,0.5636363636363637,1.3636363636363635,1.4,0.0363636363636363,0.5272727272727273,0.2727272727272729,0.8000000000000003,0.5272727272727273,0.0,0.0,11,14,3,6,7,4,7,4,0,0,27,27,0.2894736842105263,0.2894736842105263,0.0241228070175438,0.019298245614035,3,6,0.0723684210526315,0.0413533834586466,0.0361842105263157,0.0578947368421052,1.105263157894737,1,2.2,5,1.263157894736842,1,1.4,5,2.4,1.4,1.0,1.0,1.4,-0.4,1.4,0.0,1.4
2025-11-29,2025/26,Brentford,Burnley,3,1,H,9.0,6.0,10.0,3.0,12,12,16,10,6,0,13,19,6,6,4,4,1.3333333333333333,1.8,0.4666666666666668,0.8333333333333334,1.2,0.3666666666666666,0.1000000000000002,0.4999999999999999,0.6000000000000001,0.1000000000000002,0.0,0.0,13,19,5,11,5,-1,5,1,0,1,26,26,0.3157894736842105,0.3157894736842105,0.0225563909774436,0.0157894736842105,5,11,0.0526315789473684,0.0263157894736842,0.0526315789473684,0.1578947368421052,1.4736842105263157,1,1.8,5,,0,1.2,5,1.8,1.4,0.4,1.4,1.8,-0.4,0.40000000000000013,0.40000000000000013,0.8
2025-11-29,2025/26,Manchester City,Leeds United,3,2,H,9.0,3.0,15.0,3.0,12,12,22,11,11,0,3,18,12,0,4,4,1.8333333333333333,1.8,-0.0333333333333332,0.9166666666666666,0.6,-0.3166666666666666,0.2833333333333334,0.9166666666666666,1.2000000000000002,0.2833333333333335,0.0,0.0,7,18,-1,10,11,0,11,0,0,1,26,26,0.3157894736842105,0.3157894736842105,0.0394736842105263,0.0166204986149584,1,10,0.1578947368421052,0.0287081339712918,0.0263157894736842,0.3157894736842105,1.868421052631579,1,1.8,5,,0,0.6,5,1.8,0.8,1.0,0.8,2.2,-1.4,1.0,1.4000000000000001,2.4
2025-11-29,2025/26,Sunderland,Bournemouth,3,2,H,8.0,5.0,9.0,5.0,12,12,19,19,0,0,7,8,0,0,0,0,1.5833333333333333,1.6,0.0166666666666668,1.5833333333333333,1.0,-0.5833333333333333,0.6000000000000001,0.0,0.6000000000000001,0.6000000000000001,0.0,0.0,10,10,2,2,8,8,8,8,0,0,26,26,0.3157894736842105,0.3157894736842105,0.0287081339712918,0.0287081339712918,2,2,0.1052631578947368,0.1052631578947368,0.0350877192982456,0.0350877192982456,,0,1.6,5,1.4736842105263157,1,1.0,5,1.4,1.0,0.4,1.6,2.4,-0.8,-0.20000000000000018,1.4,1.2000000000000002
2025-11-29,2025/26,Everton,Newcastle United,1,4,A,7.0,6.0,8.0,2.0,12,12,18,15,3,0,11,14,8,5,8,5,1.5,1.4,-0.1,1.25,1.2,-0.05,-0.05,0.25,0.1999999999999999,-0.05,0.0,0.0,11,14,3,6,7,4,7,4,0,0,26,26,0.3157894736842105,0.3157894736842105,0.0263157894736842,0.0210526315789473,3,6,0.0789473684210526,0.0451127819548872,0.0394736842105263,0.0631578947368421,1.263157894736842,1,1.4,5,1.736842105263158,1,1.2,5,0.8,1.2,-0.4,1.4,2.0,-0.6,-0.5999999999999999,0.8,0.19999999999999996
2025-11-29,2025/26,Tottenham Hotspur,Fulham,1,2,A,4.0,6.0,2.0,0.0,12,12,18,14,4,0,9,15,7,7,6,5,1.5,0.8,-0.7,1.1666666666666667,1.2,0.0333333333333332,-0.7333333333333332,0.3333333333333332,-0.3999999999999999,-0.7333333333333332,0.7333333333333332,-1.0,11,15,3,7,7,3,7,3,0,0,26,26,0.3157894736842105,0.3157894736842105,0.0263157894736842,0.0197368421052631,3,7,0.0789473684210526,0.0394736842105263,0.0394736842105263,0.0789473684210526,1.0,1,0.8,5,1.4210526315789471,1,1.2,5,1.4,1.8,-0.4,1.0,1.0,0.0,0.3999999999999999,-0.8,-0.4
2025-11-30,2025/26,Crystal Palace,Manchester United,1,2,A,8.0,8.0,9.0,5.0,12,12,20,18,2,0,6,12,10,4,8,5,1.6666666666666667,1.6,-0.0666666666666666,1.5,1.6,0.1,-0.1666666666666667,0.1666666666666667,0.0,-0.1666666666666667,0.0,0.0,9,11,2,4,9,7,9,7,0,0,26,26,0.3157894736842105,0.3157894736842105,0.031578947368421,0.0263157894736842,2,4,0.1052631578947368,0.0631578947368421,0.031578947368421,0.0394736842105263,1.394736842105263,1,1.6,5,1.105263157894737,1,1.6,5,1.4,0.8,0.6,2.0,1.6,0.4,-0.6000000000000001,0.8,0.19999999999999996
2025-11-30,2025/26,Aston Villa,Wolverhampton Wanderers,1,0,H,12.0,0.0,12.0,1.0,12,12,21,2,19,0,5,20,7,7,8,5,1.75,2.4,0.6499999999999999,0.1666666666666666,0.0,-0.1666666666666666,0.8166666666666665,1.5833333333333333,2.4,0.8166666666666667,0.0,0.0,8,27,1,20,10,-9,10,9,0,1,26,26,0.3157894736842105,0.3157894736842105,0.0350877192982456,0.0112781954887218,1,20,0.1578947368421052,0.0150375939849624,0.0287081339712918,0.031578947368421,1.736842105263158,1,2.4,5,1.105263157894737,1,0.0,5,1.8,0.8,1.0,0.4,2.6,-2.2,1.4,1.8,3.2
2025-11-30,2025/26,Nottingham Forest,Brighton,0,2,A,7.0,10.0,4.0,5.0,12,12,12,19,-7,0,16,7,7,7,6,5,1.0,1.4,0.3999999999999999,1.5833333333333333,2.0,0.4166666666666667,-0.0166666666666668,-0.5833333333333333,-0.6000000000000001,-0.0166666666666668,0.0,0.0,17,10,10,3,1,8,1,8,0,0,26,26,0.3157894736842105,0.3157894736842105,0.0175438596491228,0.0287081339712918,10,3,0.0287081339712918,0.0789473684210526,0.1578947368421052,0.0350877192982456,1.7105263157894737,1,1.4,5,1.605263157894737,1,2.0,5,1.6,1.6,0.0,1.8,1.2,0.6,-0.19999999999999996,-0.40000000000000013,-0.6
2025-11-30,2025/26,West Ham United,Liverpool,0,2,A,7.0,3.0,6.0,3.0,12,12,11,18,-7,0,17,13,1,13,8,5,0.9166666666666666,1.4,0.4833333333333333,1.5,0.6,-0.9,1.3833333333333333,-0.5833333333333334,0.7999999999999999,1.3833333333333333,1.3833333333333333,1.0,18,11,11,4,0,7,0,7,0,0,26,26,0.3157894736842105,0.3157894736842105,0.0166204986149584,0.0263157894736842,11,4,0.0263157894736842,0.0631578947368421,0.3157894736842105,0.0394736842105263,1.131578947368421,1,1.4,5,2.210526315789474,1,0.6,5,1.8,1.8,0.0,1.0,2.2,-1.2,0.8,0.40000000000000013,1.2
2025-11-30,2025/26,Chelsea,Arsenal,1,1,D,12.0,13.0,9.0,10.0,12,12,23,29,-6,0,3,1,2,11,8,5,1.9166666666666667,2.4,0.4833333333333331,2.4166666666666665,2.6,0.1833333333333335,0.2999999999999996,-0.4999999999999998,-0.2000000000000001,0.2999999999999996,0.0,0.0,6,0,-1,-7,12,18,12,18,0,0,26,26,0.3157894736842105,0.3157894736842105,0.0451127819548872,0.3157894736842105,1,7,0.1578947368421052,0.0394736842105263,0.0242914979757085,0.0166204986149584,1.8157894736842104,1,2.4,5,1.947368421052632,1,2.6,5,2.0,0.4,1.6,2.0,0.6,1.4,0.0,0.19999999999999996,0.20000000000000018
2025-12-02,2025/26,Bournemouth,Everton,0,1,A,4.0,7.0,11.0,7.0,13,13,19,18,1,0,11,14,9,6,6,5,1.4615384615384617,0.8,-0.6615384615384614,1.3846153846153846,1.4,0.0153846153846153,-0.6769230769230767,0.0769230769230768,-0.5999999999999999,-0.6769230769230767,0.6769230769230767,-1.0,11,12,5,6,8,7,8,7,0,0,25,25,0.3421052631578947,0.3421052631578947,0.0285087719298245,0.0263157894736842,5,6,0.0570175438596491,0.0488721804511278,0.0380116959064327,0.0427631578947368,1.4736842105263157,1,0.8,5,1.263157894736842,1,1.4,5,1.4,2.4,-1.0,1.0,1.6,-0.6,0.3999999999999999,-0.7999999999999998,-0.4
2025-12-02,2025/26,Fulham,Manchester City,4,5,A,9.0,9.0,12.0,4.0,13,13,17,25,-8,0,15,2,0,15,6,5,1.3076923076923077,1.8,0.4923076923076923,1.9230769230769231,1.8,-0.123076923076923,0.6153846153846154,-0.6153846153846154,0.0,0.6153846153846154,0.0,0.0,13,5,7,-1,6,14,6,14,0,0,25,25,0.3421052631578947,0.3421052631578947,0.0244360902255639,0.0570175438596491,7,1,0.0427631578947368,0.1710526315789473,0.0488721804511278,0.0228070175438596,1.4210526315789471,1,1.8,5,1.868421052631579,1,1.8,5,1.4,1.0,0.4,2.0,1.2,0.8,-0.6000000000000001,0.19999999999999996,-0.4
2025-12-02,2025/26,Newcastle United,Tottenham Hotspur,2,2,D,9.0,4.0,12.0,10.0,13,13,18,18,0,0,13,12,12,3,8,5,1.3846153846153846,1.8,0.4153846153846154,1.3846153846153846,0.8,-0.5846153846153845,1.0,0.0,1.0,1.0,0.0,0.0,12,12,6,6,7,7,7,7,0,0,25,25,0.3421052631578947,0.3421052631578947,0.0263157894736842,0.0263157894736842,6,6,0.0488721804511278,0.0488721804511278,0.0427631578947368,0.0427631578947368,1.736842105263158,1,1.8,5,1.0,1,0.8,5,2.0,1.8,0.2,1.4,1.8,-0.4,0.6000000000000001,0.0,0.6000000000000001
2025-12-03,2025/26,Arsenal,Brentford,2,0,H,11.0,9.0,13.0,3.0,13,13,30,19,11,0,1,12,11,2,8,5,2.3076923076923075,2.2,-0.1076923076923073,1.4615384615384617,1.8,0.3384615384615386,-0.4461538461538459,0.846153846153846,0.4000000000000001,-0.4461538461538459,0.0,0.0,0,11,-6,5,19,8,19,8,0,0,25,25,0.3421052631578947,0.3421052631578947,0.3421052631578947,0.0285087719298245,6,5,0.0488721804511278,0.0570175438596491,0.0171052631578947,0.0380116959064327,1.947368421052632,1,2.2,5,1.4736842105263157,1,1.8,5,2.0,0.8,1.2,2.0,1.6,0.4,0.0,0.8,0.7999999999999999
2025-12-03,2025/26,Brighton,Aston Villa,3,4,A,10.0,12.0,13.0,8.0,13,13,22,24,-2,0,5,4,4,10,8,5,1.6923076923076923,2.0,0.3076923076923077,1.8461538461538465,2.4,0.5538461538461537,-0.2461538461538459,-0.1538461538461539,-0.3999999999999999,-0.2461538461538459,0.0,0.0,8,6,2,0,11,13,11,13,0,0,25,25,0.3421052631578947,0.3421052631578947,0.0380116959064327,0.0488721804511278,2,0,0.1140350877192982,0.3421052631578947,0.0285087719298245,0.0244360902255639,1.605263157894737,1,2.0,5,1.736842105263158,1,2.4,5,1.8,1.0,0.8,1.6,0.6,1.0,0.19999999999999996,-0.4,-0.19999999999999996
2025-12-03,2025/26,Burnley,Crystal Palace,0,1,A,3.0,7.0,4.0,9.0,13,13,10,20,-10,0,19,10,2,8,4,4,0.7692307692307693,0.6,-0.1692307692307693,1.5384615384615383,1.4,-0.1384615384615386,-0.0307692307692306,-0.7692307692307693,-0.7999999999999999,-0.0307692307692306,0.0,0.0,20,10,14,4,-1,9,1,9,1,0,25,25,0.3421052631578947,0.3421052631578947,0.0162907268170426,0.0311004784688995,14,4,0.0228070175438596,0.0684210526315789,0.1710526315789473,0.0342105263157894,,0,0.6,5,1.394736842105263,1,1.4,5,1.2,2.4,-1.2,1.0,0.6,0.4,0.19999999999999996,-1.7999999999999998,-1.6
2025-12-03,2025/26,Wolverhampton Wanderers,Nottingham Forest,0,1,A,0.0,7.0,1.0,4.0,13,13,2,12,-10,0,20,16,4,7,6,5,0.1538461538461538,0.0,-0.1538461538461538,0.9230769230769232,1.4,0.4769230769230768,-0.6307692307692306,-0.7692307692307693,-1.4,-0.6307692307692306,0.0,0.0,28,18,22,12,-9,1,9,1,1,0,25,25,0.3421052631578947,0.3421052631578947,0.0117967332123411,0.0180055401662049,22,12,0.0148741418764302,0.0263157894736842,0.0342105263157894,0.1710526315789473,1.105263157894737,1,0.0,5,1.7105263157894737,1,1.4,5,0.4,2.4,-2.0,1.6,1.4,0.2,-1.2000000000000002,-1.0,-2.2
2025-12-03,2025/26,Leeds United,Chelsea,3,1,H,3.0,10.0,5.0,10.0,13,13,11,24,-13,0,18,3,3,9,4,4,0.8461538461538461,0.6,-0.2461538461538461,1.8461538461538465,2.0,0.1538461538461537,-0.3999999999999999,-1.0,-1.4,-0.3999999999999999,0.0,0.0,19,6,13,0,0,13,0,13,1,0,25,25,0.3421052631578947,0.3421052631578947,0.0171052631578947,0.0488721804511278,13,0,0.0244360902255639,0.3421052631578947,0.3421052631578947,0.0244360902255639,,0,0.6,5,1.8157894736842104,1,2.0,5,1.2,2.4,-1.2,1.6,0.6,1.0,-0.40000000000000013,-1.7999999999999998,-2.2
2025-12-03,2025/26,Liverpool,Sunderland,1,1,D,6.0,8.0,9.0,7.0,13,13,21,22,-1,0,8,6,0,0,0,0,1.6153846153846154,1.2,-0.4153846153846154,1.6923076923076923,1.6,-0.0923076923076922,-0.3230769230769232,-0.0769230769230768,-0.4000000000000001,-0.3230769230769232,0.0,0.0,9,8,3,2,10,11,10,11,0,0,25,25,0.3421052631578947,0.3421052631578947,0.0342105263157894,0.0380116959064327,3,2,0.0855263157894736,0.1140350877192982,0.0311004784688995,0.0285087719298245,2.210526315789474,1,1.2,5,,0,1.6,5,1.2,1.8,-0.6,1.6,1.4,0.2,-0.40000000000000013,-0.40000000000000013,-0.8
2025-12-04,2025/26,Manchester United,West Ham United,1,1,D,8.0,7.0,12.0,5.0,13,13,21,11,10,0,9,18,3,12,8,5,1.6153846153846154,1.6,-0.0153846153846153,0.8461538461538461,1.4,0.5538461538461538,-0.5692307692307691,0.7692307692307693,0.2000000000000001,-0.5692307692307691,0.0,0.0,12,22,3,13,10,0,10,3,0,1,25,25,0.3421052631578947,0.3421052631578947,0.0263157894736842,0.0148741418764302,3,13,0.0855263157894736,0.0244360902255639,0.0311004784688995,0.0855263157894736,1.105263157894737,1,1.6,5,1.131578947368421,1,1.4,5,2.0,1.6,0.4,1.8,1.8,0.0,0.19999999999999996,0.19999999999999996,0.4
2025-12-06,2025/26,Aston Villa,Arsenal,2,1,H,12.0,11.0,15.0,11.0,14,14,27,33,-6,0,3,1,7,7,8,5,1.9285714285714288,2.4,0.4714285714285713,2.357142857142857,2.2,-0.157142857142857,0.6285714285714283,-0.4285714285714286,0.1999999999999997,0.6285714285714283,0.6285714285714283,1.0,6,0,-3,-9,15,21,15,21,0,0,24,24,0.3684210526315789,0.3684210526315789,0.0526315789473684,0.3684210526315789,3,9,0.0921052631578947,0.0368421052631578,0.0230263157894736,0.0167464114832535,1.736842105263158,1,2.4,5,1.947368421052632,1,2.2,5,2.2,1.2,1.0,2.2,0.8,1.4,0.0,-0.3999999999999999,-0.3999999999999999
2025-12-06,2025/26,Bournemouth,Chelsea,0,0,D,1.0,10.0,8.0,9.0,14,14,19,24,-5,0,14,4,2,11,6,5,1.3571428571428572,0.2,-1.1571428571428573,1.7142857142857142,2.0,0.2857142857142858,-1.442857142857143,-0.357142857142857,-1.8,-1.442857142857143,0.0,0.0,14,9,5,0,7,12,7,12,0,0,24,24,0.3684210526315789,0.3684210526315789,0.0245614035087719,0.0368421052631578,5,0,0.0614035087719298,0.3684210526315789,0.0460526315789473,0.0283400809716599,1.4736842105263157,1,0.2,5,1.8157894736842104,1,2.0,5,1.0,2.6,-1.6,1.6,0.8,0.8,-0.6000000000000001,-1.8,-2.4000000000000004
2025-12-06,2025/26,Everton,Nottingham Forest,3,0,H,10.0,10.0,7.0,7.0,14,14,21,15,6,0,10,16,10,4,6,5,1.5,2.0,0.5,1.0714285714285714,2.0,0.9285714285714286,-0.4285714285714286,0.4285714285714286,0.0,-0.4285714285714286,0.0,0.0,12,18,3,9,9,3,9,3,0,0,24,24,0.3684210526315789,0.3684210526315789,0.0283400809716599,0.0193905817174515,3,9,0.0921052631578947,0.0368421052631578,0.0368421052631578,0.0921052631578947,1.263157894736842,1,2.0,5,1.7105263157894737,1,2.0,5,1.2,1.0,0.2,1.8,1.0,0.8,-0.6000000000000001,0.0,-0.6000000000000001
2025-12-06,2025/26,Manchester City,Sunderland,3,0,H,12.0,6.0,15.0,7.0,14,14,28,23,5,0,2,6,0,0,0,0,2.0,2.4,0.3999999999999999,1.6428571428571428,1.2,-0.4428571428571428,0.8428571428571427,0.3571428571428572,1.2,0.8428571428571427,0.0,0.0,5,10,-4,1,16,11,16,11,0,0,24,24,0.3684210526315789,0.3684210526315789,0.0614035087719298,0.0334928229665071,4,1,0.0736842105263157,0.1842105263157894,0.0216718266253869,0.0307017543859649,1.868421052631579,1,2.4,5,,0,1.2,5,3.0,1.8,1.2,1.4,1.4,0.0,1.6,-0.40000000000000013,1.2
2025-12-06,2025/26,Newcastle United,Burnley,2,1,H,7.0,0.0,10.0,3.0,14,14,19,10,9,0,12,19,12,0,4,4,1.3571428571428572,1.4,0.0428571428571427,0.7142857142857143,0.0,-0.7142857142857143,0.757142857142857,0.6428571428571429,1.4,0.757142857142857,0.0,0.0,14,23,5,14,7,-2,7,4,0,1,24,24,0.3684210526315789,0.3684210526315789,0.0245614035087719,0.0153508771929824,5,14,0.0614035087719298,0.0245614035087719,0.0460526315789473,0.0736842105263157,1.736842105263158,1,1.4,5,,0,0.0,5,2.0,2.0,0.0,0.6,2.2,-1.6,1.4,0.20000000000000018,1.6
2025-12-06,2025/26,Tottenham Hotspur,Brentford,2,0,H,2.0,6.0,2.0,3.0,14,14,19,19,0,0,11,13,10,4,8,5,1.3571428571428572,0.4,-0.9571428571428572,1.3571428571428572,1.2,-0.1571428571428572,-0.7999999999999999,0.0,-0.7999999999999999,-0.7999999999999999,0.0,0.0,14,14,5,5,7,7,7,7,0,0,24,24,0.3684210526315789,0.3684210526315789,0.0245614035087719,0.0245614035087719,5,5,0.0614035087719298,0.0614035087719298,0.0460526315789473,0.0460526315789473,1.0,1,0.4,5,1.4736842105263157,1,1.2,5,1.2,2.2,-1.0,1.4,1.6,-0.2,-0.19999999999999996,-0.6000000000000001,-0.8
2025-12-06,2025/26,Leeds United,Liverpool,3,3,D,3.0,7.0,7.0,3.0,14,14,14,22,-8,0,17,9,3,9,4,4,1.0,0.6,-0.4,1.5714285714285714,1.4,-0.1714285714285714,-0.2285714285714285,-0.5714285714285714,-0.7999999999999999,-0.2285714285714285,0.0,0.0,19,11,10,2,2,10,2,10,0,0,24,24,0.3684210526315789,0.3684210526315789,0.0184210526315789,0.0307017543859649,10,2,0.0334928229665071,0.1228070175438596,0.1228070175438596,0.0334928229665071,,0,0.6,5,2.210526315789474,1,1.4,5,1.4,2.4,-1.0,1.0,1.4,-0.4,0.3999999999999999,-1.0,-0.6
2025-12-07,2025/26,Brighton,West Ham United,1,1,D,10.0,8.0,10.0,3.0,14,14,22,12,10,0,10,18,8,5,8,5,1.5714285714285714,2.0,0.4285714285714286,0.8571428571428571,1.6,0.742857142857143,-0.3142857142857144,0.7142857142857143,0.3999999999999999,-0.3142857142857144,0.0,0.0,11,21,3,13,10,0,10,3,0,1,24,24,0.3684210526315789,0.3684210526315789,0.0307017543859649,0.0167464114832535,3,13,0.0921052631578947,0.0263157894736842,0.0334928229665071,0.0921052631578947,1.605263157894737,1,2.0,5,1.131578947368421,1,1.6,5,2.0,1.0,1.0,1.8,1.6,0.2,0.19999999999999996,0.6000000000000001,0.8
2025-12-07,2025/26,Fulham,Crystal Palace,1,2,A,9.0,10.0,9.0,9.0,14,14,17,23,-6,0,15,6,6,6,6,5,1.2142857142857142,1.8,0.5857142857142859,1.6428571428571428,2.0,0.3571428571428572,0.2285714285714286,-0.4285714285714286,-0.1999999999999999,0.2285714285714286,0.0,0.0,16,10,8,2,5,11,5,11,0,0,24,24,0.3684210526315789,0.3684210526315789,0.0216718266253869,0.0334928229665071,8,2,0.0409356725146198,0.1228070175438596,0.0614035087719298,0.0307017543859649,1.4210526315789471,1,1.8,5,1.394736842105263,1,2.0,5,2.0,1.6,0.4,1.2,0.4,0.8,0.8,-1.2000000000000002,-0.4
2025-12-08,2025/26,Wolverhampton Wanderers,Manchester United,1,4,A,0.0,6.0,1.0,8.0,14,14,2,22,-20,0,20,12,6,9,8,5,0.1428571428571428,0.0,-0.1428571428571428,1.5714285714285714,1.2,-0.3714285714285714,0.2285714285714286,-1.4285714285714286,-1.2,0.2285714285714286,0.0,0.0,31,11,24,4,-11,9,13,9,1,0,24,24,0.3684210526315789,0.3684210526315789,0.0115131578947368,0.0307017543859649,24,4,0.0147368421052631,0.0736842105263157,0.0263157894736842,0.0368421052631578,1.105263157894737,1,0.0,5,1.105263157894737,1,1.2,5,0.0,2.0,-2.0,1.4,1.4,0.0,-1.4,-0.6000000000000001,-2.0
2025-12-13,2025/26,Chelsea,Everton,2,0,H,8.0,12.0,7.0,7.0,15,15,25,24,1,0,5,7,8,5,8,5,1.6666666666666667,1.6,-0.0666666666666666,1.6,2.4,0.7999999999999998,-0.8666666666666665,0.0666666666666666,-0.7999999999999998,-0.8666666666666665,0.8666666666666665,-1.0,8,9,1,2,12,11,12,11,0,0,23,23,0.3947368421052631,0.3947368421052631,0.043859649122807,0.0394736842105263,1,2,0.1973684210526315,0.131578947368421,0.0303643724696356,0.0328947368421052,1.8157894736842104,1,1.6,5,1.263157894736842,1,2.4,5,1.4,0.8,0.6,1.6,0.8,0.8,-0.20000000000000018,0.0,-0.20000000000000007
2025-12-13,2025/26,Liverpool,Brighton,2,0,H,5.0,8.0,7.0,8.0,15,15,23,23,0,0,10,8,7,7,8,5,1.5333333333333334,1.0,-0.5333333333333334,1.5333333333333334,1.6,0.0666666666666666,-0.6000000000000001,0.0,-0.6000000000000001,-0.6000000000000001,0.0,0.0,10,10,3,3,10,10,10,10,0,0,23,23,0.3947368421052631,0.3947368421052631,0.0358851674641148,0.0358851674641148,3,3,0.0986842105263157,0.0986842105263157,0.0358851674641148,0.0358851674641148,2.210526315789474,1,1.0,5,1.605263157894737,1,1.6,5,1.2,2.0,-0.8,1.6,1.2,0.4,-0.40000000000000013,-0.8,-1.2000000000000002
2025-12-13,2025/26,Burnley,Fulham,2,3,A,0.0,6.0,4.0,3.0,15,15,10,17,-7,0,19,15,4,1,2,2,0.6666666666666666,0.0,-0.6666666666666666,1.1333333333333333,1.2,0.0666666666666666,-0.7333333333333333,-0.4666666666666667,-1.2,-0.7333333333333333,0.0,0.0,23,16,16,9,-3,4,5,4,1,0,23,23,0.3947368421052631,0.3947368421052631,0.0164473684210526,0.023219814241486,16,9,0.023219814241486,0.0394736842105263,0.0657894736842105,0.0789473684210526,,0,0.0,5,1.4210526315789471,1,1.2,5,0.8,2.2,-1.4,1.6,2.0,-0.4,-0.8,-0.20000000000000018,-0.9999999999999999
2025-12-13,2025/26,Arsenal,Wolverhampton Wanderers,2,1,H,8.0,0.0,13.0,1.0,15,15,33,2,31,0,1,20,15,0,8,5,2.2,1.6,-0.6000000000000001,0.1333333333333333,0.0,-0.1333333333333333,-0.4666666666666668,2.066666666666667,1.6,-0.4666666666666668,0.0,0.0,0,31,-7,24,20,-11,20,13,0,1,23,23,0.3947368421052631,0.3947368421052631,0.3947368421052631,0.0123355263157894,7,24,0.0493421052631578,0.0157894736842105,0.018796992481203,0.0281954887218045,1.947368421052632,1,1.6,5,1.105263157894737,1,0.0,5,2.0,1.2,0.8,0.2,2.2,-2.0,1.8,1.0000000000000002,2.8
2025-12-14,2025/26,Crystal Palace,Manchester City,0,3,A,10.0,12.0,8.0,7.0,15,15,26,31,-5,0,5,2,2,11,8,5,1.7333333333333334,2.0,0.2666666666666666,2.066666666666667,2.4,0.333333333333333,-0.0666666666666664,-0.3333333333333335,-0.3999999999999999,-0.0666666666666664,0.0,0.0,10,5,2,-3,13,18,13,18,0,0,23,23,0.3947368421052631,0.3947368421052631,0.0358851674641148,0.0657894736842105,2,3,0.131578947368421,0.0986842105263157,0.0281954887218045,0.020775623268698,1.394736842105263,1,2.0,5,1.868421052631579,1,2.4,5,1.2,0.6,0.6,3.0,1.6,1.4,-1.8,1.0,-0.7999999999999999
2025-12-14,2025/26,Nottingham Forest,Tottenham Hotspur,3,0,H,9.0,5.0,4.0,8.0,15,15,15,22,-7,0,17,11,6,9,6,5,1.0,1.8,0.8,1.4666666666666666,1.0,-0.4666666666666665,1.2666666666666666,-0.4666666666666665,0.8,1.2666666666666666,1.2666666666666666,1.0,21,14,13,6,2,9,2,9,0,0,23,23,0.3947368421052631,0.3947368421052631,0.0179425837320574,0.0263157894736842,13,6,0.0281954887218045,0.056390977443609,0.131578947368421,0.0394736842105263,1.7105263157894737,1,1.8,5,1.0,1,1.0,5,1.4,1.2,0.2,1.6,2.0,-0.4,-0.20000000000000018,0.8,0.6000000000000001
2025-12-14,2025/26,Sunderland,Newcastle United,1,0,H,5.0,10.0,9.0,4.0,15,15,23,22,1,0,10,12,0,0,0,0,1.5333333333333334,1.0,-0.5333333333333334,1.4666666666666666,2.0,0.5333333333333334,-1.0666666666666669,0.0666666666666668,-1.0,-1.0666666666666669,1.0666666666666669,-1.0,13,14,5,6,10,9,10,9,0,0,23,23,0.3947368421052631,0.3947368421052631,0.0281954887218045,0.0263157894736842,5,6,0.0657894736842105,0.056390977443609,0.0358851674641148,0.0394736842105263,,0,1.0,5,1.736842105263158,1,2.0,5,1.2,1.8,-0.6,2.2,1.6,0.6,-1.0000000000000002,-0.19999999999999996,-1.2
2025-12-14,2025/26,West Ham United,Aston Villa,2,3,A,6.0,15.0,6.0,10.0,15,15,13,30,-17,0,18,3,3,9,8,5,0.8666666666666667,1.2,0.3333333333333332,2.0,3.0,1.0,-0.6666666666666667,-1.1333333333333333,-1.8,-0.6666666666666667,0.0,0.0,23,6,15,-2,0,17,2,17,1,0,23,23,0.3947368421052631,0.3947368421052631,0.0164473684210526,0.056390977443609,15,2,0.0246710526315789,0.131578947368421,0.131578947368421,0.0219298245614035,1.131578947368421,1,1.2,5,1.736842105263158,1,3.0,5,1.4,1.6,-0.2,2.6,1.0,1.6,-1.2000000000000002,-0.6000000000000001,-1.8
2025-12-14,2025/26,Brentford,Leeds United,1,1,D,6.0,4.0,12.0,3.0,15,15,19,15,4,0,15,16,5,5,4,4,1.2666666666666666,1.2,-0.0666666666666666,1.0,0.8,-0.1999999999999999,0.1333333333333333,0.2666666666666666,0.3999999999999999,0.1333333333333333,0.0,0.0,17,21,9,13,6,2,6,2,0,0,23,23,0.3947368421052631,0.3947368421052631,0.0219298245614035,0.0179425837320574,9,13,0.0394736842105263,0.0281954887218045,0.056390977443609,0.131578947368421,1.4736842105263157,1,1.2,5,,0,0.8,5,1.4,1.6,-0.2,2.0,2.4,-0.4,-0.6000000000000001,0.7999999999999998,0.2
2025-12-15,2025/26,Manchester United,Bournemouth,4,4,D,8.0,2.0,10.0,2.0,15,15,25,20,5,0,8,15,5,8,6,5,1.6666666666666667,1.6,-0.0666666666666666,1.3333333333333333,0.4,-0.9333333333333332,0.8666666666666666,0.3333333333333335,1.2000000000000002,0.8666666666666667,0.0,0.0,11,16,3,8,12,7,12,7,0,0,23,23,0.3947368421052631,0.3947368421052631,0.0328947368421052,0.023219814241486,3,8,0.0986842105263157,0.043859649122807,0.0303643724696356,0.0493421052631578,1.105263157894737,1,1.6,5,1.4736842105263157,1,0.4,5,1.8,1.2,0.6,0.8,2.0,-1.2,1.0,0.8,1.7999999999999998
2025-12-20,2025/26,Newcastle United,Chelsea,2,2,D,10.0,8.0,13.0,10.0,16,16,22,28,-6,0,12,4,7,7,8,5,1.375,2.0,0.625,1.75,1.6,-0.1499999999999999,0.7749999999999999,-0.375,0.3999999999999999,0.7749999999999999,0.7749999999999999,1.0,14,8,6,0,9,15,9,15,0,0,22,22,0.4210526315789473,0.4210526315789473,0.0280701754385964,0.0467836257309941,6,0,0.0601503759398496,0.4210526315789473,0.0421052631578947,0.0263157894736842,1.736842105263158,1,2.0,5,1.8157894736842104,1,1.6,5,2.0,1.2,0.8,1.2,0.8,0.4,0.8,-0.3999999999999999,0.4
2025-12-20,2025/26,Bournemouth,Burnley,1,1,D,3.0,0.0,8.0,3.0,16,16,21,10,11,0,13,19,6,0,2,2,1.3125,0.6,-0.7125,0.625,0.0,-0.625,-0.0875,0.6875,0.6,-0.0875,0.0,0.0,15,26,7,18,8,-3,8,6,0,1,22,22,0.4210526315789473,0.4210526315789473,0.0263157894736842,0.0155945419103313,7,18,0.0526315789473684,0.0221606648199446,0.0467836257309941,0.0601503759398496,1.4736842105263157,1,0.6,5,,0,0.0,5,1.6,2.0,-0.4,0.8,2.2,-1.4,0.8,0.20000000000000018,0.9999999999999999
2025-12-20,2025/26,Brighton,Sunderland,0,0,D,7.0,7.0,10.0,4.0,16,16,23,26,-3,0,10,8,0,0,0,0,1.4375,1.4,-0.0375,1.625,1.4,-0.2250000000000001,0.1875,-0.1875,0.0,0.1875,0.0,0.0,13,10,5,2,10,13,10,13,0,0,22,22,0.4210526315789473,0.4210526315789473,0.0300751879699248,0.0382775119617224,5,2,0.0701754385964912,0.1403508771929824,0.0382775119617224,0.0300751879699248,1.605263157894737,1,1.4,5,,0,1.4,5,1.6,1.6,0.0,1.0,1.4,-0.4,0.6000000000000001,-0.20000000000000018,0.4
2025-12-20,2025/26,Manchester City,West Ham United,3,0,H,12.0,3.0,15.0,3.0,16,16,34,13,21,0,2,18,15,0,8,5,2.125,2.4,0.2749999999999999,0.8125,0.6,-0.2125,0.4874999999999999,1.3125,1.7999999999999998,0.4874999999999998,0.0,0.0,2,23,-6,15,21,0,21,3,0,1,22,22,0.4210526315789473,0.4210526315789473,0.1403508771929824,0.0175438596491228,6,15,0.0601503759398496,0.0263157894736842,0.0191387559808612,0.1052631578947368,1.868421052631579,1,2.4,5,1.131578947368421,1,0.6,5,3.0,1.6,1.4,1.2,1.8,-0.6,1.8,0.19999999999999996,2.0
2025-12-20,2025/26,Wolverhampton Wanderers,Brentford,0,2,A,0.0,4.0,1.0,3.0,16,16,2,20,-18,0,20,15,7,7,8,5,0.125,0.0,-0.125,1.25,0.8,-0.4499999999999999,0.3249999999999999,-1.125,-0.8,0.3249999999999999,0.0,0.0,34,16,26,8,-11,7,14,7,1,0,22,22,0.4210526315789473,0.4210526315789473,0.0120300751879699,0.0247678018575851,26,8,0.0155945419103313,0.0467836257309941,0.0280701754385964,0.0526315789473684,1.105263157894737,1,0.0,5,1.4736842105263157,1,0.8,5,0.4,2.0,-1.6,1.0,1.6,-0.6,-0.6,-0.3999999999999999,-1.0
2025-12-20,2025/26,Tottenham Hotspur,Liverpool,1,2,A,4.0,8.0,4.0,4.0,16,16,22,26,-4,0,11,7,3,12,8,5,1.375,0.8,-0.575,1.625,1.6,-0.0249999999999999,-0.55,-0.25,-0.8,-0.55,0.0,0.0,14,10,6,2,9,13,9,13,0,0,22,22,0.4210526315789473,0.4210526315789473,0.0280701754385964,0.0382775119617224,6,2,0.0601503759398496,0.1403508771929824,0.0421052631578947,0.0300751879699248,1.0,1,0.8,5,2.210526315789474,1,1.6,5,1.2,2.2,-1.0,1.6,1.4,0.2,-0.40000000000000013,-0.8000000000000003,-1.2
2025-12-20,2025/26,Everton,Arsenal,0,1,A,9.0,10.0,9.0,8.0,16,16,24,36,-12,0,9,1,2,11,8,5,1.5,1.8,0.3,2.25,2.0,-0.25,0.55,-0.75,-0.1999999999999999,0.55,0.0,0.0,12,0,4,-8,11,23,11,23,0,0,22,22,0.4210526315789473,0.4210526315789473,0.0323886639676113,0.4210526315789473,4,8,0.0842105263157894,0.0467836257309941,0.0350877192982456,0.0175438596491228,1.263157894736842,1,1.8,5,1.947368421052632,1,2.0,5,1.2,1.2,0.0,2.0,1.0,1.0,-0.8,-0.19999999999999996,-1.0
2025-12-20,2025/26,Leeds United,Crystal Palace,4,1,H,5.0,9.0,7.0,9.0,16,16,16,26,-10,0,17,5,4,7,4,4,1.0,1.0,0.0,1.625,1.8,0.175,-0.175,-0.625,-0.8,-0.175,0.0,0.0,20,10,12,2,3,13,3,13,0,0,22,22,0.4210526315789473,0.4210526315789473,0.0200501253132832,0.0382775119617224,12,2,0.0323886639676113,0.1403508771929824,0.1052631578947368,0.0300751879699248,,0,1.0,5,1.394736842105263,1,1.8,5,2.0,2.0,0.0,1.2,1.2,0.0,0.8,-0.8,0.0
2025-12-21,2025/26,Aston Villa,Manchester United,2,1,H,15.0,8.0,15.0,11.0,16,16,33,26,7,0,3,7,1,13,8,5,2.0625,3.0,0.9375,1.625,1.6,-0.0249999999999999,0.9625,0.4375,1.4,0.9625,0.0,0.0,6,13,-4,3,20,13,20,13,0,0,22,22,0.4210526315789473,0.4210526315789473,0.0601503759398496,0.0300751879699248,4,3,0.0842105263157894,0.1052631578947368,0.0200501253132832,0.0300751879699248,1.736842105263158,1,3.0,5,1.105263157894737,1,1.6,5,2.4,1.4,1.0,2.2,1.6,0.6,0.19999999999999973,0.20000000000000018,0.4
2025-12-22,2025/26,Fulham,Nottingham Forest,1,0,H,9.0,9.0,6.0,6.0,16,16,20,18,2,0,15,17,12,3,6,5,1.25,1.8,0.55,1.125,1.8,0.675,-0.125,0.125,0.0,-0.125,0.0,0.0,19,21,9,11,7,5,7,5,0,0,22,22,0.4210526315789473,0.4210526315789473,0.0210526315789473,0.0191387559808612,9,11,0.0421052631578947,0.0350877192982456,0.0526315789473684,0.0701754385964912,1.4210526315789471,1,1.8,5,1.7105263157894737,1,1.8,5,2.2,2.0,0.2,1.4,1.0,0.4,0.8000000000000003,-1.0,-0.2
2025-12-26,2025/26,Manchester United,Newcastle United,1,0,H,8.0,8.0,8.0,3.0,17,17,26,23,3,0,7,11,3,12,8,5,1.5294117647058822,1.6,0.0705882352941178,1.3529411764705883,1.6,0.2470588235294117,-0.1764705882352939,0.1764705882352939,0.0,-0.1764705882352939,0.0,0.0,13,16,3,6,13,10,13,10,0,0,21,21,0.4473684210526316,0.4473684210526316,0.0319548872180451,0.0263157894736842,3,6,0.1118421052631579,0.0639097744360902,0.0319548872180451,0.0406698564593301,1.105263157894737,1,1.6,5,1.736842105263158,1,1.6,5,2.4,1.8,0.6,2.0,1.4,0.6,0.3999999999999999,-0.40000000000000013,0.0
2025-12-27,2025/26,Nottingham Forest,Manchester City,1,2,A,6.0,15.0,7.0,9.0,17,17,18,37,-19,0,17,2,4,10,6,5,1.0588235294117647,1.2,0.1411764705882352,2.176470588235294,3.0,0.8235294117647061,-0.6823529411764708,-1.1176470588235292,-1.8,-0.6823529411764708,0.0,0.0,21,2,11,-8,5,24,5,24,0,0,21,21,0.4473684210526316,0.4473684210526316,0.020334928229665,0.1491228070175438,11,8,0.0372807017543859,0.0497076023391812,0.0745614035087719,0.0178947368421052,1.7105263157894737,1,1.2,5,1.868421052631579,1,3.0,5,0.8,1.2,-0.4,3.4,1.2,2.2,-2.5999999999999996,0.0,-2.6
2025-12-27,2025/26,Arsenal,Brighton,2,1,H,10.0,5.0,15.0,5.0,17,17,39,24,15,0,1,9,8,5,8,5,2.294117647058824,2.0,-0.2941176470588234,1.411764705882353,1.0,-0.411764705882353,0.1176470588235296,0.8823529411764703,1.0,0.1176470588235296,0.0,0.0,0,15,-10,5,26,11,26,11,0,0,21,21,0.4473684210526316,0.4473684210526316,0.4473684210526316,0.0279605263157894,10,5,0.0406698564593301,0.0745614035087719,0.016569200779727,0.0372807017543859,1.947368421052632,1,2.0,5,1.605263157894737,1,1.0,5,1.4,0.8,0.6,1.2,1.4,-0.2,0.19999999999999996,0.5999999999999999,0.8
2025-12-27,2025/26,Burnley,Everton,0,0,D,1.0,6.0,3.0,7.0,17,17,11,24,-13,0,19,10,3,9,4,4,0.6470588235294118,0.2,-0.4470588235294118,1.411764705882353,1.2,-0.211764705882353,-0.2352941176470587,-0.7647058823529412,-1.0,-0.2352941176470587,0.0,0.0,28,15,18,5,-2,11,7,11,1,0,21,21,0.4473684210526316,0.4473684210526316,0.0154264972776769,0.0279605263157894,18,5,0.0235457063711911,0.0745614035087719,0.0559210526315789,0.0372807017543859,,0,0.2,5,1.263157894736842,1,1.2,5,1.0,2.0,-1.0,1.0,1.4,-0.4,0.0,-0.6000000000000001,-0.6
2025-12-27,2025/26,Chelsea,Aston Villa,1,2,A,6.0,15.0,10.0,12.0,17,17,29,36,-7,0,4,3,4,10,8,5,1.7058823529411764,1.2,-0.5058823529411764,2.117647058823529,3.0,0.8823529411764706,-1.388235294117647,-0.411764705882353,-1.8,-1.388235294117647,0.0,0.0,10,3,0,-7,16,23,16,23,0,0,21,21,0.4473684210526316,0.4473684210526316,0.0406698564593301,0.1118421052631579,0,7,0.4473684210526316,0.0559210526315789,0.0263157894736842,0.0186403508771929,1.8157894736842104,1,1.2,5,1.736842105263158,1,3.0,5,1.2,1.2,0.0,2.4,1.4,1.0,-1.2,0.19999999999999996,-1.0
2025-12-27,2025/26,Liverpool,Wolverhampton Wanderers,2,1,H,11.0,0.0,7.0,0.0,17,17,29,2,27,0,6,20,15,0,8,5,1.7058823529411764,2.2,0.4941176470588238,0.1176470588235294,0.0,-0.1176470588235294,0.6117647058823532,1.588235294117647,2.2,0.6117647058823532,0.0,0.0,10,37,0,27,16,-11,16,16,0,1,21,21,0.4473684210526316,0.4473684210526316,0.0406698564593301,0.0117728531855955,0,27,0.4473684210526316,0.0159774436090225,0.0263157894736842,0.0263157894736842,2.210526315789474,1,2.2,5,1.105263157894737,1,0.0,5,2.0,1.0,1.0,0.4,2.0,-1.6,1.6,1.0,2.6
2025-12-27,2025/26,West Ham United,Fulham,0,1,A,2.0,9.0,6.0,6.0,17,17,13,23,-10,0,18,13,7,7,6,5,0.7647058823529411,0.4,-0.3647058823529411,1.3529411764705883,1.8,0.4470588235294117,-0.8117647058823528,-0.5882352941176472,-1.4,-0.8117647058823527,0.0,0.0,26,16,16,6,0,10,5,10,1,0,21,21,0.4473684210526316,0.4473684210526316,0.016569200779727,0.0263157894736842,16,6,0.0263157894736842,0.0639097744360902,0.0745614035087719,0.0406698564593301,1.131578947368421,1,0.4,5,1.4210526315789471,1,1.8,5,0.8,2.0,-1.2,2.2,2.0,0.2,-1.4000000000000001,0.0,-1.4
2025-12-27,2025/26,Brentford,Bournemouth,4,1,H,7.0,3.0,10.0,2.0,17,17,23,22,1,0,12,15,13,1,6,5,1.3529411764705883,1.4,0.0470588235294116,1.2941176470588236,0.6,-0.6941176470588236,0.7411764705882352,0.0588235294117647,0.7999999999999999,0.7411764705882352,0.0,0.0,16,17,6,7,10,9,10,9,0,0,21,21,0.4473684210526316,0.4473684210526316,0.0263157894736842,0.0248538011695906,6,7,0.0639097744360902,0.0559210526315789,0.0406698564593301,0.0447368421052631,1.4736842105263157,1,1.4,5,1.4736842105263157,1,0.6,5,1.2,1.2,0.0,1.4,1.8,-0.4,-0.19999999999999996,0.6000000000000001,0.4
2025-12-28,2025/26,Sunderland,Leeds United,1,1,D,8.0,8.0,11.0,1.0,17,17,27,19,8,0,7,16,0,0,0,0,1.588235294117647,1.6,0.0117647058823531,1.1176470588235294,1.6,0.4823529411764706,-0.4705882352941175,0.4705882352941175,0.0,-0.4705882352941175,0.0,0.0,15,23,5,13,14,6,14,6,0,0,21,21,0.4473684210526316,0.4473684210526316,0.0279605263157894,0.0186403508771929,5,13,0.0745614035087719,0.0319548872180451,0.0298245614035087,0.0639097744360902,,0,1.6,5,,0,1.6,5,1.0,1.2,-0.2,2.6,1.8,0.8,-1.6,0.6000000000000001,-1.0
2025-12-28,2025/26,Crystal Palace,Tottenham Hotspur,0,1,A,6.0,4.0,5.0,7.0,17,17,26,22,4,0,9,14,6,9,8,5,1.5294117647058822,1.2,-0.3294117647058823,1.2941176470588236,0.8,-0.4941176470588235,0.1647058823529412,0.2352941176470586,0.3999999999999999,0.1647058823529412,0.0,0.0,16,20,6,10,13,9,13,9,0,0,21,21,0.4473684210526316,0.4473684210526316,0.0263157894736842,0.0213032581453634,6,10,0.0639097744360902,0.0406698564593301,0.0319548872180451,0.0447368421052631,1.394736842105263,1,1.2,5,1.0,1,0.8,5,1.0,2.0,-1.0,1.2,1.8,-0.6,-0.19999999999999996,-0.19999999999999996,-0.4
2025-12-30,2025/26,Burnley,Newcastle United,1,3,A,2.0,5.0,1.0,3.0,18,18,12,23,-11,0,19,14,0,15,5,5,0.6666666666666666,0.4,-0.2666666666666666,1.2777777777777777,1.0,-0.2777777777777777,0.011111111111111,-0.611111111111111,-0.6,0.011111111111111,0.0,0.0,30,19,20,9,-1,10,6,10,1,0,20,20,0.4736842105263157,0.4736842105263157,0.0152801358234295,0.0236842105263157,20,9,0.0225563909774436,0.0473684210526315,0.0676691729323308,0.0430622009569377,,0,0.4,5,1.736842105263158,1,1.0,5,0.8,1.4,-0.6,1.2,1.4,-0.2,-0.3999999999999999,0.0,-0.39999999999999997
2025-12-30,2025/26,Chelsea,Bournemouth,2,2,D,5.0,3.0,7.0,1.0,18,18,29,22,7,0,5,15,9,3,7,5,1.6111111111111112,1.0,-0.6111111111111112,1.2222222222222223,0.6,-0.6222222222222223,0.0111111111111111,0.3888888888888888,0.4,0.0111111111111111,0.0,0.0,13,20,3,10,16,9,16,9,0,0,20,20,0.4736842105263157,0.4736842105263157,0.0338345864661654,0.0225563909774436,3,10,0.1184210526315789,0.0430622009569377,0.0278637770897832,0.0473684210526315,1.8157894736842104,1,1.0,5,1.4736842105263157,1,0.6,5,1.2,1.4,-0.2,1.2,2.0,-0.8,0.0,0.6000000000000001,0.6000000000000001
2025-12-30,2025/26,Nottingham Forest,Everton,0,2,A,6.0,7.0,7.0,8.0,18,18,18,25,-7,0,17,12,3,12,7,5,1.0,1.2,0.1999999999999999,1.3888888888888888,1.4,0.011111111111111,0.1888888888888888,-0.3888888888888888,-0.1999999999999999,0.1888888888888888,0.0,0.0,24,17,14,7,5,12,5,12,0,0,20,20,0.4736842105263157,0.4736842105263157,0.0189473684210526,0.0263157894736842,14,7,0.031578947368421,0.0592105263157894,0.0789473684210526,0.0364372469635627,1.7105263157894737,1,1.2,5,1.263157894736842,1,1.4,5,1.0,1.2,-0.2,0.8,0.6,0.2,0.19999999999999996,-0.6,-0.4
2025-12-30,2025/26,West Ham United,Brighton,2,2,D,2.0,2.0,6.0,4.0,18,18,13,24,-11,0,18,13,6,6,9,5,0.7222222222222222,0.4,-0.3222222222222222,1.3333333333333333,0.4,-0.9333333333333332,0.611111111111111,-0.611111111111111,0.0,0.611111111111111,0.0,0.0,29,18,19,8,0,11,5,11,1,0,20,20,0.4736842105263157,0.4736842105263157,0.0157894736842105,0.0249307479224376,19,8,0.0236842105263157,0.0526315789473684,0.0789473684210526,0.0394736842105263,1.131578947368421,1,0.4,5,1.605263157894737,1,0.4,5,0.8,1.8,-1.0,1.0,1.8,-0.8,-0.19999999999999996,0.0,-0.19999999999999996
2025-12-30,2025/26,Arsenal,Aston Villa,4,1,H,12.0,15.0,15.0,12.0,18,18,42,39,3,0,1,3,4,10,9,5,2.333333333333333,2.4,0.0666666666666664,2.1666666666666665,3.0,0.8333333333333335,-0.766666666666667,0.1666666666666669,-0.6000000000000001,-0.766666666666667,0.766666666666667,-1.0,0,3,-10,-7,29,26,29,26,0,0,20,20,0.4736842105263157,0.4736842105263157,0.4736842105263157,0.1184210526315789,10,7,0.0430622009569377,0.0592105263157894,0.0157894736842105,0.0175438596491228,1.947368421052632,1,2.4,5,1.736842105263158,1,3.0,5,1.6,0.8,0.8,2.6,1.6,1.0,-1.0,0.8,-0.19999999999999996
2025-12-30,2025/26,Manchester United,Wolverhampton Wanderers,1,1,D,8.0,0.0,8.0,0.0,18,18,29,2,27,0,6,20,9,6,9,5,1.6111111111111112,1.6,-0.011111111111111,0.1111111111111111,0.0,-0.1111111111111111,0.1,1.5,1.6,0.1,0.0,0.0,13,40,3,30,16,-11,16,16,0,1,20,20,0.4736842105263157,0.4736842105263157,0.0338345864661654,0.0115532734274711,3,30,0.1184210526315789,0.0152801358234295,0.0278637770897832,0.0278637770897832,1.105263157894737,1,1.6,5,1.105263157894737,1,0.0,5,2.2,1.6,0.6,0.6,2.2,-1.6,1.6,0.6000000000000001,2.2
2026-01-01,2025/26,Crystal Palace,Fulham,1,1,D,6.0,9.0,4.0,9.0,18,18,26,26,0,0,11,12,8,5,7,5,1.4444444444444444,1.2,-0.2444444444444444,1.4444444444444444,1.8,0.3555555555555556,-0.6000000000000001,0.0,-0.6000000000000001,-0.6000000000000001,0.0,0.0,19,19,6,6,12,12,12,12,0,0,20,20,0.4736842105263157,0.4736842105263157,0.0236842105263157,0.0236842105263157,6,6,0.0676691729323308,0.0676691729323308,0.0364372469635627,0.0364372469635627,1.394736842105263,1,1.2,5,1.4210526315789471,1,1.8,5,0.8,1.8,-1.0,2.0,1.8,0.2,-1.2,0.0,-1.2
2026-01-01,2025/26,Liverpool,Leeds United,0,0,D,11.0,9.0,10.0,2.0,18,18,32,20,12,0,4,16,10,4,5,5,1.7777777777777777,2.2,0.4222222222222225,1.1111111111111112,1.8,0.6888888888888889,-0.2666666666666664,0.6666666666666665,0.4000000000000001,-0.2666666666666664,0.0,0.0,13,25,0,12,18,6,18,6,0,0,20,20,0.4736842105263157,0.4736842105263157,0.0338345864661654,0.0182186234817813,0,12,0.4736842105263157,0.0364372469635627,0.0249307479224376,0.0676691729323308,2.210526315789474,1,2.2,5,,0,1.8,5,2.0,1.2,0.8,2.4,1.4,1.0,-0.3999999999999999,0.19999999999999996,-0.19999999999999996
2026-01-01,2025/26,Brentford,Tottenham Hotspur,0,0,D,7.0,7.0,13.0,7.0,18,18,26,25,1,0,9,13,1,13,9,5,1.4444444444444444,1.4,-0.0444444444444445,1.3888888888888888,1.4,0.011111111111111,-0.0555555555555555,0.0555555555555555,0.0,-0.0555555555555555,0.0,0.0,19,20,6,7,12,11,12,11,0,0,20,20,0.4736842105263157,0.4736842105263157,0.0236842105263157,0.0225563909774436,6,7,0.0676691729323308,0.0592105263157894,0.0364372469635627,0.0394736842105263,1.4736842105263157,1,1.4,5,1.0,1,1.4,5,1.4,1.2,0.2,1.2,1.4,-0.2,0.19999999999999996,0.19999999999999996,0.4
2026-01-01,2025/26,Sunderland,Manchester City,0,0,D,6.0,15.0,9.0,9.0,18,18,28,40,-12,0,7,2,0,3,1,1,1.5555555555555556,1.2,-0.3555555555555556,2.2222222222222223,3.0,0.7777777777777777,-1.1333333333333333,-0.6666666666666667,-1.8,-1.1333333333333333,0.0,0.0,17,5,4,-8,14,26,14,26,0,0,20,20,0.4736842105263157,0.4736842105263157,0.0263157894736842,0.0789473684210526,4,8,0.0947368421052631,0.0526315789473684,0.031578947368421,0.0175438596491228,,0,1.2,5,1.868421052631579,1,3.0,5,0.6,1.0,-0.4,3.2,1.0,2.2,-2.6,0.0,-2.6
2026-01-03,2025/26,Aston Villa,Nottingham Forest,3,1,H,12.0,3.0,15.0,6.0,19,19,39,18,21,0,3,17,9,6,6,5,2.0526315789473686,2.4,0.3473684210526313,0.9473684210526316,0.6,-0.3473684210526315,0.6947368421052629,1.1052631578947372,1.7999999999999998,0.6947368421052627,0.0,0.0,6,27,-6,15,25,4,25,4,0,0,19,19,0.5,0.5,0.0714285714285714,0.0178571428571428,6,15,0.0714285714285714,0.03125,0.0192307692307692,0.1,1.736842105263158,1,2.4,5,1.7105263157894737,1,0.6,5,2.0,1.8,0.2,0.8,1.6,-0.8,1.2,-0.19999999999999996,1.0
2026-01-03,2025/26,Brighton,Burnley,2,0,H,3.0,2.0,8.0,4.0,19,19,25,12,13,0,14,19,5,5,4,4,1.3157894736842106,0.6,-0.7157894736842106,0.631578947368421,0.4,-0.231578947368421,-0.4842105263157896,0.6842105263157896,0.1999999999999999,-0.4842105263157896,0.0,0.0,20,33,8,21,11,-2,11,6,0,1,19,19,0.5,0.5,0.0238095238095238,0.0147058823529411,8,21,0.0555555555555555,0.0227272727272727,0.0416666666666666,0.0714285714285714,1.605263157894737,1,0.6,5,,0,0.4,5,0.8,1.4,-0.6,1.0,1.8,-0.8,-0.19999999999999996,0.40000000000000013,0.20000000000000007
2026-01-03,2025/26,Wolverhampton Wanderers,West Ham United,3,0,H,1.0,2.0,0.0,3.0,19,19,3,14,-11,0,20,18,6,9,8,5,0.1578947368421052,0.2,0.0421052631578947,0.7368421052631579,0.4,-0.3368421052631578,0.3789473684210526,-0.5789473684210527,-0.2,0.3789473684210526,0.0,0.0,42,31,30,19,-11,0,15,4,1,1,19,19,0.5,0.5,0.0116279069767441,0.015625,30,19,0.0161290322580645,0.025,0.03125,0.1,1.105263157894737,1,0.2,5,1.131578947368421,1,0.4,5,0.8,2.2,-1.4,1.0,2.0,-1.0,-0.19999999999999996,-0.20000000000000018,-0.3999999999999999
2026-01-03,2025/26,Bournemouth,Arsenal,2,3,A,4.0,12.0,6.0,8.0,19,19,23,45,-22,0,15,1,6,9,6,5,1.2105263157894737,0.8,-0.4105263157894736,2.3684210526315788,2.4,0.0315789473684211,-0.4421052631578948,-1.157894736842105,-1.6,-0.4421052631578948,0.0,0.0,22,0,10,-12,9,31,9,31,0,0,19,19,0.5,0.5,0.0217391304347826,0.5,10,12,0.0454545454545454,0.0384615384615384,0.05,0.015625,1.4736842105263157,1,0.8,5,1.947368421052632,1,2.4,5,1.6,2.2,-0.6,2.0,1.0,1.0,-0.3999999999999999,-1.2000000000000002,-1.6
2026-01-04,2025/26,Leeds United,Manchester United,1,1,D,7.0,8.0,10.0,8.0,19,19,21,30,-9,0,16,6,1,10,4,4,1.105263157894737,1.4,0.2947368421052629,1.5789473684210529,1.6,0.0210526315789474,0.2736842105263155,-0.4736842105263157,-0.2000000000000001,0.2736842105263155,0.0,0.0,27,18,12,3,7,16,7,16,0,0,19,19,0.5,0.5,0.0178571428571428,0.0263157894736842,12,3,0.0384615384615384,0.125,0.0625,0.0294117647058823,,0,1.4,5,1.105263157894737,1,1.6,5,1.8,1.2,0.6,2.2,1.6,0.6,-0.40000000000000013,0.40000000000000013,0.0
2026-01-04,2025/26,Everton,Brentford,2,4,A,7.0,8.0,6.0,3.0,19,19,28,27,1,0,9,10,11,2,8,5,1.4736842105263157,1.4,-0.0736842105263158,1.4210526315789471,1.6,0.1789473684210527,-0.2526315789473685,0.0526315789473683,-0.2000000000000001,-0.2526315789473685,0.2526315789473685,-1.0,20,21,5,6,14,13,14,13,0,0,19,19,0.5,0.5,0.0238095238095238,0.0227272727272727,5,6,0.0833333333333333,0.0714285714285714,0.0333333333333333,0.0357142857142857,1.263157894736842,1,1.4,5,1.4736842105263157,1,1.6,5,1.0,0.6,0.4,1.4,0.8,0.6,-0.3999999999999999,0.20000000000000007,-0.19999999999999996
2026-01-04,2025/26,Newcastle United,Crystal Palace,2,0,H,7.0,4.0,11.0,9.0,19,19,26,27,-1,0,14,11,8,5,8,5,1.368421052631579,1.4,0.0315789473684209,1.4210526315789471,0.8,-0.6210526315789473,0.6526315789473682,-0.0526315789473683,0.5999999999999999,0.6526315789473682,0.6526315789473682,1.0,22,21,7,6,12,13,12,13,0,0,19,19,0.5,0.5,0.0217391304347826,0.0227272727272727,7,6,0.0625,0.0714285714285714,0.0384615384615384,0.0357142857142857,1.736842105263158,1,1.4,5,1.394736842105263,1,0.8,5,1.4,1.2,0.2,0.8,2.0,-1.2,0.5999999999999999,0.8,1.4
2026-01-04,2025/26,Tottenham Hotspur,Sunderland,1,1,D,7.0,6.0,4.0,5.0,19,19,26,29,-3,0,13,7,0,0,0,0,1.368421052631579,1.4,0.0315789473684209,1.5263157894736843,1.2,-0.3263157894736843,0.3578947368421052,-0.1578947368421053,0.1999999999999999,0.3578947368421052,0.3578947368421052,1.0,22,19,7,4,12,15,12,15,0,0,19,19,0.5,0.5,0.0217391304347826,0.025,7,4,0.0625,0.1,0.0384615384615384,0.03125,1.0,1,1.4,5,,0,1.2,5,0.8,1.0,-0.2,0.4,0.8,-0.4,0.4,-0.19999999999999996,0.2
2026-01-04,2025/26,Fulham,Liverpool,2,2,D,10.0,11.0,9.0,7.0,19,19,27,33,-6,0,12,4,4,10,6,5,1.4210526315789471,2.0,0.5789473684210527,1.736842105263158,2.2,0.4631578947368422,0.1157894736842104,-0.3157894736842106,-0.2000000000000001,0.1157894736842104,0.0,0.0,21,15,6,0,13,19,13,19,0,0,19,19,0.5,0.5,0.0227272727272727,0.03125,6,0,0.0714285714285714,0.5,0.0357142857142857,0.025,1.4210526315789471,1,2.0,5,2.210526315789474,1,2.2,5,1.4,1.0,0.4,1.8,1.0,0.8,-0.40000000000000013,0.0,-0.4
2026-01-04,2025/26,Manchester City,Chelsea,1,1,D,13.0,6.0,15.0,8.0,19,19,41,30,11,0,3,5,11,2,8,5,2.1578947368421053,2.6,0.4421052631578948,1.5789473684210529,1.2,-0.3789473684210527,0.8210526315789475,0.5789473684210527,1.4,0.8210526315789475,0.0,0.0,7,18,-8,3,27,16,27,16,0,0,19,19,0.5,0.5,0.0625,0.0263157894736842,8,3,0.0555555555555555,0.125,0.0178571428571428,0.0294117647058823,1.868421052631579,1,2.6,5,1.8157894736842104,1,1.2,5,2.2,0.2,2.0,1.4,1.2,0.2,0.8000000000000003,1.0,1.8
2026-01-06,2025/26,West Ham United,Nottingham Forest,1,2,A,1.0,3.0,4.0,6.0,20,20,14,18,-4,0,18,17,6,9,7,5,0.7,0.2,-0.4999999999999999,0.9,0.6,-0.3,-0.1999999999999999,-0.2,-0.3999999999999999,-0.1999999999999999,0.0,0.0,34,30,20,16,0,4,4,4,1,0,18,18,0.5263157894736842,0.5263157894736842,0.0150375939849624,0.0169779286926994,20,16,0.025062656641604,0.0309597523219814,0.1052631578947368,0.1052631578947368,1.131578947368421,1,0.2,5,1.7105263157894737,1,0.6,5,0.8,2.4,-1.6,1.0,1.6,-0.6,-0.19999999999999996,-0.7999999999999998,-1.0
2026-01-07,2025/26,Everton,Wolverhampton Wanderers,1,1,D,4.0,4.0,6.0,1.0,20,20,28,6,22,0,12,20,7,7,9,5,1.4,0.8,-0.5999999999999999,0.3,0.8,0.5,-1.1,1.1,0.0,-1.1,0.0,0.0,20,42,6,28,14,-8,14,15,0,1,18,18,0.5263157894736842,0.5263157894736842,0.025062656641604,0.0122399020807833,6,28,0.075187969924812,0.0181488203266787,0.0350877192982456,0.0328947368421052,1.263157894736842,1,0.8,5,1.105263157894737,1,0.8,5,0.8,1.4,-0.6,1.2,1.4,-0.2,-0.3999999999999999,0.0,-0.39999999999999997
2026-01-07,2025/26,Brentford,Sunderland,3,0,H,11.0,7.0,11.0,3.0,20,20,30,30,0,0,7,8,0,3,1,1,1.5,2.2,0.7000000000000002,1.5,1.4,-0.1,0.8000000000000003,0.0,0.8000000000000003,0.8000000000000003,0.0,0.0,18,18,4,4,16,16,16,16,0,0,18,18,0.5263157894736842,0.5263157894736842,0.0277008310249307,0.0277008310249307,4,4,0.1052631578947368,0.1052631578947368,0.0309597523219814,0.0309597523219814,1.4736842105263157,1,2.2,5,,0,1.4,5,2.2,0.8,1.4,0.6,0.4,0.2,1.6,-0.4,1.2
2026-01-07,2025/26,Newcastle United,Leeds United,4,3,H,7.0,7.0,11.0,3.0,20,20,29,22,7,0,9,16,7,4,5,5,1.45,1.4,-0.05,1.1,1.4,0.2999999999999998,-0.3499999999999998,0.3499999999999998,0.0,-0.3499999999999998,0.0,0.0,19,26,5,12,15,8,15,8,0,0,18,18,0.5263157894736842,0.5263157894736842,0.0263157894736842,0.0194931773879142,5,12,0.087719298245614,0.0404858299595141,0.0328947368421052,0.0584795321637426,1.736842105263158,1,1.4,5,,0,1.4,5,1.4,1.0,0.4,1.4,0.8,0.6,0.0,-0.19999999999999996,-0.19999999999999996
2026-01-07,2025/26,Manchester City,Brighton,1,1,D,11.0,5.0,13.0,5.0,20,20,42,28,14,0,2,10,7,7,9,5,2.1,2.2,0.1,1.4,1.0,-0.3999999999999999,0.5,0.7000000000000002,1.2000000000000002,0.5,0.0,0.0,6,20,-8,6,28,14,28,14,0,0,18,18,0.5263157894736842,0.5263157894736842,0.075187969924812,0.025062656641604,8,6,0.0584795321637426,0.075187969924812,0.0181488203266787,0.0350877192982456,1.868421052631579,1,2.2,5,1.605263157894737,1,1.0,5,1.8,0.4,1.4,1.0,1.2,-0.2,0.8,0.7999999999999999,1.5999999999999999
2026-01-07,2025/26,Fulham,Chelsea,2,1,H,11.0,6.0,7.0,6.0,20,20,28,31,-3,0,11,5,3,12,7,5,1.4,2.2,0.8000000000000003,1.55,1.2,-0.3500000000000001,1.1500000000000004,-0.1500000000000001,1.0000000000000002,1.1500000000000004,1.1500000000000004,1.0,20,17,6,3,14,17,14,17,0,0,18,18,0.5263157894736842,0.5263157894736842,0.025062656641604,0.0292397660818713,6,3,0.075187969924812,0.131578947368421,0.0350877192982456,0.0292397660818713,1.4210526315789471,1,2.2,5,1.8157894736842104,1,1.2,5,1.6,1.0,0.6,1.6,1.4,0.2,0.0,0.3999999999999999,0.39999999999999997
2026-01-07,2025/26,Bournemouth,Tottenham Hotspur,3,2,H,3.0,5.0,3.0,5.0,20,20,23,27,-4,0,15,13,7,7,7,5,1.15,0.6,-0.5499999999999999,1.35,1.0,-0.3500000000000001,-0.1999999999999998,-0.2000000000000001,-0.4,-0.1999999999999998,0.0,0.0,25,21,11,7,9,13,9,13,0,0,18,18,0.5263157894736842,0.5263157894736842,0.020242914979757,0.0239234449760765,11,7,0.043859649122807,0.0657894736842105,0.0526315789473684,0.037593984962406,1.4736842105263157,1,0.6,5,1.0,1,1.0,5,2.0,2.8,-0.8,0.6,1.2,-0.6,1.4,-1.5999999999999999,-0.20000000000000007
2026-01-07,2025/26,Crystal Palace,Aston Villa,0,0,D,1.0,12.0,2.0,12.0,20,20,27,42,-15,0,14,3,10,4,9,5,1.35,0.2,-1.15,2.1,2.4,0.2999999999999998,-1.45,-0.75,-2.2,-1.4499999999999995,0.0,0.0,21,6,7,-8,13,28,13,28,0,0,18,18,0.5263157894736842,0.5263157894736842,0.0239234449760765,0.075187969924812,7,8,0.0657894736842105,0.0584795321637426,0.037593984962406,0.0181488203266787,1.394736842105263,1,0.2,5,1.736842105263158,1,2.4,5,0.4,2.2,-1.8,2.2,1.8,0.4,-1.8000000000000003,-0.40000000000000013,-2.2
2026-01-07,2025/26,Burnley,Manchester United,2,2,D,2.0,6.0,1.0,8.0,20,20,12,31,-19,0,19,6,2,11,5,5,0.6,0.4,-0.1999999999999999,1.55,1.2,-0.3500000000000001,0.1500000000000001,-0.95,-0.7999999999999999,0.1500000000000001,0.0,0.0,36,17,22,3,-2,17,9,17,1,0,18,18,0.5263157894736842,0.5263157894736842,0.0142247510668563,0.0292397660818713,22,3,0.022883295194508,0.131578947368421,0.0526315789473684,0.0292397660818713,,0,0.4,5,1.105263157894737,1,1.2,5,0.8,1.8,-1.0,1.6,1.6,0.0,-0.8,-0.19999999999999996,-1.0
2026-01-08,2025/26,Arsenal,Liverpool,0,0,D,15.0,11.0,15.0,8.0,20,20,48,34,14,0,1,4,6,6,9,5,2.4,3.0,0.6000000000000001,1.7,2.2,0.5000000000000002,0.0999999999999998,0.7,0.7999999999999998,0.0999999999999998,0.0,0.0,0,14,-14,0,34,20,34,20,0,0,18,18,0.5263157894736842,0.5263157894736842,0.5263157894736842,0.0350877192982456,14,0,0.0350877192982456,0.5263157894736842,0.0150375939849624,0.025062656641604,1.947368421052632,1,3.0,5,2.210526315789474,1,2.2,5,2.4,1.0,1.4,1.6,0.8,0.8,0.7999999999999998,-0.19999999999999996,0.5999999999999999
2026-01-17,2025/26,Manchester United,Manchester City,2,0,H,6.0,9.0,6.0,10.0,21,21,32,43,-11,0,7,2,4,10,9,5,1.5238095238095235,1.2,-0.3238095238095237,2.0476190476190474,1.8,-0.2476190476190474,-0.0761904761904763,-0.5238095238095237,-0.6000000000000001,-0.0761904761904763,0.0,0.0,17,6,3,-8,18,29,18,29,0,0,17,17,0.5526315789473685,0.5526315789473685,0.0307017543859649,0.0789473684210526,3,8,0.1381578947368421,0.0614035087719298,0.0290858725761772,0.0184210526315789,1.105263157894737,1,1.2,5,1.868421052631579,1,1.8,5,1.2,1.2,0.0,1.4,0.6,0.8,-0.19999999999999996,-0.6,-0.8
2026-01-17,2025/26,Chelsea,Brentford,2,0,H,3.0,13.0,8.0,6.0,21,21,31,33,-2,0,8,5,6,6,9,5,1.4761904761904765,0.6,-0.8761904761904763,1.5714285714285714,2.6,1.0285714285714287,-1.904761904761905,-0.0952380952380951,-2.0,-1.9047619047619049,0.0,0.0,18,16,4,2,17,19,17,19,0,0,17,17,0.5526315789473685,0.5526315789473685,0.0290858725761772,0.0325077399380804,4,2,0.1105263157894737,0.1842105263157895,0.0307017543859649,0.0276315789473684,1.8157894736842104,1,0.6,5,1.4736842105263157,1,2.6,5,1.4,1.8,-0.4,2.6,0.6,2.0,-1.2000000000000002,-1.2000000000000002,-2.4
2026-01-17,2025/26,Leeds United,Fulham,1,0,H,6.0,11.0,8.0,10.0,21,21,22,31,-9,0,16,9,0,9,3,3,1.0476190476190477,1.2,0.1523809523809522,1.4761904761904765,2.2,0.7238095238095239,-0.5714285714285716,-0.4285714285714286,-1.0000000000000002,-0.5714285714285716,0.0,0.0,27,18,13,4,8,17,8,17,0,0,17,17,0.5526315789473685,0.5526315789473685,0.0197368421052631,0.0290858725761772,13,4,0.0394736842105263,0.1105263157894737,0.0614035087719298,0.0307017543859649,,0,1.2,5,1.4210526315789471,1,2.2,5,1.8,1.4,0.4,1.4,0.8,0.6,0.40000000000000013,-0.5999999999999999,-0.19999999999999996
2026-01-17,2025/26,Liverpool,Burnley,1,1,D,9.0,3.0,8.0,1.0,21,21,35,13,22,0,4,19,15,0,5,5,1.6666666666666667,1.8,0.1333333333333333,0.6190476190476191,0.6,-0.019047619047619,0.1523809523809524,1.0476190476190477,1.2000000000000002,0.1523809523809525,0.0,0.0,14,36,0,22,21,-1,21,8,0,1,17,17,0.5526315789473685,0.5526315789473685,0.0368421052631579,0.0149359886201991,0,22,0.5526315789473685,0.0240274599542334,0.0251196172248803,0.0614035087719298,2.210526315789474,1,1.8,5,,0,0.6,5,1.2,0.8,0.4,0.8,1.6,-0.8,0.3999999999999999,0.8,1.2000000000000002
2026-01-17,2025/26,Sunderland,Crystal Palace,2,1,H,4.0,2.0,9.0,9.0,21,21,30,28,2,0,10,13,1,1,1,1,1.4285714285714286,0.8,-0.6285714285714286,1.3333333333333333,0.4,-0.9333333333333332,0.3047619047619047,0.0952380952380953,0.4,0.3047619047619047,0.0,0.0,19,21,5,7,16,14,16,14,0,0,17,17,0.5526315789473685,0.5526315789473685,0.0276315789473684,0.0251196172248803,5,7,0.0921052631578947,0.069078947368421,0.0325077399380804,0.0368421052631579,,0,0.8,5,1.394736842105263,1,0.4,5,0.4,1.0,-0.6,0.4,1.6,-1.2,0.0,0.6000000000000001,0.6
2026-01-17,2025/26,Tottenham Hotspur,West Ham United,1,2,A,5.0,1.0,5.0,3.0,21,21,27,14,13,0,14,18,8,5,9,5,1.2857142857142858,1.0,-0.2857142857142858,0.6666666666666666,0.2,-0.4666666666666666,0.1809523809523808,0.6190476190476192,0.8,0.1809523809523808,0.0,0.0,22,35,8,21,13,0,13,7,0,1,17,17,0.5526315789473685,0.5526315789473685,0.0240274599542334,0.0153508771929824,8,21,0.0614035087719298,0.0251196172248803,0.0394736842105263,0.069078947368421,1.0,1,1.0,5,1.131578947368421,1,0.2,5,1.0,1.2,-0.2,0.6,2.2,-1.6,0.4,1.0000000000000002,1.4000000000000001
2026-01-17,2025/26,Nottingham Forest,Arsenal,0,0,D,3.0,13.0,6.0,8.0,21,21,21,49,-28,0,17,1,1,13,7,5,1.0,0.6,-0.4,2.333333333333333,2.6,0.2666666666666666,-0.6666666666666666,-1.3333333333333337,-2.0,-0.6666666666666665,0.0,0.0,28,0,14,-14,7,35,7,35,0,0,17,17,0.5526315789473685,0.5526315789473685,0.0190562613430127,0.5526315789473685,14,14,0.0368421052631579,0.0368421052631579,0.069078947368421,0.0153508771929824,1.7105263157894737,1,0.6,5,1.947368421052632,1,2.6,5,0.8,1.8,-1.0,2.0,0.8,1.2,-1.2,-1.0,-2.2
2026-01-18,2025/26,Wolverhampton Wanderers,Newcastle United,0,0,D,5.0,10.0,3.0,6.0,21,21,7,32,-25,0,20,9,1,13,9,5,0.3333333333333333,1.0,0.6666666666666667,1.5238095238095235,2.0,0.4761904761904763,0.1904761904761904,-1.1904761904761905,-1.0,0.1904761904761904,0.0,0.0,43,18,29,4,-10,15,15,15,1,0,17,17,0.5526315789473685,0.5526315789473685,0.0125598086124401,0.0290858725761772,29,4,0.0184210526315789,0.1105263157894737,0.0345394736842105,0.0345394736842105,1.105263157894737,1,1.0,5,1.736842105263158,1,2.0,5,1.2,1.2,0.0,2.2,1.4,0.8,-1.0000000000000002,0.19999999999999996,-0.8
2026-01-18,2025/26,Aston Villa,Everton,0,1,A,10.0,5.0,15.0,10.0,21,21,43,29,14,0,3,12,11,2,9,5,2.0476190476190474,2.0,-0.0476190476190474,1.380952380952381,1.0,-0.3809523809523809,0.3333333333333335,0.6666666666666665,1.0,0.3333333333333335,0.0,0.0,7,21,-7,7,26,12,26,12,0,0,17,17,0.5526315789473685,0.5526315789473685,0.069078947368421,0.0251196172248803,7,7,0.069078947368421,0.069078947368421,0.0204678362573099,0.0425101214574898,1.736842105263158,1,2.0,5,1.263157894736842,1,1.0,5,1.6,1.4,0.2,1.0,1.2,-0.2,0.6000000000000001,-0.19999999999999996,0.4
2026-01-19,2025/26,Brighton,Bournemouth,1,1,D,6.0,5.0,8.0,2.0,21,21,29,26,3,0,12,15,9,6,7,5,1.380952380952381,1.2,-0.1809523809523809,1.238095238095238,1.0,-0.2380952380952381,0.0571428571428571,0.1428571428571428,0.1999999999999999,0.0571428571428571,0.0,0.0,21,24,7,10,12,9,12,9,0,0,17,17,0.5526315789473685,0.5526315789473685,0.0251196172248803,0.0221052631578947,7,10,0.069078947368421,0.0502392344497607,0.0425101214574898,0.0552631578947368,1.605263157894737,1,1.2,5,1.4736842105263157,1,1.0,5,1.2,1.0,0.2,1.8,2.4,-0.6,-0.6000000000000001,1.4,0.8
2026-01-24,2025/26,West Ham United,Sunderland,3,1,H,4.0,6.0,1.0,3.0,22,22,17,33,-16,0,18,9,0,3,1,1,0.7727272727272727,0.8,0.0272727272727273,1.5,1.2,-0.3,0.3272727272727274,-0.7272727272727273,-0.3999999999999999,0.3272727272727274,0.0,0.0,33,17,19,3,0,16,5,16,1,0,16,16,0.5789473684210527,0.5789473684210527,0.0170278637770897,0.0321637426900584,19,3,0.0289473684210526,0.1447368421052631,0.0964912280701754,0.0340557275541795,1.131578947368421,1,0.8,5,,0,1.2,5,1.0,1.8,-0.8,0.8,1.2,-0.4,0.19999999999999996,-0.6000000000000001,-0.4
2026-01-24,2025/26,Bournemouth,Liverpool,3,2,H,5.0,7.0,5.0,9.0,22,22,27,36,-9,0,15,4,0,15,7,5,1.2272727272727273,1.0,-0.2272727272727273,1.6363636363636365,1.4,-0.2363636363636365,0.0090909090909092,-0.4090909090909091,-0.3999999999999999,0.0090909090909092,0.0,0.0,23,14,9,0,10,19,10,19,0,0,16,16,0.5789473684210527,0.5789473684210527,0.0241228070175438,0.0385964912280701,9,0,0.0578947368421052,0.5789473684210527,0.0526315789473684,0.0289473684210526,1.4736842105263157,1,1.0,5,2.210526315789474,1,1.4,5,1.8,2.4,-0.6,1.0,0.8,0.2,0.8,-1.5999999999999999,-0.8
2026-01-24,2025/26,Burnley,Tottenham Hotspur,2,2,D,3.0,5.0,2.0,5.0,22,22,14,27,-13,0,19,14,3,12,5,5,0.6363636363636364,0.6,-0.0363636363636363,1.2272727272727273,1.0,-0.2272727272727273,0.1909090909090909,-0.5909090909090909,-0.4,0.1909090909090909,0.0,0.0,36,23,22,9,-3,10,8,10,1,0,16,16,0.5789473684210527,0.5789473684210527,0.0156472261735419,0.0241228070175438,22,9,0.0251716247139588,0.0578947368421052,0.0643274853801169,0.0526315789473684,,0,0.6,5,1.0,1,1.0,5,0.8,1.6,-0.8,1.0,1.2,-0.2,-0.19999999999999996,-0.40000000000000013,-0.6000000000000001
2026-01-24,2025/26,Manchester City,Wolverhampton Wanderers,2,0,H,6.0,6.0,11.0,2.0,22,22,43,8,35,0,2,20,12,3,9,5,1.9545454545454544,1.2,-0.7545454545454546,0.3636363636363636,1.2,0.8363636363636363,-1.5909090909090908,1.5909090909090908,0.0,-1.5909090909090908,0.0,0.0,7,42,-7,28,26,-9,26,14,0,1,16,16,0.5789473684210527,0.5789473684210527,0.0723684210526315,0.0134638922888616,7,28,0.0723684210526315,0.0199637023593466,0.0214424951267056,0.0385964912280701,1.868421052631579,1,1.2,5,1.105263157894737,1,1.2,5,0.8,1.0,-0.2,1.2,0.8,0.4,-0.3999999999999999,-0.19999999999999996,-0.6000000000000001
2026-01-24,2025/26,Fulham,Brighton,2,1,H,8.0,6.0,7.0,5.0,22,22,31,30,1,0,11,12,8,5,7,5,1.4090909090909092,1.6,0.1909090909090909,1.3636363636363635,1.2,-0.1636363636363635,0.3545454545454545,0.0454545454545456,0.4000000000000001,0.3545454545454545,0.0,0.0,19,20,5,6,14,13,14,13,0,0,16,16,0.5789473684210527,0.5789473684210527,0.0289473684210526,0.0275689223057644,5,6,0.0964912280701754,0.0827067669172932,0.0385964912280701,0.0413533834586466,1.4210526315789471,1,1.6,5,1.605263157894737,1,1.2,5,1.2,1.0,0.2,1.4,1.2,0.2,-0.19999999999999996,0.19999999999999996,0.0
2026-01-25,2025/26,Brentford,Nottingham Forest,0,2,A,10.0,4.0,11.0,6.0,22,22,33,22,11,0,8,17,7,7,7,5,1.5,2.0,0.5,1.0,0.8,-0.1999999999999999,0.7,0.5,1.2,0.7,0.0,0.0,17,28,3,14,13,2,13,2,0,0,16,16,0.5789473684210527,0.5789473684210527,0.0321637426900584,0.0199637023593466,3,14,0.1447368421052631,0.0385964912280701,0.0413533834586466,0.1929824561403509,1.4736842105263157,1,2.0,5,1.7105263157894737,1,0.8,5,2.2,1.0,1.2,0.8,1.6,-0.8,1.4000000000000001,0.6000000000000001,2.0
2026-01-25,2025/26,Crystal Palace,Chelsea,1,3,A,2.0,5.0,2.0,3.0,22,22,28,34,-6,0,15,6,3,9,9,5,1.2727272727272727,0.4,-0.8727272727272727,1.5454545454545454,1.0,-0.5454545454545454,-0.3272727272727272,-0.2727272727272727,-0.6,-0.3272727272727272,0.0,0.0,22,16,8,2,8,14,8,14,0,0,16,16,0.5789473684210527,0.5789473684210527,0.0251716247139588,0.0340557275541795,8,2,0.0643274853801169,0.1929824561403509,0.0643274853801169,0.0385964912280701,1.394736842105263,1,0.4,5,1.8157894736842104,1,1.0,5,0.4,1.2,-0.8,1.4,1.4,0.0,-0.9999999999999999,0.19999999999999996,-0.8
2026-01-25,2025/26,Newcastle United,Aston Villa,0,2,A,10.0,7.0,11.0,10.0,22,22,33,43,-10,0,9,3,10,4,9,5,1.5,2.0,0.5,1.9545454545454544,1.4,-0.5545454545454547,1.054545454545455,-0.4545454545454546,0.6000000000000001,1.054545454545455,1.054545454545455,1.0,17,7,3,-7,13,23,13,23,0,0,16,16,0.5789473684210527,0.5789473684210527,0.0321637426900584,0.0723684210526315,3,7,0.1447368421052631,0.0723684210526315,0.0413533834586466,0.0241228070175438,1.736842105263158,1,2.0,5,1.736842105263158,1,1.4,5,1.8,1.0,0.8,1.2,1.4,-0.2,0.6000000000000001,0.3999999999999999,1.0
2026-01-25,2025/26,Arsenal,Manchester United,2,3,A,11.0,9.0,13.0,8.0,22,22,50,35,15,0,1,5,13,1,9,5,2.272727272727273,2.2,-0.0727272727272727,1.5909090909090908,1.8,0.2090909090909092,-0.2818181818181819,0.6818181818181821,0.4000000000000001,-0.2818181818181819,0.0,0.0,0,15,-14,1,30,15,30,15,0,0,16,16,0.5789473684210527,0.5789473684210527,0.5789473684210527,0.0361842105263157,14,1,0.0385964912280701,0.2894736842105263,0.0186757215619694,0.0361842105263157,1.947368421052632,1,2.2,5,1.105263157894737,1,1.8,5,1.8,0.8,1.0,1.4,0.8,0.6,0.40000000000000013,0.0,0.4
2026-01-26,2025/26,Everton,Leeds United,1,1,D,8.0,6.0,4.0,3.0,22,22,32,25,7,0,11,16,8,5,5,5,1.4545454545454546,1.6,0.1454545454545455,1.1363636363636365,1.2,0.0636363636363634,0.081818181818182,0.3181818181818181,0.4000000000000001,0.081818181818182,0.0,0.0,18,25,6,13,12,5,12,5,0,0,16,16,0.5789473684210527,0.5789473684210527,0.0304709141274238,0.0222672064777327,6,13,0.0827067669172932,0.0413533834586466,0.0445344129554655,0.0964912280701754,1.263157894736842,1,1.6,5,,0,1.2,5,1.2,1.0,0.2,1.2,1.2,0.0,0.0,0.19999999999999996,0.2
2026-01-31,2025/26,Brighton,Everton,1,1,D,6.0,8.0,6.0,10.0,23,23,30,33,-3,0,12,10,5,8,9,5,1.3043478260869563,1.2,-0.1043478260869565,1.434782608695652,1.6,0.1652173913043479,-0.2695652173913045,-0.1304347826086955,-0.4000000000000001,-0.2695652173913045,0.0,0.0,20,17,8,5,10,13,10,13,0,0,15,15,0.6052631578947368,0.6052631578947368,0.0288220551378446,0.033625730994152,8,5,0.067251461988304,0.1008771929824561,0.055023923444976,0.0432330827067669,1.605263157894737,1,1.2,5,1.263157894736842,1,1.6,5,1.4,1.2,0.2,1.4,1.2,0.2,0.0,0.0,0.0
2026-01-31,2025/26,Leeds United,Arsenal,0,4,A,6.0,8.0,11.0,8.0,23,23,26,50,-24,0,16,1,0,15,5,5,1.1304347826086956,1.2,0.0695652173913043,2.1739130434782608,1.6,-0.5739130434782607,0.643478260869565,-1.0434782608695652,-0.4000000000000001,0.643478260869565,0.0,0.0,24,0,12,-12,6,30,6,30,0,0,15,15,0.6052631578947368,0.6052631578947368,0.0242105263157894,0.6052631578947368,12,12,0.0465587044534413,0.0465587044534413,0.0864661654135338,0.0195246179966044,,0,1.2,5,1.947368421052632,1,1.6,5,1.2,1.2,0.0,1.8,1.2,0.6,-0.6000000000000001,0.0,-0.6
2026-01-31,2025/26,Wolverhampton Wanderers,Bournemouth,0,2,A,6.0,8.0,4.0,3.0,23,23,8,30,-22,0,20,13,6,9,7,5,0.3478260869565217,1.2,0.8521739130434782,1.3043478260869563,1.6,0.2956521739130435,0.5565217391304347,-0.9565217391304348,-0.4000000000000001,0.5565217391304347,0.0,0.0,42,20,30,8,-12,10,17,10,1,0,15,15,0.6052631578947368,0.6052631578947368,0.0140758873929008,0.0288220551378446,30,8,0.0195246179966044,0.067251461988304,0.033625730994152,0.055023923444976,1.105263157894737,1,1.2,5,1.4736842105263157,1,1.6,5,1.0,0.8,0.2,2.2,2.0,0.2,-1.2000000000000002,1.2,0.0
2026-01-31,2025/26,Chelsea,West Ham United,3,2,H,8.0,7.0,8.0,5.0,23,23,37,20,17,0,5,18,12,3,9,5,1.608695652173913,1.6,-0.0086956521739129,0.8695652173913043,1.4,0.5304347826086956,-0.5391304347826086,0.7391304347826088,0.2000000000000001,-0.5391304347826086,0.0,0.0,13,30,1,18,17,0,17,5,0,1,15,15,0.6052631578947368,0.6052631578947368,0.0432330827067669,0.0195246179966044,1,18,0.3026315789473684,0.0318559556786703,0.033625730994152,0.1008771929824561,1.8157894736842104,1,1.6,5,1.131578947368421,1,1.4,5,1.8,1.2,0.6,1.6,1.8,-0.2,0.19999999999999996,0.6000000000000001,0.8
2026-01-31,2025/26,Liverpool,Newcastle United,4,1,H,4.0,10.0,9.0,7.0,23,23,36,33,3,0,6,9,13,1,9,5,1.565217391304348,0.8,-0.7652173913043478,1.434782608695652,2.0,0.5652173913043479,-1.3304347826086955,0.1304347826086958,-1.2,-1.3304347826086955,1.3304347826086955,-1.0,14,17,2,5,16,13,16,13,0,0,15,15,0.6052631578947368,0.6052631578947368,0.0403508771929824,0.033625730994152,2,5,0.2017543859649122,0.1008771929824561,0.0356037151702786,0.0432330827067669,2.210526315789474,1,0.8,5,1.736842105263158,1,2.0,5,1.0,1.2,-0.2,1.8,1.2,0.6,-0.8,0.0,-0.8
2026-02-01,2025/26,Aston Villa,Brentford,0,1,A,7.0,7.0,12.0,6.0,23,23,46,33,13,0,3,9,10,4,9,5,2.0,1.4,-0.6000000000000001,1.434782608695652,1.4,-0.0347826086956521,-0.5652173913043479,0.5652173913043479,0.0,-0.5652173913043479,0.0,0.0,7,20,-6,7,26,13,26,13,0,0,15,15,0.6052631578947368,0.6052631578947368,0.0756578947368421,0.0288220551378446,6,7,0.0864661654135338,0.0756578947368421,0.0224171539961013,0.0432330827067669,1.736842105263158,1,1.4,5,1.4736842105263157,1,1.4,5,1.2,1.2,0.0,1.4,1.2,0.2,-0.19999999999999996,0.0,-0.2
2026-02-01,2025/26,Manchester United,Fulham,3,2,H,9.0,8.0,9.0,10.0,23,23,38,34,4,0,6,7,10,4,7,5,1.6521739130434785,1.8,0.1478260869565217,1.4782608695652173,1.6,0.1217391304347828,0.0260869565217389,0.1739130434782609,0.1999999999999999,0.0260869565217389,0.0,0.0,15,19,2,6,18,14,18,14,0,0,15,15,0.6052631578947368,0.6052631578947368,0.037828947368421,0.0302631578947368,2,6,0.2017543859649122,0.0864661654135338,0.0318559556786703,0.0403508771929824,1.105263157894737,1,1.8,5,1.4210526315789471,1,1.6,5,1.8,1.2,0.6,1.4,1.2,0.2,0.40000000000000013,0.0,0.39999999999999997
2026-02-01,2025/26,Nottingham Forest,Crystal Palace,1,1,D,7.0,2.0,4.0,6.0,23,23,25,28,-3,0,17,15,7,4,7,5,1.0869565217391304,1.4,0.3130434782608695,1.2173913043478262,0.4,-0.8173913043478261,1.1304347826086958,-0.1304347826086958,1.0,1.1304347826086958,1.1304347826086958,1.0,28,25,15,12,5,8,5,8,0,0,15,15,0.6052631578947368,0.6052631578947368,0.0208711433756805,0.0232793522267206,15,12,0.037828947368421,0.0465587044534413,0.1008771929824561,0.067251461988304,1.7105263157894737,1,1.4,5,1.394736842105263,1,0.4,5,1.0,1.2,-0.2,0.6,1.6,-1.0,0.4,0.40000000000000013,0.8
2026-02-01,2025/26,Tottenham Hotspur,Manchester City,2,2,D,3.0,6.0,4.0,10.0,23,23,28,46,-18,0,14,2,7,7,9,5,1.2173913043478262,0.6,-0.6173913043478262,2.0,1.2,-0.8,0.1826086956521738,-0.7826086956521738,-0.6,0.1826086956521738,0.0,0.0,25,7,12,-6,8,26,8,26,0,0,15,15,0.6052631578947368,0.6052631578947368,0.0232793522267206,0.0756578947368421,12,6,0.0465587044534413,0.0864661654135338,0.067251461988304,0.0224171539961013,1.0,1,0.6,5,1.868421052631579,1,1.2,5,1.2,1.6,-0.4,0.8,0.8,0.0,0.3999999999999999,-0.8,-0.4
2026-02-02,2025/26,Sunderland,Burnley,3,0,H,5.0,3.0,11.0,2.0,23,23,33,15,18,0,11,19,0,3,1,1,1.434782608695652,1.0,-0.4347826086956521,0.6521739130434783,0.6,-0.0521739130434782,-0.3826086956521738,0.7826086956521738,0.4,-0.3826086956521738,0.0,0.0,20,38,8,26,13,-5,13,11,0,1,15,15,0.6052631578947368,0.6052631578947368,0.0288220551378446,0.015519568151147,8,26,0.067251461988304,0.0224171539961013,0.0432330827067669,0.050438596491228,,0,1.0,5,,0,0.6,5,0.8,1.6,-0.8,1.2,2.0,-0.8,-0.3999999999999999,0.3999999999999999,0.0
2026-02-06,2025/26,Leeds United,Nottingham Forest,3,1,H,5.0,8.0,8.0,6.0,24,24,26,26,0,0,16,17,3,6,3,3,1.0833333333333333,1.0,-0.0833333333333332,1.0833333333333333,1.6,0.5166666666666668,-0.6000000000000001,0.0,-0.6000000000000001,-0.6000000000000001,0.0,0.0,27,27,15,15,6,6,6,6,0,0,14,14,0.631578947368421,0.631578947368421,0.0225563909774436,0.0225563909774436,15,15,0.0394736842105263,0.0394736842105263,0.0902255639097744,0.0902255639097744,,0,1.0,5,1.7105263157894737,1,1.6,5,1.2,2.0,-0.8,1.2,1.0,0.2,0.0,-1.0,-1.0
2026-02-07,2025/26,Manchester United,Tottenham Hotspur,2,0,H,11.0,3.0,11.0,5.0,24,24,41,29,12,0,4,14,2,11,9,5,1.7083333333333333,2.2,0.4916666666666669,1.2083333333333333,0.6,-0.6083333333333333,1.1,0.5,1.6,1.1,0.0,0.0,12,24,0,12,21,9,21,9,0,0,14,14,0.631578947368421,0.631578947368421,0.048582995951417,0.0252631578947368,0,12,0.631578947368421,0.048582995951417,0.0287081339712918,0.0631578947368421,1.105263157894737,1,2.2,5,1.0,1,0.6,5,2.2,1.4,0.8,1.6,2.0,-0.4,0.6000000000000001,0.6000000000000001,1.2000000000000002
2026-02-07,2025/26,Arsenal,Sunderland,3,0,H,8.0,7.0,10.0,2.0,24,24,53,36,17,0,1,8,1,1,1,1,2.208333333333333,1.6,-0.6083333333333334,1.5,1.4,-0.1,-0.5083333333333333,0.7083333333333335,0.2000000000000001,-0.5083333333333333,0.0,0.0,0,17,-12,5,33,16,33,16,0,0,14,14,0.631578947368421,0.631578947368421,0.631578947368421,0.0350877192982456,12,5,0.048582995951417,0.1052631578947368,0.0185758513931888,0.0371517027863777,1.947368421052632,1,1.6,5,,0,1.4,5,1.8,1.0,0.8,1.4,1.6,-0.2,0.40000000000000013,0.6000000000000001,1.0
2026-02-07,2025/26,Bournemouth,Aston Villa,1,1,D,10.0,7.0,8.0,10.0,24,24,33,46,-13,0,12,3,2,11,7,5,1.375,2.0,0.625,1.9166666666666667,1.4,-0.5166666666666668,1.1416666666666668,-0.5416666666666667,0.6000000000000001,1.1416666666666668,1.1416666666666668,1.0,20,7,8,-5,13,26,13,26,0,0,14,14,0.631578947368421,0.631578947368421,0.0300751879699248,0.0789473684210526,8,5,0.0701754385964912,0.1052631578947368,0.0451127819548872,0.023391812865497,1.4736842105263157,1,2.0,5,1.736842105263158,1,1.4,5,2.2,1.6,0.6,1.0,0.6,0.4,1.2000000000000002,-1.0,0.19999999999999996
2026-02-07,2025/26,Burnley,West Ham United,0,2,A,3.0,6.0,3.0,4.0,24,24,15,20,-5,0,19,18,3,9,5,5,0.625,0.6,-0.025,0.8333333333333334,1.2,0.3666666666666666,-0.3916666666666666,-0.2083333333333333,-0.6,-0.3916666666666666,0.0,0.0,38,33,26,21,-5,0,11,6,1,1,14,14,0.631578947368421,0.631578947368421,0.0161943319838056,0.0185758513931888,26,21,0.023391812865497,0.0287081339712918,0.0526315789473684,0.0902255639097744,,0,0.6,5,1.131578947368421,1,1.2,5,1.0,2.0,-1.0,1.6,2.0,-0.4,-0.6000000000000001,0.0,-0.6
2026-02-07,2025/26,Fulham,Everton,1,2,A,7.0,6.0,10.0,8.0,24,24,34,34,0,0,9,10,5,8,7,5,1.4166666666666667,1.4,-0.0166666666666668,1.4166666666666667,1.2,-0.2166666666666667,0.1999999999999999,0.0,0.1999999999999999,0.1999999999999999,0.0,0.0,19,19,7,7,14,14,14,14,0,0,14,14,0.631578947368421,0.631578947368421,0.031578947368421,0.031578947368421,7,7,0.0789473684210526,0.0789473684210526,0.0421052631578947,0.0421052631578947,1.4210526315789471,1,1.4,5,1.263157894736842,1,1.2,5,1.6,1.6,0.0,1.2,1.4,-0.2,0.40000000000000013,-0.20000000000000018,0.2
2026-02-07,2025/26,Wolverhampton Wanderers,Chelsea,1,3,A,5.0,10.0,4.0,6.0,24,24,8,40,-32,0,20,5,6,9,9,5,0.3333333333333333,1.0,0.6666666666666667,1.6666666666666667,2.0,0.3333333333333332,0.3333333333333335,-1.3333333333333337,-1.0,0.3333333333333335,0.0,0.0,45,13,33,1,-12,20,18,20,1,0,14,14,0.631578947368421,0.631578947368421,0.0,0.0451127819548872,33,1,0.0185758513931888,0.3157894736842105,0.0332409972299168,0.0300751879699248,1.105263157894737,1,1.0,5,1.8157894736842104,1,2.0,5,0.8,1.0,-0.2,2.0,1.2,0.8,-1.2,0.19999999999999996,-1.0
2026-02-07,2025/26,Newcastle United,Brentford,2,3,A,7.0,9.0,10.0,9.0,24,24,33,36,-3,0,11,7,9,6,9,5,1.375,1.4,0.0249999999999999,1.5,1.8,0.3,-0.2750000000000001,-0.125,-0.4000000000000001,-0.2750000000000001,0.0,0.0,20,17,8,5,13,16,13,16,0,0,14,14,0.631578947368421,0.631578947368421,0.0300751879699248,0.0350877192982456,8,5,0.0701754385964912,0.1052631578947368,0.0451127819548872,0.0371517027863777,1.736842105263158,1,1.4,5,1.4736842105263157,1,1.8,5,1.4,1.8,-0.4,1.6,1.2,0.4,-0.20000000000000018,-0.6000000000000001,-0.8
2026-02-08,2025/26,Brighton,Crystal Palace,0,1,A,6.0,2.0,7.0,4.0,24,24,31,29,2,0,13,15,5,8,9,5,1.2916666666666667,1.2,-0.0916666666666667,1.2083333333333333,0.4,-0.8083333333333332,0.7166666666666665,0.0833333333333334,0.7999999999999999,0.7166666666666665,0.0,0.0,25,27,13,15,8,6,8,6,0,0,14,14,0.631578947368421,0.631578947368421,0.0242914979757085,0.0225563909774436,13,15,0.0451127819548872,0.0394736842105263,0.0701754385964912,0.0902255639097744,1.605263157894737,1,1.2,5,1.394736842105263,1,0.4,5,1.2,1.0,0.2,0.6,1.6,-1.0,0.6,0.6000000000000001,1.2
2026-02-08,2025/26,Liverpool,Manchester City,1,2,A,6.0,6.0,11.0,8.0,24,24,39,47,-8,0,6,2,8,5,9,5,1.625,1.2,-0.425,1.9583333333333333,1.2,-0.7583333333333333,0.3333333333333332,-0.3333333333333332,0.0,0.3333333333333332,0.0,0.0,17,9,5,-3,16,24,16,24,0,0,14,14,0.631578947368421,0.631578947368421,0.0350877192982456,0.0631578947368421,5,3,0.1052631578947368,0.1578947368421052,0.0371517027863777,0.0252631578947368,2.210526315789474,1,1.2,5,1.868421052631579,1,1.2,5,1.8,1.4,0.4,1.2,1.2,0.0,0.6000000000000001,-0.19999999999999996,0.4
2026-02-10,2025/26,Chelsea,Leeds United,2,2,D,12.0,7.0,10.0,4.0,25,25,43,29,14,0,5,16,9,6,5,5,1.72,2.4,0.6799999999999999,1.16,1.4,0.24,0.4399999999999999,0.56,1.0,0.4399999999999999,0.0,0.0,13,27,1,15,20,6,20,6,0,0,13,13,0.6578947368421053,0.6578947368421053,0.0469924812030075,0.0234962406015037,1,15,0.3289473684210526,0.0411184210526315,0.031328320802005,0.093984962406015,1.8157894736842104,1,2.4,5,,0,1.4,5,2.4,1.2,1.2,1.6,2.0,-0.4,0.7999999999999998,0.8,1.6
2026-02-10,2025/26,Everton,Bournemouth,1,2,A,9.0,11.0,5.0,6.0,25,25,37,34,3,0,8,11,6,9,7,5,1.48,1.8,0.32,1.36,2.2,0.8400000000000001,-0.52,0.1199999999999998,-0.4000000000000001,-0.52,0.52,-1.0,19,22,7,10,14,11,14,11,0,0,13,13,0.6578947368421053,0.6578947368421053,0.0328947368421052,0.028604118993135,7,10,0.0822368421052631,0.0598086124401913,0.043859649122807,0.0548245614035087,1.263157894736842,1,1.8,5,1.4736842105263157,1,2.2,5,1.2,0.8,0.4,2.0,1.2,0.8,-0.8,0.3999999999999999,-0.4
2026-02-10,2025/26,Tottenham Hotspur,Newcastle United,1,2,A,2.0,4.0,5.0,4.0,25,25,29,33,-4,0,15,12,4,10,9,5,1.16,0.4,-0.7599999999999999,1.32,0.8,-0.52,-0.2399999999999998,-0.1600000000000001,-0.4,-0.2399999999999998,0.0,0.0,27,23,15,11,6,10,6,10,0,0,13,13,0.6578947368421053,0.6578947368421053,0.0234962406015037,0.0274122807017543,15,11,0.0411184210526315,0.0548245614035087,0.093984962406015,0.0598086124401913,1.0,1,0.4,5,1.736842105263158,1,0.8,5,1.4,2.2,-0.8,1.4,2.4,-1.0,0.0,0.19999999999999973,0.19999999999999996
2026-02-10,2025/26,West Ham United,Manchester United,1,1,D,9.0,13.0,4.0,8.0,25,25,23,44,-21,0,18,4,10,4,9,5,0.92,1.8,0.88,1.76,2.6,0.8400000000000001,0.0399999999999999,-0.84,-0.8,0.0399999999999999,0.0,0.0,33,12,21,0,0,21,3,21,1,0,13,13,0.6578947368421053,0.6578947368421053,0.0193498452012383,0.0506072874493927,21,0,0.0299043062200956,0.6578947368421053,0.1644736842105263,0.0299043062200956,1.131578947368421,1,1.8,5,1.105263157894737,1,2.6,5,2.0,1.4,0.6,2.4,1.2,1.2,-0.3999999999999999,-0.19999999999999996,-0.6
2026-02-11,2025/26,Aston Villa,Brighton,1,0,H,5.0,3.0,9.0,2.0,25,25,47,31,16,0,3,14,10,4,9,5,1.88,1.0,-0.8799999999999999,1.24,0.6,-0.64,-0.2399999999999998,0.6399999999999999,0.4,-0.2399999999999998,0.0,0.0,9,25,-2,14,23,7,23,7,0,0,13,13,0.6578947368421053,0.6578947368421053,0.0657894736842105,0.0253036437246963,2,14,0.2192982456140351,0.043859649122807,0.0274122807017543,0.0822368421052631,1.736842105263158,1,1.0,5,1.605263157894737,1,0.6,5,0.6,0.6,0.0,0.8,1.2,-0.4,-0.20000000000000007,0.6,0.4
2026-02-11,2025/26,Crystal Palace,Burnley,2,3,A,5.0,3.0,2.0,2.0,25,25,32,15,17,0,13,19,11,2,5,5,1.28,1.0,-0.28,0.6,0.6,0.0,-0.28,0.68,0.4,-0.28,0.0,0.0,24,41,13,30,8,-9,8,11,0,1,13,13,0.6578947368421053,0.6578947368421053,0.0263157894736842,0.0,13,30,0.0469924812030075,0.0212224108658743,0.0730994152046783,0.0548245614035087,1.394736842105263,1,1.0,5,,0,0.6,5,0.8,1.2,-0.4,1.0,2.0,-1.0,-0.19999999999999996,0.8,0.6
2026-02-11,2025/26,Manchester City,Fulham,3,0,H,8.0,6.0,11.0,7.0,25,25,50,34,16,0,2,12,15,0,7,5,2.0,1.6,-0.3999999999999999,1.36,1.2,-0.1600000000000001,-0.2399999999999997,0.6399999999999999,0.4000000000000001,-0.2399999999999997,0.0,0.0,6,22,-5,11,26,10,26,10,0,0,13,13,0.6578947368421053,0.6578947368421053,0.093984962406015,0.028604118993135,5,11,0.1096491228070175,0.0548245614035087,0.0243664717348927,0.0598086124401913,1.868421052631579,1,1.6,5,1.4210526315789471,1,1.2,5,1.4,1.2,0.2,1.4,1.6,-0.2,0.0,0.40000000000000013,0.4
2026-02-11,2025/26,Nottingham Forest,Wolverhampton Wanderers,0,0,D,8.0,2.0,5.0,2.0,25,25,26,8,18,0,17,20,9,3,7,5,1.04,1.6,0.56,0.32,0.4,0.08,0.48,0.72,1.2000000000000002,0.4800000000000002,0.0,0.0,30,48,19,37,2,-16,2,18,0,1,13,13,0.6578947368421053,0.6578947368421053,0.0212224108658743,0.0,19,37,0.0328947368421052,0.0173130193905817,0.2192982456140351,0.0346260387811634,1.7105263157894737,1,1.6,5,1.105263157894737,1,0.4,5,1.2,1.0,0.2,0.4,1.6,-1.2,0.7999999999999999,0.6000000000000001,1.4
2026-02-11,2025/26,Sunderland,Liverpool,0,1,A,6.0,5.0,11.0,6.0,25,25,36,39,-3,0,11,6,1,1,1,1,1.44,1.2,-0.24,1.56,1.0,-0.56,0.32,-0.1200000000000001,0.1999999999999999,0.32,0.32,1.0,20,17,9,6,12,15,12,15,0,0,13,13,0.6578947368421053,0.6578947368421053,0.031328320802005,0.0365497076023391,9,6,0.0657894736842105,0.093984962406015,0.0506072874493927,0.0411184210526315,,0,1.2,5,2.210526315789474,1,1.0,5,1.2,2.0,-0.8,1.6,1.4,0.2,-0.40000000000000013,-0.6000000000000001,-1.0
2026-02-12,2025/26,Brentford,Arsenal,1,1,D,9.0,8.0,8.0,10.0,25,25,39,56,-17,0,7,1,1,13,9,5,1.56,1.8,0.24,2.24,1.6,-0.6400000000000001,0.8800000000000001,-0.6800000000000002,0.1999999999999999,0.8800000000000001,0.8800000000000001,1.0,17,0,6,-11,15,32,15,32,0,0,13,13,0.6578947368421053,0.6578947368421053,0.0365497076023391,0.6578947368421053,6,11,0.093984962406015,0.0548245614035087,0.0411184210526315,0.0199362041467304,1.4736842105263157,1,1.8,5,1.947368421052632,1,1.6,5,1.4,1.2,0.2,1.8,0.6,1.2,-0.40000000000000013,-0.6,-1.0
2026-02-18,2025/26,Wolverhampton Wanderers,Arsenal,2,2,D,2.0,8.0,4.0,11.0,26,26,9,57,-48,0,20,1,0,15,9,5,0.3461538461538461,0.4,0.0538461538461538,2.1923076923076925,1.6,-0.5923076923076924,0.6461538461538463,-1.8461538461538465,-1.2000000000000002,0.6461538461538461,0.0,0.0,48,0,36,-12,-15,33,18,33,1,0,12,12,0.6842105263157895,0.6842105263157895,0.0,0.6842105263157895,36,12,0.0184921763869132,0.0526315789473684,0.0360110803324099,0.0201238390092879,1.105263157894737,1,0.4,5,1.947368421052632,1,1.6,5,0.2,1.4,-1.2,2.0,0.8,1.2,-1.8,-0.5999999999999999,-2.4
2026-02-21,2025/26,Aston Villa,Leeds United,1,1,D,7.0,8.0,9.0,4.0,26,26,50,30,20,0,3,15,11,2,5,5,1.9230769230769231,1.4,-0.5230769230769232,1.1538461538461535,1.6,0.4461538461538463,-0.9692307692307696,0.7692307692307694,-0.2000000000000001,-0.9692307692307696,0.9692307692307696,-1.0,8,28,-5,15,26,6,26,6,0,0,12,12,0.6842105263157895,0.6842105263157895,0.0760233918128654,0.0235934664246823,5,15,0.1140350877192982,0.0427631578947368,0.0253411306042885,0.0977443609022556,1.736842105263158,1,1.4,5,,0,1.6,5,0.8,0.6,0.2,1.4,1.6,-0.2,-0.5999999999999999,1.0,0.4
2026-02-21,2025/26,Brentford,Brighton,0,2,A,7.0,2.0,8.0,2.0,26,26,40,31,9,0,7,14,5,8,9,5,1.5384615384615383,1.4,-0.1384615384615386,1.1923076923076923,0.4,-0.7923076923076923,0.6538461538461536,0.3461538461538462,1.0,0.6538461538461536,0.0,0.0,18,27,5,14,16,7,16,7,0,0,12,12,0.6842105263157895,0.6842105263157895,0.0360110803324099,0.0244360902255639,5,14,0.1140350877192982,0.0456140350877193,0.0402476780185758,0.0855263157894736,1.4736842105263157,1,1.4,5,1.605263157894737,1,0.4,5,1.0,1.4,-0.4,0.6,1.2,-0.6,0.4,-0.19999999999999996,0.19999999999999996
2026-02-21,2025/26,Chelsea,Burnley,1,1,D,13.0,5.0,8.0,5.0,26,26,44,18,26,0,5,19,11,2,5,5,1.6923076923076923,2.6,0.9076923076923078,0.6923076923076923,1.0,0.3076923076923077,0.6000000000000001,1.0,1.6,0.6000000000000001,0.0,0.0,14,40,1,27,20,-6,20,9,0,1,12,12,0.6842105263157895,0.6842105263157895,0.0456140350877193,0.0,1,27,0.3421052631578947,0.0244360902255639,0.0325814536340852,0.0684210526315789,1.8157894736842104,1,2.6,5,,0,1.0,5,2.6,1.2,1.4,1.2,2.0,-0.8,1.4000000000000001,0.8,2.2
2026-02-21,2025/26,West Ham United,Bournemouth,0,0,D,10.0,11.0,5.0,8.0,26,26,24,37,-13,0,18,9,5,5,7,5,0.9230769230769232,2.0,1.0769230769230769,1.4230769230769231,2.2,0.776923076923077,0.2999999999999998,-0.5,-0.2000000000000001,0.2999999999999998,0.0,0.0,34,21,21,8,0,13,3,13,1,0,12,12,0.6842105263157895,0.6842105263157895,0.0195488721804511,0.0311004784688995,21,8,0.0311004784688995,0.0760233918128654,0.1710526315789473,0.0488721804511278,1.131578947368421,1,2.0,5,1.4736842105263157,1,2.2,5,2.0,1.2,0.8,1.8,1.0,0.8,0.19999999999999996,-0.19999999999999996,0.0
2026-02-21,2025/26,Manchester City,Newcastle United,2,1,H,10.0,4.0,11.0,7.0,26,26,53,36,17,0,2,10,10,4,9,5,2.0384615384615383,2.0,-0.0384615384615383,1.3846153846153846,0.8,-0.5846153846153845,0.5461538461538462,0.6538461538461537,1.2,0.5461538461538462,0.0,0.0,5,22,-8,9,29,12,29,12,0,0,12,12,0.6842105263157895,0.6842105263157895,0.1140350877192982,0.0297482837528604,8,9,0.0760233918128654,0.0684210526315789,0.0228070175438596,0.0526315789473684,1.868421052631579,1,2.0,5,1.736842105263158,1,0.8,5,1.8,1.0,0.8,1.0,2.0,-1.0,0.8,1.0,1.8
2026-02-22,2025/26,Crystal Palace,Wolverhampton Wanderers,1,0,H,4.0,2.0,2.0,3.0,26,27,32,10,22,-1,14,20,13,1,9,5,1.2307692307692308,0.8,-0.4307692307692308,0.3703703703703703,0.4,0.0296296296296296,-0.4603988603988604,0.8603988603988605,0.4,-0.4603988603988604,0.0,0.0,26,48,13,35,7,-15,7,17,0,1,12,11,0.6842105263157895,0.7105263157894737,0.0253411306042885,0.0,13,35,0.0488721804511278,0.0,0.0855263157894736,0.0394736842105263,1.394736842105263,1,0.8,5,1.105263157894737,1,0.4,5,1.2,1.8,-0.6,0.6,1.8,-1.2,0.6,0.0,0.6
2026-02-22,2025/26,Nottingham Forest,Liverpool,0,1,A,6.0,7.0,3.0,8.0,26,26,27,42,-15,0,17,6,7,7,7,5,1.0384615384615383,1.2,0.1615384615384614,1.6153846153846154,1.4,-0.2153846153846155,0.3769230769230769,-0.5769230769230769,-0.1999999999999999,0.3769230769230769,0.0,0.0,31,16,18,3,2,17,2,17,0,0,12,12,0.6842105263157895,0.6842105263157895,0.0213815789473684,0.0402476780185758,18,3,0.0360110803324099,0.1710526315789473,0.2280701754385965,0.0380116959064327,1.7105263157894737,1,1.2,5,2.210526315789474,1,1.4,5,0.8,0.8,0.0,1.8,1.4,0.4,-1.0,0.5999999999999999,-0.4
2026-02-22,2025/26,Sunderland,Fulham,1,3,A,6.0,3.0,8.0,4.0,26,26,36,34,2,0,11,13,0,3,1,1,1.3846153846153846,1.2,-0.1846153846153846,1.3076923076923077,0.6,-0.7076923076923077,0.5230769230769231,0.0769230769230768,0.6,0.5230769230769231,0.0,0.0,22,24,9,11,11,9,11,9,0,0,12,12,0.6842105263157895,0.6842105263157895,0.0297482837528604,0.0273684210526315,9,11,0.0684210526315789,0.0570175438596491,0.0570175438596491,0.0684210526315789,,0,1.2,5,1.4210526315789471,1,0.6,5,1.2,1.6,-0.4,1.0,2.0,-1.0,0.19999999999999996,0.3999999999999999,0.6
2026-02-22,2025/26,Tottenham Hotspur,Arsenal,1,4,A,2.0,8.0,2.0,9.0,26,27,29,58,-29,-1,16,1,1,13,9,5,1.1153846153846154,0.4,-0.7153846153846154,2.1481481481481484,1.6,-0.5481481481481483,-0.1672364672364671,-1.032763532763533,-1.2000000000000002,-0.1672364672364672,0.0,0.0,29,0,16,-13,4,33,4,33,0,0,12,11,0.6842105263157895,0.7105263157894737,0.0228070175438596,0.7105263157894737,16,13,0.0402476780185758,0.0507518796992481,0.1368421052631579,0.0208978328173374,1.0,1,0.4,5,1.947368421052632,1,1.6,5,1.2,2.0,-0.8,2.4,1.2,1.2,-1.2,-0.8,-2.0
2026-02-23,2025/26,Everton,Manchester United,0,1,A,8.0,13.0,2.0,6.0,26,26,37,45,-8,0,9,5,4,10,9,5,1.4230769230769231,1.6,0.1769230769230769,1.7307692307692308,2.6,0.8692307692307693,-0.6923076923076923,-0.3076923076923077,-1.0,-0.6923076923076923,0.0,0.0,24,16,8,0,12,20,12,20,0,0,12,12,0.6842105263157895,0.6842105263157895,0.0273684210526315,0.0402476780185758,8,0,0.0760233918128654,0.6842105263157895,0.0526315789473684,0.0325814536340852,1.263157894736842,1,1.6,5,1.105263157894737,1,2.6,5,1.2,1.0,0.2,2.2,1.0,1.2,-1.0000000000000002,0.0,-1.0
2026-02-27,2025/26,Wolverhampton Wanderers,Aston Villa,2,0,H,2.0,8.0,5.0,8.0,28,27,10,51,-41,1,20,3,4,10,9,5,0.3571428571428571,0.4,0.0428571428571428,1.8888888888888888,1.6,-0.2888888888888887,0.3317460317460316,-1.5317460317460316,-1.2000000000000002,0.3317460317460314,0.0,0.0,51,10,38,-3,-15,26,17,26,1,0,10,11,0.7368421052631579,0.7105263157894737,0.0,0.0645933014354067,38,3,0.0,0.1776315789473684,0.0409356725146198,0.0263157894736842,1.105263157894737,1,0.4,5,1.736842105263158,1,1.6,5,0.6,1.6,-1.0,1.0,0.6,0.4,-0.4,-1.0,-1.4
2026-02-28,2025/26,Bournemouth,Sunderland,1,1,D,11.0,3.0,8.0,2.0,27,27,38,36,2,0,8,12,0,3,1,1,1.4074074074074074,2.2,0.7925925925925927,1.3333333333333333,0.6,-0.7333333333333333,1.525925925925926,0.0740740740740741,1.6,1.525925925925926,0.0,0.0,23,25,10,12,13,11,13,11,0,0,11,11,0.7105263157894737,0.7105263157894737,0.0296052631578947,0.027327935222672,10,12,0.0645933014354067,0.0546558704453441,0.0507518796992481,0.0592105263157894,1.4736842105263157,1,2.2,5,,0,0.6,5,1.6,0.8,0.8,1.0,2.0,-1.0,0.6000000000000001,1.2,1.8
2026-02-28,2025/26,Burnley,Brentford,3,4,A,5.0,7.0,3.0,12.0,27,27,19,40,-21,0,19,7,6,9,5,5,0.7037037037037037,1.0,0.2962962962962963,1.4814814814814814,1.4,-0.0814814814814814,0.3777777777777777,-0.7777777777777777,-0.3999999999999999,0.3777777777777777,0.0,0.0,42,21,29,8,-6,15,8,15,1,0,11,11,0.7105263157894737,0.7105263157894737,0.0,0.0322966507177033,29,8,0.0236842105263157,0.0789473684210526,0.0789473684210526,0.0444078947368421,,0,1.0,5,1.4736842105263157,1,1.4,5,1.2,2.0,-0.8,1.0,1.4,-0.4,0.19999999999999996,-0.6000000000000001,-0.4
2026-02-28,2025/26,Liverpool,West Ham United,5,2,H,9.0,8.0,8.0,6.0,27,27,45,25,20,0,6,18,13,1,9,5,1.6666666666666667,1.8,0.1333333333333333,0.925925925925926,1.6,0.6740740740740742,-0.5407407407407409,0.7407407407407408,0.1999999999999999,-0.5407407407407409,0.0,0.0,16,36,3,23,20,0,20,2,0,1,11,11,0.7105263157894737,0.7105263157894737,0.0417956656346749,0.0,3,23,0.1776315789473684,0.0296052631578947,0.0338345864661654,0.2368421052631578,2.210526315789474,1,1.8,5,1.131578947368421,1,1.6,5,1.8,1.2,0.6,1.6,1.0,0.6,0.19999999999999996,-0.19999999999999996,0.0
2026-02-28,2025/26,Newcastle United,Everton,2,3,A,3.0,5.0,7.0,11.0,27,27,36,37,-1,0,11,9,5,8,9,5,1.3333333333333333,0.6,-0.7333333333333333,1.3703703703703705,1.0,-0.3703703703703704,-0.3629629629629628,-0.0370370370370372,-0.4,-0.3629629629629628,0.0,0.0,25,24,12,11,11,12,11,12,0,0,11,11,0.7105263157894737,0.7105263157894737,0.027327935222672,0.0284210526315789,12,11,0.0546558704453441,0.0592105263157894,0.0592105263157894,0.0546558704453441,1.736842105263158,1,0.6,5,1.263157894736842,1,1.0,5,1.2,2.4,-1.2,1.0,1.2,-0.2,0.19999999999999996,-1.2,-1.0
2026-02-28,2025/26,Leeds United,Manchester City,0,1,A,6.0,13.0,10.0,8.0,27,27,31,56,-25,0,15,2,0,15,5,5,1.148148148148148,1.2,0.0518518518518518,2.074074074074074,2.6,0.5259259259259261,-0.4740740740740743,-0.9259259259259258,-1.4,-0.4740740740740743,0.0,0.0,30,5,17,-8,6,31,6,31,0,0,11,11,0.7105263157894737,0.7105263157894737,0.0229202037351443,0.1184210526315789,17,8,0.0394736842105263,0.0789473684210526,0.1015037593984962,0.022203947368421,,0,1.2,5,1.868421052631579,1,2.6,5,1.4,1.8,-0.4,2.2,0.8,1.4,-0.8000000000000003,-1.0,-1.7999999999999998
2026-03-01,2025/26,Brighton,Nottingham Forest,2,1,H,4.0,5.0,6.0,6.0,27,27,34,27,7,0,14,17,10,4,7,5,1.2592592592592593,0.8,-0.4592592592592592,1.0,1.0,0.0,-0.4592592592592592,0.2592592592592593,-0.1999999999999999,-0.4592592592592592,0.4592592592592592,-1.0,27,34,14,21,9,2,9,2,0,0,11,11,0.7105263157894737,0.7105263157894737,0.025375939849624,0.0,14,21,0.0473684210526315,0.0322966507177033,0.0710526315789473,0.2368421052631578,1.605263157894737,1,0.8,5,1.7105263157894737,1,1.0,5,0.8,1.0,-0.2,0.8,1.0,-0.2,0.0,0.0,0.0
2026-03-01,2025/26,Fulham,Tottenham Hotspur,2,1,H,6.0,2.0,10.0,5.0,27,27,37,29,8,0,10,16,10,4,7,5,1.3703703703703705,1.2,-0.1703703703703705,1.0740740740740742,0.4,-0.6740740740740742,0.5037037037037037,0.2962962962962963,0.7999999999999999,0.5037037037037037,0.0,0.0,24,32,11,19,12,4,12,4,0,0,11,11,0.7105263157894737,0.7105263157894737,0.0284210526315789,0.0215311004784689,11,19,0.0592105263157894,0.0355263157894736,0.0546558704453441,0.1421052631578947,1.4210526315789471,1,1.2,5,1.0,1,0.4,5,1.6,2.0,-0.4,1.2,2.4,-1.2,0.40000000000000013,0.3999999999999999,0.7999999999999999
2026-03-01,2025/26,Manchester United,Crystal Palace,2,1,H,13.0,7.0,13.0,4.0,27,27,48,35,13,0,4,13,4,10,9,5,1.7777777777777777,2.6,0.8222222222222224,1.2962962962962965,1.4,0.1037037037037036,0.7185185185185188,0.4814814814814814,1.2000000000000002,0.7185185185185188,0.0,0.0,13,26,0,13,23,10,23,10,0,0,11,11,0.7105263157894737,0.7105263157894737,0.0507518796992481,0.0263157894736842,0,13,0.7105263157894737,0.0507518796992481,0.0296052631578947,0.0645933014354067,1.105263157894737,1,2.6,5,1.394736842105263,1,1.4,5,2.0,1.0,1.0,1.2,1.4,-0.2,0.8,0.3999999999999999,1.2
2026-03-01,2025/26,Arsenal,Chelsea,2,1,H,11.0,11.0,10.0,8.0,28,27,61,45,16,1,1,6,9,3,9,5,2.1785714285714284,2.2,0.0214285714285717,1.6666666666666667,2.2,0.5333333333333334,-0.5119047619047616,0.5119047619047616,0.0,-0.5119047619047616,0.0,0.0,0,16,-13,3,36,20,36,20,0,0,10,11,0.7368421052631579,0.7105263157894737,0.7368421052631579,0.0417956656346749,13,3,0.0526315789473684,0.1776315789473684,0.0199146514935988,0.0338345864661654,1.947368421052632,1,2.2,5,1.8157894736842104,1,2.2,5,2.8,0.8,2.0,2.4,1.4,1.0,0.3999999999999999,0.5999999999999999,1.0
2026-03-03,2025/26,Bournemouth,Brentford,0,0,D,9.0,10.0,8.0,12.0,28,28,39,43,-4,0,10,7,1,13,7,5,1.3928571428571428,1.8,0.4071428571428572,1.5357142857142858,2.0,0.4642857142857142,-0.0571428571428569,-0.142857142857143,-0.1999999999999999,-0.0571428571428569,0.0,0.0,25,21,12,8,14,18,14,18,0,0,10,10,0.7368421052631579,0.7368421052631579,0.0283400809716599,0.0334928229665071,12,8,0.0566801619433198,0.0818713450292397,0.0491228070175438,0.038781163434903,1.4736842105263157,1,1.8,5,1.4736842105263157,1,2.0,5,1.2,0.6,0.6,1.8,1.6,0.2,-0.6000000000000001,1.0,0.39999999999999997
2026-03-03,2025/26,Everton,Burnley,2,0,H,7.0,4.0,2.0,5.0,28,28,40,19,21,0,8,19,10,4,5,5,1.4285714285714286,1.4,-0.0285714285714286,0.6785714285714286,0.8,0.1214285714285714,-0.1500000000000001,0.75,0.5999999999999999,-0.1500000000000001,0.0,0.0,24,45,11,32,15,-6,15,8,0,1,10,10,0.7368421052631579,0.7368421052631579,0.0294736842105263,0.0,11,32,0.0614035087719298,0.0,0.0460526315789473,0.0818713450292397,1.263157894736842,1,1.4,5,,0,0.8,5,1.4,1.4,0.0,1.4,2.4,-1.0,0.0,1.0,1.0
2026-03-03,2025/26,Leeds United,Sunderland,0,1,A,5.0,4.0,7.0,2.0,28,28,31,37,-6,0,15,12,1,1,1,1,1.1071428571428572,1.0,-0.1071428571428572,1.3214285714285714,0.8,-0.5214285714285714,0.4142857142857141,-0.2142857142857142,0.1999999999999999,0.4142857142857141,0.4142857142857141,1.0,33,27,20,14,6,12,6,12,0,0,10,10,0.7368421052631579,0.7368421052631579,0.0,0.0263157894736842,20,14,0.0350877192982456,0.0491228070175438,0.1052631578947368,0.0566801619433198,,0,1.0,5,,0,0.8,5,1.2,1.8,-0.6,1.0,1.6,-0.6,0.19999999999999996,-0.19999999999999996,0.0
2026-03-03,2025/26,Wolverhampton Wanderers,Liverpool,2,1,H,5.0,12.0,5.0,8.0,29,28,13,48,-35,1,20,5,0,15,9,5,0.4482758620689655,1.0,0.5517241379310345,1.7142857142857142,2.4,0.6857142857142857,-0.1339901477832512,-1.2660098522167489,-1.4,-0.1339901477832512,0.0,0.0,51,16,38,3,-12,23,14,23,1,0,9,10,0.7631578947368421,0.7368421052631579,0.0,0.0433436532507739,38,3,0.0,0.1842105263157894,0.0508771929824561,0.0307017543859649,1.105263157894737,1,1.0,5,2.210526315789474,1,2.4,5,1.0,1.2,-0.2,2.4,1.0,1.4,-1.4,-0.19999999999999996,-1.5999999999999999
2026-03-04,2025/26,Aston Villa,Chelsea,1,4,A,5.0,8.0,7.0,7.0,28,28,51,45,6,0,4,6,10,4,9,5,1.821428571428572,1.0,-0.8214285714285714,1.6071428571428572,1.6,-0.0071428571428571,-0.8142857142857143,0.2142857142857142,-0.6000000000000001,-0.8142857142857143,0.8142857142857143,-1.0,13,19,0,6,26,20,26,20,0,0,10,10,0.7368421052631579,0.7368421052631579,0.0526315789473684,0.0368421052631578,0,6,0.7368421052631579,0.1052631578947368,0.0272904483430799,0.0350877192982456,1.736842105263158,1,1.0,5,1.8157894736842104,1,1.6,5,0.6,1.0,-0.4,2.0,1.6,0.4,-1.4,0.6000000000000001,-0.8
2026-03-04,2025/26,Brighton,Arsenal,0,1,A,7.0,11.0,8.0,9.0,28,29,37,64,-27,-1,12,1,2,11,9,5,1.3214285714285714,1.4,0.0785714285714285,2.206896551724138,2.2,-0.0068965517241377,0.0854679802955662,-0.8854679802955665,-0.8000000000000003,0.0854679802955662,0.0,0.0,27,0,14,-13,12,39,12,39,0,0,10,9,0.7368421052631579,0.7631578947368421,0.0263157894736842,0.7631578947368421,14,13,0.0491228070175438,0.0545112781954887,0.0566801619433198,0.019078947368421,1.605263157894737,1,1.4,5,1.947368421052632,1,2.2,5,1.0,0.8,0.2,2.4,1.0,1.4,-1.4,0.19999999999999996,-1.2
2026-03-04,2025/26,Fulham,West Ham United,0,1,A,6.0,5.0,10.0,6.0,28,28,40,25,15,0,10,18,10,4,7,5,1.4285714285714286,1.2,-0.2285714285714286,0.8928571428571429,1.0,0.1071428571428571,-0.3357142857142857,0.5357142857142857,0.1999999999999999,-0.3357142857142857,0.0,0.0,24,39,11,26,15,0,15,2,0,1,10,10,0.7368421052631579,0.7368421052631579,0.0294736842105263,0.0,11,26,0.0614035087719298,0.0272904483430799,0.0460526315789473,0.2456140350877192,1.4210526315789471,1,1.2,5,1.131578947368421,1,1.0,5,1.6,2.0,-0.4,1.4,1.8,-0.4,0.20000000000000018,-0.19999999999999996,0.0
2026-03-04,2025/26,Manchester City,Nottingham Forest,2,2,D,13.0,2.0,11.0,6.0,28,28,59,27,32,0,2,17,12,3,7,5,2.107142857142857,2.6,0.4928571428571429,0.9642857142857144,0.4,-0.5642857142857143,1.0571428571428572,1.1428571428571428,2.2,1.0571428571428574,0.0,0.0,5,37,-8,24,34,2,34,2,0,0,10,10,0.7368421052631579,0.7368421052631579,0.1228070175438596,0.0,8,24,0.0818713450292397,0.0294736842105263,0.0210526315789473,0.2456140350877192,1.868421052631579,1,2.6,5,1.7105263157894737,1,0.4,5,2.0,0.8,1.2,0.6,1.4,-0.8,1.4,0.5999999999999999,2.0
2026-03-04,2025/26,Newcastle United,Manchester United,2,1,H,3.0,13.0,6.0,9.0,28,28,36,51,-15,0,13,3,9,6,9,5,1.2857142857142858,0.6,-0.6857142857142858,1.821428571428572,2.6,0.7785714285714287,-1.4642857142857144,-0.5357142857142856,-2.0,-1.4642857142857144,0.0,0.0,28,13,15,0,11,26,11,26,0,0,10,10,0.7368421052631579,0.7368421052631579,0.0254083484573502,0.0526315789473684,15,0,0.0460526315789473,0.7368421052631579,0.0614035087719298,0.0272904483430799,1.736842105263158,1,0.6,5,1.105263157894737,1,2.6,5,1.6,2.6,-1.0,1.8,0.8,1.0,-0.19999999999999996,-1.8,-2.0
2026-03-05,2025/26,Tottenham Hotspur,Crystal Palace,1,3,A,1.0,7.0,2.0,4.0,28,28,29,35,-6,0,16,14,9,6,9,5,1.0357142857142858,0.2,-0.8357142857142859,1.25,1.4,0.1499999999999999,-0.9857142857142858,-0.2142857142857142,-1.2,-0.9857142857142858,0.0,0.0,38,32,22,16,1,7,1,7,0,0,10,10,0.7368421052631579,0.7368421052631579,0.0,0.0,22,16,0.0320366132723112,0.0433436532507739,0.3684210526315789,0.0921052631578947,1.0,1,0.2,5,1.394736842105263,1,1.4,5,1.0,2.4,-1.4,1.2,1.2,0.0,-0.19999999999999996,-1.2,-1.4
2026-03-14,2025/26,Burnley,Bournemouth,0,0,D,4.0,7.0,2.0,9.0,29,29,19,40,-21,0,19,9,1,7,3,3,0.6551724137931034,0.8,0.1448275862068966,1.3793103448275863,1.4,0.0206896551724136,0.124137931034483,-0.7241379310344829,-0.5999999999999999,0.124137931034483,0.0,0.0,48,27,32,11,-9,12,9,12,1,0,9,9,0.7631578947368421,0.7631578947368421,0.0,0.0272556390977443,32,11,0.0,0.0635964912280701,0.0763157894736842,0.0587044534412955,,0,0.8,5,1.4736842105263157,1,1.4,5,1.4,2.2,-0.8,0.8,0.6,0.2,0.5999999999999999,-1.6,-1.0
2026-03-14,2025/26,Sunderland,Brighton,0,1,A,4.0,6.0,7.0,5.0,29,29,40,37,3,0,11,14,1,1,1,1,1.3793103448275863,0.8,-0.5793103448275863,1.2758620689655171,1.2,-0.0758620689655173,-0.5034482758620689,0.1034482758620689,-0.3999999999999999,-0.5034482758620689,0.5034482758620689,-1.0,27,30,11,14,12,9,12,9,0,0,9,9,0.7631578947368421,0.7631578947368421,0.0272556390977443,0.0,11,14,0.0635964912280701,0.0508771929824561,0.0587044534412955,0.0763157894736842,,0,0.8,5,1.605263157894737,1,1.2,5,0.6,1.6,-1.0,0.8,0.8,0.0,-0.20000000000000007,-0.8,-1.0
2026-03-14,2025/26,Arsenal,Everton,2,0,H,11.0,9.0,10.0,13.0,30,29,67,43,24,1,1,8,11,2,9,5,2.2333333333333334,2.2,-0.0333333333333332,1.4827586206896552,1.8,0.3172413793103448,-0.350574712643678,0.7505747126436781,0.4000000000000001,-0.350574712643678,0.0,0.0,0,24,-16,8,39,15,39,15,0,0,8,9,0.7894736842105263,0.7631578947368421,0.7894736842105263,0.0305263157894736,16,8,0.0464396284829721,0.0847953216374269,0.0197368421052631,0.0476973684210526,1.947368421052632,1,2.2,5,1.263157894736842,1,1.8,5,2.0,1.0,1.0,1.6,1.2,0.4,0.3999999999999999,0.19999999999999996,0.6
2026-03-14,2025/26,Chelsea,Newcastle United,0,1,A,8.0,6.0,9.0,7.0,29,29,48,39,9,0,5,12,7,7,9,5,1.6551724137931034,1.6,-0.0551724137931033,1.3448275862068966,1.2,-0.1448275862068966,0.0896551724137932,0.3103448275862068,0.4000000000000001,0.0896551724137932,0.0,0.0,19,28,3,12,20,11,20,11,0,0,9,9,0.7631578947368421,0.7631578947368421,0.0381578947368421,0.0,3,12,0.1907894736842105,0.0587044534412955,0.0363408521303258,0.0635964912280701,1.8157894736842104,1,1.6,5,1.736842105263158,1,1.2,5,2.2,1.4,0.8,1.8,2.0,-0.2,0.40000000000000013,0.6000000000000001,1.0
2026-03-14,2025/26,West Ham United,Manchester City,1,1,D,8.0,13.0,6.0,8.0,29,29,28,60,-32,0,18,2,0,15,9,5,0.9655172413793104,1.6,0.6344827586206897,2.0689655172413794,2.6,0.5310344827586206,0.103448275862069,-1.103448275862069,-1.0,0.1034482758620689,0.0,0.0,39,7,23,-9,0,32,0,32,1,0,9,9,0.7631578947368421,0.7631578947368421,0.0,0.0953947368421052,23,9,0.031798245614035,0.0763157894736842,0.7631578947368421,0.0231259968102073,1.131578947368421,1,1.6,5,1.868421052631579,1,2.6,5,1.2,1.2,0.0,2.0,0.8,1.2,-0.8,-0.3999999999999999,-1.2
2026-03-15,2025/26,Crystal Palace,Leeds United,0,0,D,9.0,5.0,5.0,4.0,29,29,38,31,7,0,14,15,7,7,5,5,1.3103448275862069,1.8,0.4896551724137932,1.0689655172413792,1.0,-0.0689655172413792,0.5586206896551724,0.2413793103448276,0.8,0.5586206896551724,0.0,0.0,32,39,13,20,10,3,10,3,0,0,9,9,0.7631578947368421,0.7631578947368421,0.0,0.0,13,20,0.0545112781954887,0.0363408521303258,0.069377990430622,0.1907894736842105,1.394736842105263,1,1.8,5,,0,1.0,5,1.6,1.2,0.4,1.2,1.2,0.0,0.40000000000000013,0.0,0.4
2026-03-15,2025/26,Manchester United,Aston Villa,3,1,H,10.0,5.0,13.0,5.0,29,29,51,51,0,0,3,4,10,4,9,5,1.7586206896551724,2.0,0.2413793103448276,1.7586206896551724,1.0,-0.7586206896551724,1.0,0.0,1.0,1.0,0.0,0.0,19,19,0,0,23,23,23,23,0,0,9,9,0.7631578947368421,0.7631578947368421,0.0381578947368421,0.0381578947368421,0,0,0.7631578947368421,0.7631578947368421,0.031798245614035,0.031798245614035,1.105263157894737,1,2.0,5,1.736842105263158,1,1.0,5,1.4,0.8,0.6,0.8,1.6,-0.8,0.5999999999999999,0.8,1.4
2026-03-15,2025/26,Nottingham Forest,Fulham,0,0,D,2.0,6.0,3.0,4.0,29,29,28,40,-12,0,18,12,3,12,7,5,0.9655172413793104,0.4,-0.5655172413793104,1.3793103448275863,1.2,-0.1793103448275863,-0.386206896551724,-0.4137931034482759,-0.7999999999999999,-0.386206896551724,0.0,0.0,42,30,23,11,0,12,1,12,1,0,9,9,0.7631578947368421,0.7631578947368421,0.0,0.0,23,11,0.031798245614035,0.0635964912280701,0.3815789473684211,0.0587044534412955,1.7105263157894737,1,0.4,5,1.4210526315789471,1,1.2,5,0.8,1.6,-0.8,1.2,1.6,-0.4,-0.3999999999999999,0.0,-0.4
2026-03-15,2025/26,Liverpool,Tottenham Hotspur,1,1,D,9.0,0.0,8.0,2.0,29,29,48,29,19,0,6,16,12,3,9,5,1.6551724137931034,1.8,0.1448275862068966,1.0,0.0,-1.0,1.1448275862068966,0.6551724137931034,1.8,1.1448275862068966,0.0,0.0,22,41,3,22,20,1,20,1,0,0,9,9,0.7631578947368421,0.7631578947368421,0.0331807780320366,0.0,3,22,0.1907894736842105,0.0331807780320366,0.0363408521303258,0.3815789473684211,2.210526315789474,1,1.8,5,1.0,1,0.0,5,1.8,1.2,0.6,0.8,2.6,-1.8,1.0,1.4000000000000001,2.4
2026-03-16,2025/26,Brentford,Wolverhampton Wanderers,2,2,D,8.0,8.0,5.0,3.0,29,30,44,16,28,-1,7,20,10,4,9,5,1.5172413793103448,1.6,0.0827586206896553,0.5333333333333333,1.6,1.0666666666666669,-0.9839080459770116,0.9839080459770114,0.0,-0.9839080459770114,0.0,0.0,26,54,7,35,15,-13,15,13,0,1,9,8,0.7631578947368421,0.7894736842105263,0.0282651072124756,0.0,7,35,0.0953947368421052,0.0,0.0476973684210526,0.056390977443609,1.4736842105263157,1,1.6,5,1.105263157894737,1,1.6,5,1.6,1.6,0.0,1.2,0.8,0.4,0.40000000000000013,-0.8,-0.4
2026-03-20,2025/26,Bournemouth,Manchester United,2,2,D,7.0,10.0,9.0,8.0,30,30,41,54,-13,0,10,3,9,3,7,5,1.3666666666666667,1.4,0.0333333333333332,1.8,2.0,0.1999999999999999,-0.1666666666666667,-0.4333333333333333,-0.6000000000000001,-0.1666666666666667,0.0,0.0,29,16,10,-3,12,25,12,25,0,0,8,8,0.7894736842105263,0.7894736842105263,0.0,0.0464396284829721,10,3,0.0717703349282296,0.1973684210526315,0.0607287449392712,0.0303643724696356,1.4736842105263157,1,1.4,5,1.105263157894737,1,2.0,5,0.6,0.4,0.2,1.6,1.0,0.6,-1.0,0.6,-0.39999999999999997
2026-03-21,2025/26,Brighton,Liverpool,2,1,H,9.0,10.0,5.0,7.0,30,30,40,49,-9,0,12,5,4,10,9,5,1.3333333333333333,1.8,0.4666666666666668,1.6333333333333333,2.0,0.3666666666666667,0.1,-0.3,-0.1999999999999999,0.1,0.0,0.0,30,21,11,2,11,20,11,20,0,0,8,8,0.7894736842105263,0.7894736842105263,0.0,0.0358851674641148,11,2,0.0657894736842105,0.2631578947368421,0.0657894736842105,0.037593984962406,1.605263157894737,1,1.8,5,2.210526315789474,1,2.0,5,1.0,0.6,0.4,1.8,1.0,0.8,-0.8,0.4,-0.4
2026-03-21,2025/26,Fulham,Burnley,3,1,H,7.0,5.0,9.0,5.0,30,30,41,20,21,0,11,19,4,4,3,3,1.3666666666666667,1.4,0.0333333333333332,0.6666666666666666,1.0,0.3333333333333333,-0.3000000000000001,0.7000000000000001,0.3999999999999999,-0.3000000000000001,0.0,0.0,29,50,10,31,12,-9,12,9,0,1,8,8,0.7894736842105263,0.7894736842105263,0.0,0.0,10,31,0.0717703349282296,0.0,0.0607287449392712,0.0789473684210526,1.4210526315789471,1,1.4,5,,0,1.0,5,1.0,1.2,-0.2,1.4,1.8,-0.4,-0.3999999999999999,0.6000000000000001,0.2
2026-03-21,2025/26,Everton,Chelsea,3,0,H,6.0,5.0,5.0,9.0,30,30,43,48,-5,0,8,6,4,10,9,5,1.4333333333333331,1.2,-0.2333333333333334,1.6,1.0,-0.6000000000000001,0.3666666666666667,-0.1666666666666667,0.1999999999999999,0.3666666666666667,0.3666666666666667,1.0,27,22,8,3,14,19,14,19,0,0,8,8,0.7894736842105263,0.7894736842105263,0.0,0.034324942791762,8,3,0.087719298245614,0.1973684210526315,0.0526315789473684,0.0394736842105263,1.263157894736842,1,1.2,5,1.8157894736842104,1,1.0,5,1.2,1.4,-0.2,1.6,1.4,0.2,-0.40000000000000013,0.0,-0.4
2026-03-21,2025/26,Leeds United,Brentford,0,0,D,3.0,6.0,6.0,10.0,30,30,32,45,-13,0,15,7,6,6,5,5,1.0666666666666669,0.6,-0.4666666666666667,1.5,1.2,-0.3,-0.1666666666666666,-0.4333333333333333,-0.6,-0.1666666666666666,0.0,0.0,38,25,19,6,3,16,3,16,0,0,8,8,0.7894736842105263,0.7894736842105263,0.0,0.0,19,6,0.0394736842105263,0.112781954887218,0.1973684210526315,0.0464396284829721,,0,0.6,5,1.4736842105263157,1,1.2,5,0.6,1.0,-0.4,1.4,1.6,-0.2,-0.7999999999999999,0.6000000000000001,-0.2
2026-03-22,2025/26,Newcastle United,Sunderland,1,2,A,9.0,4.0,6.0,4.0,30,30,42,40,2,0,11,13,0,3,1,1,1.4,1.8,0.4000000000000001,1.3333333333333333,0.8,-0.5333333333333332,0.9333333333333332,0.0666666666666666,1.0,0.9333333333333332,0.0,0.0,28,30,9,11,13,11,13,11,0,0,8,8,0.7894736842105263,0.7894736842105263,0.0,0.0,9,11,0.0789473684210526,0.0657894736842105,0.056390977443609,0.0657894736842105,1.736842105263158,1,1.8,5,,0,0.8,5,1.6,1.4,0.2,0.6,1.2,-0.6,1.0,-0.19999999999999996,0.8
2026-03-22,2025/26,Aston Villa,West Ham United,2,0,H,4.0,6.0,4.0,9.0,30,30,51,29,22,0,4,18,11,2,9,5,1.7,0.8,-0.8999999999999999,0.9666666666666668,1.2,0.2333333333333332,-1.1333333333333333,0.7333333333333333,-0.3999999999999999,-1.1333333333333333,1.1333333333333333,-1.0,19,41,0,22,22,0,22,0,0,1,8,8,0.7894736842105263,0.7894736842105263,0.0394736842105263,0.0,0,22,0.7894736842105263,0.034324942791762,0.034324942791762,0.7894736842105263,1.736842105263158,1,0.8,5,1.131578947368421,1,1.2,5,0.8,2.0,-1.2,1.0,1.4,-0.4,-0.19999999999999996,-0.6000000000000001,-0.7999999999999999
2026-03-22,2025/26,Tottenham Hotspur,Nottingham Forest,0,3,A,1.0,3.0,1.0,7.0,30,30,30,29,1,0,16,17,6,9,7,5,1.0,0.2,-0.8,0.9666666666666668,0.6,-0.3666666666666667,-0.4333333333333333,0.0333333333333333,-0.3999999999999999,-0.4333333333333333,0.4333333333333333,-1.0,40,41,21,22,1,0,1,0,0,0,8,8,0.7894736842105263,0.7894736842105263,0.0,0.0,21,22,0.0358851674641148,0.034324942791762,0.3947368421052631,0.7894736842105263,1.0,1,0.2,5,1.7105263157894737,1,0.6,5,1.0,2.4,-1.4,0.6,1.0,-0.4,0.4,-1.4,-0.9999999999999999
2026-04-10,2025/26,West Ham United,Wolverhampton Wanderers,4,0,H,5.0,8.0,6.0,3.0,31,31,29,17,12,0,18,20,9,6,9,5,0.935483870967742,1.0,0.0645161290322581,0.5483870967741935,1.6,1.0516129032258066,-0.9870967741935484,0.3870967741935484,-0.6000000000000001,-0.9870967741935484,0.9870967741935484,-1.0,41,53,25,37,0,-12,1,13,1,1,7,7,0.8157894736842105,0.8157894736842105,0.0,0.0,25,37,0.0,0.0,0.4078947368421052,0.0582706766917293,1.131578947368421,1,1.0,5,1.105263157894737,1,1.6,5,0.8,1.6,-0.8,1.6,1.2,0.4,-0.8,-0.40000000000000013,-1.2000000000000002
2026-04-11,2025/26,Arsenal,Bournemouth,1,2,A,13.0,5.0,10.0,9.0,31,31,70,42,28,0,1,13,9,6,7,5,2.2580645161290325,2.6,0.3419354838709676,1.3548387096774193,1.0,-0.3548387096774192,0.6967741935483869,0.9032258064516132,1.6,0.6967741935483869,0.0,0.0,0,28,-16,12,40,12,40,12,0,0,7,7,0.8157894736842105,0.8157894736842105,0.8157894736842105,0.0,16,12,0.0479876160990712,0.0627530364372469,0.0198973042362002,0.0627530364372469,1.947368421052632,1,2.6,5,1.4736842105263157,1,1.0,5,2.2,0.8,1.4,0.6,0.6,0.0,1.6,-0.20000000000000007,1.4
2026-04-11,2025/26,Brentford,Everton,2,2,D,6.0,9.0,5.0,10.0,31,31,46,46,0,0,7,8,5,8,9,5,1.4838709677419355,1.2,-0.2838709677419355,1.4838709677419355,1.8,0.3161290322580645,-0.6000000000000001,0.0,-0.6000000000000001,-0.6000000000000001,0.0,0.0,24,24,8,8,16,16,16,16,0,0,7,7,0.8157894736842105,0.8157894736842105,0.0,0.0,8,8,0.0906432748538011,0.0906432748538011,0.0479876160990712,0.0479876160990712,1.4736842105263157,1,1.2,5,1.263157894736842,1,1.8,5,1.2,1.4,-0.2,1.6,1.0,0.6,-0.40000000000000013,-0.3999999999999999,-0.8
2026-04-11,2025/26,Burnley,Brighton,0,2,A,2.0,12.0,3.0,7.0,31,31,20,43,-23,0,19,10,5,8,5,5,0.6451612903225806,0.4,-0.2451612903225806,1.3870967741935485,2.4,1.0129032258064514,-1.258064516129032,-0.7419354838709679,-2.0,-1.258064516129032,0.0,0.0,50,27,34,11,-10,13,12,13,1,0,7,7,0.8157894736842105,0.8157894736842105,0.0,0.0,34,11,0.0,0.0679824561403508,0.0627530364372469,0.0582706766917293,,0,0.4,5,1.605263157894737,1,2.4,5,1.0,2.0,-1.0,1.4,0.6,0.8,-0.3999999999999999,-1.4,-1.8
2026-04-11,2025/26,Liverpool,Fulham,2,0,H,7.0,10.0,8.0,4.0,31,31,49,44,5,0,5,9,8,5,7,5,1.5806451612903225,1.4,-0.1806451612903226,1.4193548387096775,2.0,0.5806451612903225,-0.7612903225806451,0.161290322580645,-0.6000000000000001,-0.7612903225806451,0.7612903225806451,-1.0,21,26,5,10,19,14,19,14,0,0,7,7,0.8157894736842105,0.8157894736842105,0.0370813397129186,0.0,5,10,0.1359649122807017,0.0741626794258373,0.0407894736842105,0.0543859649122807,2.210526315789474,1,1.4,5,1.4210526315789471,1,2.0,5,1.8,1.4,0.4,1.6,0.8,0.8,0.19999999999999996,-0.5999999999999999,-0.4
2026-04-12,2025/26,Crystal Palace,Newcastle United,2,1,H,7.0,6.0,5.0,7.0,30,31,39,42,-3,-1,14,13,4,10,9,5,1.3,1.4,0.0999999999999998,1.3548387096774193,1.2,-0.1548387096774193,0.2548387096774192,-0.0548387096774192,0.1999999999999999,0.2548387096774192,0.2548387096774192,1.0,31,28,15,12,9,12,9,12,0,0,8,7,0.7894736842105263,0.8157894736842105,0.0,0.0,15,12,0.0493421052631578,0.0627530364372469,0.0789473684210526,0.0627530364372469,1.394736842105263,1,1.4,5,1.736842105263158,1,1.2,5,1.4,1.2,0.2,1.4,1.6,-0.2,0.0,0.40000000000000013,0.4
2026-04-12,2025/26,Nottingham Forest,Aston Villa,1,1,D,5.0,4.0,4.0,5.0,31,31,32,54,-22,0,16,4,6,9,7,5,1.032258064516129,1.0,-0.032258064516129,1.7419354838709675,0.8,-0.9419354838709676,0.9096774193548388,-0.7096774193548387,0.1999999999999999,0.9096774193548388,0.9096774193548388,1.0,38,16,22,0,2,24,2,24,0,0,7,7,0.8157894736842105,0.8157894736842105,0.0,0.0479876160990712,22,0,0.0,0.8157894736842105,0.2719298245614035,0.0326315789473684,1.7105263157894737,1,1.0,5,1.736842105263158,1,0.8,5,1.2,1.0,0.2,1.0,2.0,-1.0,0.19999999999999996,1.0,1.2
2026-04-12,2025/26,Sunderland,Tottenham Hotspur,1,0,H,7.0,1.0,6.0,2.0,31,31,43,30,13,0,12,18,1,1,1,1,1.3870967741935485,1.4,0.0129032258064514,0.967741935483871,0.2,-0.767741935483871,0.7806451612903225,0.4193548387096775,1.2,0.7806451612903225,0.0,0.0,27,40,11,24,13,0,13,2,0,1,7,7,0.8157894736842105,0.8157894736842105,0.0,0.0,11,24,0.0679824561403508,0.0,0.0582706766917293,0.2719298245614035,,0,1.4,5,1.0,1,0.2,5,1.0,1.2,-0.2,0.8,2.6,-1.8,0.19999999999999996,1.4000000000000001,1.6
2026-04-12,2025/26,Chelsea,Manchester City,0,3,A,4.0,11.0,8.0,8.0,31,30,48,61,-13,1,6,2,3,9,9,5,1.5483870967741935,0.8,-0.7483870967741935,2.033333333333333,2.2,0.1666666666666669,-0.9150537634408604,-0.4849462365591397,-1.4,-0.9150537634408604,0.0,0.0,22,9,6,-7,18,31,18,31,0,0,7,8,0.8157894736842105,0.7894736842105263,0.0,0.0789473684210526,6,7,0.1165413533834586,0.0986842105263157,0.0429362880886426,0.0246710526315789,1.8157894736842104,1,0.8,5,1.868421052631579,1,2.2,5,1.2,1.6,-0.4,1.8,0.8,1.0,-0.6000000000000001,-0.8,-1.4
2026-04-13,2025/26,Manchester United,Leeds United,1,2,A,10.0,3.0,15.0,4.0,31,31,55,33,22,0,3,15,11,2,5,5,1.7741935483870968,2.0,0.2258064516129032,1.064516129032258,0.6,-0.464516129032258,0.6903225806451613,0.7096774193548387,1.4,0.6903225806451612,0.0,0.0,15,37,0,22,25,3,25,3,0,0,7,7,0.8157894736842105,0.8157894736842105,0.0509868421052631,0.0,0,22,0.8157894736842105,0.0,0.0313765182186234,0.2039473684210526,1.105263157894737,1,2.0,5,,0,0.6,5,1.8,1.2,0.6,0.2,0.6,-0.4,1.6,-0.6,1.0
2026-04-18,2025/26,Brentford,Fulham,0,0,D,7.0,7.0,3.0,4.0,32,32,47,44,3,0,7,12,4,10,7,5,1.46875,1.4,-0.06875,1.375,1.4,0.0249999999999999,-0.09375,0.09375,0.0,-0.09375,0.0,0.0,23,26,8,11,17,14,17,14,0,0,6,6,0.8421052631578947,0.8421052631578947,0.0,0.0,8,11,0.0935672514619883,0.0701754385964912,0.0467836257309941,0.0561403508771929,1.4736842105263157,1,1.4,5,1.4210526315789471,1,1.4,5,1.6,1.4,0.2,1.0,1.0,0.0,0.6000000000000001,-0.3999999999999999,0.2
2026-04-18,2025/26,Leeds United,Wolverhampton Wanderers,3,0,H,5.0,7.0,4.0,2.0,32,32,36,17,19,0,15,20,13,1,5,5,1.125,1.0,-0.125,0.53125,1.4,0.8687499999999999,-0.99375,0.59375,-0.3999999999999999,-0.99375,0.99375,-1.0,34,53,19,38,6,-13,6,15,0,1,6,6,0.8421052631578947,0.8421052631578947,0.0,0.0,19,38,0.0,0.0,0.1203007518796992,0.0526315789473684,,0,1.0,5,1.105263157894737,1,1.4,5,0.4,0.6,-0.2,1.2,1.6,-0.4,-0.7999999999999999,1.0,0.2
2026-04-18,2025/26,Newcastle United,Bournemouth,1,2,A,6.0,7.0,3.0,11.0,32,32,42,45,-3,0,14,11,3,9,7,5,1.3125,1.2,-0.1125,1.40625,1.4,-0.00625,-0.1062499999999999,-0.09375,-0.1999999999999999,-0.1062499999999999,0.0,0.0,28,25,13,10,12,15,12,15,0,0,6,6,0.8421052631578947,0.8421052631578947,0.0,0.0,13,10,0.0601503759398496,0.0765550239234449,0.0647773279352226,0.0526315789473684,1.736842105263158,1,1.2,5,1.4736842105263157,1,1.4,5,1.4,1.6,-0.2,1.0,0.8,0.2,0.3999999999999999,-0.8,-0.4
2026-04-18,2025/26,Tottenham Hotspur,Brighton,2,2,D,1.0,12.0,1.0,9.0,32,32,30,46,-16,0,18,9,4,10,9,5,0.9375,0.2,-0.7375,1.4375,2.4,0.9625,-1.7,-0.5,-2.2,-1.6999999999999995,0.0,0.0,40,24,25,9,0,16,2,16,1,0,6,6,0.8421052631578947,0.8421052631578947,0.0,0.0,25,9,0.0,0.0842105263157894,0.2807017543859649,0.0495356037151702,1.0,1,0.2,5,1.605263157894737,1,2.4,5,0.6,2.0,-1.4,1.4,0.6,0.8,-0.7999999999999999,-1.4,-2.2
2026-04-18,2025/26,Chelsea,Manchester United,0,1,A,3.0,7.0,5.0,8.0,32,32,48,55,-7,0,6,3,7,7,9,5,1.5,0.6,-0.9,1.71875,1.4,-0.3187500000000001,-0.5812499999999999,-0.21875,-0.7999999999999999,-0.5812499999999999,0.0,0.0,22,15,7,0,18,25,18,25,0,0,6,6,0.8421052631578947,0.8421052631578947,0.0,0.0526315789473684,7,0,0.1052631578947368,0.8421052631578947,0.0443213296398892,0.0323886639676113,1.8157894736842104,1,0.6,5,1.105263157894737,1,1.4,5,1.0,2.0,-1.0,1.8,1.6,0.2,-0.8,-0.3999999999999999,-1.2
2026-04-19,2025/26,Aston Villa,Sunderland,4,3,H,4.0,10.0,7.0,7.0,32,32,55,46,9,0,4,11,1,1,1,1,1.71875,0.8,-0.91875,1.4375,2.0,0.5625,-1.48125,0.28125,-1.2,-1.48125,1.48125,-1.0,15,24,0,9,24,15,24,15,0,0,6,6,0.8421052631578947,0.8421052631578947,0.0526315789473684,0.0,0,9,0.8421052631578947,0.0842105263157894,0.0336842105263157,0.0526315789473684,1.736842105263158,1,0.8,5,,0,2.0,5,1.0,2.0,-1.0,1.0,0.6,0.4,0.0,-1.4,-1.4
2026-04-19,2025/26,Everton,Liverpool,1,2,A,10.0,7.0,7.0,6.0,32,32,47,52,-5,0,10,5,4,10,9,5,1.46875,2.0,0.53125,1.625,1.4,-0.2250000000000001,0.7562500000000001,-0.15625,0.6000000000000001,0.7562500000000001,0.7562500000000001,1.0,23,18,8,3,16,21,16,21,0,0,6,6,0.8421052631578947,0.8421052631578947,0.0,0.0443213296398892,8,3,0.0935672514619883,0.2105263157894736,0.0495356037151702,0.0382775119617224,1.263157894736842,1,2.0,5,2.210526315789474,1,1.4,5,2.0,1.2,0.8,2.0,1.4,0.6,0.0,0.19999999999999996,0.20000000000000007
2026-04-19,2025/26,Nottingham Forest,Burnley,4,1,H,6.0,1.0,4.0,4.0,32,32,33,20,13,0,16,19,5,2,3,3,1.03125,1.2,0.1687499999999999,0.625,0.2,-0.425,0.59375,0.40625,1.0,0.59375,0.0,0.0,37,50,22,35,2,-11,2,12,0,1,6,6,0.8421052631578947,0.8421052631578947,0.0,0.0,22,35,0.0,0.0,0.2807017543859649,0.0647773279352226,1.7105263157894737,1,1.2,5,,0,0.2,5,1.4,1.0,0.4,0.8,2.2,-1.4,0.5999999999999999,1.2000000000000002,1.7999999999999998
2026-04-19,2025/26,Manchester City,Arsenal,2,1,H,11.0,12.0,11.0,11.0,31,32,64,70,-6,-1,2,1,3,9,9,5,2.064516129032258,2.2,0.1354838709677421,2.1875,2.4,0.2124999999999999,-0.0770161290322577,-0.1229838709677419,-0.1999999999999997,-0.0770161290322577,0.0,0.0,6,0,-9,-15,33,39,33,39,0,0,7,6,0.8157894736842105,0.8421052631578947,0.1165413533834586,0.8421052631578947,9,15,0.081578947368421,0.0526315789473684,0.0239938080495356,0.0210526315789473,1.868421052631579,1,2.2,5,1.947368421052632,1,2.4,5,1.8,0.8,1.0,2.0,0.8,1.2,-0.19999999999999996,0.0,-0.19999999999999996
2026-04-20,2025/26,Crystal Palace,West Ham United,0,0,D,10.0,7.0,7.0,6.0,31,32,42,32,10,-1,13,17,10,4,9,5,1.3548387096774193,2.0,0.6451612903225807,1.0,1.4,0.3999999999999999,0.2451612903225808,0.3548387096774192,0.6000000000000001,0.2451612903225808,0.0,0.0,28,38,16,26,11,1,11,1,0,0,7,6,0.8157894736842105,0.8421052631578947,0.0,0.0,16,26,0.0479876160990712,0.0,0.0679824561403508,0.4210526315789473,1.394736842105263,1,2.0,5,1.131578947368421,1,1.4,5,1.4,0.8,0.6,1.6,1.6,0.0,-0.20000000000000018,0.8,0.6
2026-04-21,2025/26,Brighton,Chelsea,3,0,H,10.0,3.0,7.0,9.0,33,33,47,48,-1,0,9,6,6,9,9,5,1.4242424242424243,2.0,0.5757575757575757,1.4545454545454546,0.6,-0.8545454545454546,1.4303030303030302,-0.0303030303030302,1.4,1.4303030303030302,1.4303030303030302,1.0,23,22,11,10,16,17,16,17,0,0,5,5,0.868421052631579,0.868421052631579,0.0,0.0,11,10,0.0723684210526315,0.0789473684210526,0.0510835913312693,0.0482456140350877,1.605263157894737,1,2.0,5,1.8157894736842104,1,0.6,5,1.4,0.8,0.6,0.8,1.8,-1.0,0.5999999999999999,1.0,1.6
2026-04-22,2025/26,Bournemouth,Leeds United,2,2,D,9.0,8.0,7.0,7.0,33,33,48,39,9,0,9,15,4,4,3,3,1.4545454545454546,1.8,0.3454545454545454,1.181818181818182,1.6,0.4181818181818182,-0.0727272727272727,0.2727272727272727,0.1999999999999999,-0.0727272727272727,0.0,0.0,22,31,10,19,17,8,17,8,0,0,5,5,0.868421052631579,0.868421052631579,0.0,0.0,10,19,0.0789473684210526,0.0,0.0482456140350877,0.0964912280701754,1.4736842105263157,1,1.8,5,,0,1.6,5,1.2,0.8,0.4,1.0,0.4,0.6,0.19999999999999996,-0.4,-0.19999999999999996
2026-04-22,2025/26,Burnley,Manchester City,0,1,A,1.0,11.0,2.0,11.0,33,32,20,67,-47,1,19,2,0,15,5,5,0.6060606060606061,0.2,-0.406060606060606,2.09375,2.2,0.1062500000000001,-0.5123106060606062,-1.487689393939394,-2.0,-0.512310606060606,0.0,0.0,50,3,38,-9,-11,36,13,36,1,0,5,6,0.868421052631579,0.8421052631578947,0.0,0.2105263157894736,38,9,0.0,0.0842105263157894,0.0620300751879699,0.0227596017069701,,0,0.2,5,1.868421052631579,1,2.2,5,0.4,2.2,-1.8,1.8,0.8,1.0,-1.4,-1.4000000000000001,-2.8
2026-04-24,2025/26,Sunderland,Nottingham Forest,0,5,A,9.0,9.0,6.0,7.0,33,33,46,36,10,0,11,16,3,0,1,1,1.393939393939394,1.8,0.406060606060606,1.0909090909090908,1.8,0.7090909090909092,-0.3030303030303032,0.3030303030303032,0.0,-0.3030303030303032,0.0,0.0,24,34,12,22,15,5,15,5,0,0,5,5,0.868421052631579,0.868421052631579,0.0,0.0,12,22,0.0668016194331983,0.0,0.0542763157894736,0.1447368421052631,,0,1.8,5,1.7105263157894737,1,1.8,5,1.4,1.2,0.2,2.0,0.8,1.2,-0.6000000000000001,-0.3999999999999999,-1.0
2026-04-25,2025/26,Fulham,Aston Villa,1,0,H,5.0,7.0,9.0,5.0,33,33,45,58,-13,0,12,4,0,15,7,5,1.3636363636363635,1.0,-0.3636363636363635,1.7575757575757576,1.4,-0.3575757575757576,-0.0060606060606058,-0.393939393939394,-0.3999999999999999,-0.0060606060606058,0.0,0.0,25,12,13,0,14,27,14,27,0,0,5,5,0.868421052631579,0.868421052631579,0.0,0.0668016194331983,13,0,0.0620300751879699,0.868421052631579,0.0578947368421052,0.0310150375939849,1.4210526315789471,1,1.0,5,1.736842105263158,1,1.4,5,0.6,0.8,-0.2,1.8,2.2,-0.4,-1.2000000000000002,1.4000000000000001,0.2
2026-04-25,2025/26,Liverpool,Crystal Palace,3,1,H,7.0,8.0,10.0,7.0,33,32,55,43,12,1,5,13,7,7,9,5,1.6666666666666667,1.4,-0.2666666666666668,1.34375,1.6,0.2562500000000001,-0.5229166666666669,0.3229166666666667,-0.2000000000000001,-0.5229166666666669,0.5229166666666669,-1.0,15,27,3,15,24,12,24,12,0,0,5,6,0.868421052631579,0.8421052631578947,0.0542763157894736,0.0,3,15,0.2171052631578947,0.0526315789473684,0.0347368421052631,0.0647773279352226,2.210526315789474,1,1.4,5,1.394736842105263,1,1.6,5,1.4,1.2,0.2,1.2,0.8,0.4,0.19999999999999996,-0.3999999999999999,-0.2
2026-04-25,2025/26,West Ham United,Everton,2,1,H,8.0,7.0,9.0,8.0,33,33,33,47,-14,0,17,10,6,6,9,5,1.0,1.6,0.6000000000000001,1.4242424242424243,1.4,-0.0242424242424244,0.6242424242424245,-0.4242424242424243,0.2000000000000001,0.6242424242424245,0.6242424242424245,1.0,37,23,25,11,2,16,2,16,0,0,5,5,0.868421052631579,0.868421052631579,0.0,0.0,25,11,0.0,0.0723684210526315,0.2894736842105263,0.0510835913312693,1.131578947368421,1,1.6,5,1.263157894736842,1,1.4,5,1.2,0.6,0.6,1.6,1.2,0.4,-0.40000000000000013,0.6,0.19999999999999996
2026-04-25,2025/26,Wolverhampton Wanderers,Tottenham Hotspur,0,1,A,7.0,2.0,7.0,2.0,33,33,17,31,-14,0,20,18,11,2,9,5,0.5151515151515151,1.4,0.8848484848484848,0.9393939393939394,0.4,-0.5393939393939394,1.4242424242424243,-0.4242424242424243,1.0,1.4242424242424243,1.4242424242424243,1.0,53,39,41,27,-14,0,16,2,1,1,5,5,0.868421052631579,0.868421052631579,0.0,0.0,41,27,0.0,0.0,0.0510835913312693,0.2894736842105263,1.105263157894737,1,1.4,5,1.0,1,0.4,5,1.2,2.0,-0.8,0.8,2.0,-1.2,0.3999999999999999,0.0,0.3999999999999999
2026-04-25,2025/26,Arsenal,Newcastle United,1,0,H,9.0,6.0,9.0,6.0,33,33,70,42,28,0,2,14,9,6,9,5,2.121212121212121,1.8,-0.321212121212121,1.2727272727272727,1.2,-0.0727272727272727,-0.2484848484848483,0.8484848484848484,0.6000000000000001,-0.2484848484848483,0.0,0.0,0,28,-12,16,39,11,39,11,0,0,5,5,0.868421052631579,0.868421052631579,0.868421052631579,0.0,12,16,0.0668016194331983,0.0,0.0217105263157894,0.0723684210526315,1.947368421052632,1,1.8,5,1.736842105263158,1,1.2,5,1.4,1.0,0.4,1.2,1.4,-0.2,0.19999999999999996,0.3999999999999999,0.6000000000000001
2026-04-27,2025/26,Manchester United,Brentford,2,1,H,7.0,5.0,12.0,11.0,33,33,58,48,10,0,3,9,7,7,9,5,1.7575757575757576,1.4,-0.3575757575757576,1.4545454545454546,1.0,-0.4545454545454546,0.0969696969696969,0.303030303030303,0.3999999999999999,0.0969696969696969,0.0,0.0,15,25,0,10,24,14,24,14,0,0,5,5,0.868421052631579,0.868421052631579,0.0542763157894736,0.0,0,10,0.868421052631579,0.0789473684210526,0.0347368421052631,0.0578947368421052,1.105263157894737,1,1.4,5,1.4736842105263157,1,1.0,5,1.6,1.4,0.2,0.8,0.8,0.0,0.8,-0.5999999999999999,0.2
2026-05-01,2025/26,Leeds United,Burnley,3,1,H,9.0,1.0,7.0,4.0,34,34,40,20,20,0,15,19,4,4,3,3,1.1764705882352942,1.8,0.6235294117647059,0.5882352941176471,0.2,-0.388235294117647,1.011764705882353,0.5882352941176471,1.6,1.011764705882353,0.0,0.0,33,53,18,38,6,-14,6,16,0,1,4,4,0.8947368421052632,0.8947368421052632,0.0,0.0,18,38,0.0,0.0,0.1278195488721804,0.0526315789473684,,0,1.8,5,,0,0.2,5,1.4,0.6,0.8,0.4,2.0,-1.6,0.9999999999999999,1.4,2.4000000000000004
2026-05-02,2025/26,Arsenal,Fulham,3,0,H,9.0,8.0,12.0,5.0,34,34,73,48,25,0,1,10,8,5,7,5,2.147058823529412,1.8,-0.3470588235294116,1.411764705882353,1.6,0.188235294117647,-0.5352941176470587,0.7352941176470587,0.1999999999999999,-0.5352941176470587,0.0,0.0,0,25,-15,10,39,14,39,14,0,0,4,4,0.8947368421052632,0.8947368421052632,0.8947368421052632,0.0,15,10,0.0559210526315789,0.0813397129186602,0.0223684210526315,0.0596491228070175,1.947368421052632,1,1.8,5,1.4210526315789471,1,1.6,5,1.2,0.8,0.4,0.8,0.6,0.2,0.3999999999999999,-0.20000000000000007,0.2
2026-05-02,2025/26,Newcastle United,Brighton,3,1,H,3.0,13.0,3.0,10.0,34,34,42,50,-8,0,15,6,2,11,9,5,1.2352941176470589,0.6,-0.6352941176470589,1.4705882352941178,2.6,1.1294117647058823,-1.7647058823529411,-0.2352941176470588,-2.0,-1.7647058823529411,0.0,0.0,31,23,16,8,8,16,8,16,0,0,4,4,0.8947368421052632,0.8947368421052632,0.0,0.0,16,8,0.0,0.0994152046783625,0.0994152046783625,0.0526315789473684,1.736842105263158,1,0.6,5,1.605263157894737,1,2.6,5,0.8,1.4,-0.6,2.0,0.6,1.4,-1.2,-0.7999999999999999,-2.0
2026-05-02,2025/26,Brentford,West Ham United,3,0,H,4.0,8.0,4.0,7.0,34,34,48,36,12,0,9,17,10,4,9,5,1.411764705882353,0.8,-0.611764705882353,1.0588235294117647,1.6,0.5411764705882354,-1.1529411764705884,0.3529411764705883,-0.8,-1.1529411764705884,1.1529411764705884,-1.0,25,37,10,22,14,2,14,2,0,0,4,4,0.8947368421052632,0.8947368421052632,0.0,0.0,10,22,0.0813397129186602,0.0,0.0596491228070175,0.2982456140350877,1.4736842105263157,1,0.8,5,1.131578947368421,1,1.6,5,1.0,1.2,-0.2,1.4,0.8,0.6,-0.3999999999999999,-0.3999999999999999,-0.8
2026-05-02,2025/26,Wolverhampton Wanderers,Sunderland,1,1,D,4.0,6.0,7.0,7.0,34,34,17,46,-29,0,20,12,0,3,1,1,0.5,0.8,0.3,1.3529411764705883,1.2,-0.1529411764705883,0.4529411764705884,-0.8529411764705883,-0.3999999999999999,0.4529411764705884,0.0,0.0,56,27,41,12,-17,12,19,12,1,0,4,4,0.8947368421052632,0.8947368421052632,0.0,0.0,41,12,0.0,0.068825910931174,0.0447368421052631,0.068825910931174,1.105263157894737,1,0.8,5,,0,1.2,5,0.8,2.2,-1.4,1.2,2.2,-1.0,-0.3999999999999999,0.0,-0.3999999999999999
2026-05-03,2025/26,Bournemouth,Crystal Palace,3,0,H,9.0,8.0,5.0,7.0,34,33,49,43,6,1,8,14,9,3,7,5,1.4411764705882353,1.8,0.3588235294117647,1.303030303030303,1.6,0.2969696969696971,0.0618538324420676,0.1381461675579323,0.1999999999999999,0.0618538324420676,0.0,0.0,27,33,9,15,15,9,15,9,0,0,4,5,0.8947368421052632,0.868421052631579,0.0,0.0,9,15,0.0894736842105263,0.0542763157894736,0.0559210526315789,0.0868421052631579,1.4736842105263157,1,1.8,5,1.394736842105263,1,1.6,5,1.6,1.2,0.4,1.2,1.0,0.2,0.40000000000000013,-0.19999999999999996,0.2
2026-05-03,2025/26,Manchester United,Liverpool,3,2,H,10.0,10.0,12.0,9.0,34,34,61,58,3,0,3,4,6,6,9,5,1.7941176470588236,2.0,0.2058823529411764,1.7058823529411764,2.0,0.2941176470588236,-0.0882352941176471,0.0882352941176471,0.0,-0.0882352941176471,0.0,0.0,15,18,-3,0,27,24,27,24,0,0,4,4,0.8947368421052632,0.8947368421052632,0.0,0.0,3,0,0.2236842105263158,0.8947368421052632,0.0319548872180451,0.0357894736842105,1.105263157894737,1,2.0,5,2.210526315789474,1,2.0,5,1.8,1.2,0.6,1.8,1.0,0.8,0.0,-0.19999999999999996,-0.20000000000000007
2026-05-03,2025/26,Aston Villa,Tottenham Hotspur,1,2,A,7.0,5.0,10.0,4.0,34,34,58,34,24,0,5,18,9,6,9,5,1.7058823529411764,1.4,-0.3058823529411765,1.0,1.0,0.0,-0.3058823529411765,0.7058823529411764,0.3999999999999999,-0.3058823529411765,0.0,0.0,18,42,0,24,24,0,24,2,0,1,4,4,0.8947368421052632,0.8947368421052632,0.0,0.0,0,24,0.8947368421052632,0.0,0.0357894736842105,0.2982456140350877,1.736842105263158,1,1.4,5,1.0,1,1.0,5,1.6,1.6,0.0,0.8,1.4,-0.6,0.8,-0.20000000000000018,0.6
2026-05-04,2025/26,Chelsea,Nottingham Forest,1,3,A,0.0,11.0,2.0,7.0,34,34,48,39,9,0,9,16,10,4,7,5,1.411764705882353,0.0,-1.411764705882353,1.1470588235294117,2.2,1.0529411764705885,-2.4647058823529413,0.2647058823529413,-2.2,-2.4647058823529413,2.4647058823529413,-1.0,28,37,10,19,12,3,12,3,0,0,4,4,0.8947368421052632,0.8947368421052632,0.0,0.0,10,19,0.0813397129186602,0.0,0.068825910931174,0.2236842105263158,1.8157894736842104,1,0.0,5,1.7105263157894737,1,2.2,5,0.0,2.2,-2.2,2.6,0.4,2.2,-2.6,-1.8000000000000003,-4.4
2026-05-04,2025/26,Everton,Manchester City,3,3,D,4.0,11.0,6.0,13.0,34,33,47,70,-23,1,11,2,1,13,9,5,1.3823529411764706,0.8,-0.5823529411764705,2.121212121212121,2.2,0.078787878787879,-0.6611408199643496,-0.7388591800356505,-1.4,-0.6611408199643496,0.0,0.0,29,6,11,-12,11,34,11,34,0,0,4,5,0.8947368421052632,0.868421052631579,0.0,0.1240601503759398,11,12,0.0745614035087719,0.0668016194331983,0.0745614035087719,0.0248120300751879,1.263157894736842,1,0.8,5,1.868421052631579,1,2.2,5,1.4,1.6,-0.2,1.8,0.8,1.0,-0.40000000000000013,-0.8,-1.2
2026-05-09,2025/26,Liverpool,Chelsea,1,1,D,9.0,0.0,10.0,6.0,35,35,58,48,10,0,4,9,7,7,9,5,1.6571428571428573,1.8,0.1428571428571428,1.3714285714285714,0.0,-1.3714285714285714,1.5142857142857142,0.2857142857142858,1.8,1.5142857142857142,0.0,0.0,18,28,0,10,22,12,22,12,0,0,3,3,0.9210526315789472,0.9210526315789472,0.0,0.0,0,10,0.9210526315789472,0.0,0.040045766590389,0.0708502024291498,2.210526315789474,1,1.8,5,1.8157894736842104,1,0.0,5,2.0,1.4,0.6,0.2,2.6,-2.4,1.8,1.2000000000000002,3.0
2026-05-09,2025/26,Brighton,Wolverhampton Wanderers,3,0,H,10.0,2.0,9.0,2.0,35,35,50,18,32,0,8,20,9,3,9,5,1.4285714285714286,2.0,0.5714285714285714,0.5142857142857142,0.4,-0.1142857142857142,0.6857142857142856,0.9142857142857144,1.6,0.6857142857142857,0.0,0.0,26,58,8,40,14,-18,14,19,0,1,3,3,0.9210526315789472,0.9210526315789472,0.0,0.0,8,40,0.1023391812865497,0.0,0.0614035087719298,0.0460526315789473,1.605263157894737,1,2.0,5,1.105263157894737,1,0.4,5,2.0,1.2,0.8,0.6,2.2,-1.6,1.4,1.0000000000000002,2.4000000000000004
2026-05-09,2025/26,Fulham,Bournemouth,0,1,A,7.0,11.0,9.0,11.0,35,35,48,52,-4,0,11,6,4,10,7,5,1.3714285714285714,1.4,0.0285714285714284,1.4857142857142858,2.2,0.7142857142857144,-0.6857142857142859,-0.1142857142857143,-0.8000000000000003,-0.6857142857142859,0.0,0.0,28,24,10,6,12,16,12,16,0,0,3,3,0.9210526315789472,0.9210526315789472,0.0,0.0,10,6,0.0,0.131578947368421,0.0708502024291498,0.0541795665634674,1.4210526315789471,1,1.4,5,1.4736842105263157,1,2.2,5,0.8,1.2,-0.4,2.2,1.2,1.0,-1.4000000000000001,0.0,-1.4
2026-05-09,2025/26,Sunderland,Manchester United,0,0,D,7.0,10.0,3.0,8.0,35,35,47,64,-17,0,12,3,0,3,1,1,1.3428571428571427,1.4,0.0571428571428571,1.8285714285714283,2.0,0.1714285714285714,-0.1142857142857143,-0.4857142857142857,-0.6000000000000001,-0.1142857142857143,0.0,0.0,29,12,11,-6,11,28,11,28,0,0,3,3,0.9210526315789472,0.9210526315789472,0.0,0.0,11,6,0.0,0.131578947368421,0.0767543859649122,0.0317604355716878,,0,1.4,5,1.105263157894737,1,2.0,5,1.4,2.2,-0.8,1.8,1.4,0.4,-0.40000000000000013,-0.8000000000000003,-1.2000000000000002
2026-05-09,2025/26,Manchester City,Brentford,3,0,H,11.0,6.0,13.0,8.0,34,35,71,51,20,-1,2,7,13,1,9,5,2.088235294117647,2.2,0.1117647058823529,1.457142857142857,1.2,-0.2571428571428571,0.3689075630252101,0.6310924369747901,1.0000000000000002,0.3689075630252101,0.0,0.0,5,25,-13,7,35,15,35,15,0,0,4,3,0.8947368421052632,0.9210526315789472,0.1491228070175438,0.0,13,7,0.0639097744360902,0.1151315789473684,0.0248538011695906,0.0575657894736842,1.868421052631579,1,2.2,5,1.4736842105263157,1,1.2,5,2.0,1.0,1.0,1.2,0.8,0.4,0.8,-0.19999999999999996,0.6
2026-05-10,2025/26,Burnley,Aston Villa,2,2,D,0.0,7.0,1.0,2.0,35,35,20,58,-38,0,19,5,1,13,5,5,0.5714285714285714,0.0,-0.5714285714285714,1.6571428571428573,1.4,-0.2571428571428573,-0.314285714285714,-1.085714285714286,-1.4,-0.314285714285714,0.0,0.0,56,18,39,1,-16,22,17,22,1,0,3,3,0.9210526315789472,0.9210526315789472,0.0,0.0,39,1,0.0,0.4605263157894737,0.0511695906432748,0.040045766590389,,0,0.0,5,1.736842105263158,1,1.4,5,0.6,2.6,-2.0,1.6,1.4,0.2,-1.0,-1.2000000000000002,-2.2
2026-05-10,2025/26,Crystal Palace,Everton,2,2,D,5.0,5.0,8.0,7.0,34,35,43,48,-5,-1,15,10,1,13,9,5,1.2647058823529411,1.0,-0.2647058823529411,1.3714285714285714,1.0,-0.3714285714285714,0.1067226890756303,-0.1067226890756303,0.0,0.1067226890756303,0.0,0.0,33,28,16,11,7,12,7,12,0,0,4,3,0.8947368421052632,0.9210526315789472,0.0,0.0,16,11,0.0,0.0,0.1118421052631579,0.0708502024291498,1.394736842105263,1,1.0,5,1.263157894736842,1,1.0,5,0.6,1.4,-0.8,2.0,1.8,0.2,-1.4,0.40000000000000013,-1.0
2026-05-10,2025/26,Nottingham Forest,Newcastle United,1,1,D,13.0,3.0,6.0,6.0,35,35,42,45,-3,0,16,13,3,12,7,5,1.2,2.6,1.4,1.2857142857142858,0.6,-0.6857142857142858,2.085714285714286,-0.0857142857142858,2.0,2.085714285714286,2.085714285714286,1.0,34,31,17,14,6,9,6,9,0,0,3,3,0.9210526315789472,0.9210526315789472,0.0,0.0,17,14,0.0,0.0,0.131578947368421,0.0921052631578947,1.7105263157894737,1,2.6,5,1.736842105263158,1,0.6,5,3.2,0.6,2.6,1.2,1.6,-0.4,2.0,1.0,3.0
2026-05-10,2025/26,West Ham United,Arsenal,0,1,A,7.0,9.0,9.0,8.0,35,35,36,76,-40,0,18,1,6,9,9,5,1.0285714285714285,1.4,0.3714285714285714,2.171428571428572,1.8,-0.3714285714285712,0.7428571428571427,-1.1428571428571428,-0.4000000000000001,0.7428571428571427,0.0,0.0,40,0,23,-17,0,40,1,40,1,0,3,3,0.9210526315789472,0.9210526315789472,0.0,0.9210526315789472,23,17,0.0,0.0511695906432748,0.4605263157894737,0.0224646983311938,1.131578947368421,1,1.4,5,1.947368421052632,1,1.8,5,1.2,1.2,0.0,1.6,0.8,0.8,-0.40000000000000013,-0.3999999999999999,-0.8
2026-05-11,2025/26,Tottenham Hotspur,Leeds United,1,1,D,7.0,11.0,1.0,7.0,35,35,37,43,-6,0,17,16,15,0,5,5,1.0571428571428572,1.4,0.3428571428571427,1.2285714285714286,2.2,0.9714285714285716,-0.6285714285714288,-0.1714285714285714,-0.8000000000000003,-0.6285714285714288,0.0,0.0,42,36,22,16,1,7,1,7,0,0,3,3,0.9210526315789472,0.9210526315789472,0.0,0.0,22,16,0.0,0.0,0.4605263157894737,0.1151315789473684,1.0,1,1.4,5,,0,2.2,5,1.0,1.4,-0.4,2.0,0.8,1.2,-1.0,-0.5999999999999999,-1.6
2026-05-13,2025/26,Manchester City,Crystal Palace,3,0,H,13.0,5.0,13.0,6.0,35,35,74,44,30,0,2,15,11,2,9,5,2.1142857142857143,2.6,0.4857142857142857,1.2571428571428571,1.0,-0.2571428571428571,0.7428571428571429,0.8571428571428572,1.6,0.7428571428571429,0.0,0.0,5,35,-15,15,38,8,38,8,0,0,3,3,0.9210526315789472,0.9210526315789472,0.1535087719298245,0.0,15,15,0.0575657894736842,0.0,0.0236167341430499,0.1023391812865497,1.868421052631579,1,2.6,5,1.394736842105263,1,1.0,5,2.4,0.8,1.6,1.0,1.8,-0.8,1.4,1.0,2.4000000000000004
2026-05-15,2025/26,Aston Villa,Liverpool,4,2,H,5.0,10.0,7.0,6.0,36,36,59,59,0,0,5,4,2,11,9,5,1.6388888888888888,1.0,-0.6388888888888888,1.6388888888888888,2.0,0.3611111111111111,-1.0,0.0,-1.0,-1.0,0.0,0.0,20,20,0,0,23,23,23,23,0,0,2,2,0.9473684210526316,0.9473684210526316,0.0,0.0,0,0,0.9473684210526316,0.9473684210526316,0.0394736842105263,0.0394736842105263,1.736842105263158,1,1.0,5,2.210526315789474,1,2.0,5,1.6,1.8,-0.2,2.0,1.2,0.8,-0.3999999999999999,-0.6000000000000001,-1.0
2026-05-17,2025/26,Manchester United,Nottingham Forest,3,2,H,10.0,11.0,12.0,10.0,36,36,65,43,22,0,3,16,4,10,7,5,1.805555555555556,2.0,0.1944444444444444,1.1944444444444444,2.2,1.0055555555555558,-0.8111111111111113,0.6111111111111112,-0.2000000000000001,-0.8111111111111113,0.8111111111111113,-1.0,14,36,-3,19,29,7,29,7,0,0,2,2,0.9473684210526316,0.9473684210526316,0.0,0.0,3,19,0.2368421052631578,0.0,0.031578947368421,0.1184210526315789,1.105263157894737,1,2.0,5,1.7105263157894737,1,2.2,5,1.4,1.0,0.4,2.8,0.8,2.0,-1.4,-0.19999999999999996,-1.6
2026-05-17,2025/26,Brentford,Crystal Palace,2,2,D,5.0,2.0,6.0,3.0,36,36,51,44,7,0,8,15,7,7,9,5,1.4166666666666667,1.0,-0.4166666666666667,1.2222222222222223,0.4,-0.8222222222222223,0.4055555555555555,0.1944444444444444,0.6,0.4055555555555555,0.0,0.0,28,35,11,18,15,8,15,8,0,0,2,2,0.9473684210526316,0.9473684210526316,0.0,0.0,11,18,0.0,0.0,0.0592105263157894,0.1052631578947368,1.4736842105263157,1,1.0,5,1.394736842105263,1,0.4,5,1.2,1.4,-0.2,0.6,2.2,-1.6,0.6,0.8000000000000003,1.4000000000000001
2026-05-17,2025/26,Everton,Sunderland,1,3,A,3.0,5.0,7.0,8.0,36,36,49,48,1,0,10,12,1,1,1,1,1.3611111111111112,0.6,-0.7611111111111112,1.3333333333333333,1.0,-0.3333333333333332,-0.4277777777777779,0.0277777777777779,-0.4,-0.4277777777777779,0.4277777777777779,-1.0,30,31,13,14,13,12,13,12,0,0,2,2,0.9473684210526316,0.9473684210526316,0.0,0.0,13,14,0.0,0.0,0.0676691729323308,0.0728744939271255,1.263157894736842,1,0.6,5,,0,1.0,5,1.8,2.2,-0.4,1.0,2.0,-1.0,0.8,-0.20000000000000018,0.6
2026-05-17,2025/26,Leeds United,Brighton,1,0,H,11.0,10.0,7.0,10.0,36,36,44,53,-9,0,14,7,3,9,5,5,1.2222222222222223,2.2,0.977777777777778,1.4722222222222223,2.0,0.5277777777777777,0.4500000000000002,-0.25,0.2000000000000001,0.4500000000000002,0.4500000000000002,1.0,35,26,18,9,8,17,8,17,0,0,2,2,0.9473684210526316,0.9473684210526316,0.0,0.0,18,9,0.0,0.0,0.1052631578947368,0.0526315789473684,,0,2.2,5,1.605263157894737,1,2.0,5,2.2,1.0,1.2,2.2,1.0,1.2,0.0,0.0,0.0
2026-05-17,2025/26,Wolverhampton Wanderers,Fulham,1,1,D,1.0,4.0,8.0,5.0,36,36,18,48,-30,0,20,11,6,9,7,5,0.5,0.2,-0.3,1.3333333333333333,0.8,-0.5333333333333332,0.2333333333333332,-0.8333333333333333,-0.6000000000000001,0.2333333333333331,0.0,0.0,61,31,44,14,-18,12,20,12,1,0,2,2,0.9473684210526316,0.9473684210526316,0.0,0.0,44,14,0.0,0.0,0.0451127819548872,0.0728744939271255,1.105263157894737,1,0.2,5,1.4210526315789471,1,0.8,5,0.2,2.4,-2.2,0.2,1.2,-1.0,0.0,-1.2,-1.2000000000000002
2026-05-17,2025/26,Newcastle United,West Ham United,3,1,H,4.0,7.0,6.0,4.0,36,36,46,36,10,0,13,18,7,7,9,5,1.2777777777777777,0.8,-0.4777777777777776,1.0,1.4,0.3999999999999999,-0.8777777777777775,0.2777777777777777,-0.5999999999999999,-0.8777777777777775,0.8777777777777775,-1.0,33,43,16,26,10,0,10,2,0,1,2,2,0.9473684210526316,0.9473684210526316,0.0,0.0,16,26,0.0,0.0,0.0861244019138755,0.3157894736842105,1.736842105263158,1,0.8,5,1.131578947368421,1,1.4,5,1.2,1.4,-0.2,1.2,1.0,0.2,0.0,-0.3999999999999999,-0.4
2026-05-18,2025/26,Arsenal,Burnley,1,0,H,9.0,1.0,12.0,1.0,36,36,79,21,58,0,1,19,13,1,5,5,2.1944444444444446,1.8,-0.3944444444444446,0.5833333333333334,0.2,-0.3833333333333333,-0.0111111111111112,1.6111111111111112,1.6,-0.011111111111111,0.0,0.0,0,58,-17,41,43,-15,43,17,0,1,2,2,0.9473684210526316,0.9473684210526316,0.9473684210526316,0.0,17,41,0.0526315789473684,0.0,0.0215311004784688,0.0526315789473684,1.947368421052632,1,1.8,5,,0,0.2,5,1.4,0.8,0.6,0.8,2.4,-1.6,0.5999999999999999,1.5999999999999999,2.2
2026-05-19,2025/26,Bournemouth,Manchester City,1,1,D,13.0,13.0,7.0,11.0,36,36,55,77,-22,0,6,2,3,12,7,5,1.5277777777777777,2.6,1.0722222222222224,2.138888888888889,2.6,0.4611111111111112,0.6111111111111112,-0.6111111111111112,0.0,0.6111111111111112,0.0,0.0,27,5,7,-15,19,41,19,41,0,0,2,2,0.9473684210526316,0.9473684210526316,0.0,0.1578947368421052,7,15,0.0,0.0592105263157894,0.0473684210526315,0.0225563909774436,1.4736842105263157,1,2.6,5,1.868421052631579,1,2.6,5,2.0,0.8,1.2,2.4,0.8,1.6,-0.3999999999999999,0.0,-0.40000000000000013
2026-05-19,2025/26,Chelsea,Tottenham Hotspur,2,1,H,1.0,8.0,1.0,7.0,36,36,49,38,11,0,10,17,15,0,9,5,1.3611111111111112,0.2,-1.1611111111111112,1.0555555555555556,1.6,0.5444444444444445,-1.7055555555555555,0.3055555555555556,-1.4,-1.7055555555555555,1.7055555555555555,-1.0,33,44,13,24,13,2,13,2,0,0,2,2,0.9473684210526316,0.9473684210526316,0.0,0.0,13,24,0.0,0.0,0.0676691729323308,0.3157894736842105,1.8157894736842104,1,0.2,5,1.0,1,1.6,5,0.4,2.2,-1.8,1.2,1.0,0.2,-0.7999999999999999,-1.2000000000000002,-2.0
2026-05-24,2025/26,Crystal Palace,Arsenal,1,2,A,2.0,12.0,9.0,10.0,37,37,45,82,-37,0,15,1,1,13,9,5,1.2162162162162162,0.4,-0.8162162162162162,2.216216216216216,2.4,0.1837837837837836,-1.0,-1.0,-2.0,-1.0,0.0,0.0,37,0,17,-20,9,46,9,46,0,0,1,1,0.9736842105263158,0.9736842105263158,0.0,0.9736842105263158,17,20,0.0,0.0463659147869674,0.0973684210526315,0.0207166853303471,1.394736842105263,1,0.4,5,1.947368421052632,1,2.4,5,1.0,2.6,-1.6,1.4,0.4,1.0,-0.3999999999999999,-2.2,-2.6
2026-05-24,2025/26,Brighton,Manchester United,0,3,A,7.0,13.0,12.0,8.0,37,37,53,68,-15,0,7,3,9,6,9,5,1.4324324324324325,1.4,-0.0324324324324325,1.837837837837838,2.6,0.7621621621621621,-0.7945945945945947,-0.4054054054054055,-1.2000000000000002,-0.7945945945945947,0.0,0.0,29,14,9,-6,17,32,17,32,0,0,1,1,0.9736842105263158,0.9736842105263158,0.0,0.0,9,6,0.0,0.1390977443609022,0.0540935672514619,0.029505582137161,1.605263157894737,1,1.4,5,1.105263157894737,1,2.6,5,1.8,1.2,0.6,1.8,1.0,0.8,0.0,-0.19999999999999996,-0.20000000000000007
2026-05-24,2025/26,Burnley,Wolverhampton Wanderers,1,1,D,1.0,2.0,2.0,1.0,37,37,21,19,2,0,19,20,8,5,5,5,0.5675675675675675,0.2,-0.3675675675675675,0.5135135135135135,0.4,-0.1135135135135134,-0.254054054054054,0.054054054054054,-0.2,-0.254054054054054,0.254054054054054,-1.0,61,63,41,43,-15,-17,17,19,1,1,1,1,0.9736842105263158,0.9736842105263158,0.0,0.0,41,43,0.0,0.0,0.0540935672514619,0.0486842105263157,,0,0.2,5,1.105263157894737,1,0.4,5,0.8,2.2,-1.4,0.4,1.8,-1.4,0.4,-0.40000000000000013,0.0
2026-05-24,2025/26,Liverpool,Brentford,1,1,D,7.0,5.0,11.0,5.0,37,37,59,52,7,0,5,9,12,3,9,5,1.5945945945945943,1.4,-0.1945945945945946,1.4054054054054057,1.0,-0.4054054054054055,0.2108108108108108,0.189189189189189,0.3999999999999999,0.2108108108108108,0.0,0.0,23,30,3,10,23,16,23,16,0,0,1,1,0.9736842105263158,0.9736842105263158,0.0,0.0,3,10,0.2434210526315789,0.0,0.0405701754385964,0.0572755417956656,2.210526315789474,1,1.4,5,1.4736842105263157,1,1.0,5,2.0,2.0,0.0,1.2,1.4,-0.2,0.8,-0.6000000000000001,0.2
2026-05-24,2025/26,Tottenham Hotspur,Everton,1,0,H,8.0,2.0,2.0,5.0,37,37,38,49,-11,0,17,12,10,4,9,5,1.027027027027027,1.6,0.5729729729729731,1.3243243243243243,0.4,-0.9243243243243244,1.4972972972972975,-0.2972972972972973,1.2000000000000002,1.4972972972972975,1.4972972972972975,1.0,44,33,24,13,2,13,2,13,0,0,1,1,0.9736842105263158,0.9736842105263158,0.0,0.0,24,13,0.0,0.0,0.3245614035087719,0.0695488721804511,1.0,1,1.6,5,1.263157894736842,1,0.4,5,1.4,1.2,0.2,1.6,2.4,-0.8,-0.20000000000000018,1.2,1.0
2026-05-24,2025/26,Nottingham Forest,Bournemouth,1,1,D,10.0,11.0,6.0,11.0,37,37,43,56,-13,0,16,6,2,11,7,5,1.162162162162162,2.0,0.8378378378378379,1.5135135135135136,2.2,0.6864864864864866,0.1513513513513513,-0.3513513513513515,-0.2000000000000001,0.1513513513513513,0.0,0.0,39,26,19,6,7,20,7,20,0,0,1,1,0.9736842105263158,0.9736842105263158,0.0,0.0,19,6,0.0,0.0,0.1217105263157894,0.0463659147869674,1.7105263157894737,1,2.0,5,1.4736842105263157,1,2.2,5,3.0,1.2,1.8,1.8,0.8,1.0,1.2,-0.3999999999999999,0.8
2026-05-24,2025/26,Sunderland,Chelsea,2,1,H,5.0,4.0,4.0,4.0,37,37,51,52,-1,0,10,8,3,0,1,1,1.3783783783783785,1.0,-0.3783783783783783,1.4054054054054057,0.8,-0.6054054054054054,0.2270270270270271,-0.0270270270270271,0.1999999999999999,0.2270270270270271,0.2270270270270271,1.0,31,30,11,10,15,16,15,16,0,0,1,1,0.9736842105263158,0.9736842105263158,0.0,0.0,11,10,0.0,0.0,0.0608552631578947,0.0572755417956656,,0,1.0,5,1.8157894736842104,1,0.8,5,1.4,2.2,-0.8,0.8,1.8,-1.0,0.5999999999999999,-0.40000000000000013,0.19999999999999996
2026-05-24,2025/26,Manchester City,Aston Villa,1,2,A,11.0,7.0,13.0,2.0,37,37,78,62,16,0,2,4,6,9,9,5,2.108108108108108,2.2,0.0918918918918922,1.6756756756756757,1.4,-0.2756756756756757,0.367567567567568,0.4324324324324322,0.8000000000000003,0.367567567567568,0.0,0.0,4,20,-16,0,42,26,42,26,0,0,1,1,0.9736842105263158,0.9736842105263158,0.0,0.0,16,0,0.0572755417956656,0.9736842105263158,0.0226438188494492,0.0360623781676413,1.868421052631579,1,2.2,5,1.736842105263158,1,1.4,5,2.2,0.8,1.4,2.2,2.0,0.2,0.0,1.2,1.2
2026-05-24,2025/26,Fulham,Newcastle United,2,0,H,5.0,7.0,9.0,4.0,37,37,49,49,0,0,13,11,6,9,7,5,1.3243243243243243,1.0,-0.3243243243243243,1.3243243243243243,1.4,0.0756756756756755,-0.3999999999999999,0.0,-0.3999999999999999,-0.3999999999999999,0.0,0.0,33,33,13,13,13,13,13,13,0,0,1,1,0.9736842105263158,0.9736842105263158,0.0,0.0,13,13,0.0,0.0,0.0695488721804511,0.0695488721804511,1.4210526315789471,1,1.0,5,1.736842105263158,1,1.4,5,0.4,1.0,-0.6,1.6,1.2,0.4,-1.2000000000000002,0.19999999999999996,-1.0
2026-05-24,2025/26,West Ham United,Leeds United,3,0,H,4.0,11.0,8.0,7.0,37,37,36,47,-11,0,18,14,7,7,5,5,0.972972972972973,0.8,-0.1729729729729729,1.2702702702702702,2.2,0.92972972972973,-1.102702702702703,-0.2972972972972971,-1.4,-1.102702702702703,0.0,0.0,46,35,26,15,0,11,2,11,1,0,1,1,0.9736842105263158,0.9736842105263158,0.0,0.0,26,15,0.0,0.0,0.3245614035087719,0.0811403508771929,1.131578947368421,1,0.8,5,,0,2.2,5,0.6,1.6,-1.0,2.0,0.8,1.2,-1.4,-0.8,-2.2
