home_matches,home_wins,home_draws,home_losses,home_points,home_points_per_match,home_goals_for,home_goals_against,home_goals_for_per_match,home_goals_against_per_match,home_goal_difference,home_home_matches,home_home_wins,home_home_draws,home_home_losses,home_home_goals_for,home_home_goals_against,home_away_matches,home_away_wins,home_away_draws,home_away_losses,home_away_goals_for,home_away_goals_against,home_last10_matches,home_last10_wins,home_last10_draws,home_last10_losses,home_last10_points,home_last10_goals_for,home_last10_goals_against,home_last5_matches,home_last5_wins,home_last5_draws,home_last5_losses,home_last5_points,home_last5_goals_for,home_last5_goals_against,away_matches,away_wins,away_draws,away_losses,away_points,away_points_per_match,away_goals_for,away_goals_against,away_goals_for_per_match,away_goals_against_per_match,away_goal_difference,away_home_matches,away_home_wins,away_home_draws,away_home_losses,away_home_goals_for,away_home_goals_against,away_away_matches,away_away_wins,away_away_draws,away_away_losses,away_away_goals_for,away_away_goals_against,away_last10_matches,away_last10_wins,away_last10_draws,away_last10_losses,away_last10_points,away_last10_goals_for,away_last10_goals_against,away_last5_matches,away_last5_wins,away_last5_draws,away_last5_losses,away_last5_points,away_last5_goals_for,away_last5_goals_against,diff_points_per_match,diff_goals_for_per_match,diff_goals_against_per_match,diff_goal_difference,diff_last5_points,diff_last10_points,diff_last5_goals_for,diff_last10_goals_for,home_prior_matches,away_prior_matches,home_prior_points,away_prior_points
117,50,27,40,177,1.5128205128205128,177,168,1.5128205128205128,1.435897435897436,9,58,31,9,18,98,82,59,19,18,22,79,86,10,6,2,2,20,20,13,5,3,1,1,10,13,8,117,75,24,18,249,2.128205128205128,252,115,2.1538461538461537,0.9829059829059829,137,59,43,11,5,142,54,58,32,13,13,110,61,10,7,2,1,23,21,9,5,3,1,1,10,9,5,-0.6153846153846154,-0.641025641025641,0.45299145299145305,-128,0,-3,4,-1,117,117,177,249
41,12,16,13,52,1.2682926829268293,52,58,1.2682926829268293,1.4146341463414633,-6,20,9,6,5,30,22,21,3,10,8,22,36,10,5,4,1,19,15,10,5,2,2,1,8,4,5,117,53,21,43,180,1.5384615384615385,212,168,1.811965811965812,1.435897435897436,44,59,34,10,15,129,76,58,19,11,28,83,92,10,3,3,4,12,15,14,5,2,2,1,8,9,7,-0.27016885553470926,-0.5436731290389827,-0.021263289555972564,-50,0,7,-5,0,41,117,52,180
118,41,31,46,154,1.305084745762712,184,178,1.5593220338983051,1.5084745762711864,6,59,23,20,16,106,91,59,18,11,30,78,87,10,2,6,2,12,14,12,5,1,4,0,7,8,5,118,54,29,35,191,1.61864406779661,209,167,1.771186440677966,1.4152542372881356,42,59,31,15,13,111,74,59,23,14,22,98,93,10,3,2,5,11,15,20,5,2,1,2,7,11,11,-0.31355932203389814,-0.2118644067796609,0.09322033898305082,-36,0,1,-3,-1,118,118,154,191
118,41,24,53,147,1.2457627118644068,186,188,1.576271186440678,1.5932203389830508,-2,59,22,10,27,95,95,59,19,14,26,91,93,10,3,4,3,13,8,11,5,1,2,2,5,1,5,118,58,26,34,200,1.694915254237288,191,168,1.61864406779661,1.423728813559322,23,59,35,13,11,115,73,59,23,13,23,76,95,10,3,2,5,11,14,18,5,1,1,3,4,3,8,-0.44915254237288127,-0.04237288135593209,0.1694915254237288,-25,1,2,-2,-6,118,118,147,200
117,53,21,43,180,1.5384615384615385,212,168,1.811965811965812,1.435897435897436,44,59,34,10,15,129,76,58,19,11,28,83,92,10,3,3,4,12,15,14,5,2,2,1,8,9,7,4,2,2,0,8,2.0,5,2,1.25,0.5,3,2,1,1,0,2,0,2,1,1,0,3,2,4,2,2,0,8,5,2,4,2,2,0,8,5,2,-0.46153846153846145,0.561965811965812,0.9358974358974359,41,0,4,4,10,117,4,180,8
118,44,37,37,169,1.4322033898305084,186,172,1.576271186440678,1.4576271186440677,14,59,26,21,12,95,74,59,18,16,25,91,98,10,4,2,4,14,22,14,5,2,1,2,7,13,8,118,78,26,14,260,2.2033898305084745,239,91,2.0254237288135593,0.7711864406779662,148,59,43,10,6,129,45,59,35,16,8,110,46,10,9,0,1,27,17,4,5,5,0,0,15,10,2,-0.771186440677966,-0.44915254237288127,0.6864406779661015,-134,-8,-13,3,5,118,118,169,260
118,38,37,43,151,1.2796610169491525,134,148,1.1355932203389831,1.2542372881355932,-14,59,20,19,20,78,70,59,18,18,23,56,78,10,1,5,4,8,13,16,5,1,3,1,6,5,4,42,6,10,26,28,0.6666666666666666,43,92,1.0238095238095237,2.1904761904761907,-49,21,2,4,15,16,47,21,4,6,11,27,45,10,2,1,7,7,10,25,5,2,0,3,6,8,13,0.6129943502824858,0.11178369652945941,-0.9362389023405975,35,0,1,-3,3,118,42,151,28
118,40,30,48,150,1.271186440677966,159,168,1.347457627118644,1.423728813559322,-9,59,18,19,22,73,70,59,22,11,26,86,98,10,4,4,2,16,20,11,5,1,3,1,6,5,5,4,0,0,4,0,0.0,0,10,0.0,2.5,-10,2,0,0,2,0,6,2,0,0,2,0,4,4,0,0,4,0,0,10,4,0,0,4,0,0,10,1.271186440677966,1.347457627118644,-1.076271186440678,1,6,16,5,20,118,4,150,0
118,41,41,36,164,1.3898305084745763,176,174,1.4915254237288136,1.4745762711864407,2,59,22,22,15,82,67,59,19,19,21,94,107,10,3,6,1,15,16,12,5,0,4,1,4,7,8,118,67,31,20,232,1.9661016949152543,241,139,2.042372881355932,1.1779661016949152,102,59,39,15,5,127,55,59,28,16,15,114,84,10,3,5,2,14,17,15,5,1,4,0,7,7,5,-0.576271186440678,-0.5508474576271185,0.2966101694915255,-100,-3,1,0,-1,118,118,164,232
41,12,16,13,52,1.2682926829268293,52,58,1.2682926829268293,1.4146341463414633,-6,20,9,6,5,30,22,21,3,10,8,22,36,10,5,4,1,19,15,10,5,2,2,1,8,4,5,118,38,36,44,150,1.271186440677966,155,171,1.3135593220338984,1.4491525423728813,-16,59,18,20,21,83,82,59,20,16,23,72,89,10,1,2,7,5,12,26,5,1,0,4,3,7,13,-0.0028937577511367607,-0.04526663910706907,-0.03451839603141793,10,5,14,-3,3,41,118,52,150
117,75,24,18,249,2.128205128205128,252,115,2.1538461538461537,0.9829059829059829,137,59,43,11,5,142,54,58,32,13,13,110,61,10,7,2,1,23,21,9,5,3,1,1,10,9,5,42,15,13,14,58,1.380952380952381,45,53,1.0714285714285714,1.2619047619047619,-8,21,10,6,5,26,22,21,5,7,9,19,31,10,3,3,4,12,12,17,5,2,1,2,7,5,6,0.7472527472527473,1.0824175824175823,-0.278998778998779,145,3,11,4,9,117,42,249,58
118,43,25,50,154,1.305084745762712,160,173,1.3559322033898304,1.4661016949152543,-13,59,27,9,23,92,80,59,16,16,27,68,93,10,2,3,5,9,8,12,5,1,1,3,4,6,7,117,50,27,40,177,1.5128205128205128,177,168,1.5128205128205128,1.435897435897436,9,58,31,9,18,98,82,59,19,18,22,79,86,10,6,2,2,20,20,13,5,3,1,1,10,13,8,-0.20773576705780084,-0.15688830943068233,0.030204259017818424,-22,-6,-11,-7,-12,118,117,154,177
118,78,26,14,260,2.2033898305084745,239,91,2.0254237288135593,0.7711864406779662,148,59,43,10,6,129,45,59,35,16,8,110,46,10,9,0,1,27,17,4,5,5,0,0,15,10,2,41,12,16,13,52,1.2682926829268293,52,58,1.2682926829268293,1.4146341463414633,-6,20,9,6,5,30,22,21,3,10,8,22,36,10,5,4,1,19,15,10,5,2,2,1,8,4,5,0.9350971475816452,0.75713104588673,-0.6434477056634972,154,7,8,6,2,118,41,260,52
42,15,13,14,58,1.380952380952381,45,53,1.0714285714285714,1.2619047619047619,-8,21,10,6,5,26,22,21,5,7,9,19,31,10,3,3,4,12,12,17,5,2,1,2,7,5,6,118,44,37,37,169,1.4322033898305084,186,172,1.576271186440678,1.4576271186440677,14,59,26,21,12,95,74,59,18,16,25,91,98,10,4,2,4,14,22,14,5,2,1,2,7,13,8,-0.0512510088781275,-0.5048426150121066,-0.19572235673930583,-22,0,-2,-8,-10,42,118,58,169
118,58,26,34,200,1.694915254237288,191,168,1.61864406779661,1.423728813559322,23,59,35,13,11,115,73,59,23,13,23,76,95,10,3,2,5,11,14,18,5,1,1,3,4,3,8,118,41,31,46,154,1.305084745762712,184,178,1.5593220338983051,1.5084745762711864,6,59,23,20,16,106,91,59,18,11,30,78,87,10,2,6,2,12,14,12,5,1,4,0,7,8,5,0.3898305084745761,0.05932203389830493,-0.0847457627118644,17,-3,-1,-5,0,118,118,200,154
42,6,10,26,28,0.6666666666666666,43,92,1.0238095238095237,2.1904761904761907,-49,21,2,4,15,16,47,21,4,6,11,27,45,10,2,1,7,7,10,25,5,2,0,3,6,8,13,118,43,25,50,154,1.305084745762712,160,173,1.3559322033898304,1.4661016949152543,-13,59,27,9,23,92,80,59,16,16,27,68,93,10,2,3,5,9,8,12,5,1,1,3,4,6,7,-0.6384180790960453,-0.3321226795803067,0.7243744955609364,-36,2,-2,2,2,42,118,28,154
118,54,29,35,191,1.61864406779661,209,167,1.771186440677966,1.4152542372881356,42,59,31,15,13,111,74,59,23,14,22,98,93,10,3,2,5,11,15,20,5,2,1,2,7,11,11,118,41,41,36,164,1.3898305084745763,176,174,1.4915254237288136,1.4745762711864407,2,59,22,22,15,82,67,59,19,19,21,94,107,10,3,6,1,15,16,12,5,0,4,1,4,7,8,0.22881355932203373,0.27966101694915246,-0.05932203389830515,40,3,-4,4,-1,118,118,191,164
117,50,27,40,177,1.5128205128205128,177,168,1.5128205128205128,1.435897435897436,9,58,31,9,18,98,82,59,19,18,22,79,86,10,6,2,2,20,20,13,5,3,1,1,10,13,8,118,41,24,53,147,1.2457627118644068,186,188,1.576271186440678,1.5932203389830508,-2,59,22,10,27,95,95,59,19,14,26,91,93,10,3,4,3,13,8,11,5,1,2,2,5,1,5,0.267057800956106,-0.06345067362016521,-0.15732290308561492,11,5,7,12,12,117,118,177,147
118,38,36,44,150,1.271186440677966,155,171,1.3135593220338984,1.4491525423728813,-16,59,18,20,21,83,82,59,20,16,23,72,89,10,1,2,7,5,12,26,5,1,0,4,3,7,13,118,40,30,48,150,1.271186440677966,159,168,1.347457627118644,1.423728813559322,-9,59,18,19,22,73,70,59,22,11,26,86,98,10,4,4,2,16,20,11,5,1,3,1,6,5,5,0.0,-0.03389830508474567,0.025423728813559254,-7,-3,-11,2,-8,118,118,150,150
4,2,2,0,8,2.0,5,2,1.25,0.5,3,2,1,1,0,2,0,2,1,1,0,3,2,4,2,2,0,8,5,2,4,2,2,0,8,5,2,118,38,37,43,151,1.2796610169491525,134,148,1.1355932203389831,1.2542372881355932,-14,59,20,19,20,78,70,59,18,18,23,56,78,10,1,5,4,8,13,16,5,1,3,1,6,5,4,0.7203389830508475,0.11440677966101687,-0.7542372881355932,17,2,0,0,-8,4,118,8,151
118,67,31,20,232,1.9661016949152543,241,139,2.042372881355932,1.1779661016949152,102,59,39,15,5,127,55,59,28,16,15,114,84,10,3,5,2,14,17,15,5,1,4,0,7,7,5,117,75,24,18,249,2.128205128205128,252,115,2.1538461538461537,0.9829059829059829,137,59,43,11,5,142,54,58,32,13,13,110,61,10,7,2,1,23,21,9,5,3,1,1,10,9,5,-0.16210343328987387,-0.11147327249022165,0.19506011878893237,-35,-3,-9,-2,-4,118,117,232,249
4,0,0,4,0,0.0,0,10,0.0,2.5,-10,2,0,0,2,0,6,2,0,0,2,0,4,4,0,0,4,0,0,10,4,0,0,4,0,0,10,117,53,21,43,180,1.5384615384615385,212,168,1.811965811965812,1.435897435897436,44,59,34,10,15,129,76,58,19,11,28,83,92,10,3,3,4,12,15,14,5,2,2,1,8,9,7,-1.5384615384615385,-1.811965811965812,1.064102564102564,-54,-8,-12,-9,-15,4,117,0,180
118,38,37,43,151,1.2796610169491525,134,148,1.1355932203389831,1.2542372881355932,-14,59,20,19,20,78,70,59,18,18,23,56,78,10,1,5,4,8,13,16,5,1,3,1,6,5,4,118,54,29,35,191,1.61864406779661,209,167,1.771186440677966,1.4152542372881356,42,59,31,15,13,111,74,59,23,14,22,98,93,10,3,2,5,11,15,20,5,2,1,2,7,11,11,-0.3389830508474576,-0.6355932203389829,-0.1610169491525424,-56,-1,-3,-6,-2,118,118,151,191
117,75,24,18,249,2.128205128205128,252,115,2.1538461538461537,0.9829059829059829,137,59,43,11,5,142,54,58,32,13,13,110,61,10,7,2,1,23,21,9,5,3,1,1,10,9,5,42,6,10,26,28,0.6666666666666666,43,92,1.0238095238095237,2.1904761904761907,-49,21,2,4,15,16,47,21,4,6,11,27,45,10,2,1,7,7,10,25,5,2,0,3,6,8,13,1.4615384615384617,1.13003663003663,-1.2075702075702077,186,4,16,1,11,117,42,249,28
118,43,25,50,154,1.305084745762712,160,173,1.3559322033898304,1.4661016949152543,-13,59,27,9,23,92,80,59,16,16,27,68,93,10,2,3,5,9,8,12,5,1,1,3,4,6,7,4,2,2,0,8,2.0,5,2,1.25,0.5,3,2,1,1,0,2,0,2,1,1,0,3,2,4,2,2,0,8,5,2,4,2,2,0,8,5,2,-0.6949152542372881,0.10593220338983045,0.9661016949152543,-16,-4,1,1,3,118,4,154,8
118,41,31,46,154,1.305084745762712,184,178,1.5593220338983051,1.5084745762711864,6,59,23,20,16,106,91,59,18,11,30,78,87,10,2,6,2,12,14,12,5,1,4,0,7,8,5,118,67,31,20,232,1.9661016949152543,241,139,2.042372881355932,1.1779661016949152,102,59,39,15,5,127,55,59,28,16,15,114,84,10,3,5,2,14,17,15,5,1,4,0,7,7,5,-0.6610169491525424,-0.48305084745762694,0.3305084745762712,-96,0,-2,1,-3,118,118,154,232
117,53,21,43,180,1.5384615384615385,212,168,1.811965811965812,1.435897435897436,44,59,34,10,15,129,76,58,19,11,28,83,92,10,3,3,4,12,15,14,5,2,2,1,8,9,7,118,58,26,34,200,1.694915254237288,191,168,1.61864406779661,1.423728813559322,23,59,35,13,11,115,73,59,23,13,23,76,95,10,3,2,5,11,14,18,5,1,1,3,4,3,8,-0.1564537157757495,0.1933217441692019,0.012168622338113888,21,4,1,6,1,117,118,180,200
118,41,41,36,164,1.3898305084745763,176,174,1.4915254237288136,1.4745762711864407,2,59,22,22,15,82,67,59,19,19,21,94,107,10,3,6,1,15,16,12,5,0,4,1,4,7,8,42,15,13,14,58,1.380952380952381,45,53,1.0714285714285714,1.2619047619047619,-8,21,10,6,5,26,22,21,5,7,9,19,31,10,3,3,4,12,12,17,5,2,1,2,7,5,6,0.008878127522195411,0.4200968523002422,0.21267150928167888,10,-3,3,2,4,118,42,164,58
118,44,37,37,169,1.4322033898305084,186,172,1.576271186440678,1.4576271186440677,14,59,26,21,12,95,74,59,18,16,25,91,98,10,4,2,4,14,22,14,5,2,1,2,7,13,8,118,38,36,44,150,1.271186440677966,155,171,1.3135593220338984,1.4491525423728813,-16,59,18,20,21,83,82,59,20,16,23,72,89,10,1,2,7,5,12,26,5,1,0,4,3,7,13,0.1610169491525424,0.2627118644067796,0.008474576271186418,30,4,9,6,10,118,118,169,150
41,12,16,13,52,1.2682926829268293,52,58,1.2682926829268293,1.4146341463414633,-6,20,9,6,5,30,22,21,3,10,8,22,36,10,5,4,1,19,15,10,5,2,2,1,8,4,5,117,50,27,40,177,1.5128205128205128,177,168,1.5128205128205128,1.435897435897436,9,58,31,9,18,98,82,59,19,18,22,79,86,10,6,2,2,20,20,13,5,3,1,1,10,13,8,-0.2445278298936835,-0.2445278298936835,-0.021263289555972564,-15,-2,-1,-9,-5,41,117,52,177
118,40,30,48,150,1.271186440677966,159,168,1.347457627118644,1.423728813559322,-9,59,18,19,22,73,70,59,22,11,26,86,98,10,4,4,2,16,20,11,5,1,3,1,6,5,5,118,78,26,14,260,2.2033898305084745,239,91,2.0254237288135593,0.7711864406779662,148,59,43,10,6,129,45,59,35,16,8,110,46,10,9,0,1,27,17,4,5,5,0,0,15,10,2,-0.9322033898305084,-0.6779661016949152,0.6525423728813559,-157,-9,-11,-5,3,118,118,150,260
118,41,24,53,147,1.2457627118644068,186,188,1.576271186440678,1.5932203389830508,-2,59,22,10,27,95,95,59,19,14,26,91,93,10,3,4,3,13,8,11,5,1,2,2,5,1,5,4,0,0,4,0,0.0,0,10,0.0,2.5,-10,2,0,0,2,0,6,2,0,0,2,0,4,4,0,0,4,0,0,10,4,0,0,4,0,0,10,1.2457627118644068,1.576271186440678,-0.9067796610169492,8,5,13,1,8,118,4,147,0
42,6,10,26,28,0.6666666666666666,43,92,1.0238095238095237,2.1904761904761907,-49,21,2,4,15,16,47,21,4,6,11,27,45,10,2,1,7,7,10,25,5,2,0,3,6,8,13,118,40,30,48,150,1.271186440677966,159,168,1.347457627118644,1.423728813559322,-9,59,18,19,22,73,70,59,22,11,26,86,98,10,4,4,2,16,20,11,5,1,3,1,6,5,5,-0.6045197740112994,-0.3236481033091203,0.7667473769168687,-40,0,-9,3,-10,42,118,28,150
118,58,26,34,200,1.694915254237288,191,168,1.61864406779661,1.423728813559322,23,59,35,13,11,115,73,59,23,13,23,76,95,10,3,2,5,11,14,18,5,1,1,3,4,3,8,117,75,24,18,249,2.128205128205128,252,115,2.1538461538461537,0.9829059829059829,137,59,43,11,5,142,54,58,32,13,13,110,61,10,7,2,1,23,21,9,5,3,1,1,10,9,5,-0.43328987396784013,-0.5352020860495437,0.44082283065333916,-114,-6,-12,-6,-7,118,117,200,249
118,78,26,14,260,2.2033898305084745,239,91,2.0254237288135593,0.7711864406779662,148,59,43,10,6,129,45,59,35,16,8,110,46,10,9,0,1,27,17,4,5,5,0,0,15,10,2,118,38,37,43,151,1.2796610169491525,134,148,1.1355932203389831,1.2542372881355932,-14,59,20,19,20,78,70,59,18,18,23,56,78,10,1,5,4,8,13,16,5,1,3,1,6,5,4,0.923728813559322,0.8898305084745761,-0.48305084745762705,162,9,19,5,4,118,118,260,151
4,0,0,4,0,0.0,0,10,0.0,2.5,-10,2,0,0,2,0,6,2,0,0,2,0,4,4,0,0,4,0,0,10,4,0,0,4,0,0,10,118,43,25,50,154,1.305084745762712,160,173,1.3559322033898304,1.4661016949152543,-13,59,27,9,23,92,80,59,16,16,27,68,93,10,2,3,5,9,8,12,5,1,1,3,4,6,7,-1.305084745762712,-1.3559322033898304,1.0338983050847457,3,-4,-9,-6,-8,4,118,0,154
118,54,29,35,191,1.61864406779661,209,167,1.771186440677966,1.4152542372881356,42,59,31,15,13,111,74,59,23,14,22,98,93,10,3,2,5,11,15,20,5,2,1,2,7,11,11,118,41,24,53,147,1.2457627118644068,186,188,1.576271186440678,1.5932203389830508,-2,59,22,10,27,95,95,59,19,14,26,91,93,10,3,4,3,13,8,11,5,1,2,2,5,1,5,0.3728813559322033,0.19491525423728806,-0.17796610169491522,44,2,-2,10,7,118,118,191,147
117,50,27,40,177,1.5128205128205128,177,168,1.5128205128205128,1.435897435897436,9,58,31,9,18,98,82,59,19,18,22,79,86,10,6,2,2,20,20,13,5,3,1,1,10,13,8,118,41,41,36,164,1.3898305084745763,176,174,1.4915254237288136,1.4745762711864407,2,59,22,22,15,82,67,59,19,19,21,94,107,10,3,6,1,15,16,12,5,0,4,1,4,7,8,0.12299000434593643,0.021295089091699193,-0.03867883528900484,7,6,5,6,4,117,118,177,164
118,38,36,44,150,1.271186440677966,155,171,1.3135593220338984,1.4491525423728813,-16,59,18,20,21,83,82,59,20,16,23,72,89,10,1,2,7,5,12,26,5,1,0,4,3,7,13,117,53,21,43,180,1.5384615384615385,212,168,1.811965811965812,1.435897435897436,44,59,34,10,15,129,76,58,19,11,28,83,92,10,3,3,4,12,15,14,5,2,2,1,8,9,7,-0.2672750977835725,-0.4984064899319136,0.013255106475445366,-60,-5,-7,-2,-3,118,117,150,180
118,67,31,20,232,1.9661016949152543,241,139,2.042372881355932,1.1779661016949152,102,59,39,15,5,127,55,59,28,16,15,114,84,10,3,5,2,14,17,15,5,1,4,0,7,7,5,118,44,37,37,169,1.4322033898305084,186,172,1.576271186440678,1.4576271186440677,14,59,26,21,12,95,74,59,18,16,25,91,98,10,4,2,4,14,22,14,5,2,1,2,7,13,8,0.5338983050847459,0.4661016949152541,-0.27966101694915246,88,0,0,-6,-5,118,118,232,169
4,2,2,0,8,2.0,5,2,1.25,0.5,3,2,1,1,0,2,0,2,1,1,0,3,2,4,2,2,0,8,5,2,4,2,2,0,8,5,2,118,41,31,46,154,1.305084745762712,184,178,1.5593220338983051,1.5084745762711864,6,59,23,20,16,106,91,59,18,11,30,78,87,10,2,6,2,12,14,12,5,1,4,0,7,8,5,0.6949152542372881,-0.30932203389830515,-1.0084745762711864,-3,1,-4,-3,-9,4,118,8,154
42,15,13,14,58,1.380952380952381,45,53,1.0714285714285714,1.2619047619047619,-8,21,10,6,5,26,22,21,5,7,9,19,31,10,3,3,4,12,12,17,5,2,1,2,7,5,6,41,12,16,13,52,1.2682926829268293,52,58,1.2682926829268293,1.4146341463414633,-6,20,9,6,5,30,22,21,3,10,8,22,36,10,5,4,1,19,15,10,5,2,2,1,8,4,5,0.11265969802555165,-0.1968641114982579,-0.15272938443670148,-2,-1,-7,1,-3,42,41,58,52
118,54,29,35,191,1.61864406779661,209,167,1.771186440677966,1.4152542372881356,42,59,31,15,13,111,74,59,23,14,22,98,93,10,3,2,5,11,15,20,5,2,1,2,7,11,11,117,50,27,40,177,1.5128205128205128,177,168,1.5128205128205128,1.435897435897436,9,58,31,9,18,98,82,59,19,18,22,79,86,10,6,2,2,20,20,13,5,3,1,1,10,13,8,0.1058235549760973,0.25836592785745327,-0.020643198609300306,33,-3,-9,-2,-5,118,117,191,177
4,2,2,0,8,2.0,5,2,1.25,0.5,3,2,1,1,0,2,0,2,1,1,0,3,2,4,2,2,0,8,5,2,4,2,2,0,8,5,2,42,6,10,26,28,0.6666666666666666,43,92,1.0238095238095237,2.1904761904761907,-49,21,2,4,15,16,47,21,4,6,11,27,45,10,2,1,7,7,10,25,5,2,0,3,6,8,13,1.3333333333333335,0.22619047619047628,-1.6904761904761907,52,2,1,-3,-5,4,42,8,28
118,41,41,36,164,1.3898305084745763,176,174,1.4915254237288136,1.4745762711864407,2,59,22,22,15,82,67,59,19,19,21,94,107,10,3,6,1,15,16,12,5,0,4,1,4,7,8,41,12,16,13,52,1.2682926829268293,52,58,1.2682926829268293,1.4146341463414633,-6,20,9,6,5,30,22,21,3,10,8,22,36,10,5,4,1,19,15,10,5,2,2,1,8,4,5,0.12153782554774706,0.2232327408019843,0.05994212484497741,8,-4,-4,3,1,118,41,164,52
117,75,24,18,249,2.128205128205128,252,115,2.1538461538461537,0.9829059829059829,137,59,43,11,5,142,54,58,32,13,13,110,61,10,7,2,1,23,21,9,5,3,1,1,10,9,5,118,44,37,37,169,1.4322033898305084,186,172,1.576271186440678,1.4576271186440677,14,59,26,21,12,95,74,59,18,16,25,91,98,10,4,2,4,14,22,14,5,2,1,2,7,13,8,0.6960017383746198,0.5775749674054758,-0.47472113573808483,123,3,9,-4,-1,117,118,249,169
4,0,0,4,0,0.0,0,10,0.0,2.5,-10,2,0,0,2,0,6,2,0,0,2,0,4,4,0,0,4,0,0,10,4,0,0,4,0,0,10,42,15,13,14,58,1.380952380952381,45,53,1.0714285714285714,1.2619047619047619,-8,21,10,6,5,26,22,21,5,7,9,19,31,10,3,3,4,12,12,17,5,2,1,2,7,5,6,-1.380952380952381,-1.0714285714285714,1.2380952380952381,-2,-7,-12,-5,-12,4,42,0,58
118,41,31,46,154,1.305084745762712,184,178,1.5593220338983051,1.5084745762711864,6,59,23,20,16,106,91,59,18,11,30,78,87,10,2,6,2,12,14,12,5,1,4,0,7,8,5,118,40,30,48,150,1.271186440677966,159,168,1.347457627118644,1.423728813559322,-9,59,18,19,22,73,70,59,22,11,26,86,98,10,4,4,2,16,20,11,5,1,3,1,6,5,5,0.033898305084745894,0.21186440677966112,0.0847457627118644,15,1,-4,3,-6,118,118,154,150
118,41,24,53,147,1.2457627118644068,186,188,1.576271186440678,1.5932203389830508,-2,59,22,10,27,95,95,59,19,14,26,91,93,10,3,4,3,13,8,11,5,1,2,2,5,1,5,118,38,36,44,150,1.271186440677966,155,171,1.3135593220338984,1.4491525423728813,-16,59,18,20,21,83,82,59,20,16,23,72,89,10,1,2,7,5,12,26,5,1,0,4,3,7,13,-0.025423728813559254,0.2627118644067796,0.14406779661016955,14,2,8,-6,-4,118,118,147,150
118,58,26,34,200,1.694915254237288,191,168,1.61864406779661,1.423728813559322,23,59,35,13,11,115,73,59,23,13,23,76,95,10,3,2,5,11,14,18,5,1,1,3,4,3,8,118,43,25,50,154,1.305084745762712,160,173,1.3559322033898304,1.4661016949152543,-13,59,27,9,23,92,80,59,16,16,27,68,93,10,2,3,5,9,8,12,5,1,1,3,4,6,7,0.3898305084745761,0.2627118644067796,-0.04237288135593231,36,0,2,-3,6,118,118,200,154
118,67,31,20,232,1.9661016949152543,241,139,2.042372881355932,1.1779661016949152,102,59,39,15,5,127,55,59,28,16,15,114,84,10,3,5,2,14,17,15,5,1,4,0,7,7,5,118,78,26,14,260,2.2033898305084745,239,91,2.0254237288135593,0.7711864406779662,148,59,43,10,6,129,45,59,35,16,8,110,46,10,9,0,1,27,17,4,5,5,0,0,15,10,2,-0.23728813559322015,0.016949152542372836,0.40677966101694907,-46,-8,-13,-3,0,118,118,232,260
117,53,21,43,180,1.5384615384615385,212,168,1.811965811965812,1.435897435897436,44,59,34,10,15,129,76,58,19,11,28,83,92,10,3,3,4,12,15,14,5,2,2,1,8,9,7,118,38,37,43,151,1.2796610169491525,134,148,1.1355932203389831,1.2542372881355932,-14,59,20,19,20,78,70,59,18,18,23,56,78,10,1,5,4,8,13,16,5,1,3,1,6,5,4,0.2588005215123861,0.6763725916268288,0.1816601477618427,58,2,4,4,2,117,118,180,151
41,12,16,13,52,1.2682926829268293,52,58,1.2682926829268293,1.4146341463414633,-6,20,9,6,5,30,22,21,3,10,8,22,36,10,5,4,1,19,15,10,5,2,2,1,8,4,5,118,41,24,53,147,1.2457627118644068,186,188,1.576271186440678,1.5932203389830508,-2,59,22,10,27,95,95,59,19,14,26,91,93,10,3,4,3,13,8,11,5,1,2,2,5,1,5,0.022529971062422494,-0.3079785035138487,-0.17858619264158748,-4,3,6,3,7,41,118,52,147
118,38,36,44,150,1.271186440677966,155,171,1.3135593220338984,1.4491525423728813,-16,59,18,20,21,83,82,59,20,16,23,72,89,10,1,2,7,5,12,26,5,1,0,4,3,7,13,118,67,31,20,232,1.9661016949152543,241,139,2.042372881355932,1.1779661016949152,102,59,39,15,5,127,55,59,28,16,15,114,84,10,3,5,2,14,17,15,5,1,4,0,7,7,5,-0.6949152542372883,-0.7288135593220337,0.27118644067796605,-118,-4,-9,0,-5,118,118,150,232
118,43,25,50,154,1.305084745762712,160,173,1.3559322033898304,1.4661016949152543,-13,59,27,9,23,92,80,59,16,16,27,68,93,10,2,3,5,9,8,12,5,1,1,3,4,6,7,117,53,21,43,180,1.5384615384615385,212,168,1.811965811965812,1.435897435897436,44,59,34,10,15,129,76,58,19,11,28,83,92,10,3,3,4,12,15,14,5,2,2,1,8,9,7,-0.2333767926988266,-0.4560336085759815,0.030204259017818424,-57,-4,-3,-3,-7,118,117,154,180
42,15,13,14,58,1.380952380952381,45,53,1.0714285714285714,1.2619047619047619,-8,21,10,6,5,26,22,21,5,7,9,19,31,10,3,3,4,12,12,17,5,2,1,2,7,5,6,118,54,29,35,191,1.61864406779661,209,167,1.771186440677966,1.4152542372881356,42,59,31,15,13,111,74,59,23,14,22,98,93,10,3,2,5,11,15,20,5,2,1,2,7,11,11,-0.23769168684422914,-0.6997578692493946,-0.15334947538337373,-50,0,1,-6,-3,42,118,58,191
118,38,37,43,151,1.2796610169491525,134,148,1.1355932203389831,1.2542372881355932,-14,59,20,19,20,78,70,59,18,18,23,56,78,10,1,5,4,8,13,16,5,1,3,1,6,5,4,4,0,0,4,0,0.0,0,10,0.0,2.5,-10,2,0,0,2,0,6,2,0,0,2,0,4,4,0,0,4,0,0,10,4,0,0,4,0,0,10,1.2796610169491525,1.1355932203389831,-1.2457627118644068,-4,6,8,5,13,118,4,151,0
118,78,26,14,260,2.2033898305084745,239,91,2.0254237288135593,0.7711864406779662,148,59,43,10,6,129,45,59,35,16,8,110,46,10,9,0,1,27,17,4,5,5,0,0,15,10,2,4,2,2,0,8,2.0,5,2,1.25,0.5,3,2,1,1,0,2,0,2,1,1,0,3,2,4,2,2,0,8,5,2,4,2,2,0,8,5,2,0.20338983050847448,0.7754237288135593,0.27118644067796616,145,7,19,5,12,118,4,260,8
118,40,30,48,150,1.271186440677966,159,168,1.347457627118644,1.423728813559322,-9,59,18,19,22,73,70,59,22,11,26,86,98,10,4,4,2,16,20,11,5,1,3,1,6,5,5,117,75,24,18,249,2.128205128205128,252,115,2.1538461538461537,0.9829059829059829,137,59,43,11,5,142,54,58,32,13,13,110,61,10,7,2,1,23,21,9,5,3,1,1,10,9,5,-0.8570186875271621,-0.8063885267275097,0.44082283065333916,-146,-4,-7,-4,-1,118,117,150,249
118,44,37,37,169,1.4322033898305084,186,172,1.576271186440678,1.4576271186440677,14,59,26,21,12,95,74,59,18,16,25,91,98,10,4,2,4,14,22,14,5,2,1,2,7,13,8,118,41,31,46,154,1.305084745762712,184,178,1.5593220338983051,1.5084745762711864,6,59,23,20,16,106,91,59,18,11,30,78,87,10,2,6,2,12,14,12,5,1,4,0,7,8,5,0.1271186440677965,0.016949152542372836,-0.05084745762711873,8,0,2,5,8,118,118,169,154
42,6,10,26,28,0.6666666666666666,43,92,1.0238095238095237,2.1904761904761907,-49,21,2,4,15,16,47,21,4,6,11,27,45,10,2,1,7,7,10,25,5,2,0,3,6,8,13,118,41,41,36,164,1.3898305084745763,176,174,1.4915254237288136,1.4745762711864407,2,59,22,22,15,82,67,59,19,19,21,94,107,10,3,6,1,15,16,12,5,0,4,1,4,7,8,-0.7231638418079097,-0.46771589991928986,0.7158999192897499,-51,2,-8,1,-6,42,118,28,164
117,50,27,40,177,1.5128205128205128,177,168,1.5128205128205128,1.435897435897436,9,58,31,9,18,98,82,59,19,18,22,79,86,10,6,2,2,20,20,13,5,3,1,1,10,13,8,118,58,26,34,200,1.694915254237288,191,168,1.61864406779661,1.423728813559322,23,59,35,13,11,115,73,59,23,13,23,76,95,10,3,2,5,11,14,18,5,1,1,3,4,3,8,-0.18209474141677529,-0.1058235549760973,0.012168622338113888,-14,6,9,10,6,117,118,177,200
118,41,41,36,164,1.3898305084745763,176,174,1.4915254237288136,1.4745762711864407,2,59,22,22,15,82,67,59,19,19,21,94,107,10,3,6,1,15,16,12,5,0,4,1,4,7,8,118,40,30,48,150,1.271186440677966,159,168,1.347457627118644,1.423728813559322,-9,59,18,19,22,73,70,59,22,11,26,86,98,10,4,4,2,16,20,11,5,1,3,1,6,5,5,0.1186440677966103,0.14406779661016955,0.05084745762711873,11,-2,-1,2,-4,118,118,164,150
118,58,26,34,200,1.694915254237288,191,168,1.61864406779661,1.423728813559322,23,59,35,13,11,115,73,59,23,13,23,76,95,10,3,2,5,11,14,18,5,1,1,3,4,3,8,42,15,13,14,58,1.380952380952381,45,53,1.0714285714285714,1.2619047619047619,-8,21,10,6,5,26,22,21,5,7,9,19,31,10,3,3,4,12,12,17,5,2,1,2,7,5,6,0.31396287328490713,0.5472154963680387,0.16182405165456015,31,-3,-1,-2,2,118,42,200,58
118,41,31,46,154,1.305084745762712,184,178,1.5593220338983051,1.5084745762711864,6,59,23,20,16,106,91,59,18,11,30,78,87,10,2,6,2,12,14,12,5,1,4,0,7,8,5,118,38,37,43,151,1.2796610169491525,134,148,1.1355932203389831,1.2542372881355932,-14,59,20,19,20,78,70,59,18,18,23,56,78,10,1,5,4,8,13,16,5,1,3,1,6,5,4,0.025423728813559476,0.423728813559322,0.2542372881355932,20,1,4,3,1,118,118,154,151
4,0,0,4,0,0.0,0,10,0.0,2.5,-10,2,0,0,2,0,6,2,0,0,2,0,4,4,0,0,4,0,0,10,4,0,0,4,0,0,10,118,38,36,44,150,1.271186440677966,155,171,1.3135593220338984,1.4491525423728813,-16,59,18,20,21,83,82,59,20,16,23,72,89,10,1,2,7,5,12,26,5,1,0,4,3,7,13,-1.271186440677966,-1.3135593220338984,1.0508474576271187,6,-3,-5,-7,-12,4,118,0,150
4,2,2,0,8,2.0,5,2,1.25,0.5,3,2,1,1,0,2,0,2,1,1,0,3,2,4,2,2,0,8,5,2,4,2,2,0,8,5,2,118,44,37,37,169,1.4322033898305084,186,172,1.576271186440678,1.4576271186440677,14,59,26,21,12,95,74,59,18,16,25,91,98,10,4,2,4,14,22,14,5,2,1,2,7,13,8,0.5677966101694916,-0.326271186440678,-0.9576271186440677,-11,1,-6,-8,-17,4,118,8,169
118,67,31,20,232,1.9661016949152543,241,139,2.042372881355932,1.1779661016949152,102,59,39,15,5,127,55,59,28,16,15,114,84,10,3,5,2,14,17,15,5,1,4,0,7,7,5,117,50,27,40,177,1.5128205128205128,177,168,1.5128205128205128,1.435897435897436,9,58,31,9,18,98,82,59,19,18,22,79,86,10,6,2,2,20,20,13,5,3,1,1,10,13,8,0.45328118209474155,0.5295523685354193,-0.2579313342025207,93,-3,-6,-6,-3,118,117,232,177
117,75,24,18,249,2.128205128205128,252,115,2.1538461538461537,0.9829059829059829,137,59,43,11,5,142,54,58,32,13,13,110,61,10,7,2,1,23,21,9,5,3,1,1,10,9,5,118,43,25,50,154,1.305084745762712,160,173,1.3559322033898304,1.4661016949152543,-13,59,27,9,23,92,80,59,16,16,27,68,93,10,2,3,5,9,8,12,5,1,1,3,4,6,7,0.8231203824424163,0.7979139504563233,-0.48319571200927147,150,6,14,3,13,117,118,249,154
118,41,24,53,147,1.2457627118644068,186,188,1.576271186440678,1.5932203389830508,-2,59,22,10,27,95,95,59,19,14,26,91,93,10,3,4,3,13,8,11,5,1,2,2,5,1,5,42,6,10,26,28,0.6666666666666666,43,92,1.0238095238095237,2.1904761904761907,-49,21,2,4,15,16,47,21,4,6,11,27,45,10,2,1,7,7,10,25,5,2,0,3,6,8,13,0.5790960451977402,0.5524616626311543,-0.5972558514931399,47,-1,6,-7,-2,118,42,147,28
117,53,21,43,180,1.5384615384615385,212,168,1.811965811965812,1.435897435897436,44,59,34,10,15,129,76,58,19,11,28,83,92,10,3,3,4,12,15,14,5,2,2,1,8,9,7,118,78,26,14,260,2.2033898305084745,239,91,2.0254237288135593,0.7711864406779662,148,59,43,10,6,129,45,59,35,16,8,110,46,10,9,0,1,27,17,4,5,5,0,0,15,10,2,-0.6649282920469359,-0.2134579168477473,0.6647109952194697,-104,-7,-15,-1,-2,117,118,180,260
118,54,29,35,191,1.61864406779661,209,167,1.771186440677966,1.4152542372881356,42,59,31,15,13,111,74,59,23,14,22,98,93,10,3,2,5,11,15,20,5,2,1,2,7,11,11,41,12,16,13,52,1.2682926829268293,52,58,1.2682926829268293,1.4146341463414633,-6,20,9,6,5,30,22,21,3,10,8,22,36,10,5,4,1,19,15,10,5,2,2,1,8,4,5,0.3503513848697808,0.5028937577511368,0.0006200909466722582,48,-1,-8,7,0,118,41,191,52
118,44,37,37,169,1.4322033898305084,186,172,1.576271186440678,1.4576271186440677,14,59,26,21,12,95,74,59,18,16,25,91,98,10,4,2,4,14,22,14,5,2,1,2,7,13,8,117,53,21,43,180,1.5384615384615385,212,168,1.811965811965812,1.435897435897436,44,59,34,10,15,129,76,58,19,11,28,83,92,10,3,3,4,12,15,14,5,2,2,1,8,9,7,-0.10625814863103011,-0.23569462552513398,0.021729682746631784,-30,-1,2,4,7,118,117,169,180
118,38,37,43,151,1.2796610169491525,134,148,1.1355932203389831,1.2542372881355932,-14,59,20,19,20,78,70,59,18,18,23,56,78,10,1,5,4,8,13,16,5,1,3,1,6,5,4,118,67,31,20,232,1.9661016949152543,241,139,2.042372881355932,1.1779661016949152,102,59,39,15,5,127,55,59,28,16,15,114,84,10,3,5,2,14,17,15,5,1,4,0,7,7,5,-0.6864406779661019,-0.906779661016949,0.07627118644067798,-116,-1,-6,-2,-4,118,118,151,232
41,12,16,13,52,1.2682926829268293,52,58,1.2682926829268293,1.4146341463414633,-6,20,9,6,5,30,22,21,3,10,8,22,36,10,5,4,1,19,15,10,5,2,2,1,8,4,5,4,0,0,4,0,0.0,0,10,0.0,2.5,-10,2,0,0,2,0,6,2,0,0,2,0,4,4,0,0,4,0,0,10,4,0,0,4,0,0,10,1.2682926829268293,1.2682926829268293,-1.0853658536585367,4,8,19,4,15,41,4,52,0
42,15,13,14,58,1.380952380952381,45,53,1.0714285714285714,1.2619047619047619,-8,21,10,6,5,26,22,21,5,7,9,19,31,10,3,3,4,12,12,17,5,2,1,2,7,5,6,118,41,24,53,147,1.2457627118644068,186,188,1.576271186440678,1.5932203389830508,-2,59,22,10,27,95,95,59,19,14,26,91,93,10,3,4,3,13,8,11,5,1,2,2,5,1,5,0.13518966908797414,-0.5048426150121066,-0.33131557707828896,-6,2,-1,4,4,42,118,58,147
118,43,25,50,154,1.305084745762712,160,173,1.3559322033898304,1.4661016949152543,-13,59,27,9,23,92,80,59,16,16,27,68,93,10,2,3,5,9,8,12,5,1,1,3,4,6,7,118,41,41,36,164,1.3898305084745763,176,174,1.4915254237288136,1.4745762711864407,2,59,22,22,15,82,67,59,19,19,21,94,107,10,3,6,1,15,16,12,5,0,4,1,4,7,8,-0.0847457627118644,-0.13559322033898313,-0.008474576271186418,-15,0,-6,-1,-8,118,118,154,164
118,40,30,48,150,1.271186440677966,159,168,1.347457627118644,1.423728813559322,-9,59,18,19,22,73,70,59,22,11,26,86,98,10,4,4,2,16,20,11,5,1,3,1,6,5,5,118,54,29,35,191,1.61864406779661,209,167,1.771186440677966,1.4152542372881356,42,59,31,15,13,111,74,59,23,14,22,98,93,10,3,2,5,11,15,20,5,2,1,2,7,11,11,-0.34745762711864403,-0.423728813559322,0.008474576271186418,-51,-1,5,-6,5,118,118,150,191
42,6,10,26,28,0.6666666666666666,43,92,1.0238095238095237,2.1904761904761907,-49,21,2,4,15,16,47,21,4,6,11,27,45,10,2,1,7,7,10,25,5,2,0,3,6,8,13,118,58,26,34,200,1.694915254237288,191,168,1.61864406779661,1.423728813559322,23,59,35,13,11,115,73,59,23,13,23,76,95,10,3,2,5,11,14,18,5,1,1,3,4,3,8,-1.0282485875706215,-0.5948345439870864,0.7667473769168687,-72,2,-4,5,-4,42,118,28,200
118,78,26,14,260,2.2033898305084745,239,91,2.0254237288135593,0.7711864406779662,148,59,43,10,6,129,45,59,35,16,8,110,46,10,9,0,1,27,17,4,5,5,0,0,15,10,2,117,75,24,18,249,2.128205128205128,252,115,2.1538461538461537,0.9829059829059829,137,59,43,11,5,142,54,58,32,13,13,110,61,10,7,2,1,23,21,9,5,3,1,1,10,9,5,0.07518470230334628,-0.1284224250325945,-0.2117195422280167,11,5,4,1,-4,118,117,260,249
118,38,36,44,150,1.271186440677966,155,171,1.3135593220338984,1.4491525423728813,-16,59,18,20,21,83,82,59,20,16,23,72,89,10,1,2,7,5,12,26,5,1,0,4,3,7,13,4,2,2,0,8,2.0,5,2,1.25,0.5,3,2,1,1,0,2,0,2,1,1,0,3,2,4,2,2,0,8,5,2,4,2,2,0,8,5,2,-0.728813559322034,0.06355932203389836,0.9491525423728813,-19,-5,-3,2,7,118,4,150,8
117,50,27,40,177,1.5128205128205128,177,168,1.5128205128205128,1.435897435897436,9,58,31,9,18,98,82,59,19,18,22,79,86,10,6,2,2,20,20,13,5,3,1,1,10,13,8,118,41,31,46,154,1.305084745762712,184,178,1.5593220338983051,1.5084745762711864,6,59,23,20,16,106,91,59,18,11,30,78,87,10,2,6,2,12,14,12,5,1,4,0,7,8,5,0.20773576705780084,-0.046501521077792374,-0.07257714037375051,3,3,8,5,6,117,118,177,154
4,2,2,0,8,2.0,5,2,1.25,0.5,3,2,1,1,0,2,0,2,1,1,0,3,2,4,2,2,0,8,5,2,4,2,2,0,8,5,2,118,40,30,48,150,1.271186440677966,159,168,1.347457627118644,1.423728813559322,-9,59,18,19,22,73,70,59,22,11,26,86,98,10,4,4,2,16,20,11,5,1,3,1,6,5,5,0.728813559322034,-0.09745762711864403,-0.923728813559322,12,2,-8,0,-15,4,118,8,150
118,41,24,53,147,1.2457627118644068,186,188,1.576271186440678,1.5932203389830508,-2,59,22,10,27,95,95,59,19,14,26,91,93,10,3,4,3,13,8,11,5,1,2,2,5,1,5,118,43,25,50,154,1.305084745762712,160,173,1.3559322033898304,1.4661016949152543,-13,59,27,9,23,92,80,59,16,16,27,68,93,10,2,3,5,9,8,12,5,1,1,3,4,6,7,-0.05932203389830515,0.22033898305084754,0.1271186440677965,11,1,4,-5,0,118,118,147,154
117,75,24,18,249,2.128205128205128,252,115,2.1538461538461537,0.9829059829059829,137,59,43,11,5,142,54,58,32,13,13,110,61,10,7,2,1,23,21,9,5,3,1,1,10,9,5,41,12,16,13,52,1.2682926829268293,52,58,1.2682926829268293,1.4146341463414633,-6,20,9,6,5,30,22,21,3,10,8,22,36,10,5,4,1,19,15,10,5,2,2,1,8,4,5,0.8599124452782989,0.8855534709193245,-0.4317281634354805,143,2,4,5,6,117,41,249,52
118,54,29,35,191,1.61864406779661,209,167,1.771186440677966,1.4152542372881356,42,59,31,15,13,111,74,59,23,14,22,98,93,10,3,2,5,11,15,20,5,2,1,2,7,11,11,118,38,36,44,150,1.271186440677966,155,171,1.3135593220338984,1.4491525423728813,-16,59,18,20,21,83,82,59,20,16,23,72,89,10,1,2,7,5,12,26,5,1,0,4,3,7,13,0.34745762711864403,0.4576271186440677,-0.03389830508474567,58,4,6,4,3,118,118,191,150
117,53,21,43,180,1.5384615384615385,212,168,1.811965811965812,1.435897435897436,44,59,34,10,15,129,76,58,19,11,28,83,92,10,3,3,4,12,15,14,5,2,2,1,8,9,7,117,50,27,40,177,1.5128205128205128,177,168,1.5128205128205128,1.435897435897436,9,58,31,9,18,98,82,59,19,18,22,79,86,10,6,2,2,20,20,13,5,3,1,1,10,13,8,0.025641025641025772,0.2991452991452992,0.0,35,-2,-8,-4,-5,117,117,180,177
118,41,31,46,154,1.305084745762712,184,178,1.5593220338983051,1.5084745762711864,6,59,23,20,16,106,91,59,18,11,30,78,87,10,2,6,2,12,14,12,5,1,4,0,7,8,5,118,78,26,14,260,2.2033898305084745,239,91,2.0254237288135593,0.7711864406779662,148,59,43,10,6,129,45,59,35,16,8,110,46,10,9,0,1,27,17,4,5,5,0,0,15,10,2,-0.8983050847457625,-0.4661016949152541,0.7372881355932203,-142,-8,-15,-2,-3,118,118,154,260
118,41,41,36,164,1.3898305084745763,176,174,1.4915254237288136,1.4745762711864407,2,59,22,22,15,82,67,59,19,19,21,94,107,10,3,6,1,15,16,12,5,0,4,1,4,7,8,118,44,37,37,169,1.4322033898305084,186,172,1.576271186440678,1.4576271186440677,14,59,26,21,12,95,74,59,18,16,25,91,98,10,4,2,4,14,22,14,5,2,1,2,7,13,8,-0.04237288135593209,-0.0847457627118644,0.016949152542373058,-12,-3,1,-6,-6,118,118,164,169
118,58,26,34,200,1.694915254237288,191,168,1.61864406779661,1.423728813559322,23,59,35,13,11,115,73,59,23,13,23,76,95,10,3,2,5,11,14,18,5,1,1,3,4,3,8,118,38,37,43,151,1.2796610169491525,134,148,1.1355932203389831,1.2542372881355932,-14,59,20,19,20,78,70,59,18,18,23,56,78,10,1,5,4,8,13,16,5,1,3,1,6,5,4,0.4152542372881356,0.48305084745762694,0.1694915254237288,37,-2,3,-2,1,118,118,200,151
118,67,31,20,232,1.9661016949152543,241,139,2.042372881355932,1.1779661016949152,102,59,39,15,5,127,55,59,28,16,15,114,84,10,3,5,2,14,17,15,5,1,4,0,7,7,5,42,15,13,14,58,1.380952380952381,45,53,1.0714285714285714,1.2619047619047619,-8,21,10,6,5,26,22,21,5,7,9,19,31,10,3,3,4,12,12,17,5,2,1,2,7,5,6,0.5851493139628734,0.9709443099273607,-0.08393866020984664,110,0,2,2,5,118,42,232,58
4,0,0,4,0,0.0,0,10,0.0,2.5,-10,2,0,0,2,0,6,2,0,0,2,0,4,4,0,0,4,0,0,10,4,0,0,4,0,0,10,42,6,10,26,28,0.6666666666666666,43,92,1.0238095238095237,2.1904761904761907,-49,21,2,4,15,16,47,21,4,6,11,27,45,10,2,1,7,7,10,25,5,2,0,3,6,8,13,-0.6666666666666666,-1.0238095238095237,0.3095238095238093,39,-6,-7,-8,-10,4,42,0,28
118,54,29,35,191,1.61864406779661,209,167,1.771186440677966,1.4152542372881356,42,59,31,15,13,111,74,59,23,14,22,98,93,10,3,2,5,11,15,20,5,2,1,2,7,11,11,118,67,31,20,232,1.9661016949152543,241,139,2.042372881355932,1.1779661016949152,102,59,39,15,5,127,55,59,28,16,15,114,84,10,3,5,2,14,17,15,5,1,4,0,7,7,5,-0.34745762711864425,-0.27118644067796605,0.23728813559322037,-60,0,-3,4,-2,118,118,191,232
118,40,30,48,150,1.271186440677966,159,168,1.347457627118644,1.423728813559322,-9,59,18,19,22,73,70,59,22,11,26,86,98,10,4,4,2,16,20,11,5,1,3,1,6,5,5,118,44,37,37,169,1.4322033898305084,186,172,1.576271186440678,1.4576271186440677,14,59,26,21,12,95,74,59,18,16,25,91,98,10,4,2,4,14,22,14,5,2,1,2,7,13,8,-0.1610169491525424,-0.22881355932203395,-0.03389830508474567,-23,-1,2,-8,-2,118,118,150,169
117,50,27,40,177,1.5128205128205128,177,168,1.5128205128205128,1.435897435897436,9,58,31,9,18,98,82,59,19,18,22,79,86,10,6,2,2,20,20,13,5,3,1,1,10,13,8,4,0,0,4,0,0.0,0,10,0.0,2.5,-10,2,0,0,2,0,6,2,0,0,2,0,4,4,0,0,4,0,0,10,4,0,0,4,0,0,10,1.5128205128205128,1.5128205128205128,-1.064102564102564,19,10,20,13,20,117,4,177,0
118,38,37,43,151,1.2796610169491525,134,148,1.1355932203389831,1.2542372881355932,-14,59,20,19,20,78,70,59,18,18,23,56,78,10,1,5,4,8,13,16,5,1,3,1,6,5,4,118,43,25,50,154,1.305084745762712,160,173,1.3559322033898304,1.4661016949152543,-13,59,27,9,23,92,80,59,16,16,27,68,93,10,2,3,5,9,8,12,5,1,1,3,4,6,7,-0.025423728813559476,-0.22033898305084731,-0.21186440677966112,-1,2,-1,-1,5,118,118,151,154
117,53,21,43,180,1.5384615384615385,212,168,1.811965811965812,1.435897435897436,44,59,34,10,15,129,76,58,19,11,28,83,92,10,3,3,4,12,15,14,5,2,2,1,8,9,7,42,15,13,14,58,1.380952380952381,45,53,1.0714285714285714,1.2619047619047619,-8,21,10,6,5,26,22,21,5,7,9,19,31,10,3,3,4,12,12,17,5,2,1,2,7,5,6,0.15750915750915762,0.7405372405372406,0.17399267399267404,52,1,0,4,3,117,42,180,58
41,12,16,13,52,1.2682926829268293,52,58,1.2682926829268293,1.4146341463414633,-6,20,9,6,5,30,22,21,3,10,8,22,36,10,5,4,1,19,15,10,5,2,2,1,8,4,5,42,6,10,26,28,0.6666666666666666,43,92,1.0238095238095237,2.1904761904761907,-49,21,2,4,15,16,47,21,4,6,11,27,45,10,2,1,7,7,10,25,5,2,0,3,6,8,13,0.6016260162601627,0.24448315911730556,-0.7758420441347273,43,2,12,-4,5,41,42,52,28
118,41,41,36,164,1.3898305084745763,176,174,1.4915254237288136,1.4745762711864407,2,59,22,22,15,82,67,59,19,19,21,94,107,10,3,6,1,15,16,12,5,0,4,1,4,7,8,4,2,2,0,8,2.0,5,2,1.25,0.5,3,2,1,1,0,2,0,2,1,1,0,3,2,4,2,2,0,8,5,2,4,2,2,0,8,5,2,-0.6101694915254237,0.24152542372881358,0.9745762711864407,-1,-4,7,2,11,118,4,164,8
118,58,26,34,200,1.694915254237288,191,168,1.61864406779661,1.423728813559322,23,59,35,13,11,115,73,59,23,13,23,76,95,10,3,2,5,11,14,18,5,1,1,3,4,3,8,118,38,36,44,150,1.271186440677966,155,171,1.3135593220338984,1.4491525423728813,-16,59,18,20,21,83,82,59,20,16,23,72,89,10,1,2,7,5,12,26,5,1,0,4,3,7,13,0.423728813559322,0.3050847457627117,-0.025423728813559254,39,1,6,-4,2,118,118,200,150
118,41,31,46,154,1.305084745762712,184,178,1.5593220338983051,1.5084745762711864,6,59,23,20,16,106,91,59,18,11,30,78,87,10,2,6,2,12,14,12,5,1,4,0,7,8,5,117,75,24,18,249,2.128205128205128,252,115,2.1538461538461537,0.9829059829059829,137,59,43,11,5,142,54,58,32,13,13,110,61,10,7,2,1,23,21,9,5,3,1,1,10,9,5,-0.8231203824424163,-0.5945241199478486,0.5255685933652036,-131,-3,-11,-1,-7,118,117,154,249
118,41,24,53,147,1.2457627118644068,186,188,1.576271186440678,1.5932203389830508,-2,59,22,10,27,95,95,59,19,14,26,91,93,10,3,4,3,13,8,11,5,1,2,2,5,1,5,118,78,26,14,260,2.2033898305084745,239,91,2.0254237288135593,0.7711864406779662,148,59,43,10,6,129,45,59,35,16,8,110,46,10,9,0,1,27,17,4,5,5,0,0,15,10,2,-0.9576271186440677,-0.44915254237288127,0.8220338983050847,-150,-10,-14,-9,-9,118,118,147,260
118,43,25,50,154,1.305084745762712,160,173,1.3559322033898304,1.4661016949152543,-13,59,27,9,23,92,80,59,16,16,27,68,93,10,2,3,5,9,8,12,5,1,1,3,4,6,7,118,41,31,46,154,1.305084745762712,184,178,1.5593220338983051,1.5084745762711864,6,59,23,20,16,106,91,59,18,11,30,78,87,10,2,6,2,12,14,12,5,1,4,0,7,8,5,0.0,-0.2033898305084747,-0.04237288135593209,-19,-3,-3,-2,-6,118,118,154,154
118,67,31,20,232,1.9661016949152543,241,139,2.042372881355932,1.1779661016949152,102,59,39,15,5,127,55,59,28,16,15,114,84,10,3,5,2,14,17,15,5,1,4,0,7,7,5,41,12,16,13,52,1.2682926829268293,52,58,1.2682926829268293,1.4146341463414633,-6,20,9,6,5,30,22,21,3,10,8,22,36,10,5,4,1,19,15,10,5,2,2,1,8,4,5,0.697809011988425,0.7740801984291028,-0.23666804464654811,108,-1,-5,3,2,118,41,232,52
42,15,13,14,58,1.380952380952381,45,53,1.0714285714285714,1.2619047619047619,-8,21,10,6,5,26,22,21,5,7,9,19,31,10,3,3,4,12,12,17,5,2,1,2,7,5,6,118,40,30,48,150,1.271186440677966,159,168,1.347457627118644,1.423728813559322,-9,59,18,19,22,73,70,59,22,11,26,86,98,10,4,4,2,16,20,11,5,1,3,1,6,5,5,0.10976594027441489,-0.27602905569007263,-0.16182405165456015,1,1,-4,0,-8,42,118,58,150
4,2,2,0,8,2.0,5,2,1.25,0.5,3,2,1,1,0,2,0,2,1,1,0,3,2,4,2,2,0,8,5,2,4,2,2,0,8,5,2,118,41,24,53,147,1.2457627118644068,186,188,1.576271186440678,1.5932203389830508,-2,59,22,10,27,95,95,59,19,14,26,91,93,10,3,4,3,13,8,11,5,1,2,2,5,1,5,0.7542372881355932,-0.326271186440678,-1.0932203389830508,5,3,-5,4,-3,4,118,8,147
117,75,24,18,249,2.128205128205128,252,115,2.1538461538461537,0.9829059829059829,137,59,43,11,5,142,54,58,32,13,13,110,61,10,7,2,1,23,21,9,5,3,1,1,10,9,5,118,54,29,35,191,1.61864406779661,209,167,1.771186440677966,1.4152542372881356,42,59,31,15,13,111,74,59,23,14,22,98,93,10,3,2,5,11,15,20,5,2,1,2,7,11,11,0.5095610604085181,0.3826597131681877,-0.43234825438215274,95,3,12,-2,6,117,118,249,191
4,0,0,4,0,0.0,0,10,0.0,2.5,-10,2,0,0,2,0,6,2,0,0,2,0,4,4,0,0,4,0,0,10,4,0,0,4,0,0,10,118,58,26,34,200,1.694915254237288,191,168,1.61864406779661,1.423728813559322,23,59,35,13,11,115,73,59,23,13,23,76,95,10,3,2,5,11,14,18,5,1,1,3,4,3,8,-1.694915254237288,-1.61864406779661,1.076271186440678,-33,-4,-11,-3,-14,4,118,0,200
118,78,26,14,260,2.2033898305084745,239,91,2.0254237288135593,0.7711864406779662,148,59,43,10,6,129,45,59,35,16,8,110,46,10,9,0,1,27,17,4,5,5,0,0,15,10,2,118,41,41,36,164,1.3898305084745763,176,174,1.4915254237288136,1.4745762711864407,2,59,22,22,15,82,67,59,19,19,21,94,107,10,3,6,1,15,16,12,5,0,4,1,4,7,8,0.8135593220338981,0.5338983050847457,-0.7033898305084746,146,11,12,3,1,118,118,260,164
118,44,37,37,169,1.4322033898305084,186,172,1.576271186440678,1.4576271186440677,14,59,26,21,12,95,74,59,18,16,25,91,98,10,4,2,4,14,22,14,5,2,1,2,7,13,8,118,38,37,43,151,1.2796610169491525,134,148,1.1355932203389831,1.2542372881355932,-14,59,20,19,20,78,70,59,18,18,23,56,78,10,1,5,4,8,13,16,5,1,3,1,6,5,4,0.15254237288135597,0.44067796610169485,0.20338983050847448,28,1,6,8,9,118,118,169,151
118,38,36,44,150,1.271186440677966,155,171,1.3135593220338984,1.4491525423728813,-16,59,18,20,21,83,82,59,20,16,23,72,89,10,1,2,7,5,12,26,5,1,0,4,3,7,13,117,50,27,40,177,1.5128205128205128,177,168,1.5128205128205128,1.435897435897436,9,58,31,9,18,98,82,59,19,18,22,79,86,10,6,2,2,20,20,13,5,3,1,1,10,13,8,-0.24163407214254673,-0.19926119078661442,0.013255106475445366,-25,-7,-15,-6,-8,118,117,150,177
42,6,10,26,28,0.6666666666666666,43,92,1.0238095238095237,2.1904761904761907,-49,21,2,4,15,16,47,21,4,6,11,27,45,10,2,1,7,7,10,25,5,2,0,3,6,8,13,117,53,21,43,180,1.5384615384615385,212,168,1.811965811965812,1.435897435897436,44,59,34,10,15,129,76,58,19,11,28,83,92,10,3,3,4,12,15,14,5,2,2,1,8,9,7,-0.8717948717948719,-0.7881562881562882,0.7545787545787548,-93,-2,-5,-1,-5,42,117,28,180
118,44,37,37,169,1.4322033898305084,186,172,1.576271186440678,1.4576271186440677,14,59,26,21,12,95,74,59,18,16,25,91,98,10,4,2,4,14,22,14,5,2,1,2,7,13,8,42,6,10,26,28,0.6666666666666666,43,92,1.0238095238095237,2.1904761904761907,-49,21,2,4,15,16,47,21,4,6,11,27,45,10,2,1,7,7,10,25,5,2,0,3,6,8,13,0.7655367231638418,0.5524616626311543,-0.732849071832123,63,1,7,5,12,118,42,169,28
118,41,31,46,154,1.305084745762712,184,178,1.5593220338983051,1.5084745762711864,6,59,23,20,16,106,91,59,18,11,30,78,87,10,2,6,2,12,14,12,5,1,4,0,7,8,5,117,53,21,43,180,1.5384615384615385,212,168,1.811965811965812,1.435897435897436,44,59,34,10,15,129,76,58,19,11,28,83,92,10,3,3,4,12,15,14,5,2,2,1,8,9,7,-0.2333767926988266,-0.2526437780675068,0.07257714037375051,-38,-1,0,-1,-1,118,117,154,180
117,75,24,18,249,2.128205128205128,252,115,2.1538461538461537,0.9829059829059829,137,59,43,11,5,142,54,58,32,13,13,110,61,10,7,2,1,23,21,9,5,3,1,1,10,9,5,4,2,2,0,8,2.0,5,2,1.25,0.5,3,2,1,1,0,2,0,2,1,1,0,3,2,4,2,2,0,8,5,2,4,2,2,0,8,5,2,0.1282051282051282,0.9038461538461537,0.48290598290598286,134,2,15,4,16,117,4,249,8
41,12,16,13,52,1.2682926829268293,52,58,1.2682926829268293,1.4146341463414633,-6,20,9,6,5,30,22,21,3,10,8,22,36,10,5,4,1,19,15,10,5,2,2,1,8,4,5,118,43,25,50,154,1.305084745762712,160,173,1.3559322033898304,1.4661016949152543,-13,59,27,9,23,92,80,59,16,16,27,68,93,10,2,3,5,9,8,12,5,1,1,3,4,6,7,-0.036792062835882655,-0.08763952046300116,-0.05146754857379099,7,4,10,-2,7,41,118,52,154
42,15,13,14,58,1.380952380952381,45,53,1.0714285714285714,1.2619047619047619,-8,21,10,6,5,26,22,21,5,7,9,19,31,10,3,3,4,12,12,17,5,2,1,2,7,5,6,118,38,36,44,150,1.271186440677966,155,171,1.3135593220338984,1.4491525423728813,-16,59,18,20,21,83,82,59,20,16,23,72,89,10,1,2,7,5,12,26,5,1,0,4,3,7,13,0.10976594027441489,-0.24213075060532696,-0.1872477804681194,8,4,7,-2,0,42,118,58,150
118,41,41,36,164,1.3898305084745763,176,174,1.4915254237288136,1.4745762711864407,2,59,22,22,15,82,67,59,19,19,21,94,107,10,3,6,1,15,16,12,5,0,4,1,4,7,8,4,0,0,4,0,0.0,0,10,0.0,2.5,-10,2,0,0,2,0,6,2,0,0,2,0,4,4,0,0,4,0,0,10,4,0,0,4,0,0,10,1.3898305084745763,1.4915254237288136,-1.0254237288135593,12,4,15,7,16,118,4,164,0
118,40,30,48,150,1.271186440677966,159,168,1.347457627118644,1.423728813559322,-9,59,18,19,22,73,70,59,22,11,26,86,98,10,4,4,2,16,20,11,5,1,3,1,6,5,5,118,38,37,43,151,1.2796610169491525,134,148,1.1355932203389831,1.2542372881355932,-14,59,20,19,20,78,70,59,18,18,23,56,78,10,1,5,4,8,13,16,5,1,3,1,6,5,4,-0.008474576271186418,0.2118644067796609,0.1694915254237288,5,0,8,0,7,118,118,150,151
118,78,26,14,260,2.2033898305084745,239,91,2.0254237288135593,0.7711864406779662,148,59,43,10,6,129,45,59,35,16,8,110,46,10,9,0,1,27,17,4,5,5,0,0,15,10,2,117,50,27,40,177,1.5128205128205128,177,168,1.5128205128205128,1.435897435897436,9,58,31,9,18,98,82,59,19,18,22,79,86,10,6,2,2,20,20,13,5,3,1,1,10,13,8,0.6905693176879617,0.5126032159930465,-0.6647109952194697,139,5,7,-3,-3,118,117,260,177
118,54,29,35,191,1.61864406779661,209,167,1.771186440677966,1.4152542372881356,42,59,31,15,13,111,74,59,23,14,22,98,93,10,3,2,5,11,15,20,5,2,1,2,7,11,11,118,58,26,34,200,1.694915254237288,191,168,1.61864406779661,1.423728813559322,23,59,35,13,11,115,73,59,23,13,23,76,95,10,3,2,5,11,14,18,5,1,1,3,4,3,8,-0.07627118644067798,0.15254237288135597,-0.008474576271186418,19,3,0,8,1,118,118,191,200
118,67,31,20,232,1.9661016949152543,241,139,2.042372881355932,1.1779661016949152,102,59,39,15,5,127,55,59,28,16,15,114,84,10,3,5,2,14,17,15,5,1,4,0,7,7,5,118,41,24,53,147,1.2457627118644068,186,188,1.576271186440678,1.5932203389830508,-2,59,22,10,27,95,95,59,19,14,26,91,93,10,3,4,3,13,8,11,5,1,2,2,5,1,5,0.7203389830508475,0.4661016949152541,-0.4152542372881356,104,2,1,6,9,118,118,232,147
118,58,26,34,200,1.694915254237288,191,168,1.61864406779661,1.423728813559322,23,59,35,13,11,115,73,59,23,13,23,76,95,10,3,2,5,11,14,18,5,1,1,3,4,3,8,41,12,16,13,52,1.2682926829268293,52,58,1.2682926829268293,1.4146341463414633,-6,20,9,6,5,30,22,21,3,10,8,22,36,10,5,4,1,19,15,10,5,2,2,1,8,4,5,0.4266225713104588,0.3503513848697808,0.009094667217858676,29,-4,-8,-1,-1,118,41,200,52
42,6,10,26,28,0.6666666666666666,43,92,1.0238095238095237,2.1904761904761907,-49,21,2,4,15,16,47,21,4,6,11,27,45,10,2,1,7,7,10,25,5,2,0,3,6,8,13,118,41,31,46,154,1.305084745762712,184,178,1.5593220338983051,1.5084745762711864,6,59,23,20,16,106,91,59,18,11,30,78,87,10,2,6,2,12,14,12,5,1,4,0,7,8,5,-0.6384180790960453,-0.5355125100887814,0.6820016142050043,-55,-1,-5,0,-4,42,118,28,154
118,41,24,53,147,1.2457627118644068,186,188,1.576271186440678,1.5932203389830508,-2,59,22,10,27,95,95,59,19,14,26,91,93,10,3,4,3,13,8,11,5,1,2,2,5,1,5,118,41,41,36,164,1.3898305084745763,176,174,1.4915254237288136,1.4745762711864407,2,59,22,22,15,82,67,59,19,19,21,94,107,10,3,6,1,15,16,12,5,0,4,1,4,7,8,-0.14406779661016955,0.0847457627118644,0.11864406779661008,-4,1,-2,-6,-8,118,118,147,164
118,38,37,43,151,1.2796610169491525,134,148,1.1355932203389831,1.2542372881355932,-14,59,20,19,20,78,70,59,18,18,23,56,78,10,1,5,4,8,13,16,5,1,3,1,6,5,4,42,15,13,14,58,1.380952380952381,45,53,1.0714285714285714,1.2619047619047619,-8,21,10,6,5,26,22,21,5,7,9,19,31,10,3,3,4,12,12,17,5,2,1,2,7,5,6,-0.10129136400322847,0.06416464891041174,-0.007667473769168653,-6,-1,-4,0,1,118,42,151,58
118,43,25,50,154,1.305084745762712,160,173,1.3559322033898304,1.4661016949152543,-13,59,27,9,23,92,80,59,16,16,27,68,93,10,2,3,5,9,8,12,5,1,1,3,4,6,7,118,44,37,37,169,1.4322033898305084,186,172,1.576271186440678,1.4576271186440677,14,59,26,21,12,95,74,59,18,16,25,91,98,10,4,2,4,14,22,14,5,2,1,2,7,13,8,-0.1271186440677965,-0.22033898305084754,0.00847457627118664,-27,-3,-5,-7,-14,118,118,154,169
4,2,2,0,8,2.0,5,2,1.25,0.5,3,2,1,1,0,2,0,2,1,1,0,3,2,4,2,2,0,8,5,2,4,2,2,0,8,5,2,118,67,31,20,232,1.9661016949152543,241,139,2.042372881355932,1.1779661016949152,102,59,39,15,5,127,55,59,28,16,15,114,84,10,3,5,2,14,17,15,5,1,4,0,7,7,5,0.03389830508474567,-0.7923728813559321,-0.6779661016949152,-99,1,-6,-2,-12,4,118,8,232
117,53,21,43,180,1.5384615384615385,212,168,1.811965811965812,1.435897435897436,44,59,34,10,15,129,76,58,19,11,28,83,92,10,3,3,4,12,15,14,5,2,2,1,8,9,7,117,75,24,18,249,2.128205128205128,252,115,2.1538461538461537,0.9829059829059829,137,59,43,11,5,142,54,58,32,13,13,110,61,10,7,2,1,23,21,9,5,3,1,1,10,9,5,-0.5897435897435896,-0.3418803418803418,0.45299145299145305,-93,-2,-11,0,-6,117,117,180,249
4,0,0,4,0,0.0,0,10,0.0,2.5,-10,2,0,0,2,0,6,2,0,0,2,0,4,4,0,0,4,0,0,10,4,0,0,4,0,0,10,118,54,29,35,191,1.61864406779661,209,167,1.771186440677966,1.4152542372881356,42,59,31,15,13,111,74,59,23,14,22,98,93,10,3,2,5,11,15,20,5,2,1,2,7,11,11,-1.61864406779661,-1.771186440677966,1.0847457627118644,-52,-7,-11,-11,-15,4,118,0,191
117,50,27,40,177,1.5128205128205128,177,168,1.5128205128205128,1.435897435897436,9,58,31,9,18,98,82,59,19,18,22,79,86,10,6,2,2,20,20,13,5,3,1,1,10,13,8,118,40,30,48,150,1.271186440677966,159,168,1.347457627118644,1.423728813559322,-9,59,18,19,22,73,70,59,22,11,26,86,98,10,4,4,2,16,20,11,5,1,3,1,6,5,5,0.24163407214254673,0.16536288570186874,0.012168622338113888,18,4,4,8,0,117,118,177,150
118,38,36,44,150,1.271186440677966,155,171,1.3135593220338984,1.4491525423728813,-16,59,18,20,21,83,82,59,20,16,23,72,89,10,1,2,7,5,12,26,5,1,0,4,3,7,13,118,78,26,14,260,2.2033898305084745,239,91,2.0254237288135593,0.7711864406779662,148,59,43,10,6,129,45,59,35,16,8,110,46,10,9,0,1,27,17,4,5,5,0,0,15,10,2,-0.9322033898305084,-0.7118644067796609,0.6779661016949151,-164,-12,-22,-3,-5,118,118,150,260
4,2,2,0,8,2.0,5,2,1.25,0.5,3,2,1,1,0,2,0,2,1,1,0,3,2,4,2,2,0,8,5,2,4,2,2,0,8,5,2,41,12,16,13,52,1.2682926829268293,52,58,1.2682926829268293,1.4146341463414633,-6,20,9,6,5,30,22,21,3,10,8,22,36,10,5,4,1,19,15,10,5,2,2,1,8,4,5,0.7317073170731707,-0.018292682926829285,-0.9146341463414633,9,0,-11,1,-10,4,41,8,52
118,41,24,53,147,1.2457627118644068,186,188,1.576271186440678,1.5932203389830508,-2,59,22,10,27,95,95,59,19,14,26,91,93,10,3,4,3,13,8,11,5,1,2,2,5,1,5,118,44,37,37,169,1.4322033898305084,186,172,1.576271186440678,1.4576271186440677,14,59,26,21,12,95,74,59,18,16,25,91,98,10,4,2,4,14,22,14,5,2,1,2,7,13,8,-0.18644067796610164,0.0,0.13559322033898313,-16,-2,-1,-12,-14,118,118,147,169
118,38,37,43,151,1.2796610169491525,134,148,1.1355932203389831,1.2542372881355932,-14,59,20,19,20,78,70,59,18,18,23,56,78,10,1,5,4,8,13,16,5,1,3,1,6,5,4,117,75,24,18,249,2.128205128205128,252,115,2.1538461538461537,0.9829059829059829,137,59,43,11,5,142,54,58,32,13,13,110,61,10,7,2,1,23,21,9,5,3,1,1,10,9,5,-0.8485441112559757,-1.0182529335071706,0.27133130522961035,-151,-4,-15,-4,-8,118,117,151,249
117,53,21,43,180,1.5384615384615385,212,168,1.811965811965812,1.435897435897436,44,59,34,10,15,129,76,58,19,11,28,83,92,10,3,3,4,12,15,14,5,2,2,1,8,9,7,118,40,30,48,150,1.271186440677966,159,168,1.347457627118644,1.423728813559322,-9,59,18,19,22,73,70,59,22,11,26,86,98,10,4,4,2,16,20,11,5,1,3,1,6,5,5,0.2672750977835725,0.46450818484716794,0.012168622338113888,53,2,-4,4,-5,117,118,180,150
117,50,27,40,177,1.5128205128205128,177,168,1.5128205128205128,1.435897435897436,9,58,31,9,18,98,82,59,19,18,22,79,86,10,6,2,2,20,20,13,5,3,1,1,10,13,8,42,15,13,14,58,1.380952380952381,45,53,1.0714285714285714,1.2619047619047619,-8,21,10,6,5,26,22,21,5,7,9,19,31,10,3,3,4,12,12,17,5,2,1,2,7,5,6,0.13186813186813184,0.4413919413919414,0.17399267399267404,17,3,8,8,8,117,42,177,58
118,43,25,50,154,1.305084745762712,160,173,1.3559322033898304,1.4661016949152543,-13,59,27,9,23,92,80,59,16,16,27,68,93,10,2,3,5,9,8,12,5,1,1,3,4,6,7,118,78,26,14,260,2.2033898305084745,239,91,2.0254237288135593,0.7711864406779662,148,59,43,10,6,129,45,59,35,16,8,110,46,10,9,0,1,27,17,4,5,5,0,0,15,10,2,-0.8983050847457625,-0.6694915254237288,0.6949152542372882,-161,-11,-18,-4,-9,118,118,154,260
118,38,36,44,150,1.271186440677966,155,171,1.3135593220338984,1.4491525423728813,-16,59,18,20,21,83,82,59,20,16,23,72,89,10,1,2,7,5,12,26,5,1,0,4,3,7,13,118,41,41,36,164,1.3898305084745763,176,174,1.4915254237288136,1.4745762711864407,2,59,22,22,15,82,67,59,19,19,21,94,107,10,3,6,1,15,16,12,5,0,4,1,4,7,8,-0.1186440677966103,-0.17796610169491522,-0.025423728813559476,-18,-1,-10,0,-4,118,118,150,164
4,0,0,4,0,0.0,0,10,0.0,2.5,-10,2,0,0,2,0,6,2,0,0,2,0,4,4,0,0,4,0,0,10,4,0,0,4,0,0,10,118,41,31,46,154,1.305084745762712,184,178,1.5593220338983051,1.5084745762711864,6,59,23,20,16,106,91,59,18,11,30,78,87,10,2,6,2,12,14,12,5,1,4,0,7,8,5,-1.305084745762712,-1.5593220338983051,0.9915254237288136,-16,-7,-12,-8,-14,4,118,0,154
118,58,26,34,200,1.694915254237288,191,168,1.61864406779661,1.423728813559322,23,59,35,13,11,115,73,59,23,13,23,76,95,10,3,2,5,11,14,18,5,1,1,3,4,3,8,118,67,31,20,232,1.9661016949152543,241,139,2.042372881355932,1.1779661016949152,102,59,39,15,5,127,55,59,28,16,15,114,84,10,3,5,2,14,17,15,5,1,4,0,7,7,5,-0.27118644067796627,-0.423728813559322,0.2457627118644068,-79,-3,-3,-4,-3,118,118,200,232
42,6,10,26,28,0.6666666666666666,43,92,1.0238095238095237,2.1904761904761907,-49,21,2,4,15,16,47,21,4,6,11,27,45,10,2,1,7,7,10,25,5,2,0,3,6,8,13,118,54,29,35,191,1.61864406779661,209,167,1.771186440677966,1.4152542372881356,42,59,31,15,13,111,74,59,23,14,22,98,93,10,3,2,5,11,15,20,5,2,1,2,7,11,11,-0.9519774011299434,-0.7473769168684423,0.7752219531880551,-91,-1,-4,-3,-5,42,118,28,191
41,12,16,13,52,1.2682926829268293,52,58,1.2682926829268293,1.4146341463414633,-6,20,9,6,5,30,22,21,3,10,8,22,36,10,5,4,1,19,15,10,5,2,2,1,8,4,5,118,38,37,43,151,1.2796610169491525,134,148,1.1355932203389831,1.2542372881355932,-14,59,20,19,20,78,70,59,18,18,23,56,78,10,1,5,4,8,13,16,5,1,3,1,6,5,4,-0.011368334022323179,0.13269946258784615,0.16039685820587013,8,2,11,-1,2,41,118,52,151
118,44,37,37,169,1.4322033898305084,186,172,1.576271186440678,1.4576271186440677,14,59,26,21,12,95,74,59,18,16,25,91,98,10,4,2,4,14,22,14,5,2,1,2,7,13,8,117,50,27,40,177,1.5128205128205128,177,168,1.5128205128205128,1.435897435897436,9,58,31,9,18,98,82,59,19,18,22,79,86,10,6,2,2,20,20,13,5,3,1,1,10,13,8,-0.08061712299000434,0.06345067362016521,0.021729682746631784,5,-3,-6,0,2,118,117,169,177
118,67,31,20,232,1.9661016949152543,241,139,2.042372881355932,1.1779661016949152,102,59,39,15,5,127,55,59,28,16,15,114,84,10,3,5,2,14,17,15,5,1,4,0,7,7,5,4,0,0,4,0,0.0,0,10,0.0,2.5,-10,2,0,0,2,0,6,2,0,0,2,0,4,4,0,0,4,0,0,10,4,0,0,4,0,0,10,1.9661016949152543,2.042372881355932,-1.3220338983050848,112,7,14,7,17,118,4,232,0
118,40,30,48,150,1.271186440677966,159,168,1.347457627118644,1.423728813559322,-9,59,18,19,22,73,70,59,22,11,26,86,98,10,4,4,2,16,20,11,5,1,3,1,6,5,5,118,43,25,50,154,1.305084745762712,160,173,1.3559322033898304,1.4661016949152543,-13,59,27,9,23,92,80,59,16,16,27,68,93,10,2,3,5,9,8,12,5,1,1,3,4,6,7,-0.033898305084745894,-0.008474576271186418,-0.04237288135593231,4,2,7,-1,12,118,118,150,154
118,41,31,46,154,1.305084745762712,184,178,1.5593220338983051,1.5084745762711864,6,59,23,20,16,106,91,59,18,11,30,78,87,10,2,6,2,12,14,12,5,1,4,0,7,8,5,118,38,36,44,150,1.271186440677966,155,171,1.3135593220338984,1.4491525423728813,-16,59,18,20,21,83,82,59,20,16,23,72,89,10,1,2,7,5,12,26,5,1,0,4,3,7,13,0.033898305084745894,0.2457627118644068,0.05932203389830515,22,4,7,1,2,118,118,154,150
42,15,13,14,58,1.380952380952381,45,53,1.0714285714285714,1.2619047619047619,-8,21,10,6,5,26,22,21,5,7,9,19,31,10,3,3,4,12,12,17,5,2,1,2,7,5,6,4,2,2,0,8,2.0,5,2,1.25,0.5,3,2,1,1,0,2,0,2,1,1,0,3,2,4,2,2,0,8,5,2,4,2,2,0,8,5,2,-0.6190476190476191,-0.1785714285714286,0.7619047619047619,-11,-1,4,0,7,42,4,58,8
118,78,26,14,260,2.2033898305084745,239,91,2.0254237288135593,0.7711864406779662,148,59,43,10,6,129,45,59,35,16,8,110,46,10,9,0,1,27,17,4,5,5,0,0,15,10,2,42,6,10,26,28,0.6666666666666666,43,92,1.0238095238095237,2.1904761904761907,-49,21,2,4,15,16,47,21,4,6,11,27,45,10,2,1,7,7,10,25,5,2,0,3,6,8,13,1.536723163841808,1.0016142050040355,-1.4192897497982244,197,9,20,2,7,118,42,260,28
118,41,41,36,164,1.3898305084745763,176,174,1.4915254237288136,1.4745762711864407,2,59,22,22,15,82,67,59,19,19,21,94,107,10,3,6,1,15,16,12,5,0,4,1,4,7,8,118,58,26,34,200,1.694915254237288,191,168,1.61864406779661,1.423728813559322,23,59,35,13,11,115,73,59,23,13,23,76,95,10,3,2,5,11,14,18,5,1,1,3,4,3,8,-0.3050847457627117,-0.1271186440677965,0.05084745762711873,-21,0,4,4,2,118,118,164,200
118,54,29,35,191,1.61864406779661,209,167,1.771186440677966,1.4152542372881356,42,59,31,15,13,111,74,59,23,14,22,98,93,10,3,2,5,11,15,20,5,2,1,2,7,11,11,117,53,21,43,180,1.5384615384615385,212,168,1.811965811965812,1.435897435897436,44,59,34,10,15,129,76,58,19,11,28,83,92,10,3,3,4,12,15,14,5,2,2,1,8,9,7,0.08018252933507153,-0.04077937128784592,-0.020643198609300306,-2,-1,-1,2,0,118,117,191,180
117,75,24,18,249,2.128205128205128,252,115,2.1538461538461537,0.9829059829059829,137,59,43,11,5,142,54,58,32,13,13,110,61,10,7,2,1,23,21,9,5,3,1,1,10,9,5,118,41,24,53,147,1.2457627118644068,186,188,1.576271186440678,1.5932203389830508,-2,59,22,10,27,95,95,59,19,14,26,91,93,10,3,4,3,13,8,11,5,1,2,2,5,1,5,0.8824424163407214,0.5775749674054758,-0.610314356077068,139,5,10,8,13,117,118,249,147
118,44,37,37,169,1.4322033898305084,186,172,1.576271186440678,1.4576271186440677,14,59,26,21,12,95,74,59,18,16,25,91,98,10,4,2,4,14,22,14,5,2,1,2,7,13,8,118,41,41,36,164,1.3898305084745763,176,174,1.4915254237288136,1.4745762711864407,2,59,22,22,15,82,67,59,19,19,21,94,107,10,3,6,1,15,16,12,5,0,4,1,4,7,8,0.04237288135593209,0.0847457627118644,-0.016949152542373058,12,3,-1,6,6,118,118,169,164
118,78,26,14,260,2.2033898305084745,239,91,2.0254237288135593,0.7711864406779662,148,59,43,10,6,129,45,59,35,16,8,110,46,10,9,0,1,27,17,4,5,5,0,0,15,10,2,118,41,31,46,154,1.305084745762712,184,178,1.5593220338983051,1.5084745762711864,6,59,23,20,16,106,91,59,18,11,30,78,87,10,2,6,2,12,14,12,5,1,4,0,7,8,5,0.8983050847457625,0.4661016949152541,-0.7372881355932203,142,8,15,2,3,118,118,260,154
118,40,30,48,150,1.271186440677966,159,168,1.347457627118644,1.423728813559322,-9,59,18,19,22,73,70,59,22,11,26,86,98,10,4,4,2,16,20,11,5,1,3,1,6,5,5,4,2,2,0,8,2.0,5,2,1.25,0.5,3,2,1,1,0,2,0,2,1,1,0,3,2,4,2,2,0,8,5,2,4,2,2,0,8,5,2,-0.728813559322034,0.09745762711864403,0.923728813559322,-12,-2,8,0,15,118,4,150,8
118,38,37,43,151,1.2796610169491525,134,148,1.1355932203389831,1.2542372881355932,-14,59,20,19,20,78,70,59,18,18,23,56,78,10,1,5,4,8,13,16,5,1,3,1,6,5,4,118,58,26,34,200,1.694915254237288,191,168,1.61864406779661,1.423728813559322,23,59,35,13,11,115,73,59,23,13,23,76,95,10,3,2,5,11,14,18,5,1,1,3,4,3,8,-0.4152542372881356,-0.48305084745762694,-0.1694915254237288,-37,2,-3,2,-1,118,118,151,200
42,15,13,14,58,1.380952380952381,45,53,1.0714285714285714,1.2619047619047619,-8,21,10,6,5,26,22,21,5,7,9,19,31,10,3,3,4,12,12,17,5,2,1,2,7,5,6,118,67,31,20,232,1.9661016949152543,241,139,2.042372881355932,1.1779661016949152,102,59,39,15,5,127,55,59,28,16,15,114,84,10,3,5,2,14,17,15,5,1,4,0,7,7,5,-0.5851493139628734,-0.9709443099273607,0.08393866020984664,-110,0,-2,-2,-5,42,118,58,232
118,38,36,44,150,1.271186440677966,155,171,1.3135593220338984,1.4491525423728813,-16,59,18,20,21,83,82,59,20,16,23,72,89,10,1,2,7,5,12,26,5,1,0,4,3,7,13,118,54,29,35,191,1.61864406779661,209,167,1.771186440677966,1.4152542372881356,42,59,31,15,13,111,74,59,23,14,22,98,93,10,3,2,5,11,15,20,5,2,1,2,7,11,11,-0.34745762711864403,-0.4576271186440677,0.03389830508474567,-58,-4,-6,-4,-3,118,118,150,191
118,43,25,50,154,1.305084745762712,160,173,1.3559322033898304,1.4661016949152543,-13,59,27,9,23,92,80,59,16,16,27,68,93,10,2,3,5,9,8,12,5,1,1,3,4,6,7,118,41,24,53,147,1.2457627118644068,186,188,1.576271186440678,1.5932203389830508,-2,59,22,10,27,95,95,59,19,14,26,91,93,10,3,4,3,13,8,11,5,1,2,2,5,1,5,0.05932203389830515,-0.22033898305084754,-0.1271186440677965,-11,-1,-4,5,0,118,118,154,147
42,6,10,26,28,0.6666666666666666,43,92,1.0238095238095237,2.1904761904761907,-49,21,2,4,15,16,47,21,4,6,11,27,45,10,2,1,7,7,10,25,5,2,0,3,6,8,13,4,0,0,4,0,0.0,0,10,0.0,2.5,-10,2,0,0,2,0,6,2,0,0,2,0,4,4,0,0,4,0,0,10,4,0,0,4,0,0,10,0.6666666666666666,1.0238095238095237,-0.3095238095238093,-39,6,7,8,10,42,4,28,0
41,12,16,13,52,1.2682926829268293,52,58,1.2682926829268293,1.4146341463414633,-6,20,9,6,5,30,22,21,3,10,8,22,36,10,5,4,1,19,15,10,5,2,2,1,8,4,5,117,75,24,18,249,2.128205128205128,252,115,2.1538461538461537,0.9829059829059829,137,59,43,11,5,142,54,58,32,13,13,110,61,10,7,2,1,23,21,9,5,3,1,1,10,9,5,-0.8599124452782989,-0.8855534709193245,0.4317281634354805,-143,-2,-4,-5,-6,41,117,52,249
117,50,27,40,177,1.5128205128205128,177,168,1.5128205128205128,1.435897435897436,9,58,31,9,18,98,82,59,19,18,22,79,86,10,6,2,2,20,20,13,5,3,1,1,10,13,8,117,53,21,43,180,1.5384615384615385,212,168,1.811965811965812,1.435897435897436,44,59,34,10,15,129,76,58,19,11,28,83,92,10,3,3,4,12,15,14,5,2,2,1,8,9,7,-0.025641025641025772,-0.2991452991452992,0.0,-35,2,8,4,5,117,117,177,180
117,75,24,18,249,2.128205128205128,252,115,2.1538461538461537,0.9829059829059829,137,59,43,11,5,142,54,58,32,13,13,110,61,10,7,2,1,23,21,9,5,3,1,1,10,9,5,118,40,30,48,150,1.271186440677966,159,168,1.347457627118644,1.423728813559322,-9,59,18,19,22,73,70,59,22,11,26,86,98,10,4,4,2,16,20,11,5,1,3,1,6,5,5,0.8570186875271621,0.8063885267275097,-0.44082283065333916,146,4,7,4,1,117,118,249,150
118,54,29,35,191,1.61864406779661,209,167,1.771186440677966,1.4152542372881356,42,59,31,15,13,111,74,59,23,14,22,98,93,10,3,2,5,11,15,20,5,2,1,2,7,11,11,42,15,13,14,58,1.380952380952381,45,53,1.0714285714285714,1.2619047619047619,-8,21,10,6,5,26,22,21,5,7,9,19,31,10,3,3,4,12,12,17,5,2,1,2,7,5,6,0.23769168684422914,0.6997578692493946,0.15334947538337373,50,0,-1,6,3,118,42,191,58
4,0,0,4,0,0.0,0,10,0.0,2.5,-10,2,0,0,2,0,6,2,0,0,2,0,4,4,0,0,4,0,0,10,4,0,0,4,0,0,10,118,38,37,43,151,1.2796610169491525,134,148,1.1355932203389831,1.2542372881355932,-14,59,20,19,20,78,70,59,18,18,23,56,78,10,1,5,4,8,13,16,5,1,3,1,6,5,4,-1.2796610169491525,-1.1355932203389831,1.2457627118644068,4,-6,-8,-5,-13,4,118,0,151
118,67,31,20,232,1.9661016949152543,241,139,2.042372881355932,1.1779661016949152,102,59,39,15,5,127,55,59,28,16,15,114,84,10,3,5,2,14,17,15,5,1,4,0,7,7,5,118,38,36,44,150,1.271186440677966,155,171,1.3135593220338984,1.4491525423728813,-16,59,18,20,21,83,82,59,20,16,23,72,89,10,1,2,7,5,12,26,5,1,0,4,3,7,13,0.6949152542372883,0.7288135593220337,-0.27118644067796605,118,4,9,0,5,118,118,232,150
4,2,2,0,8,2.0,5,2,1.25,0.5,3,2,1,1,0,2,0,2,1,1,0,3,2,4,2,2,0,8,5,2,4,2,2,0,8,5,2,118,78,26,14,260,2.2033898305084745,239,91,2.0254237288135593,0.7711864406779662,148,59,43,10,6,129,45,59,35,16,8,110,46,10,9,0,1,27,17,4,5,5,0,0,15,10,2,-0.20338983050847448,-0.7754237288135593,-0.27118644067796616,-145,-7,-19,-5,-12,4,118,8,260
118,41,41,36,164,1.3898305084745763,176,174,1.4915254237288136,1.4745762711864407,2,59,22,22,15,82,67,59,19,19,21,94,107,10,3,6,1,15,16,12,5,0,4,1,4,7,8,42,6,10,26,28,0.6666666666666666,43,92,1.0238095238095237,2.1904761904761907,-49,21,2,4,15,16,47,21,4,6,11,27,45,10,2,1,7,7,10,25,5,2,0,3,6,8,13,0.7231638418079097,0.46771589991928986,-0.7158999192897499,51,-2,8,-1,6,118,42,164,28
118,41,31,46,154,1.305084745762712,184,178,1.5593220338983051,1.5084745762711864,6,59,23,20,16,106,91,59,18,11,30,78,87,10,2,6,2,12,14,12,5,1,4,0,7,8,5,118,44,37,37,169,1.4322033898305084,186,172,1.576271186440678,1.4576271186440677,14,59,26,21,12,95,74,59,18,16,25,91,98,10,4,2,4,14,22,14,5,2,1,2,7,13,8,-0.1271186440677965,-0.016949152542372836,0.05084745762711873,-8,0,-2,-5,-8,118,118,154,169
117,53,21,43,180,1.5384615384615385,212,168,1.811965811965812,1.435897435897436,44,59,34,10,15,129,76,58,19,11,28,83,92,10,3,3,4,12,15,14,5,2,2,1,8,9,7,118,43,25,50,154,1.305084745762712,160,173,1.3559322033898304,1.4661016949152543,-13,59,27,9,23,92,80,59,16,16,27,68,93,10,2,3,5,9,8,12,5,1,1,3,4,6,7,0.2333767926988266,0.4560336085759815,-0.030204259017818424,57,4,3,3,7,117,118,180,154
118,41,24,53,147,1.2457627118644068,186,188,1.576271186440678,1.5932203389830508,-2,59,22,10,27,95,95,59,19,14,26,91,93,10,3,4,3,13,8,11,5,1,2,2,5,1,5,41,12,16,13,52,1.2682926829268293,52,58,1.2682926829268293,1.4146341463414633,-6,20,9,6,5,30,22,21,3,10,8,22,36,10,5,4,1,19,15,10,5,2,2,1,8,4,5,-0.022529971062422494,0.3079785035138487,0.17858619264158748,4,-3,-6,-3,-7,118,41,147,52
118,58,26,34,200,1.694915254237288,191,168,1.61864406779661,1.423728813559322,23,59,35,13,11,115,73,59,23,13,23,76,95,10,3,2,5,11,14,18,5,1,1,3,4,3,8,117,50,27,40,177,1.5128205128205128,177,168,1.5128205128205128,1.435897435897436,9,58,31,9,18,98,82,59,19,18,22,79,86,10,6,2,2,20,20,13,5,3,1,1,10,13,8,0.18209474141677529,0.1058235549760973,-0.012168622338113888,14,-6,-9,-10,-6,118,117,200,177
118,43,25,50,154,1.305084745762712,160,173,1.3559322033898304,1.4661016949152543,-13,59,27,9,23,92,80,59,16,16,27,68,93,10,2,3,5,9,8,12,5,1,1,3,4,6,7,118,58,26,34,200,1.694915254237288,191,168,1.61864406779661,1.423728813559322,23,59,35,13,11,115,73,59,23,13,23,76,95,10,3,2,5,11,14,18,5,1,1,3,4,3,8,-0.3898305084745761,-0.2627118644067796,0.04237288135593231,-36,0,-2,3,-6,118,118,154,200
41,12,16,13,52,1.2682926829268293,52,58,1.2682926829268293,1.4146341463414633,-6,20,9,6,5,30,22,21,3,10,8,22,36,10,5,4,1,19,15,10,5,2,2,1,8,4,5,118,54,29,35,191,1.61864406779661,209,167,1.771186440677966,1.4152542372881356,42,59,31,15,13,111,74,59,23,14,22,98,93,10,3,2,5,11,15,20,5,2,1,2,7,11,11,-0.3503513848697808,-0.5028937577511368,-0.0006200909466722582,-48,1,8,-7,0,41,118,52,191
118,44,37,37,169,1.4322033898305084,186,172,1.576271186440678,1.4576271186440677,14,59,26,21,12,95,74,59,18,16,25,91,98,10,4,2,4,14,22,14,5,2,1,2,7,13,8,117,75,24,18,249,2.128205128205128,252,115,2.1538461538461537,0.9829059829059829,137,59,43,11,5,142,54,58,32,13,13,110,61,10,7,2,1,23,21,9,5,3,1,1,10,9,5,-0.6960017383746198,-0.5775749674054758,0.47472113573808483,-123,-3,-9,4,1,118,117,169,249
117,50,27,40,177,1.5128205128205128,177,168,1.5128205128205128,1.435897435897436,9,58,31,9,18,98,82,59,19,18,22,79,86,10,6,2,2,20,20,13,5,3,1,1,10,13,8,118,67,31,20,232,1.9661016949152543,241,139,2.042372881355932,1.1779661016949152,102,59,39,15,5,127,55,59,28,16,15,114,84,10,3,5,2,14,17,15,5,1,4,0,7,7,5,-0.45328118209474155,-0.5295523685354193,0.2579313342025207,-93,3,6,6,3,117,118,177,232
118,40,30,48,150,1.271186440677966,159,168,1.347457627118644,1.423728813559322,-9,59,18,19,22,73,70,59,22,11,26,86,98,10,4,4,2,16,20,11,5,1,3,1,6,5,5,118,41,41,36,164,1.3898305084745763,176,174,1.4915254237288136,1.4745762711864407,2,59,22,22,15,82,67,59,19,19,21,94,107,10,3,6,1,15,16,12,5,0,4,1,4,7,8,-0.1186440677966103,-0.14406779661016955,-0.05084745762711873,-11,2,1,-2,4,118,118,150,164
118,78,26,14,260,2.2033898305084745,239,91,2.0254237288135593,0.7711864406779662,148,59,43,10,6,129,45,59,35,16,8,110,46,10,9,0,1,27,17,4,5,5,0,0,15,10,2,117,53,21,43,180,1.5384615384615385,212,168,1.811965811965812,1.435897435897436,44,59,34,10,15,129,76,58,19,11,28,83,92,10,3,3,4,12,15,14,5,2,2,1,8,9,7,0.6649282920469359,0.2134579168477473,-0.6647109952194697,104,7,15,1,2,118,117,260,180
118,38,36,44,150,1.271186440677966,155,171,1.3135593220338984,1.4491525423728813,-16,59,18,20,21,83,82,59,20,16,23,72,89,10,1,2,7,5,12,26,5,1,0,4,3,7,13,118,41,24,53,147,1.2457627118644068,186,188,1.576271186440678,1.5932203389830508,-2,59,22,10,27,95,95,59,19,14,26,91,93,10,3,4,3,13,8,11,5,1,2,2,5,1,5,0.025423728813559254,-0.2627118644067796,-0.14406779661016955,-14,-2,-8,6,4,118,118,150,147
42,6,10,26,28,0.6666666666666666,43,92,1.0238095238095237,2.1904761904761907,-49,21,2,4,15,16,47,21,4,6,11,27,45,10,2,1,7,7,10,25,5,2,0,3,6,8,13,4,2,2,0,8,2.0,5,2,1.25,0.5,3,2,1,1,0,2,0,2,1,1,0,3,2,4,2,2,0,8,5,2,4,2,2,0,8,5,2,-1.3333333333333335,-0.22619047619047628,1.6904761904761907,-52,-2,-1,3,5,42,4,28,8
118,38,37,43,151,1.2796610169491525,134,148,1.1355932203389831,1.2542372881355932,-14,59,20,19,20,78,70,59,18,18,23,56,78,10,1,5,4,8,13,16,5,1,3,1,6,5,4,118,41,31,46,154,1.305084745762712,184,178,1.5593220338983051,1.5084745762711864,6,59,23,20,16,106,91,59,18,11,30,78,87,10,2,6,2,12,14,12,5,1,4,0,7,8,5,-0.025423728813559476,-0.423728813559322,-0.2542372881355932,-20,-1,-4,-3,-1,118,118,151,154
42,15,13,14,58,1.380952380952381,45,53,1.0714285714285714,1.2619047619047619,-8,21,10,6,5,26,22,21,5,7,9,19,31,10,3,3,4,12,12,17,5,2,1,2,7,5,6,4,0,0,4,0,0.0,0,10,0.0,2.5,-10,2,0,0,2,0,6,2,0,0,2,0,4,4,0,0,4,0,0,10,4,0,0,4,0,0,10,1.380952380952381,1.0714285714285714,-1.2380952380952381,2,7,12,5,12,42,4,58,0
118,41,41,36,164,1.3898305084745763,176,174,1.4915254237288136,1.4745762711864407,2,59,22,22,15,82,67,59,19,19,21,94,107,10,3,6,1,15,16,12,5,0,4,1,4,7,8,118,43,25,50,154,1.305084745762712,160,173,1.3559322033898304,1.4661016949152543,-13,59,27,9,23,92,80,59,16,16,27,68,93,10,2,3,5,9,8,12,5,1,1,3,4,6,7,0.0847457627118644,0.13559322033898313,0.008474576271186418,15,0,6,1,8,118,118,164,154
118,67,31,20,232,1.9661016949152543,241,139,2.042372881355932,1.1779661016949152,102,59,39,15,5,127,55,59,28,16,15,114,84,10,3,5,2,14,17,15,5,1,4,0,7,7,5,118,38,37,43,151,1.2796610169491525,134,148,1.1355932203389831,1.2542372881355932,-14,59,20,19,20,78,70,59,18,18,23,56,78,10,1,5,4,8,13,16,5,1,3,1,6,5,4,0.6864406779661019,0.906779661016949,-0.07627118644067798,116,1,6,2,4,118,118,232,151
118,54,29,35,191,1.61864406779661,209,167,1.771186440677966,1.4152542372881356,42,59,31,15,13,111,74,59,23,14,22,98,93,10,3,2,5,11,15,20,5,2,1,2,7,11,11,118,40,30,48,150,1.271186440677966,159,168,1.347457627118644,1.423728813559322,-9,59,18,19,22,73,70,59,22,11,26,86,98,10,4,4,2,16,20,11,5,1,3,1,6,5,5,0.34745762711864403,0.423728813559322,-0.008474576271186418,51,1,-5,6,-5,118,118,191,150
118,58,26,34,200,1.694915254237288,191,168,1.61864406779661,1.423728813559322,23,59,35,13,11,115,73,59,23,13,23,76,95,10,3,2,5,11,14,18,5,1,1,3,4,3,8,42,6,10,26,28,0.6666666666666666,43,92,1.0238095238095237,2.1904761904761907,-49,21,2,4,15,16,47,21,4,6,11,27,45,10,2,1,7,7,10,25,5,2,0,3,6,8,13,1.0282485875706215,0.5948345439870864,-0.7667473769168687,72,-2,4,-5,4,118,42,200,28
117,75,24,18,249,2.128205128205128,252,115,2.1538461538461537,0.9829059829059829,137,59,43,11,5,142,54,58,32,13,13,110,61,10,7,2,1,23,21,9,5,3,1,1,10,9,5,118,78,26,14,260,2.2033898305084745,239,91,2.0254237288135593,0.7711864406779662,148,59,43,10,6,129,45,59,35,16,8,110,46,10,9,0,1,27,17,4,5,5,0,0,15,10,2,-0.07518470230334628,0.1284224250325945,0.2117195422280167,-11,-5,-4,-1,4,117,118,249,260
118,41,24,53,147,1.2457627118644068,186,188,1.576271186440678,1.5932203389830508,-2,59,22,10,27,95,95,59,19,14,26,91,93,10,3,4,3,13,8,11,5,1,2,2,5,1,5,42,15,13,14,58,1.380952380952381,45,53,1.0714285714285714,1.2619047619047619,-8,21,10,6,5,26,22,21,5,7,9,19,31,10,3,3,4,12,12,17,5,2,1,2,7,5,6,-0.13518966908797414,0.5048426150121066,0.33131557707828896,6,-2,1,-4,-4,118,42,147,58
117,53,21,43,180,1.5384615384615385,212,168,1.811965811965812,1.435897435897436,44,59,34,10,15,129,76,58,19,11,28,83,92,10,3,3,4,12,15,14,5,2,2,1,8,9,7,118,44,37,37,169,1.4322033898305084,186,172,1.576271186440678,1.4576271186440677,14,59,26,21,12,95,74,59,18,16,25,91,98,10,4,2,4,14,22,14,5,2,1,2,7,13,8,0.10625814863103011,0.23569462552513398,-0.021729682746631784,30,1,-2,-4,-7,117,118,180,169
118,41,31,46,154,1.305084745762712,184,178,1.5593220338983051,1.5084745762711864,6,59,23,20,16,106,91,59,18,11,30,78,87,10,2,6,2,12,14,12,5,1,4,0,7,8,5,117,50,27,40,177,1.5128205128205128,177,168,1.5128205128205128,1.435897435897436,9,58,31,9,18,98,82,59,19,18,22,79,86,10,6,2,2,20,20,13,5,3,1,1,10,13,8,-0.20773576705780084,0.046501521077792374,0.07257714037375051,-3,-3,-8,-5,-6,118,117,154,177
4,2,2,0,8,2.0,5,2,1.25,0.5,3,2,1,1,0,2,0,2,1,1,0,3,2,4,2,2,0,8,5,2,4,2,2,0,8,5,2,118,38,36,44,150,1.271186440677966,155,171,1.3135593220338984,1.4491525423728813,-16,59,18,20,21,83,82,59,20,16,23,72,89,10,1,2,7,5,12,26,5,1,0,4,3,7,13,0.728813559322034,-0.06355932203389836,-0.9491525423728813,19,5,3,-2,-7,4,118,8,150
4,0,0,4,0,0.0,0,10,0.0,2.5,-10,2,0,0,2,0,6,2,0,0,2,0,4,4,0,0,4,0,0,10,4,0,0,4,0,0,10,41,12,16,13,52,1.2682926829268293,52,58,1.2682926829268293,1.4146341463414633,-6,20,9,6,5,30,22,21,3,10,8,22,36,10,5,4,1,19,15,10,5,2,2,1,8,4,5,-1.2682926829268293,-1.2682926829268293,1.0853658536585367,-4,-8,-19,-4,-15,4,41,0,52
118,38,37,43,151,1.2796610169491525,134,148,1.1355932203389831,1.2542372881355932,-14,59,20,19,20,78,70,59,18,18,23,56,78,10,1,5,4,8,13,16,5,1,3,1,6,5,4,117,53,21,43,180,1.5384615384615385,212,168,1.811965811965812,1.435897435897436,44,59,34,10,15,129,76,58,19,11,28,83,92,10,3,3,4,12,15,14,5,2,2,1,8,9,7,-0.2588005215123861,-0.6763725916268288,-0.1816601477618427,-58,-2,-4,-4,-2,118,117,151,180
42,6,10,26,28,0.6666666666666666,43,92,1.0238095238095237,2.1904761904761907,-49,21,2,4,15,16,47,21,4,6,11,27,45,10,2,1,7,7,10,25,5,2,0,3,6,8,13,118,41,24,53,147,1.2457627118644068,186,188,1.576271186440678,1.5932203389830508,-2,59,22,10,27,95,95,59,19,14,26,91,93,10,3,4,3,13,8,11,5,1,2,2,5,1,5,-0.5790960451977402,-0.5524616626311543,0.5972558514931399,-47,1,-6,7,2,42,118,28,147
118,43,25,50,154,1.305084745762712,160,173,1.3559322033898304,1.4661016949152543,-13,59,27,9,23,92,80,59,16,16,27,68,93,10,2,3,5,9,8,12,5,1,1,3,4,6,7,117,75,24,18,249,2.128205128205128,252,115,2.1538461538461537,0.9829059829059829,137,59,43,11,5,142,54,58,32,13,13,110,61,10,7,2,1,23,21,9,5,3,1,1,10,9,5,-0.8231203824424163,-0.7979139504563233,0.48319571200927147,-150,-6,-14,-3,-13,118,117,154,249
118,44,37,37,169,1.4322033898305084,186,172,1.576271186440678,1.4576271186440677,14,59,26,21,12,95,74,59,18,16,25,91,98,10,4,2,4,14,22,14,5,2,1,2,7,13,8,4,2,2,0,8,2.0,5,2,1.25,0.5,3,2,1,1,0,2,0,2,1,1,0,3,2,4,2,2,0,8,5,2,4,2,2,0,8,5,2,-0.5677966101694916,0.326271186440678,0.9576271186440677,11,-1,6,8,17,118,4,169,8
42,15,13,14,58,1.380952380952381,45,53,1.0714285714285714,1.2619047619047619,-8,21,10,6,5,26,22,21,5,7,9,19,31,10,3,3,4,12,12,17,5,2,1,2,7,5,6,118,58,26,34,200,1.694915254237288,191,168,1.61864406779661,1.423728813559322,23,59,35,13,11,115,73,59,23,13,23,76,95,10,3,2,5,11,14,18,5,1,1,3,4,3,8,-0.31396287328490713,-0.5472154963680387,-0.16182405165456015,-31,3,1,2,-2,42,118,58,200
118,78,26,14,260,2.2033898305084745,239,91,2.0254237288135593,0.7711864406779662,148,59,43,10,6,129,45,59,35,16,8,110,46,10,9,0,1,27,17,4,5,5,0,0,15,10,2,118,67,31,20,232,1.9661016949152543,241,139,2.042372881355932,1.1779661016949152,102,59,39,15,5,127,55,59,28,16,15,114,84,10,3,5,2,14,17,15,5,1,4,0,7,7,5,0.23728813559322015,-0.016949152542372836,-0.40677966101694907,46,8,13,3,0,118,118,260,232
118,40,30,48,150,1.271186440677966,159,168,1.347457627118644,1.423728813559322,-9,59,18,19,22,73,70,59,22,11,26,86,98,10,4,4,2,16,20,11,5,1,3,1,6,5,5,118,41,31,46,154,1.305084745762712,184,178,1.5593220338983051,1.5084745762711864,6,59,23,20,16,106,91,59,18,11,30,78,87,10,2,6,2,12,14,12,5,1,4,0,7,8,5,-0.033898305084745894,-0.21186440677966112,-0.0847457627118644,-15,-1,4,-3,6,118,118,150,154
41,12,16,13,52,1.2682926829268293,52,58,1.2682926829268293,1.4146341463414633,-6,20,9,6,5,30,22,21,3,10,8,22,36,10,5,4,1,19,15,10,5,2,2,1,8,4,5,118,41,41,36,164,1.3898305084745763,176,174,1.4915254237288136,1.4745762711864407,2,59,22,22,15,82,67,59,19,19,21,94,107,10,3,6,1,15,16,12,5,0,4,1,4,7,8,-0.12153782554774706,-0.2232327408019843,-0.05994212484497741,-8,4,4,-3,-1,41,118,52,164
117,50,27,40,177,1.5128205128205128,177,168,1.5128205128205128,1.435897435897436,9,58,31,9,18,98,82,59,19,18,22,79,86,10,6,2,2,20,20,13,5,3,1,1,10,13,8,118,54,29,35,191,1.61864406779661,209,167,1.771186440677966,1.4152542372881356,42,59,31,15,13,111,74,59,23,14,22,98,93,10,3,2,5,11,15,20,5,2,1,2,7,11,11,-0.1058235549760973,-0.25836592785745327,0.020643198609300306,-33,3,9,2,5,117,118,177,191
118,38,36,44,150,1.271186440677966,155,171,1.3135593220338984,1.4491525423728813,-16,59,18,20,21,83,82,59,20,16,23,72,89,10,1,2,7,5,12,26,5,1,0,4,3,7,13,4,0,0,4,0,0.0,0,10,0.0,2.5,-10,2,0,0,2,0,6,2,0,0,2,0,4,4,0,0,4,0,0,10,4,0,0,4,0,0,10,1.271186440677966,1.3135593220338984,-1.0508474576271187,-6,3,5,7,12,118,4,150,0
118,41,24,53,147,1.2457627118644068,186,188,1.576271186440678,1.5932203389830508,-2,59,22,10,27,95,95,59,19,14,26,91,93,10,3,4,3,13,8,11,5,1,2,2,5,1,5,117,75,24,18,249,2.128205128205128,252,115,2.1538461538461537,0.9829059829059829,137,59,43,11,5,142,54,58,32,13,13,110,61,10,7,2,1,23,21,9,5,3,1,1,10,9,5,-0.8824424163407214,-0.5775749674054758,0.610314356077068,-139,-5,-10,-8,-13,118,117,147,249
4,0,0,4,0,0.0,0,10,0.0,2.5,-10,2,0,0,2,0,6,2,0,0,2,0,4,4,0,0,4,0,0,10,4,0,0,4,0,0,10,118,67,31,20,232,1.9661016949152543,241,139,2.042372881355932,1.1779661016949152,102,59,39,15,5,127,55,59,28,16,15,114,84,10,3,5,2,14,17,15,5,1,4,0,7,7,5,-1.9661016949152543,-2.042372881355932,1.3220338983050848,-112,-7,-14,-7,-17,4,118,0,232
118,38,36,44,150,1.271186440677966,155,171,1.3135593220338984,1.4491525423728813,-16,59,18,20,21,83,82,59,20,16,23,72,89,10,1,2,7,5,12,26,5,1,0,4,3,7,13,118,41,31,46,154,1.305084745762712,184,178,1.5593220338983051,1.5084745762711864,6,59,23,20,16,106,91,59,18,11,30,78,87,10,2,6,2,12,14,12,5,1,4,0,7,8,5,-0.033898305084745894,-0.2457627118644068,-0.05932203389830515,-22,-4,-7,-1,-2,118,118,150,154
117,53,21,43,180,1.5384615384615385,212,168,1.811965811965812,1.435897435897436,44,59,34,10,15,129,76,58,19,11,28,83,92,10,3,3,4,12,15,14,5,2,2,1,8,9,7,118,54,29,35,191,1.61864406779661,209,167,1.771186440677966,1.4152542372881356,42,59,31,15,13,111,74,59,23,14,22,98,93,10,3,2,5,11,15,20,5,2,1,2,7,11,11,-0.08018252933507153,0.04077937128784592,0.020643198609300306,2,1,1,-2,0,117,118,180,191
42,6,10,26,28,0.6666666666666666,43,92,1.0238095238095237,2.1904761904761907,-49,21,2,4,15,16,47,21,4,6,11,27,45,10,2,1,7,7,10,25,5,2,0,3,6,8,13,118,78,26,14,260,2.2033898305084745,239,91,2.0254237288135593,0.7711864406779662,148,59,43,10,6,129,45,59,35,16,8,110,46,10,9,0,1,27,17,4,5,5,0,0,15,10,2,-1.536723163841808,-1.0016142050040355,1.4192897497982244,-197,-9,-20,-2,-7,42,118,28,260
118,43,25,50,154,1.305084745762712,160,173,1.3559322033898304,1.4661016949152543,-13,59,27,9,23,92,80,59,16,16,27,68,93,10,2,3,5,9,8,12,5,1,1,3,4,6,7,118,40,30,48,150,1.271186440677966,159,168,1.347457627118644,1.423728813559322,-9,59,18,19,22,73,70,59,22,11,26,86,98,10,4,4,2,16,20,11,5,1,3,1,6,5,5,0.033898305084745894,0.008474576271186418,0.04237288135593231,-4,-2,-7,1,-12,118,118,154,150
117,50,27,40,177,1.5128205128205128,177,168,1.5128205128205128,1.435897435897436,9,58,31,9,18,98,82,59,19,18,22,79,86,10,6,2,2,20,20,13,5,3,1,1,10,13,8,118,44,37,37,169,1.4322033898305084,186,172,1.576271186440678,1.4576271186440677,14,59,26,21,12,95,74,59,18,16,25,91,98,10,4,2,4,14,22,14,5,2,1,2,7,13,8,0.08061712299000434,-0.06345067362016521,-0.021729682746631784,-5,3,6,0,-2,117,118,177,169
4,2,2,0,8,2.0,5,2,1.25,0.5,3,2,1,1,0,2,0,2,1,1,0,3,2,4,2,2,0,8,5,2,4,2,2,0,8,5,2,42,15,13,14,58,1.380952380952381,45,53,1.0714285714285714,1.2619047619047619,-8,21,10,6,5,26,22,21,5,7,9,19,31,10,3,3,4,12,12,17,5,2,1,2,7,5,6,0.6190476190476191,0.1785714285714286,-0.7619047619047619,11,1,-4,0,-7,4,42,8,58
118,58,26,34,200,1.694915254237288,191,168,1.61864406779661,1.423728813559322,23,59,35,13,11,115,73,59,23,13,23,76,95,10,3,2,5,11,14,18,5,1,1,3,4,3,8,118,41,41,36,164,1.3898305084745763,176,174,1.4915254237288136,1.4745762711864407,2,59,22,22,15,82,67,59,19,19,21,94,107,10,3,6,1,15,16,12,5,0,4,1,4,7,8,0.3050847457627117,0.1271186440677965,-0.05084745762711873,21,0,-4,-4,-2,118,118,200,164
118,38,37,43,151,1.2796610169491525,134,148,1.1355932203389831,1.2542372881355932,-14,59,20,19,20,78,70,59,18,18,23,56,78,10,1,5,4,8,13,16,5,1,3,1,6,5,4,41,12,16,13,52,1.2682926829268293,52,58,1.2682926829268293,1.4146341463414633,-6,20,9,6,5,30,22,21,3,10,8,22,36,10,5,4,1,19,15,10,5,2,2,1,8,4,5,0.011368334022323179,-0.13269946258784615,-0.16039685820587013,-8,-2,-11,1,-2,118,41,151,52
118,41,31,46,154,1.305084745762712,184,178,1.5593220338983051,1.5084745762711864,6,59,23,20,16,106,91,59,18,11,30,78,87,10,2,6,2,12,14,12,5,1,4,0,7,8,5,4,0,0,4,0,0.0,0,10,0.0,2.5,-10,2,0,0,2,0,6,2,0,0,2,0,4,4,0,0,4,0,0,10,4,0,0,4,0,0,10,1.305084745762712,1.5593220338983051,-0.9915254237288136,16,7,12,8,14,118,4,154,0
118,44,37,37,169,1.4322033898305084,186,172,1.576271186440678,1.4576271186440677,14,59,26,21,12,95,74,59,18,16,25,91,98,10,4,2,4,14,22,14,5,2,1,2,7,13,8,118,41,24,53,147,1.2457627118644068,186,188,1.576271186440678,1.5932203389830508,-2,59,22,10,27,95,95,59,19,14,26,91,93,10,3,4,3,13,8,11,5,1,2,2,5,1,5,0.18644067796610164,0.0,-0.13559322033898313,16,2,1,12,14,118,118,169,147
118,78,26,14,260,2.2033898305084745,239,91,2.0254237288135593,0.7711864406779662,148,59,43,10,6,129,45,59,35,16,8,110,46,10,9,0,1,27,17,4,5,5,0,0,15,10,2,118,43,25,50,154,1.305084745762712,160,173,1.3559322033898304,1.4661016949152543,-13,59,27,9,23,92,80,59,16,16,27,68,93,10,2,3,5,9,8,12,5,1,1,3,4,6,7,0.8983050847457625,0.6694915254237288,-0.6949152542372882,161,11,18,4,9,118,118,260,154
118,40,30,48,150,1.271186440677966,159,168,1.347457627118644,1.423728813559322,-9,59,18,19,22,73,70,59,22,11,26,86,98,10,4,4,2,16,20,11,5,1,3,1,6,5,5,117,50,27,40,177,1.5128205128205128,177,168,1.5128205128205128,1.435897435897436,9,58,31,9,18,98,82,59,19,18,22,79,86,10,6,2,2,20,20,13,5,3,1,1,10,13,8,-0.24163407214254673,-0.16536288570186874,-0.012168622338113888,-18,-4,-4,-8,0,118,117,150,177
41,12,16,13,52,1.2682926829268293,52,58,1.2682926829268293,1.4146341463414633,-6,20,9,6,5,30,22,21,3,10,8,22,36,10,5,4,1,19,15,10,5,2,2,1,8,4,5,118,58,26,34,200,1.694915254237288,191,168,1.61864406779661,1.423728813559322,23,59,35,13,11,115,73,59,23,13,23,76,95,10,3,2,5,11,14,18,5,1,1,3,4,3,8,-0.4266225713104588,-0.3503513848697808,-0.009094667217858676,-29,4,8,1,1,41,118,52,200
42,15,13,14,58,1.380952380952381,45,53,1.0714285714285714,1.2619047619047619,-8,21,10,6,5,26,22,21,5,7,9,19,31,10,3,3,4,12,12,17,5,2,1,2,7,5,6,118,38,37,43,151,1.2796610169491525,134,148,1.1355932203389831,1.2542372881355932,-14,59,20,19,20,78,70,59,18,18,23,56,78,10,1,5,4,8,13,16,5,1,3,1,6,5,4,0.10129136400322847,-0.06416464891041174,0.007667473769168653,6,1,4,0,-1,42,118,58,151
118,67,31,20,232,1.9661016949152543,241,139,2.042372881355932,1.1779661016949152,102,59,39,15,5,127,55,59,28,16,15,114,84,10,3,5,2,14,17,15,5,1,4,0,7,7,5,4,2,2,0,8,2.0,5,2,1.25,0.5,3,2,1,1,0,2,0,2,1,1,0,3,2,4,2,2,0,8,5,2,4,2,2,0,8,5,2,-0.03389830508474567,0.7923728813559321,0.6779661016949152,99,-1,6,2,12,118,4,232,8
118,41,41,36,164,1.3898305084745763,176,174,1.4915254237288136,1.4745762711864407,2,59,22,22,15,82,67,59,19,19,21,94,107,10,3,6,1,15,16,12,5,0,4,1,4,7,8,118,38,36,44,150,1.271186440677966,155,171,1.3135593220338984,1.4491525423728813,-16,59,18,20,21,83,82,59,20,16,23,72,89,10,1,2,7,5,12,26,5,1,0,4,3,7,13,0.1186440677966103,0.17796610169491522,0.025423728813559476,18,1,10,0,4,118,118,164,150
117,75,24,18,249,2.128205128205128,252,115,2.1538461538461537,0.9829059829059829,137,59,43,11,5,142,54,58,32,13,13,110,61,10,7,2,1,23,21,9,5,3,1,1,10,9,5,117,53,21,43,180,1.5384615384615385,212,168,1.811965811965812,1.435897435897436,44,59,34,10,15,129,76,58,19,11,28,83,92,10,3,3,4,12,15,14,5,2,2,1,8,9,7,0.5897435897435896,0.3418803418803418,-0.45299145299145305,93,2,11,0,6,117,117,249,180
118,54,29,35,191,1.61864406779661,209,167,1.771186440677966,1.4152542372881356,42,59,31,15,13,111,74,59,23,14,22,98,93,10,3,2,5,11,15,20,5,2,1,2,7,11,11,42,6,10,26,28,0.6666666666666666,43,92,1.0238095238095237,2.1904761904761907,-49,21,2,4,15,16,47,21,4,6,11,27,45,10,2,1,7,7,10,25,5,2,0,3,6,8,13,0.9519774011299434,0.7473769168684423,-0.7752219531880551,91,1,4,3,5,118,42,191,28
118,43,25,50,154,1.305084745762712,160,173,1.3559322033898304,1.4661016949152543,-13,59,27,9,23,92,80,59,16,16,27,68,93,10,2,3,5,9,8,12,5,1,1,3,4,6,7,41,12,16,13,52,1.2682926829268293,52,58,1.2682926829268293,1.4146341463414633,-6,20,9,6,5,30,22,21,3,10,8,22,36,10,5,4,1,19,15,10,5,2,2,1,8,4,5,0.036792062835882655,0.08763952046300116,0.05146754857379099,-7,-4,-10,2,-7,118,41,154,52
118,38,37,43,151,1.2796610169491525,134,148,1.1355932203389831,1.2542372881355932,-14,59,20,19,20,78,70,59,18,18,23,56,78,10,1,5,4,8,13,16,5,1,3,1,6,5,4,118,40,30,48,150,1.271186440677966,159,168,1.347457627118644,1.423728813559322,-9,59,18,19,22,73,70,59,22,11,26,86,98,10,4,4,2,16,20,11,5,1,3,1,6,5,5,0.008474576271186418,-0.2118644067796609,-0.1694915254237288,-5,0,-8,0,-7,118,118,151,150
4,2,2,0,8,2.0,5,2,1.25,0.5,3,2,1,1,0,2,0,2,1,1,0,3,2,4,2,2,0,8,5,2,4,2,2,0,8,5,2,117,75,24,18,249,2.128205128205128,252,115,2.1538461538461537,0.9829059829059829,137,59,43,11,5,142,54,58,32,13,13,110,61,10,7,2,1,23,21,9,5,3,1,1,10,9,5,-0.1282051282051282,-0.9038461538461537,-0.48290598290598286,-134,-2,-15,-4,-16,4,117,8,249
118,41,24,53,147,1.2457627118644068,186,188,1.576271186440678,1.5932203389830508,-2,59,22,10,27,95,95,59,19,14,26,91,93,10,3,4,3,13,8,11,5,1,2,2,5,1,5,118,67,31,20,232,1.9661016949152543,241,139,2.042372881355932,1.1779661016949152,102,59,39,15,5,127,55,59,28,16,15,114,84,10,3,5,2,14,17,15,5,1,4,0,7,7,5,-0.7203389830508475,-0.4661016949152541,0.4152542372881356,-104,-2,-1,-6,-9,118,118,147,232
4,0,0,4,0,0.0,0,10,0.0,2.5,-10,2,0,0,2,0,6,2,0,0,2,0,4,4,0,0,4,0,0,10,4,0,0,4,0,0,10,118,41,41,36,164,1.3898305084745763,176,174,1.4915254237288136,1.4745762711864407,2,59,22,22,15,82,67,59,19,19,21,94,107,10,3,6,1,15,16,12,5,0,4,1,4,7,8,-1.3898305084745763,-1.4915254237288136,1.0254237288135593,-12,-4,-15,-7,-16,4,118,0,164
118,58,26,34,200,1.694915254237288,191,168,1.61864406779661,1.423728813559322,23,59,35,13,11,115,73,59,23,13,23,76,95,10,3,2,5,11,14,18,5,1,1,3,4,3,8,118,54,29,35,191,1.61864406779661,209,167,1.771186440677966,1.4152542372881356,42,59,31,15,13,111,74,59,23,14,22,98,93,10,3,2,5,11,15,20,5,2,1,2,7,11,11,0.07627118644067798,-0.15254237288135597,0.008474576271186418,-19,-3,0,-8,-1,118,118,200,191
117,53,21,43,180,1.5384615384615385,212,168,1.811965811965812,1.435897435897436,44,59,34,10,15,129,76,58,19,11,28,83,92,10,3,3,4,12,15,14,5,2,2,1,8,9,7,118,41,31,46,154,1.305084745762712,184,178,1.5593220338983051,1.5084745762711864,6,59,23,20,16,106,91,59,18,11,30,78,87,10,2,6,2,12,14,12,5,1,4,0,7,8,5,0.2333767926988266,0.2526437780675068,-0.07257714037375051,38,1,0,1,1,117,118,180,154
118,38,36,44,150,1.271186440677966,155,171,1.3135593220338984,1.4491525423728813,-16,59,18,20,21,83,82,59,20,16,23,72,89,10,1,2,7,5,12,26,5,1,0,4,3,7,13,42,15,13,14,58,1.380952380952381,45,53,1.0714285714285714,1.2619047619047619,-8,21,10,6,5,26,22,21,5,7,9,19,31,10,3,3,4,12,12,17,5,2,1,2,7,5,6,-0.10976594027441489,0.24213075060532696,0.1872477804681194,-8,-4,-7,2,0,118,42,150,58
117,50,27,40,177,1.5128205128205128,177,168,1.5128205128205128,1.435897435897436,9,58,31,9,18,98,82,59,19,18,22,79,86,10,6,2,2,20,20,13,5,3,1,1,10,13,8,118,78,26,14,260,2.2033898305084745,239,91,2.0254237288135593,0.7711864406779662,148,59,43,10,6,129,45,59,35,16,8,110,46,10,9,0,1,27,17,4,5,5,0,0,15,10,2,-0.6905693176879617,-0.5126032159930465,0.6647109952194697,-139,-5,-7,3,3,117,118,177,260
42,6,10,26,28,0.6666666666666666,43,92,1.0238095238095237,2.1904761904761907,-49,21,2,4,15,16,47,21,4,6,11,27,45,10,2,1,7,7,10,25,5,2,0,3,6,8,13,118,44,37,37,169,1.4322033898305084,186,172,1.576271186440678,1.4576271186440677,14,59,26,21,12,95,74,59,18,16,25,91,98,10,4,2,4,14,22,14,5,2,1,2,7,13,8,-0.7655367231638418,-0.5524616626311543,0.732849071832123,-63,-1,-7,-5,-12,42,118,28,169
118,41,41,36,164,1.3898305084745763,176,174,1.4915254237288136,1.4745762711864407,2,59,22,22,15,82,67,59,19,19,21,94,107,10,3,6,1,15,16,12,5,0,4,1,4,7,8,118,41,24,53,147,1.2457627118644068,186,188,1.576271186440678,1.5932203389830508,-2,59,22,10,27,95,95,59,19,14,26,91,93,10,3,4,3,13,8,11,5,1,2,2,5,1,5,0.14406779661016955,-0.0847457627118644,-0.11864406779661008,4,-1,2,6,8,118,118,164,147
118,78,26,14,260,2.2033898305084745,239,91,2.0254237288135593,0.7711864406779662,148,59,43,10,6,129,45,59,35,16,8,110,46,10,9,0,1,27,17,4,5,5,0,0,15,10,2,118,38,36,44,150,1.271186440677966,155,171,1.3135593220338984,1.4491525423728813,-16,59,18,20,21,83,82,59,20,16,23,72,89,10,1,2,7,5,12,26,5,1,0,4,3,7,13,0.9322033898305084,0.7118644067796609,-0.6779661016949151,164,12,22,3,5,118,118,260,150
118,40,30,48,150,1.271186440677966,159,168,1.347457627118644,1.423728813559322,-9,59,18,19,22,73,70,59,22,11,26,86,98,10,4,4,2,16,20,11,5,1,3,1,6,5,5,117,53,21,43,180,1.5384615384615385,212,168,1.811965811965812,1.435897435897436,44,59,34,10,15,129,76,58,19,11,28,83,92,10,3,3,4,12,15,14,5,2,2,1,8,9,7,-0.2672750977835725,-0.46450818484716794,-0.012168622338113888,-53,-2,4,-4,5,118,117,150,180
117,75,24,18,249,2.128205128205128,252,115,2.1538461538461537,0.9829059829059829,137,59,43,11,5,142,54,58,32,13,13,110,61,10,7,2,1,23,21,9,5,3,1,1,10,9,5,118,38,37,43,151,1.2796610169491525,134,148,1.1355932203389831,1.2542372881355932,-14,59,20,19,20,78,70,59,18,18,23,56,78,10,1,5,4,8,13,16,5,1,3,1,6,5,4,0.8485441112559757,1.0182529335071706,-0.27133130522961035,151,4,15,4,8,117,118,249,151
118,67,31,20,232,1.9661016949152543,241,139,2.042372881355932,1.1779661016949152,102,59,39,15,5,127,55,59,28,16,15,114,84,10,3,5,2,14,17,15,5,1,4,0,7,7,5,118,58,26,34,200,1.694915254237288,191,168,1.61864406779661,1.423728813559322,23,59,35,13,11,115,73,59,23,13,23,76,95,10,3,2,5,11,14,18,5,1,1,3,4,3,8,0.27118644067796627,0.423728813559322,-0.2457627118644068,79,3,3,4,3,118,118,232,200
42,15,13,14,58,1.380952380952381,45,53,1.0714285714285714,1.2619047619047619,-8,21,10,6,5,26,22,21,5,7,9,19,31,10,3,3,4,12,12,17,5,2,1,2,7,5,6,117,50,27,40,177,1.5128205128205128,177,168,1.5128205128205128,1.435897435897436,9,58,31,9,18,98,82,59,19,18,22,79,86,10,6,2,2,20,20,13,5,3,1,1,10,13,8,-0.13186813186813184,-0.4413919413919414,-0.17399267399267404,-17,-3,-8,-8,-8,42,117,58,177
41,12,16,13,52,1.2682926829268293,52,58,1.2682926829268293,1.4146341463414633,-6,20,9,6,5,30,22,21,3,10,8,22,36,10,5,4,1,19,15,10,5,2,2,1,8,4,5,4,2,2,0,8,2.0,5,2,1.25,0.5,3,2,1,1,0,2,0,2,1,1,0,3,2,4,2,2,0,8,5,2,4,2,2,0,8,5,2,-0.7317073170731707,0.018292682926829285,0.9146341463414633,-9,0,11,-1,10,41,4,52,8
118,54,29,35,191,1.61864406779661,209,167,1.771186440677966,1.4152542372881356,42,59,31,15,13,111,74,59,23,14,22,98,93,10,3,2,5,11,15,20,5,2,1,2,7,11,11,4,0,0,4,0,0.0,0,10,0.0,2.5,-10,2,0,0,2,0,6,2,0,0,2,0,4,4,0,0,4,0,0,10,4,0,0,4,0,0,10,1.61864406779661,1.771186440677966,-1.0847457627118644,52,7,11,11,15,118,4,191,0
118,44,37,37,169,1.4322033898305084,186,172,1.576271186440678,1.4576271186440677,14,59,26,21,12,95,74,59,18,16,25,91,98,10,4,2,4,14,22,14,5,2,1,2,7,13,8,118,43,25,50,154,1.305084745762712,160,173,1.3559322033898304,1.4661016949152543,-13,59,27,9,23,92,80,59,16,16,27,68,93,10,2,3,5,9,8,12,5,1,1,3,4,6,7,0.1271186440677965,0.22033898305084754,-0.00847457627118664,27,3,5,7,14,118,118,169,154
118,41,31,46,154,1.305084745762712,184,178,1.5593220338983051,1.5084745762711864,6,59,23,20,16,106,91,59,18,11,30,78,87,10,2,6,2,12,14,12,5,1,4,0,7,8,5,42,6,10,26,28,0.6666666666666666,43,92,1.0238095238095237,2.1904761904761907,-49,21,2,4,15,16,47,21,4,6,11,27,45,10,2,1,7,7,10,25,5,2,0,3,6,8,13,0.6384180790960453,0.5355125100887814,-0.6820016142050043,55,1,5,0,4,118,42,154,28
41,12,16,13,52,1.2682926829268293,52,58,1.2682926829268293,1.4146341463414633,-6,20,9,6,5,30,22,21,3,10,8,22,36,10,5,4,1,19,15,10,5,2,2,1,8,4,5,118,44,37,37,169,1.4322033898305084,186,172,1.576271186440678,1.4576271186440677,14,59,26,21,12,95,74,59,18,16,25,91,98,10,4,2,4,14,22,14,5,2,1,2,7,13,8,-0.16391070690367915,-0.3079785035138487,-0.04299297230260435,-20,1,5,-9,-7,41,118,52,169
118,67,31,20,232,1.9661016949152543,241,139,2.042372881355932,1.1779661016949152,102,59,39,15,5,127,55,59,28,16,15,114,84,10,3,5,2,14,17,15,5,1,4,0,7,7,5,42,6,10,26,28,0.6666666666666666,43,92,1.0238095238095237,2.1904761904761907,-49,21,2,4,15,16,47,21,4,6,11,27,45,10,2,1,7,7,10,25,5,2,0,3,6,8,13,1.2994350282485878,1.0185633575464084,-1.0125100887812755,151,1,7,-1,7,118,42,232,28
117,50,27,40,177,1.5128205128205128,177,168,1.5128205128205128,1.435897435897436,9,58,31,9,18,98,82,59,19,18,22,79,86,10,6,2,2,20,20,13,5,3,1,1,10,13,8,118,38,37,43,151,1.2796610169491525,134,148,1.1355932203389831,1.2542372881355932,-14,59,20,19,20,78,70,59,18,18,23,56,78,10,1,5,4,8,13,16,5,1,3,1,6,5,4,0.2331594958713603,0.37722729248152964,0.1816601477618427,23,4,12,8,7,117,118,177,151
4,0,0,4,0,0.0,0,10,0.0,2.5,-10,2,0,0,2,0,6,2,0,0,2,0,4,4,0,0,4,0,0,10,4,0,0,4,0,0,10,117,75,24,18,249,2.128205128205128,252,115,2.1538461538461537,0.9829059829059829,137,59,43,11,5,142,54,58,32,13,13,110,61,10,7,2,1,23,21,9,5,3,1,1,10,9,5,-2.128205128205128,-2.1538461538461537,1.517094017094017,-147,-10,-23,-9,-21,4,117,0,249
118,38,36,44,150,1.271186440677966,155,171,1.3135593220338984,1.4491525423728813,-16,59,18,20,21,83,82,59,20,16,23,72,89,10,1,2,7,5,12,26,5,1,0,4,3,7,13,118,43,25,50,154,1.305084745762712,160,173,1.3559322033898304,1.4661016949152543,-13,59,27,9,23,92,80,59,16,16,27,68,93,10,2,3,5,9,8,12,5,1,1,3,4,6,7,-0.033898305084745894,-0.04237288135593209,-0.016949152542373058,-3,-1,-4,1,4,118,118,150,154
118,54,29,35,191,1.61864406779661,209,167,1.771186440677966,1.4152542372881356,42,59,31,15,13,111,74,59,23,14,22,98,93,10,3,2,5,11,15,20,5,2,1,2,7,11,11,118,78,26,14,260,2.2033898305084745,239,91,2.0254237288135593,0.7711864406779662,148,59,43,10,6,129,45,59,35,16,8,110,46,10,9,0,1,27,17,4,5,5,0,0,15,10,2,-0.5847457627118644,-0.2542372881355932,0.6440677966101694,-106,-8,-16,1,-2,118,118,191,260
118,41,24,53,147,1.2457627118644068,186,188,1.576271186440678,1.5932203389830508,-2,59,22,10,27,95,95,59,19,14,26,91,93,10,3,4,3,13,8,11,5,1,2,2,5,1,5,118,40,30,48,150,1.271186440677966,159,168,1.347457627118644,1.423728813559322,-9,59,18,19,22,73,70,59,22,11,26,86,98,10,4,4,2,16,20,11,5,1,3,1,6,5,5,-0.025423728813559254,0.22881355932203395,0.1694915254237288,7,-1,-3,-4,-12,118,118,147,150
118,58,26,34,200,1.694915254237288,191,168,1.61864406779661,1.423728813559322,23,59,35,13,11,115,73,59,23,13,23,76,95,10,3,2,5,11,14,18,5,1,1,3,4,3,8,4,2,2,0,8,2.0,5,2,1.25,0.5,3,2,1,1,0,2,0,2,1,1,0,3,2,4,2,2,0,8,5,2,4,2,2,0,8,5,2,-0.30508474576271194,0.3686440677966101,0.923728813559322,20,-4,3,-2,9,118,4,200,8
118,41,41,36,164,1.3898305084745763,176,174,1.4915254237288136,1.4745762711864407,2,59,22,22,15,82,67,59,19,19,21,94,107,10,3,6,1,15,16,12,5,0,4,1,4,7,8,117,53,21,43,180,1.5384615384615385,212,168,1.811965811965812,1.435897435897436,44,59,34,10,15,129,76,58,19,11,28,83,92,10,3,3,4,12,15,14,5,2,2,1,8,9,7,-0.1486310299869622,-0.3204403882369984,0.03867883528900484,-42,-4,3,-2,1,118,117,164,180
42,15,13,14,58,1.380952380952381,45,53,1.0714285714285714,1.2619047619047619,-8,21,10,6,5,26,22,21,5,7,9,19,31,10,3,3,4,12,12,17,5,2,1,2,7,5,6,118,41,31,46,154,1.305084745762712,184,178,1.5593220338983051,1.5084745762711864,6,59,23,20,16,106,91,59,18,11,30,78,87,10,2,6,2,12,14,12,5,1,4,0,7,8,5,0.07586763518966899,-0.48789346246973375,-0.24656981436642456,-14,0,0,-3,-2,42,118,58,154
118,44,37,37,169,1.4322033898305084,186,172,1.576271186440678,1.4576271186440677,14,59,26,21,12,95,74,59,18,16,25,91,98,10,4,2,4,14,22,14,5,2,1,2,7,13,8,4,0,0,4,0,0.0,0,10,0.0,2.5,-10,2,0,0,2,0,6,2,0,0,2,0,4,4,0,0,4,0,0,10,4,0,0,4,0,0,10,1.4322033898305084,1.576271186440678,-1.0423728813559323,24,7,14,13,22,118,4,169,0
118,41,31,46,154,1.305084745762712,184,178,1.5593220338983051,1.5084745762711864,6,59,23,20,16,106,91,59,18,11,30,78,87,10,2,6,2,12,14,12,5,1,4,0,7,8,5,118,41,41,36,164,1.3898305084745763,176,174,1.4915254237288136,1.4745762711864407,2,59,22,22,15,82,67,59,19,19,21,94,107,10,3,6,1,15,16,12,5,0,4,1,4,7,8,-0.0847457627118644,0.06779661016949157,0.03389830508474567,4,3,-3,1,-2,118,118,154,164
117,75,24,18,249,2.128205128205128,252,115,2.1538461538461537,0.9829059829059829,137,59,43,11,5,142,54,58,32,13,13,110,61,10,7,2,1,23,21,9,5,3,1,1,10,9,5,117,50,27,40,177,1.5128205128205128,177,168,1.5128205128205128,1.435897435897436,9,58,31,9,18,98,82,59,19,18,22,79,86,10,6,2,2,20,20,13,5,3,1,1,10,13,8,0.6153846153846154,0.641025641025641,-0.45299145299145305,128,0,3,-4,1,117,117,249,177
118,43,25,50,154,1.305084745762712,160,173,1.3559322033898304,1.4661016949152543,-13,59,27,9,23,92,80,59,16,16,27,68,93,10,2,3,5,9,8,12,5,1,1,3,4,6,7,118,67,31,20,232,1.9661016949152543,241,139,2.042372881355932,1.1779661016949152,102,59,39,15,5,127,55,59,28,16,15,114,84,10,3,5,2,14,17,15,5,1,4,0,7,7,5,-0.6610169491525424,-0.6864406779661016,0.2881355932203391,-115,-3,-5,-1,-9,118,118,154,232
117,53,21,43,180,1.5384615384615385,212,168,1.811965811965812,1.435897435897436,44,59,34,10,15,129,76,58,19,11,28,83,92,10,3,3,4,12,15,14,5,2,2,1,8,9,7,41,12,16,13,52,1.2682926829268293,52,58,1.2682926829268293,1.4146341463414633,-6,20,9,6,5,30,22,21,3,10,8,22,36,10,5,4,1,19,15,10,5,2,2,1,8,4,5,0.27016885553470926,0.5436731290389827,0.021263289555972564,50,0,-7,5,0,117,41,180,52
118,38,37,43,151,1.2796610169491525,134,148,1.1355932203389831,1.2542372881355932,-14,59,20,19,20,78,70,59,18,18,23,56,78,10,1,5,4,8,13,16,5,1,3,1,6,5,4,118,41,24,53,147,1.2457627118644068,186,188,1.576271186440678,1.5932203389830508,-2,59,22,10,27,95,95,59,19,14,26,91,93,10,3,4,3,13,8,11,5,1,2,2,5,1,5,0.03389830508474567,-0.44067796610169485,-0.3389830508474576,-12,1,-5,4,5,118,118,151,147
4,2,2,0,8,2.0,5,2,1.25,0.5,3,2,1,1,0,2,0,2,1,1,0,3,2,4,2,2,0,8,5,2,4,2,2,0,8,5,2,118,54,29,35,191,1.61864406779661,209,167,1.771186440677966,1.4152542372881356,42,59,31,15,13,111,74,59,23,14,22,98,93,10,3,2,5,11,15,20,5,2,1,2,7,11,11,0.3813559322033899,-0.521186440677966,-0.9152542372881356,-39,1,-3,-6,-10,4,118,8,191
118,78,26,14,260,2.2033898305084745,239,91,2.0254237288135593,0.7711864406779662,148,59,43,10,6,129,45,59,35,16,8,110,46,10,9,0,1,27,17,4,5,5,0,0,15,10,2,42,15,13,14,58,1.380952380952381,45,53,1.0714285714285714,1.2619047619047619,-8,21,10,6,5,26,22,21,5,7,9,19,31,10,3,3,4,12,12,17,5,2,1,2,7,5,6,0.8224374495560935,0.9539951573849879,-0.4907183212267957,156,8,15,5,5,118,42,260,58
42,6,10,26,28,0.6666666666666666,43,92,1.0238095238095237,2.1904761904761907,-49,21,2,4,15,16,47,21,4,6,11,27,45,10,2,1,7,7,10,25,5,2,0,3,6,8,13,118,38,36,44,150,1.271186440677966,155,171,1.3135593220338984,1.4491525423728813,-16,59,18,20,21,83,82,59,20,16,23,72,89,10,1,2,7,5,12,26,5,1,0,4,3,7,13,-0.6045197740112994,-0.28974979822437463,0.7413236481033094,-33,3,2,1,-2,42,118,28,150
118,40,30,48,150,1.271186440677966,159,168,1.347457627118644,1.423728813559322,-9,59,18,19,22,73,70,59,22,11,26,86,98,10,4,4,2,16,20,11,5,1,3,1,6,5,5,118,58,26,34,200,1.694915254237288,191,168,1.61864406779661,1.423728813559322,23,59,35,13,11,115,73,59,23,13,23,76,95,10,3,2,5,11,14,18,5,1,1,3,4,3,8,-0.423728813559322,-0.27118644067796605,0.0,-32,2,5,2,6,118,118,150,200
118,38,36,44,150,1.271186440677966,155,171,1.3135593220338984,1.4491525423728813,-16,59,18,20,21,83,82,59,20,16,23,72,89,10,1,2,7,5,12,26,5,1,0,4,3,7,13,118,38,37,43,151,1.2796610169491525,134,148,1.1355932203389831,1.2542372881355932,-14,59,20,19,20,78,70,59,18,18,23,56,78,10,1,5,4,8,13,16,5,1,3,1,6,5,4,-0.008474576271186418,0.17796610169491522,0.19491525423728806,-2,-3,-3,2,-1,118,118,150,151
118,41,41,36,164,1.3898305084745763,176,174,1.4915254237288136,1.4745762711864407,2,59,22,22,15,82,67,59,19,19,21,94,107,10,3,6,1,15,16,12,5,0,4,1,4,7,8,117,75,24,18,249,2.128205128205128,252,115,2.1538461538461537,0.9829059829059829,137,59,43,11,5,142,54,58,32,13,13,110,61,10,7,2,1,23,21,9,5,3,1,1,10,9,5,-0.7383746197305519,-0.6623207301173402,0.4916702882804579,-135,-6,-8,-2,-5,118,117,164,249
117,50,27,40,177,1.5128205128205128,177,168,1.5128205128205128,1.435897435897436,9,58,31,9,18,98,82,59,19,18,22,79,86,10,6,2,2,20,20,13,5,3,1,1,10,13,8,4,2,2,0,8,2.0,5,2,1.25,0.5,3,2,1,1,0,2,0,2,1,1,0,3,2,4,2,2,0,8,5,2,4,2,2,0,8,5,2,-0.4871794871794872,0.2628205128205128,0.9358974358974359,6,2,12,8,15,117,4,177,8
4,0,0,4,0,0.0,0,10,0.0,2.5,-10,2,0,0,2,0,6,2,0,0,2,0,4,4,0,0,4,0,0,10,4,0,0,4,0,0,10,118,78,26,14,260,2.2033898305084745,239,91,2.0254237288135593,0.7711864406779662,148,59,43,10,6,129,45,59,35,16,8,110,46,10,9,0,1,27,17,4,5,5,0,0,15,10,2,-2.2033898305084745,-2.0254237288135593,1.7288135593220337,-158,-15,-27,-10,-17,4,118,0,260
118,41,24,53,147,1.2457627118644068,186,188,1.576271186440678,1.5932203389830508,-2,59,22,10,27,95,95,59,19,14,26,91,93,10,3,4,3,13,8,11,5,1,2,2,5,1,5,118,41,31,46,154,1.305084745762712,184,178,1.5593220338983051,1.5084745762711864,6,59,23,20,16,106,91,59,18,11,30,78,87,10,2,6,2,12,14,12,5,1,4,0,7,8,5,-0.05932203389830515,0.016949152542372836,0.0847457627118644,-8,-2,1,-7,-6,118,118,147,154
118,67,31,20,232,1.9661016949152543,241,139,2.042372881355932,1.1779661016949152,102,59,39,15,5,127,55,59,28,16,15,114,84,10,3,5,2,14,17,15,5,1,4,0,7,7,5,117,53,21,43,180,1.5384615384615385,212,168,1.811965811965812,1.435897435897436,44,59,34,10,15,129,76,58,19,11,28,83,92,10,3,3,4,12,15,14,5,2,2,1,8,9,7,0.4276401564537158,0.23040706939012012,-0.2579313342025207,58,-1,2,-2,2,118,117,232,180
41,12,16,13,52,1.2682926829268293,52,58,1.2682926829268293,1.4146341463414633,-6,20,9,6,5,30,22,21,3,10,8,22,36,10,5,4,1,19,15,10,5,2,2,1,8,4,5,118,40,30,48,150,1.271186440677966,159,168,1.347457627118644,1.423728813559322,-9,59,18,19,22,73,70,59,22,11,26,86,98,10,4,4,2,16,20,11,5,1,3,1,6,5,5,-0.0028937577511367607,-0.07916494419181475,-0.009094667217858676,3,2,3,-1,-5,41,118,52,150
42,15,13,14,58,1.380952380952381,45,53,1.0714285714285714,1.2619047619047619,-8,21,10,6,5,26,22,21,5,7,9,19,31,10,3,3,4,12,12,17,5,2,1,2,7,5,6,42,6,10,26,28,0.6666666666666666,43,92,1.0238095238095237,2.1904761904761907,-49,21,2,4,15,16,47,21,4,6,11,27,45,10,2,1,7,7,10,25,5,2,0,3,6,8,13,0.7142857142857143,0.04761904761904767,-0.9285714285714288,41,1,5,-3,2,42,42,58,28
118,54,29,35,191,1.61864406779661,209,167,1.771186440677966,1.4152542372881356,42,59,31,15,13,111,74,59,23,14,22,98,93,10,3,2,5,11,15,20,5,2,1,2,7,11,11,118,43,25,50,154,1.305084745762712,160,173,1.3559322033898304,1.4661016949152543,-13,59,27,9,23,92,80,59,16,16,27,68,93,10,2,3,5,9,8,12,5,1,1,3,4,6,7,0.31355932203389814,0.4152542372881356,-0.05084745762711873,55,3,2,5,7,118,118,191,154
118,58,26,34,200,1.694915254237288,191,168,1.61864406779661,1.423728813559322,23,59,35,13,11,115,73,59,23,13,23,76,95,10,3,2,5,11,14,18,5,1,1,3,4,3,8,118,44,37,37,169,1.4322033898305084,186,172,1.576271186440678,1.4576271186440677,14,59,26,21,12,95,74,59,18,16,25,91,98,10,4,2,4,14,22,14,5,2,1,2,7,13,8,0.2627118644067796,0.04237288135593209,-0.03389830508474567,9,-3,-3,-10,-8,118,118,200,169
117,53,21,43,180,1.5384615384615385,212,168,1.811965811965812,1.435897435897436,44,59,34,10,15,129,76,58,19,11,28,83,92,10,3,3,4,12,15,14,5,2,2,1,8,9,7,118,41,24,53,147,1.2457627118644068,186,188,1.576271186440678,1.5932203389830508,-2,59,22,10,27,95,95,59,19,14,26,91,93,10,3,4,3,13,8,11,5,1,2,2,5,1,5,0.29269882659713176,0.23569462552513398,-0.15732290308561492,46,3,-1,8,7,117,118,180,147
118,78,26,14,260,2.2033898305084745,239,91,2.0254237288135593,0.7711864406779662,148,59,43,10,6,129,45,59,35,16,8,110,46,10,9,0,1,27,17,4,5,5,0,0,15,10,2,118,58,26,34,200,1.694915254237288,191,168,1.61864406779661,1.423728813559322,23,59,35,13,11,115,73,59,23,13,23,76,95,10,3,2,5,11,14,18,5,1,1,3,4,3,8,0.5084745762711864,0.4067796610169492,-0.6525423728813559,125,11,16,7,3,118,118,260,200
117,75,24,18,249,2.128205128205128,252,115,2.1538461538461537,0.9829059829059829,137,59,43,11,5,142,54,58,32,13,13,110,61,10,7,2,1,23,21,9,5,3,1,1,10,9,5,118,38,36,44,150,1.271186440677966,155,171,1.3135593220338984,1.4491525423728813,-16,59,18,20,21,83,82,59,20,16,23,72,89,10,1,2,7,5,12,26,5,1,0,4,3,7,13,0.8570186875271621,0.8402868318122554,-0.4662465594668984,153,7,18,2,9,117,118,249,150
42,6,10,26,28,0.6666666666666666,43,92,1.0238095238095237,2.1904761904761907,-49,21,2,4,15,16,47,21,4,6,11,27,45,10,2,1,7,7,10,25,5,2,0,3,6,8,13,117,50,27,40,177,1.5128205128205128,177,168,1.5128205128205128,1.435897435897436,9,58,31,9,18,98,82,59,19,18,22,79,86,10,6,2,2,20,20,13,5,3,1,1,10,13,8,-0.8461538461538461,-0.48901098901098905,0.7545787545787548,-58,-4,-13,-5,-10,42,117,28,177
118,41,31,46,154,1.305084745762712,184,178,1.5593220338983051,1.5084745762711864,6,59,23,20,16,106,91,59,18,11,30,78,87,10,2,6,2,12,14,12,5,1,4,0,7,8,5,41,12,16,13,52,1.2682926829268293,52,58,1.2682926829268293,1.4146341463414633,-6,20,9,6,5,30,22,21,3,10,8,22,36,10,5,4,1,19,15,10,5,2,2,1,8,4,5,0.036792062835882655,0.29102935097147586,0.09384042992972308,12,-1,-7,4,-1,118,41,154,52
118,40,30,48,150,1.271186440677966,159,168,1.347457627118644,1.423728813559322,-9,59,18,19,22,73,70,59,22,11,26,86,98,10,4,4,2,16,20,11,5,1,3,1,6,5,5,118,67,31,20,232,1.9661016949152543,241,139,2.042372881355932,1.1779661016949152,102,59,39,15,5,127,55,59,28,16,15,114,84,10,3,5,2,14,17,15,5,1,4,0,7,7,5,-0.6949152542372883,-0.6949152542372881,0.2457627118644068,-111,-1,2,-2,3,118,118,150,232
118,44,37,37,169,1.4322033898305084,186,172,1.576271186440678,1.4576271186440677,14,59,26,21,12,95,74,59,18,16,25,91,98,10,4,2,4,14,22,14,5,2,1,2,7,13,8,118,54,29,35,191,1.61864406779661,209,167,1.771186440677966,1.4152542372881356,42,59,31,15,13,111,74,59,23,14,22,98,93,10,3,2,5,11,15,20,5,2,1,2,7,11,11,-0.18644067796610164,-0.19491525423728806,0.04237288135593209,-28,0,3,2,7,118,118,169,191
118,38,37,43,151,1.2796610169491525,134,148,1.1355932203389831,1.2542372881355932,-14,59,20,19,20,78,70,59,18,18,23,56,78,10,1,5,4,8,13,16,5,1,3,1,6,5,4,118,41,41,36,164,1.3898305084745763,176,174,1.4915254237288136,1.4745762711864407,2,59,22,22,15,82,67,59,19,19,21,94,107,10,3,6,1,15,16,12,5,0,4,1,4,7,8,-0.11016949152542388,-0.35593220338983045,-0.22033898305084754,-16,2,-7,-2,-3,118,118,151,164
4,2,2,0,8,2.0,5,2,1.25,0.5,3,2,1,1,0,2,0,2,1,1,0,3,2,4,2,2,0,8,5,2,4,2,2,0,8,5,2,4,0,0,4,0,0.0,0,10,0.0,2.5,-10,2,0,0,2,0,6,2,0,0,2,0,4,4,0,0,4,0,0,10,4,0,0,4,0,0,10,2.0,1.25,-2.0,13,8,8,5,5,4,4,8,0
118,43,25,50,154,1.305084745762712,160,173,1.3559322033898304,1.4661016949152543,-13,59,27,9,23,92,80,59,16,16,27,68,93,10,2,3,5,9,8,12,5,1,1,3,4,6,7,42,15,13,14,58,1.380952380952381,45,53,1.0714285714285714,1.2619047619047619,-8,21,10,6,5,26,22,21,5,7,9,19,31,10,3,3,4,12,12,17,5,2,1,2,7,5,6,-0.07586763518966899,0.28450363196125905,0.20419693301049247,-5,-3,-3,1,-4,118,42,154,58
117,50,27,40,177,1.5128205128205128,177,168,1.5128205128205128,1.435897435897436,9,58,31,9,18,98,82,59,19,18,22,79,86,10,6,2,2,20,20,13,5,3,1,1,10,13,8,118,38,36,44,150,1.271186440677966,155,171,1.3135593220338984,1.4491525423728813,-16,59,18,20,21,83,82,59,20,16,23,72,89,10,1,2,7,5,12,26,5,1,0,4,3,7,13,0.24163407214254673,0.19926119078661442,-0.013255106475445366,25,7,15,6,8,117,118,177,150
117,53,21,43,180,1.5384615384615385,212,168,1.811965811965812,1.435897435897436,44,59,34,10,15,129,76,58,19,11,28,83,92,10,3,3,4,12,15,14,5,2,2,1,8,9,7,42,6,10,26,28,0.6666666666666666,43,92,1.0238095238095237,2.1904761904761907,-49,21,2,4,15,16,47,21,4,6,11,27,45,10,2,1,7,7,10,25,5,2,0,3,6,8,13,0.8717948717948719,0.7881562881562882,-0.7545787545787548,93,2,5,1,5,117,42,180,28
118,41,41,36,164,1.3898305084745763,176,174,1.4915254237288136,1.4745762711864407,2,59,22,22,15,82,67,59,19,19,21,94,107,10,3,6,1,15,16,12,5,0,4,1,4,7,8,118,78,26,14,260,2.2033898305084745,239,91,2.0254237288135593,0.7711864406779662,148,59,43,10,6,129,45,59,35,16,8,110,46,10,9,0,1,27,17,4,5,5,0,0,15,10,2,-0.8135593220338981,-0.5338983050847457,0.7033898305084746,-146,-11,-12,-3,-1,118,118,164,260
118,54,29,35,191,1.61864406779661,209,167,1.771186440677966,1.4152542372881356,42,59,31,15,13,111,74,59,23,14,22,98,93,10,3,2,5,11,15,20,5,2,1,2,7,11,11,117,75,24,18,249,2.128205128205128,252,115,2.1538461538461537,0.9829059829059829,137,59,43,11,5,142,54,58,32,13,13,110,61,10,7,2,1,23,21,9,5,3,1,1,10,9,5,-0.5095610604085181,-0.3826597131681877,0.43234825438215274,-95,-3,-12,2,-6,118,117,191,249
118,40,30,48,150,1.271186440677966,159,168,1.347457627118644,1.423728813559322,-9,59,18,19,22,73,70,59,22,11,26,86,98,10,4,4,2,16,20,11,5,1,3,1,6,5,5,42,15,13,14,58,1.380952380952381,45,53,1.0714285714285714,1.2619047619047619,-8,21,10,6,5,26,22,21,5,7,9,19,31,10,3,3,4,12,12,17,5,2,1,2,7,5,6,-0.10976594027441489,0.27602905569007263,0.16182405165456015,-1,-1,4,0,8,118,42,150,58
118,58,26,34,200,1.694915254237288,191,168,1.61864406779661,1.423728813559322,23,59,35,13,11,115,73,59,23,13,23,76,95,10,3,2,5,11,14,18,5,1,1,3,4,3,8,4,0,0,4,0,0.0,0,10,0.0,2.5,-10,2,0,0,2,0,6,2,0,0,2,0,4,4,0,0,4,0,0,10,4,0,0,4,0,0,10,1.694915254237288,1.61864406779661,-1.076271186440678,33,4,11,3,14,118,4,200,0
118,38,37,43,151,1.2796610169491525,134,148,1.1355932203389831,1.2542372881355932,-14,59,20,19,20,78,70,59,18,18,23,56,78,10,1,5,4,8,13,16,5,1,3,1,6,5,4,118,44,37,37,169,1.4322033898305084,186,172,1.576271186440678,1.4576271186440677,14,59,26,21,12,95,74,59,18,16,25,91,98,10,4,2,4,14,22,14,5,2,1,2,7,13,8,-0.15254237288135597,-0.44067796610169485,-0.20338983050847448,-28,-1,-6,-8,-9,118,118,151,169
118,41,24,53,147,1.2457627118644068,186,188,1.576271186440678,1.5932203389830508,-2,59,22,10,27,95,95,59,19,14,26,91,93,10,3,4,3,13,8,11,5,1,2,2,5,1,5,4,2,2,0,8,2.0,5,2,1.25,0.5,3,2,1,1,0,2,0,2,1,1,0,3,2,4,2,2,0,8,5,2,4,2,2,0,8,5,2,-0.7542372881355932,0.326271186440678,1.0932203389830508,-5,-3,5,-4,3,118,4,147,8
41,12,16,13,52,1.2682926829268293,52,58,1.2682926829268293,1.4146341463414633,-6,20,9,6,5,30,22,21,3,10,8,22,36,10,5,4,1,19,15,10,5,2,2,1,8,4,5,118,67,31,20,232,1.9661016949152543,241,139,2.042372881355932,1.1779661016949152,102,59,39,15,5,127,55,59,28,16,15,114,84,10,3,5,2,14,17,15,5,1,4,0,7,7,5,-0.697809011988425,-0.7740801984291028,0.23666804464654811,-108,1,5,-3,-2,41,118,52,232
118,41,31,46,154,1.305084745762712,184,178,1.5593220338983051,1.5084745762711864,6,59,23,20,16,106,91,59,18,11,30,78,87,10,2,6,2,12,14,12,5,1,4,0,7,8,5,118,43,25,50,154,1.305084745762712,160,173,1.3559322033898304,1.4661016949152543,-13,59,27,9,23,92,80,59,16,16,27,68,93,10,2,3,5,9,8,12,5,1,1,3,4,6,7,0.0,0.2033898305084747,0.04237288135593209,19,3,3,2,6,118,118,154,154
117,75,24,18,249,2.128205128205128,252,115,2.1538461538461537,0.9829059829059829,137,59,43,11,5,142,54,58,32,13,13,110,61,10,7,2,1,23,21,9,5,3,1,1,10,9,5,118,41,31,46,154,1.305084745762712,184,178,1.5593220338983051,1.5084745762711864,6,59,23,20,16,106,91,59,18,11,30,78,87,10,2,6,2,12,14,12,5,1,4,0,7,8,5,0.8231203824424163,0.5945241199478486,-0.5255685933652036,131,3,11,1,7,117,118,249,154
118,44,37,37,169,1.4322033898305084,186,172,1.576271186440678,1.4576271186440677,14,59,26,21,12,95,74,59,18,16,25,91,98,10,4,2,4,14,22,14,5,2,1,2,7,13,8,118,40,30,48,150,1.271186440677966,159,168,1.347457627118644,1.423728813559322,-9,59,18,19,22,73,70,59,22,11,26,86,98,10,4,4,2,16,20,11,5,1,3,1,6,5,5,0.1610169491525424,0.22881355932203395,0.03389830508474567,23,1,-2,8,2,118,118,169,150
118,67,31,20,232,1.9661016949152543,241,139,2.042372881355932,1.1779661016949152,102,59,39,15,5,127,55,59,28,16,15,114,84,10,3,5,2,14,17,15,5,1,4,0,7,7,5,118,54,29,35,191,1.61864406779661,209,167,1.771186440677966,1.4152542372881356,42,59,31,15,13,111,74,59,23,14,22,98,93,10,3,2,5,11,15,20,5,2,1,2,7,11,11,0.34745762711864425,0.27118644067796605,-0.23728813559322037,60,0,3,-4,2,118,118,232,191
118,78,26,14,260,2.2033898305084745,239,91,2.0254237288135593,0.7711864406779662,148,59,43,10,6,129,45,59,35,16,8,110,46,10,9,0,1,27,17,4,5,5,0,0,15,10,2,118,41,24,53,147,1.2457627118644068,186,188,1.576271186440678,1.5932203389830508,-2,59,22,10,27,95,95,59,19,14,26,91,93,10,3,4,3,13,8,11,5,1,2,2,5,1,5,0.9576271186440677,0.44915254237288127,-0.8220338983050847,150,10,14,9,9,118,118,260,147
4,0,0,4,0,0.0,0,10,0.0,2.5,-10,2,0,0,2,0,6,2,0,0,2,0,4,4,0,0,4,0,0,10,4,0,0,4,0,0,10,117,50,27,40,177,1.5128205128205128,177,168,1.5128205128205128,1.435897435897436,9,58,31,9,18,98,82,59,19,18,22,79,86,10,6,2,2,20,20,13,5,3,1,1,10,13,8,-1.5128205128205128,-1.5128205128205128,1.064102564102564,-19,-10,-20,-13,-20,4,117,0,177
118,43,25,50,154,1.305084745762712,160,173,1.3559322033898304,1.4661016949152543,-13,59,27,9,23,92,80,59,16,16,27,68,93,10,2,3,5,9,8,12,5,1,1,3,4,6,7,118,38,37,43,151,1.2796610169491525,134,148,1.1355932203389831,1.2542372881355932,-14,59,20,19,20,78,70,59,18,18,23,56,78,10,1,5,4,8,13,16,5,1,3,1,6,5,4,0.025423728813559476,0.22033898305084731,0.21186440677966112,1,-2,1,1,-5,118,118,154,151
42,6,10,26,28,0.6666666666666666,43,92,1.0238095238095237,2.1904761904761907,-49,21,2,4,15,16,47,21,4,6,11,27,45,10,2,1,7,7,10,25,5,2,0,3,6,8,13,41,12,16,13,52,1.2682926829268293,52,58,1.2682926829268293,1.4146341463414633,-6,20,9,6,5,30,22,21,3,10,8,22,36,10,5,4,1,19,15,10,5,2,2,1,8,4,5,-0.6016260162601627,-0.24448315911730556,0.7758420441347273,-43,-2,-12,4,-5,42,41,28,52
118,38,36,44,150,1.271186440677966,155,171,1.3135593220338984,1.4491525423728813,-16,59,18,20,21,83,82,59,20,16,23,72,89,10,1,2,7,5,12,26,5,1,0,4,3,7,13,118,58,26,34,200,1.694915254237288,191,168,1.61864406779661,1.423728813559322,23,59,35,13,11,115,73,59,23,13,23,76,95,10,3,2,5,11,14,18,5,1,1,3,4,3,8,-0.423728813559322,-0.3050847457627117,0.025423728813559254,-39,-1,-6,4,-2,118,118,150,200
42,15,13,14,58,1.380952380952381,45,53,1.0714285714285714,1.2619047619047619,-8,21,10,6,5,26,22,21,5,7,9,19,31,10,3,3,4,12,12,17,5,2,1,2,7,5,6,117,53,21,43,180,1.5384615384615385,212,168,1.811965811965812,1.435897435897436,44,59,34,10,15,129,76,58,19,11,28,83,92,10,3,3,4,12,15,14,5,2,2,1,8,9,7,-0.15750915750915762,-0.7405372405372406,-0.17399267399267404,-52,-1,0,-4,-3,42,117,58,180
4,2,2,0,8,2.0,5,2,1.25,0.5,3,2,1,1,0,2,0,2,1,1,0,3,2,4,2,2,0,8,5,2,4,2,2,0,8,5,2,118,41,41,36,164,1.3898305084745763,176,174,1.4915254237288136,1.4745762711864407,2,59,22,22,15,82,67,59,19,19,21,94,107,10,3,6,1,15,16,12,5,0,4,1,4,7,8,0.6101694915254237,-0.24152542372881358,-0.9745762711864407,1,4,-7,-2,-11,4,118,8,164
117,53,21,43,180,1.5384615384615385,212,168,1.811965811965812,1.435897435897436,44,59,34,10,15,129,76,58,19,11,28,83,92,10,3,3,4,12,15,14,5,2,2,1,8,9,7,4,0,0,4,0,0.0,0,10,0.0,2.5,-10,2,0,0,2,0,6,2,0,0,2,0,4,4,0,0,4,0,0,10,4,0,0,4,0,0,10,1.5384615384615385,1.811965811965812,-1.064102564102564,54,8,12,9,15,117,4,180,0
118,41,31,46,154,1.305084745762712,184,178,1.5593220338983051,1.5084745762711864,6,59,23,20,16,106,91,59,18,11,30,78,87,10,2,6,2,12,14,12,5,1,4,0,7,8,5,118,58,26,34,200,1.694915254237288,191,168,1.61864406779661,1.423728813559322,23,59,35,13,11,115,73,59,23,13,23,76,95,10,3,2,5,11,14,18,5,1,1,3,4,3,8,-0.3898305084745761,-0.05932203389830493,0.0847457627118644,-17,3,1,5,0,118,118,154,200
118,38,37,43,151,1.2796610169491525,134,148,1.1355932203389831,1.2542372881355932,-14,59,20,19,20,78,70,59,18,18,23,56,78,10,1,5,4,8,13,16,5,1,3,1,6,5,4,4,2,2,0,8,2.0,5,2,1.25,0.5,3,2,1,1,0,2,0,2,1,1,0,3,2,4,2,2,0,8,5,2,4,2,2,0,8,5,2,-0.7203389830508475,-0.11440677966101687,0.7542372881355932,-17,-2,0,0,8,118,4,151,8
118,44,37,37,169,1.4322033898305084,186,172,1.576271186440678,1.4576271186440677,14,59,26,21,12,95,74,59,18,16,25,91,98,10,4,2,4,14,22,14,5,2,1,2,7,13,8,42,15,13,14,58,1.380952380952381,45,53,1.0714285714285714,1.2619047619047619,-8,21,10,6,5,26,22,21,5,7,9,19,31,10,3,3,4,12,12,17,5,2,1,2,7,5,6,0.0512510088781275,0.5048426150121066,0.19572235673930583,22,0,2,8,10,118,42,169,58
118,43,25,50,154,1.305084745762712,160,173,1.3559322033898304,1.4661016949152543,-13,59,27,9,23,92,80,59,16,16,27,68,93,10,2,3,5,9,8,12,5,1,1,3,4,6,7,42,6,10,26,28,0.6666666666666666,43,92,1.0238095238095237,2.1904761904761907,-49,21,2,4,15,16,47,21,4,6,11,27,45,10,2,1,7,7,10,25,5,2,0,3,6,8,13,0.6384180790960453,0.3321226795803067,-0.7243744955609364,36,-2,2,-2,-2,118,42,154,28
117,75,24,18,249,2.128205128205128,252,115,2.1538461538461537,0.9829059829059829,137,59,43,11,5,142,54,58,32,13,13,110,61,10,7,2,1,23,21,9,5,3,1,1,10,9,5,118,67,31,20,232,1.9661016949152543,241,139,2.042372881355932,1.1779661016949152,102,59,39,15,5,127,55,59,28,16,15,114,84,10,3,5,2,14,17,15,5,1,4,0,7,7,5,0.16210343328987387,0.11147327249022165,-0.19506011878893237,35,3,9,2,4,117,118,249,232
118,41,41,36,164,1.3898305084745763,176,174,1.4915254237288136,1.4745762711864407,2,59,22,22,15,82,67,59,19,19,21,94,107,10,3,6,1,15,16,12,5,0,4,1,4,7,8,117,50,27,40,177,1.5128205128205128,177,168,1.5128205128205128,1.435897435897436,9,58,31,9,18,98,82,59,19,18,22,79,86,10,6,2,2,20,20,13,5,3,1,1,10,13,8,-0.12299000434593643,-0.021295089091699193,0.03867883528900484,-7,-6,-5,-6,-4,118,117,164,177
41,12,16,13,52,1.2682926829268293,52,58,1.2682926829268293,1.4146341463414633,-6,20,9,6,5,30,22,21,3,10,8,22,36,10,5,4,1,19,15,10,5,2,2,1,8,4,5,118,78,26,14,260,2.2033898305084745,239,91,2.0254237288135593,0.7711864406779662,148,59,43,10,6,129,45,59,35,16,8,110,46,10,9,0,1,27,17,4,5,5,0,0,15,10,2,-0.9350971475816452,-0.75713104588673,0.6434477056634972,-154,-7,-8,-6,-2,41,118,52,260
118,40,30,48,150,1.271186440677966,159,168,1.347457627118644,1.423728813559322,-9,59,18,19,22,73,70,59,22,11,26,86,98,10,4,4,2,16,20,11,5,1,3,1,6,5,5,118,38,36,44,150,1.271186440677966,155,171,1.3135593220338984,1.4491525423728813,-16,59,18,20,21,83,82,59,20,16,23,72,89,10,1,2,7,5,12,26,5,1,0,4,3,7,13,0.0,0.03389830508474567,-0.025423728813559254,7,3,11,-2,8,118,118,150,150
118,41,24,53,147,1.2457627118644068,186,188,1.576271186440678,1.5932203389830508,-2,59,22,10,27,95,95,59,19,14,26,91,93,10,3,4,3,13,8,11,5,1,2,2,5,1,5,118,54,29,35,191,1.61864406779661,209,167,1.771186440677966,1.4152542372881356,42,59,31,15,13,111,74,59,23,14,22,98,93,10,3,2,5,11,15,20,5,2,1,2,7,11,11,-0.3728813559322033,-0.19491525423728806,0.17796610169491522,-44,-2,2,-10,-7,118,118,147,191
118,67,31,20,232,1.9661016949152543,241,139,2.042372881355932,1.1779661016949152,102,59,39,15,5,127,55,59,28,16,15,114,84,10,3,5,2,14,17,15,5,1,4,0,7,7,5,118,41,31,46,154,1.305084745762712,184,178,1.5593220338983051,1.5084745762711864,6,59,23,20,16,106,91,59,18,11,30,78,87,10,2,6,2,12,14,12,5,1,4,0,7,8,5,0.6610169491525424,0.48305084745762694,-0.3305084745762712,96,0,2,-1,3,118,118,232,154
42,15,13,14,58,1.380952380952381,45,53,1.0714285714285714,1.2619047619047619,-8,21,10,6,5,26,22,21,5,7,9,19,31,10,3,3,4,12,12,17,5,2,1,2,7,5,6,118,41,41,36,164,1.3898305084745763,176,174,1.4915254237288136,1.4745762711864407,2,59,22,22,15,82,67,59,19,19,21,94,107,10,3,6,1,15,16,12,5,0,4,1,4,7,8,-0.008878127522195411,-0.4200968523002422,-0.21267150928167888,-10,3,-3,-2,-4,42,118,58,164
4,2,2,0,8,2.0,5,2,1.25,0.5,3,2,1,1,0,2,0,2,1,1,0,3,2,4,2,2,0,8,5,2,4,2,2,0,8,5,2,118,43,25,50,154,1.305084745762712,160,173,1.3559322033898304,1.4661016949152543,-13,59,27,9,23,92,80,59,16,16,27,68,93,10,2,3,5,9,8,12,5,1,1,3,4,6,7,0.6949152542372881,-0.10593220338983045,-0.9661016949152543,16,4,-1,-1,-3,4,118,8,154
117,50,27,40,177,1.5128205128205128,177,168,1.5128205128205128,1.435897435897436,9,58,31,9,18,98,82,59,19,18,22,79,86,10,6,2,2,20,20,13,5,3,1,1,10,13,8,41,12,16,13,52,1.2682926829268293,52,58,1.2682926829268293,1.4146341463414633,-6,20,9,6,5,30,22,21,3,10,8,22,36,10,5,4,1,19,15,10,5,2,2,1,8,4,5,0.2445278298936835,0.2445278298936835,0.021263289555972564,15,2,1,9,5,117,41,177,52
118,58,26,34,200,1.694915254237288,191,168,1.61864406779661,1.423728813559322,23,59,35,13,11,115,73,59,23,13,23,76,95,10,3,2,5,11,14,18,5,1,1,3,4,3,8,117,53,21,43,180,1.5384615384615385,212,168,1.811965811965812,1.435897435897436,44,59,34,10,15,129,76,58,19,11,28,83,92,10,3,3,4,12,15,14,5,2,2,1,8,9,7,0.1564537157757495,-0.1933217441692019,-0.012168622338113888,-21,-4,-1,-6,-1,118,117,200,180
42,6,10,26,28,0.6666666666666666,43,92,1.0238095238095237,2.1904761904761907,-49,21,2,4,15,16,47,21,4,6,11,27,45,10,2,1,7,7,10,25,5,2,0,3,6,8,13,117,75,24,18,249,2.128205128205128,252,115,2.1538461538461537,0.9829059829059829,137,59,43,11,5,142,54,58,32,13,13,110,61,10,7,2,1,23,21,9,5,3,1,1,10,9,5,-1.4615384615384617,-1.13003663003663,1.2075702075702077,-186,-4,-16,-1,-11,42,117,28,249
4,0,0,4,0,0.0,0,10,0.0,2.5,-10,2,0,0,2,0,6,2,0,0,2,0,4,4,0,0,4,0,0,10,4,0,0,4,0,0,10,118,41,24,53,147,1.2457627118644068,186,188,1.576271186440678,1.5932203389830508,-2,59,22,10,27,95,95,59,19,14,26,91,93,10,3,4,3,13,8,11,5,1,2,2,5,1,5,-1.2457627118644068,-1.576271186440678,0.9067796610169492,-8,-5,-13,-1,-8,4,118,0,147
118,54,29,35,191,1.61864406779661,209,167,1.771186440677966,1.4152542372881356,42,59,31,15,13,111,74,59,23,14,22,98,93,10,3,2,5,11,15,20,5,2,1,2,7,11,11,118,38,37,43,151,1.2796610169491525,134,148,1.1355932203389831,1.2542372881355932,-14,59,20,19,20,78,70,59,18,18,23,56,78,10,1,5,4,8,13,16,5,1,3,1,6,5,4,0.3389830508474576,0.6355932203389829,0.1610169491525424,56,1,3,6,2,118,118,191,151
118,38,36,44,150,1.271186440677966,155,171,1.3135593220338984,1.4491525423728813,-16,59,18,20,21,83,82,59,20,16,23,72,89,10,1,2,7,5,12,26,5,1,0,4,3,7,13,118,44,37,37,169,1.4322033898305084,186,172,1.576271186440678,1.4576271186440677,14,59,26,21,12,95,74,59,18,16,25,91,98,10,4,2,4,14,22,14,5,2,1,2,7,13,8,-0.1610169491525424,-0.2627118644067796,-0.008474576271186418,-30,-4,-9,-6,-10,118,118,150,169
118,78,26,14,260,2.2033898305084745,239,91,2.0254237288135593,0.7711864406779662,148,59,43,10,6,129,45,59,35,16,8,110,46,10,9,0,1,27,17,4,5,5,0,0,15,10,2,118,40,30,48,150,1.271186440677966,159,168,1.347457627118644,1.423728813559322,-9,59,18,19,22,73,70,59,22,11,26,86,98,10,4,4,2,16,20,11,5,1,3,1,6,5,5,0.9322033898305084,0.6779661016949152,-0.6525423728813559,157,9,11,5,-3,118,118,260,150
117,53,21,43,180,1.5384615384615385,212,168,1.811965811965812,1.435897435897436,44,59,34,10,15,129,76,58,19,11,28,83,92,10,3,3,4,12,15,14,5,2,2,1,8,9,7,118,38,36,44,150,1.271186440677966,155,171,1.3135593220338984,1.4491525423728813,-16,59,18,20,21,83,82,59,20,16,23,72,89,10,1,2,7,5,12,26,5,1,0,4,3,7,13,0.2672750977835725,0.4984064899319136,-0.013255106475445366,60,5,7,2,3,117,118,180,150
118,40,30,48,150,1.271186440677966,159,168,1.347457627118644,1.423728813559322,-9,59,18,19,22,73,70,59,22,11,26,86,98,10,4,4,2,16,20,11,5,1,3,1,6,5,5,42,6,10,26,28,0.6666666666666666,43,92,1.0238095238095237,2.1904761904761907,-49,21,2,4,15,16,47,21,4,6,11,27,45,10,2,1,7,7,10,25,5,2,0,3,6,8,13,0.6045197740112994,0.3236481033091203,-0.7667473769168687,40,0,9,-3,10,118,42,150,28
41,12,16,13,52,1.2682926829268293,52,58,1.2682926829268293,1.4146341463414633,-6,20,9,6,5,30,22,21,3,10,8,22,36,10,5,4,1,19,15,10,5,2,2,1,8,4,5,42,15,13,14,58,1.380952380952381,45,53,1.0714285714285714,1.2619047619047619,-8,21,10,6,5,26,22,21,5,7,9,19,31,10,3,3,4,12,12,17,5,2,1,2,7,5,6,-0.11265969802555165,0.1968641114982579,0.15272938443670148,2,1,7,-1,3,41,42,52,58
118,44,37,37,169,1.4322033898305084,186,172,1.576271186440678,1.4576271186440677,14,59,26,21,12,95,74,59,18,16,25,91,98,10,4,2,4,14,22,14,5,2,1,2,7,13,8,118,67,31,20,232,1.9661016949152543,241,139,2.042372881355932,1.1779661016949152,102,59,39,15,5,127,55,59,28,16,15,114,84,10,3,5,2,14,17,15,5,1,4,0,7,7,5,-0.5338983050847459,-0.4661016949152541,0.27966101694915246,-88,0,0,6,5,118,118,169,232
118,41,41,36,164,1.3898305084745763,176,174,1.4915254237288136,1.4745762711864407,2,59,22,22,15,82,67,59,19,19,21,94,107,10,3,6,1,15,16,12,5,0,4,1,4,7,8,118,54,29,35,191,1.61864406779661,209,167,1.771186440677966,1.4152542372881356,42,59,31,15,13,111,74,59,23,14,22,98,93,10,3,2,5,11,15,20,5,2,1,2,7,11,11,-0.22881355932203373,-0.27966101694915246,0.05932203389830515,-40,-3,4,-4,1,118,118,164,191
118,41,31,46,154,1.305084745762712,184,178,1.5593220338983051,1.5084745762711864,6,59,23,20,16,106,91,59,18,11,30,78,87,10,2,6,2,12,14,12,5,1,4,0,7,8,5,4,2,2,0,8,2.0,5,2,1.25,0.5,3,2,1,1,0,2,0,2,1,1,0,3,2,4,2,2,0,8,5,2,4,2,2,0,8,5,2,-0.6949152542372881,0.30932203389830515,1.0084745762711864,3,-1,4,3,9,118,4,154,8
117,75,24,18,249,2.128205128205128,252,115,2.1538461538461537,0.9829059829059829,137,59,43,11,5,142,54,58,32,13,13,110,61,10,7,2,1,23,21,9,5,3,1,1,10,9,5,118,58,26,34,200,1.694915254237288,191,168,1.61864406779661,1.423728813559322,23,59,35,13,11,115,73,59,23,13,23,76,95,10,3,2,5,11,14,18,5,1,1,3,4,3,8,0.43328987396784013,0.5352020860495437,-0.44082283065333916,114,6,12,6,7,117,118,249,200
118,38,37,43,151,1.2796610169491525,134,148,1.1355932203389831,1.2542372881355932,-14,59,20,19,20,78,70,59,18,18,23,56,78,10,1,5,4,8,13,16,5,1,3,1,6,5,4,118,78,26,14,260,2.2033898305084745,239,91,2.0254237288135593,0.7711864406779662,148,59,43,10,6,129,45,59,35,16,8,110,46,10,9,0,1,27,17,4,5,5,0,0,15,10,2,-0.923728813559322,-0.8898305084745761,0.48305084745762705,-162,-9,-19,-5,-4,118,118,151,260
118,41,24,53,147,1.2457627118644068,186,188,1.576271186440678,1.5932203389830508,-2,59,22,10,27,95,95,59,19,14,26,91,93,10,3,4,3,13,8,11,5,1,2,2,5,1,5,117,50,27,40,177,1.5128205128205128,177,168,1.5128205128205128,1.435897435897436,9,58,31,9,18,98,82,59,19,18,22,79,86,10,6,2,2,20,20,13,5,3,1,1,10,13,8,-0.267057800956106,0.06345067362016521,0.15732290308561492,-11,-5,-7,-12,-12,118,117,147,177
118,43,25,50,154,1.305084745762712,160,173,1.3559322033898304,1.4661016949152543,-13,59,27,9,23,92,80,59,16,16,27,68,93,10,2,3,5,9,8,12,5,1,1,3,4,6,7,4,0,0,4,0,0.0,0,10,0.0,2.5,-10,2,0,0,2,0,6,2,0,0,2,0,4,4,0,0,4,0,0,10,4,0,0,4,0,0,10,1.305084745762712,1.3559322033898304,-1.0338983050847457,-3,4,9,6,8,118,4,154,0
4,2,2,0,8,2.0,5,2,1.25,0.5,3,2,1,1,0,2,0,2,1,1,0,3,2,4,2,2,0,8,5,2,4,2,2,0,8,5,2,117,53,21,43,180,1.5384615384615385,212,168,1.811965811965812,1.435897435897436,44,59,34,10,15,129,76,58,19,11,28,83,92,10,3,3,4,12,15,14,5,2,2,1,8,9,7,0.46153846153846145,-0.561965811965812,-0.9358974358974359,-41,0,-4,-4,-10,4,117,8,180
118,67,31,20,232,1.9661016949152543,241,139,2.042372881355932,1.1779661016949152,102,59,39,15,5,127,55,59,28,16,15,114,84,10,3,5,2,14,17,15,5,1,4,0,7,7,5,118,41,41,36,164,1.3898305084745763,176,174,1.4915254237288136,1.4745762711864407,2,59,22,22,15,82,67,59,19,19,21,94,107,10,3,6,1,15,16,12,5,0,4,1,4,7,8,0.576271186440678,0.5508474576271185,-0.2966101694915255,100,3,-1,0,1,118,118,232,164
118,38,36,44,150,1.271186440677966,155,171,1.3135593220338984,1.4491525423728813,-16,59,18,20,21,83,82,59,20,16,23,72,89,10,1,2,7,5,12,26,5,1,0,4,3,7,13,41,12,16,13,52,1.2682926829268293,52,58,1.2682926829268293,1.4146341463414633,-6,20,9,6,5,30,22,21,3,10,8,22,36,10,5,4,1,19,15,10,5,2,2,1,8,4,5,0.0028937577511367607,0.04526663910706907,0.03451839603141793,-10,-5,-14,3,-3,118,41,150,52
118,54,29,35,191,1.61864406779661,209,167,1.771186440677966,1.4152542372881356,42,59,31,15,13,111,74,59,23,14,22,98,93,10,3,2,5,11,15,20,5,2,1,2,7,11,11,118,41,31,46,154,1.305084745762712,184,178,1.5593220338983051,1.5084745762711864,6,59,23,20,16,106,91,59,18,11,30,78,87,10,2,6,2,12,14,12,5,1,4,0,7,8,5,0.31355932203389814,0.2118644067796609,-0.09322033898305082,36,0,-1,3,1,118,118,191,154
4,0,0,4,0,0.0,0,10,0.0,2.5,-10,2,0,0,2,0,6,2,0,0,2,0,4,4,0,0,4,0,0,10,4,0,0,4,0,0,10,118,40,30,48,150,1.271186440677966,159,168,1.347457627118644,1.423728813559322,-9,59,18,19,22,73,70,59,22,11,26,86,98,10,4,4,2,16,20,11,5,1,3,1,6,5,5,-1.271186440677966,-1.347457627118644,1.076271186440678,-1,-6,-16,-5,-20,4,118,0,150
118,78,26,14,260,2.2033898305084745,239,91,2.0254237288135593,0.7711864406779662,148,59,43,10,6,129,45,59,35,16,8,110,46,10,9,0,1,27,17,4,5,5,0,0,15,10,2,118,44,37,37,169,1.4322033898305084,186,172,1.576271186440678,1.4576271186440677,14,59,26,21,12,95,74,59,18,16,25,91,98,10,4,2,4,14,22,14,5,2,1,2,7,13,8,0.771186440677966,0.44915254237288127,-0.6864406779661015,134,8,13,-3,-5,118,118,260,169
118,58,26,34,200,1.694915254237288,191,168,1.61864406779661,1.423728813559322,23,59,35,13,11,115,73,59,23,13,23,76,95,10,3,2,5,11,14,18,5,1,1,3,4,3,8,118,41,24,53,147,1.2457627118644068,186,188,1.576271186440678,1.5932203389830508,-2,59,22,10,27,95,95,59,19,14,26,91,93,10,3,4,3,13,8,11,5,1,2,2,5,1,5,0.44915254237288127,0.04237288135593209,-0.1694915254237288,25,-1,-2,2,6,118,118,200,147
117,50,27,40,177,1.5128205128205128,177,168,1.5128205128205128,1.435897435897436,9,58,31,9,18,98,82,59,19,18,22,79,86,10,6,2,2,20,20,13,5,3,1,1,10,13,8,118,43,25,50,154,1.305084745762712,160,173,1.3559322033898304,1.4661016949152543,-13,59,27,9,23,92,80,59,16,16,27,68,93,10,2,3,5,9,8,12,5,1,1,3,4,6,7,0.20773576705780084,0.15688830943068233,-0.030204259017818424,22,6,11,7,12,117,118,177,154
42,15,13,14,58,1.380952380952381,45,53,1.0714285714285714,1.2619047619047619,-8,21,10,6,5,26,22,21,5,7,9,19,31,10,3,3,4,12,12,17,5,2,1,2,7,5,6,117,75,24,18,249,2.128205128205128,252,115,2.1538461538461537,0.9829059829059829,137,59,43,11,5,142,54,58,32,13,13,110,61,10,7,2,1,23,21,9,5,3,1,1,10,9,5,-0.7472527472527473,-1.0824175824175823,0.278998778998779,-145,-3,-11,-4,-9,42,117,58,249
42,6,10,26,28,0.6666666666666666,43,92,1.0238095238095237,2.1904761904761907,-49,21,2,4,15,16,47,21,4,6,11,27,45,10,2,1,7,7,10,25,5,2,0,3,6,8,13,118,38,37,43,151,1.2796610169491525,134,148,1.1355932203389831,1.2542372881355932,-14,59,20,19,20,78,70,59,18,18,23,56,78,10,1,5,4,8,13,16,5,1,3,1,6,5,4,-0.6129943502824858,-0.11178369652945941,0.9362389023405975,-35,0,-1,3,-3,42,118,28,151
