fixture_id,season,date,timestamp,timezone,status_short,status_long,status_elapsed,league_id,league_name,country,round,home_team_id,home_team_name,home_team_code,away_team_id,away_team_name,away_team_code,home_goals,away_goals
1035037,2023,2023-08-11 19:00:00+00:00,1691780400,UTC,FT,Match Finished,90,39,Premier League,England,Regular Season - 1,44,Burnley,,50,Manchester City,,0,3
1035038,2023,2023-08-12 11:30:00+00:00,1691839800,UTC,FT,Match Finished,90,39,Premier League,England,Regular Season - 1,42,Arsenal,,65,Nottingham Forest,,2,1
1035039,2023,2023-08-12 14:00:00+00:00,1691848800,UTC,FT,Match Finished,90,39,Premier League,England,Regular Season - 1,35,Bournemouth,,48,West Ham,,1,1
1035040,2023,2023-08-12 14:00:00+00:00,1691848800,UTC,FT,Match Finished,90,39,Premier League,England,Regular Season - 1,51,Brighton,,1359,Luton,,4,1
1035041,2023,2023-08-12 14:00:00+00:00,1691848800,UTC,FT,Match Finished,90,39,Premier League,England,Regular Season - 1,45,Everton,,36,Fulham,,0,1
1035042,2023,2023-08-12 14:00:00+00:00,1691848800,UTC,FT,Match Finished,90,39,Premier League,England,Regular Season - 1,62,Sheffield Utd,,52,Crystal Palace,,0,1
1035043,2023,2023-08-12 16:30:00+00:00,1691857800,UTC,FT,Match Finished,90,39,Premier League,England,Regular Season - 1,34,Newcastle,,66,Aston Villa,,5,1
1035044,2023,2023-08-13 13:00:00+00:00,1691931600,UTC,FT,Match Finished,90,39,Premier League,England,Regular Season - 1,55,Brentford,,47,Tottenham,,2,2
1035045,2023,2023-08-13 15:30:00+00:00,1691940600,UTC,FT,Match Finished,90,39,Premier League,England,Regular Season - 1,49,Chelsea,,40,Liverpool,,1,1
1035046,2023,2023-08-14 19:00:00+00:00,1692039600,UTC,FT,Match Finished,90,39,Premier League,England,Regular Season - 1,33,Manchester United,,39,Wolves,,1,0
1035053,2023,2023-08-18 18:45:00+00:00,1692384300,UTC,FT,Match Finished,90,39,Premier League,England,Regular Season - 2,65,Nottingham Forest,,62,Sheffield Utd,,2,1
1035049,2023,2023-08-19 14:00:00+00:00,1692453600,UTC,FT,Match Finished,90,39,Premier League,England,Regular Season - 2,36,Fulham,,55,Brentford,,0,3
1035050,2023,2023-08-19 14:00:00+00:00,1692453600,UTC,FT,Match Finished,90,39,Premier League,England,Regular Season - 2,40,Liverpool,,35,Bournemouth,,3,1
1035056,2023,2023-08-19 14:00:00+00:00,1692453600,UTC,FT,Match Finished,90,39,Premier League,England,Regular Season - 2,39,Wolves,,51,Brighton,,1,4
1035054,2023,2023-08-19 16:30:00+00:00,1692462600,UTC,FT,Match Finished,90,39,Premier League,England,Regular Season - 2,47,Tottenham,,33,Manchester United,,2,0
1035052,2023,2023-08-19 19:00:00+00:00,1692471600,UTC,FT,Match Finished,90,39,Premier League,England,Regular Season - 2,50,Manchester City,,34,Newcastle,,1,0
1035047,2023,2023-08-20 13:00:00+00:00,1692536400,UTC,FT,Match Finished,90,39,Premier League,England,Regular Season - 2,66,Aston Villa,,45,Everton,,4,0
1035055,2023,2023-08-20 15:30:00+00:00,1692545400,UTC,FT,Match Finished,90,39,Premier League,England,Regular Season - 2,48,West Ham,,49,Chelsea,,3,1
1035048,2023,2023-08-21 19:00:00+00:00,1692644400,UTC,FT,Match Finished,90,39,Premier League,England,Regular Season - 2,52,Crystal Palace,,42,Arsenal,,0,1
1035062,2023,2023-08-25 19:00:00+00:00,1692990000,UTC,FT,Match Finished,90,39,Premier League,England,Regular Season - 3,49,Chelsea,,1359,Luton,,3,0
1035057,2023,2023-08-26 11:30:00+00:00,1693049400,UTC,FT,Match Finished,90,39,Premier League,England,Regular Season - 3,35,Bournemouth,,47,Tottenham,,0,2
1035058,2023,2023-08-26 14:00:00+00:00,1693058400,UTC,FT,Match Finished,90,39,Premier League,England,Regular Season - 3,42,Arsenal,,36,Fulham,,2,2
1035059,2023,2023-08-26 14:00:00+00:00,1693058400,UTC,FT,Match Finished,90,39,Premier League,England,Regular Season - 3,55,Brentford,,52,Crystal Palace,,1,1
1035063,2023,2023-08-26 14:00:00+00:00,1693058400,UTC,FT,Match Finished,90,39,Premier League,England,Regular Season - 3,45,Everton,,39,Wolves,,0,1
1035064,2023,2023-08-26 14:00:00+00:00,1693058400,UTC,FT,Match Finished,90,39,Premier League,England,Regular Season - 3,33,Manchester United,,65,Nottingham Forest,,3,2
1035060,2023,2023-08-26 16:30:00+00:00,1693067400,UTC,FT,Match Finished,90,39,Premier League,England,Regular Season - 3,51,Brighton,,48,West Ham,,1,3
1035061,2023,2023-08-27 13:00:00+00:00,1693141200,UTC,FT,Match Finished,90,39,Premier League,England,Regular Season - 3,44,Burnley,,66,Aston Villa,,1,3
1035066,2023,2023-08-27 13:00:00+00:00,1693141200,UTC,FT,Match Finished,90,39,Premier League,England,Regular Season - 3,62,Sheffield Utd,,50,Manchester City,,1,2
1035065,2023,2023-08-27 15:30:00+00:00,1693150200,UTC,FT,Match Finished,90,39,Premier League,England,Regular Season - 3,34,Newcastle,,40,Liverpool,,1,2
1035074,2023,2023-09-01 19:00:00+00:00,1693594800,UTC,FT,Match Finished,90,39,Premier League,England,Regular Season - 4,1359,Luton,,48,West Ham,,1,2
1035076,2023,2023-09-02 11:30:00+00:00,1693654200,UTC,FT,Match Finished,90,39,Premier League,England,Regular Season - 4,62,Sheffield Utd,,45,Everton,,2,2
1035068,2023,2023-09-02 14:00:00+00:00,1693663200,UTC,FT,Match Finished,90,39,Premier League,England,Regular Season - 4,55,Brentford,,35,Bournemouth,,2,2
1035070,2023,2023-09-02 14:00:00+00:00,1693663200,UTC,FT,Match Finished,90,39,Premier League,England,Regular Season - 4,44,Burnley,,47,Tottenham,,2,5
1035071,2023,2023-09-02 14:00:00+00:00,1693663200,UTC,FT,Match Finished,90,39,Premier League,England,Regular Season - 4,49,Chelsea,,65,Nottingham Forest,,0,1
1035075,2023,2023-09-02 14:00:00+00:00,1693663200,UTC,FT,Match Finished,90,39,Premier League,England,Regular Season - 4,50,Manchester City,,36,Fulham,,5,1
1035069,2023,2023-09-02 16:30:00+00:00,1693672200,UTC,FT,Match Finished,90,39,Premier League,England,Regular Season - 4,51,Brighton,,34,Newcastle,,3,1
1035072,2023,2023-09-03 13:00:00+00:00,1693746000,UTC,FT,Match Finished,90,39,Premier League,England,Regular Season - 4,52,Crystal Palace,,39,Wolves,,3,2
1035073,2023,2023-09-03 13:00:00+00:00,1693746000,UTC,FT,Match Finished,90,39,Premier League,England,Regular Season - 4,40,Liverpool,,66,Aston Villa,,3,0
1035067,2023,2023-09-03 15:30:00+00:00,1693755000,UTC,FT,Match Finished,90,39,Premier League,England,Regular Season - 4,42,Arsenal,,33,Manchester United,,3,1
1035086,2023,2023-09-16 11:30:00+00:00,1694863800,UTC,FT,Match Finished,90,39,Premier League,England,Regular Season - 5,39,Wolves,,40,Liverpool,,1,3
1035078,2023,2023-09-16 14:00:00+00:00,1694872800,UTC,FT,Match Finished,90,39,Premier League,England,Regular Season - 5,66,Aston Villa,,52,Crystal Palace,,3,1
1035080,2023,2023-09-16 14:00:00+00:00,1694872800,UTC,FT,Match Finished,90,39,Premier League,England,Regular Season - 5,36,Fulham,,1359,Luton,,1,0
1035081,2023,2023-09-16 14:00:00+00:00,1694872800,UTC,FT,Match Finished,90,39,Premier League,England,Regular Season - 5,33,Manchester United,,51,Brighton,,1,3
1035084,2023,2023-09-16 14:00:00+00:00,1694872800,UTC,FT,Match Finished,90,39,Premier League,England,Regular Season - 5,47,Tottenham,,62,Sheffield Utd,,2,1
1035085,2023,2023-09-16 14:00:00+00:00,1694872800,UTC,FT,Match Finished,90,39,Premier League,England,Regular Season - 5,48,West Ham,,50,Manchester City,,1,3
1035082,2023,2023-09-16 16:30:00+00:00,1694881800,UTC,FT,Match Finished,90,39,Premier League,England,Regular Season - 5,34,Newcastle,,55,Brentford,,1,0
1035077,2023,2023-09-17 13:00:00+00:00,1694955600,UTC,FT,Match Finished,90,39,Premier League,England,Regular Season - 5,35,Bournemouth,,49,Chelsea,,0,0
1035079,2023,2023-09-17 15:30:00+00:00,1694964600,UTC,FT,Match Finished,90,39,Premier League,England,Regular Season - 5,45,Everton,,42,Arsenal,,0,1
1035083,2023,2023-09-18 18:45:00+00:00,1695062700,UTC,FT,Match Finished,90,39,Premier League,England,Regular Season - 5,65,Nottingham Forest,,44,Burnley,,1,1
1035092,2023,2023-09-23 14:00:00+00:00,1695477600,UTC,FT,Match Finished,90,39,Premier League,England,Regular Season - 6,52,Crystal Palace,,36,Fulham,,0,0
1035094,2023,2023-09-23 14:00:00+00:00,1695477600,UTC,FT,Match Finished,90,39,Premier League,England,Regular Season - 6,1359,Luton,,39,Wolves,,1,1
1035095,2023,2023-09-23 14:00:00+00:00,1695477600,UTC,FT,Match Finished,90,39,Premier League,England,Regular Season - 6,50,Manchester City,,65,Nottingham Forest,,2,0
1035088,2023,2023-09-23 16:30:00+00:00,1695486600,UTC,FT,Match Finished,90,39,Premier League,England,Regular Season - 6,55,Brentford,,45,Everton,,1,3
1035090,2023,2023-09-23 19:00:00+00:00,1695495600,UTC,FT,Match Finished,90,39,Premier League,England,Regular Season - 6,44,Burnley,,33,Manchester United,,0,1
1035087,2023,2023-09-24 13:00:00+00:00,1695560400,UTC,FT,Match Finished,90,39,Premier League,England,Regular Season - 6,42,Arsenal,,47,Tottenham,,2,2
1035089,2023,2023-09-24 13:00:00+00:00,1695560400,UTC,FT,Match Finished,90,39,Premier League,England,Regular Season - 6,51,Brighton,,35,Bournemouth,,3,1
1035091,2023,2023-09-24 13:00:00+00:00,1695560400,UTC,FT,Match Finished,90,39,Premier League,England,Regular Season - 6,49,Chelsea,,66,Aston Villa,,0,1
1035093,2023,2023-09-24 13:00:00+00:00,1695560400,UTC,FT,Match Finished,90,39,Premier League,England,Regular Season - 6,40,Liverpool,,48,West Ham,,3,1
1035096,2023,2023-09-24 15:30:00+00:00,1695569400,UTC,FT,Match Finished,90,39,Premier League,England,Regular Season - 6,62,Sheffield Utd,,34,Newcastle,,0,8
1035098,2023,2023-09-30 11:30:00+00:00,1696073400,UTC,FT,Match Finished,90,39,Premier League,England,Regular Season - 7,66,Aston Villa,,51,Brighton,,6,1
1035097,2023,2023-09-30 14:00:00+00:00,1696082400,UTC,FT,Match Finished,90,39,Premier League,England,Regular Season - 7,35,Bournemouth,,42,Arsenal,,0,4
1035099,2023,2023-09-30 14:00:00+00:00,1696082400,UTC,FT,Match Finished,90,39,Premier League,England,Regular Season - 7,45,Everton,,1359,Luton,,1,2
1035101,2023,2023-09-30 14:00:00+00:00,1696082400,UTC,FT,Match Finished,90,39,Premier League,England,Regular Season - 7,33,Manchester United,,52,Crystal Palace,,0,1
1035102,2023,2023-09-30 14:00:00+00:00,1696082400,UTC,FT,Match Finished,90,39,Premier League,England,Regular Season - 7,34,Newcastle,,44,Burnley,,2,0
1035105,2023,2023-09-30 14:00:00+00:00,1696082400,UTC,FT,Match Finished,90,39,Premier League,England,Regular Season - 7,48,West Ham,,62,Sheffield Utd,,2,0
1035106,2023,2023-09-30 14:00:00+00:00,1696082400,UTC,FT,Match Finished,90,39,Premier League,England,Regular Season - 7,39,Wolves,,50,Manchester City,,2,1
1035104,2023,2023-09-30 16:30:00+00:00,1696091400,UTC,FT,Match Finished,90,39,Premier League,England,Regular Season - 7,47,Tottenham,,40,Liverpool,,2,1
1035103,2023,2023-10-01 13:00:00+00:00,1696165200,UTC,FT,Match Finished,90,39,Premier League,England,Regular Season - 7,65,Nottingham Forest,,55,Brentford,,1,1
1035100,2023,2023-10-02 19:00:00+00:00,1696273200,UTC,FT,Match Finished,90,39,Premier League,England,Regular Season - 7,36,Fulham,,49,Chelsea,,0,2
1035051,2023,2023-10-03 18:30:00+00:00,1696357800,UTC,FT,Match Finished,90,39,Premier League,England,Regular Season - 2,1359,Luton,,44,Burnley,,1,2
1035113,2023,2023-10-07 11:30:00+00:00,1696678200,UTC,FT,Match Finished,90,39,Premier League,England,Regular Season - 8,1359,Luton,,47,Tottenham,,0,1
1035109,2023,2023-10-07 14:00:00+00:00,1696687200,UTC,FT,Match Finished,90,39,Premier League,England,Regular Season - 8,44,Burnley,,49,Chelsea,,1,4
1035111,2023,2023-10-07 14:00:00+00:00,1696687200,UTC,FT,Match Finished,90,39,Premier League,England,Regular Season - 8,45,Everton,,35,Bournemouth,,3,0
1035112,2023,2023-10-07 14:00:00+00:00,1696687200,UTC,FT,Match Finished,90,39,Premier League,England,Regular Season - 8,36,Fulham,,62,Sheffield Utd,,3,1
1035114,2023,2023-10-07 14:00:00+00:00,1696687200,UTC,FT,Match Finished,90,39,Premier League,England,Regular Season - 8,33,Manchester United,,55,Brentford,,2,1
1035110,2023,2023-10-07 16:30:00+00:00,1696696200,UTC,FT,Match Finished,90,39,Premier League,England,Regular Season - 8,52,Crystal Palace,,65,Nottingham Forest,,0,0
1035108,2023,2023-10-08 13:00:00+00:00,1696770000,UTC,FT,Match Finished,90,39,Premier League,England,Regular Season - 8,51,Brighton,,40,Liverpool,,2,2
1035115,2023,2023-10-08 13:00:00+00:00,1696770000,UTC,FT,Match Finished,90,39,Premier League,England,Regular Season - 8,48,West Ham,,34,Newcastle,,2,2
1035116,2023,2023-10-08 13:00:00+00:00,1696770000,UTC,FT,Match Finished,90,39,Premier League,England,Regular Season - 8,39,Wolves,,66,Aston Villa,,1,1
1035107,2023,2023-10-08 15:30:00+00:00,1696779000,UTC,FT,Match Finished,90,39,Premier League,England,Regular Season - 8,42,Arsenal,,50,Manchester City,,1,0
1035121,2023,2023-10-21 11:30:00+00:00,1697887800,UTC,FT,Match Finished,90,39,Premier League,England,Regular Season - 9,40,Liverpool,,45,Everton,,2,0
1035117,2023,2023-10-21 14:00:00+00:00,1697896800,UTC,FT,Match Finished,90,39,Premier League,England,Regular Season - 9,35,Bournemouth,,39,Wolves,,1,2
1035119,2023,2023-10-21 14:00:00+00:00,1697896800,UTC,FT,Match Finished,90,39,Premier League,England,Regular Season - 9,55,Brentford,,44,Burnley,,3,0
1035122,2023,2023-10-21 14:00:00+00:00,1697896800,UTC,FT,Match Finished,90,39,Premier League,England,Regular Season - 9,50,Manchester City,,51,Brighton,,2,1
1035123,2023,2023-10-21 14:00:00+00:00,1697896800,UTC,FT,Match Finished,90,39,Premier League,England,Regular Season - 9,34,Newcastle,,52,Crystal Palace,,4,0
1035124,2023,2023-10-21 14:00:00+00:00,1697896800,UTC,FT,Match Finished,90,39,Premier League,England,Regular Season - 9,65,Nottingham Forest,,1359,Luton,,2,2
1035120,2023,2023-10-21 16:30:00+00:00,1697905800,UTC,FT,Match Finished,90,39,Premier League,England,Regular Season - 9,49,Chelsea,,42,Arsenal,,2,2
1035125,2023,2023-10-21 19:00:00+00:00,1697914800,UTC,FT,Match Finished,90,39,Premier League,England,Regular Season - 9,62,Sheffield Utd,,33,Manchester United,,1,2
1035118,2023,2023-10-22 15:30:00+00:00,1697988600,UTC,FT,Match Finished,90,39,Premier League,England,Regular Season - 9,66,Aston Villa,,48,West Ham,,4,1
1035126,2023,2023-10-23 19:00:00+00:00,1698087600,UTC,FT,Match Finished,90,39,Premier League,England,Regular Season - 9,47,Tottenham,,36,Fulham,,2,0
1035132,2023,2023-10-27 19:00:00+00:00,1698433200,UTC,FT,Match Finished,90,39,Premier League,England,Regular Season - 10,52,Crystal Palace,,47,Tottenham,,1,2
1035131,2023,2023-10-28 11:30:00+00:00,1698492600,UTC,FT,Match Finished,90,39,Premier League,England,Regular Season - 10,49,Chelsea,,55,Brentford,,0,2
1035127,2023,2023-10-28 14:00:00+00:00,1698501600,UTC,FT,Match Finished,90,39,Premier League,England,Regular Season - 10,35,Bournemouth,,44,Burnley,,2,1
1035128,2023,2023-10-28 14:00:00+00:00,1698501600,UTC,FT,Match Finished,90,39,Premier League,England,Regular Season - 10,42,Arsenal,,62,Sheffield Utd,,5,0
1035136,2023,2023-10-28 16:30:00+00:00,1698510600,UTC,FT,Match Finished,90,39,Premier League,England,Regular Season - 10,39,Wolves,,34,Newcastle,,2,2
1035135,2023,2023-10-29 13:00:00+00:00,1698584400,UTC,FT,Match Finished,90,39,Premier League,England,Regular Season - 10,48,West Ham,,45,Everton,,0,1
1035129,2023,2023-10-29 14:00:00+00:00,1698588000,UTC,FT,Match Finished,90,39,Premier League,England,Regular Season - 10,66,Aston Villa,,1359,Luton,,3,1
1035130,2023,2023-10-29 14:00:00+00:00,1698588000,UTC,FT,Match Finished,90,39,Premier League,England,Regular Season - 10,51,Brighton,,36,Fulham,,1,1
1035133,2023,2023-10-29 14:00:00+00:00,1698588000,UTC,FT,Match Finished,90,39,Premier League,England,Regular Season - 10,40,Liverpool,,65,Nottingham Forest,,3,0
1035134,2023,2023-10-29 15:30:00+00:00,1698593400,UTC,FT,Match Finished,90,39,Premier League,England,Regular Season - 10,33,Manchester United,,50,Manchester City,,0,3
1035140,2023,2023-11-04 12:30:00+00:00,1699101000,UTC,FT,Match Finished,90,39,Premier League,England,Regular Season - 11,36,Fulham,,33,Manchester United,,0,1
1035137,2023,2023-11-04 15:00:00+00:00,1699110000,UTC,FT,Match Finished,90,39,Premier League,England,Regular Season - 11,55,Brentford,,48,West Ham,,3,2
1035138,2023,2023-11-04 15:00:00+00:00,1699110000,UTC,FT,Match Finished,90,39,Premier League,England,Regular Season - 11,44,Burnley,,52,Crystal Palace,,0,2
1035139,2023,2023-11-04 15:00:00+00:00,1699110000,UTC,FT,Match Finished,90,39,Premier League,England,Regular Season - 11,45,Everton,,51,Brighton,,1,1
1035142,2023,2023-11-04 15:00:00+00:00,1699110000,UTC,FT,Match Finished,90,39,Premier League,England,Regular Season - 11,50,Manchester City,,35,Bournemouth,,6,1
1035145,2023,2023-11-04 15:00:00+00:00,1699110000,UTC,FT,Match Finished,90,39,Premier League,England,Regular Season - 11,62,Sheffield Utd,,39,Wolves,,2,1
1035143,2023,2023-11-04 17:30:00+00:00,1699119000,UTC,FT,Match Finished,90,39,Premier League,England,Regular Season - 11,34,Newcastle,,42,Arsenal,,1,0
1035144,2023,2023-11-05 14:00:00+00:00,1699192800,UTC,FT,Match Finished,90,39,Premier League,England,Regular Season - 11,65,Nottingham Forest,,66,Aston Villa,,2,0
1035141,2023,2023-11-05 16:30:00+00:00,1699201800,UTC,FT,Match Finished,90,39,Premier League,England,Regular Season - 11,1359,Luton,,40,Liverpool,,1,1
1035146,2023,2023-11-06 20:00:00+00:00,1699300800,UTC,FT,Match Finished,90,39,Premier League,England,Regular Season - 11,47,Tottenham,,49,Chelsea,,1,4
1035156,2023,2023-11-11 12:30:00+00:00,1699705800,UTC,FT,Match Finished,90,39,Premier League,England,Regular Season - 12,39,Wolves,,47,Tottenham,,2,1
1035148,2023,2023-11-11 15:00:00+00:00,1699714800,UTC,FT,Match Finished,90,39,Premier League,England,Regular Season - 12,42,Arsenal,,44,Burnley,,3,1
1035152,2023,2023-11-11 15:00:00+00:00,1699714800,UTC,FT,Match Finished,90,39,Premier League,England,Regular Season - 12,52,Crystal Palace,,45,Everton,,2,3
1035154,2023,2023-11-11 15:00:00+00:00,1699714800,UTC,FT,Match Finished,90,39,Premier League,England,Regular Season - 12,33,Manchester United,,1359,Luton,,1,0
1035147,2023,2023-11-11 17:30:00+00:00,1699723800,UTC,FT,Match Finished,90,39,Premier League,England,Regular Season - 12,35,Bournemouth,,34,Newcastle,,2,0
1035149,2023,2023-11-12 14:00:00+00:00,1699797600,UTC,FT,Match Finished,90,39,Premier League,England,Regular Season - 12,66,Aston Villa,,36,Fulham,,3,1
1035150,2023,2023-11-12 14:00:00+00:00,1699797600,UTC,FT,Match Finished,90,39,Premier League,England,Regular Season - 12,51,Brighton,,62,Sheffield Utd,,1,1
1035153,2023,2023-11-12 14:00:00+00:00,1699797600,UTC,FT,Match Finished,90,39,Premier League,England,Regular Season - 12,40,Liverpool,,55,Brentford,,3,0
1035155,2023,2023-11-12 14:00:00+00:00,1699797600,UTC,FT,Match Finished,90,39,Premier League,England,Regular Season - 12,48,West Ham,,65,Nottingham Forest,,3,2
1035151,2023,2023-11-12 16:30:00+00:00,1699806600,UTC,FT,Match Finished,90,39,Premier League,England,Regular Season - 12,49,Chelsea,,50,Manchester City,,4,4
1035299,2023,2023-11-25 12:30:00+00:00,1700915400,UTC,FT,Match Finished,90,39,Premier League,England,Regular Season - 13,50,Manchester City,,40,Liverpool,,1,1
1035295,2023,2023-11-25 15:00:00+00:00,1700924400,UTC,FT,Match Finished,90,39,Premier League,England,Regular Season - 13,44,Burnley,,48,West Ham,,1,2
1035298,2023,2023-11-25 15:00:00+00:00,1700924400,UTC,FT,Match Finished,90,39,Premier League,England,Regular Season - 13,1359,Luton,,52,Crystal Palace,,2,1
1035300,2023,2023-11-25 15:00:00+00:00,1700924400,UTC,FT,Match Finished,90,39,Premier League,England,Regular Season - 13,34,Newcastle,,49,Chelsea,,4,1
1035301,2023,2023-11-25 15:00:00+00:00,1700924400,UTC,FT,Match Finished,90,39,Premier League,England,Regular Season - 13,65,Nottingham Forest,,51,Brighton,,2,3
1035302,2023,2023-11-25 15:00:00+00:00,1700924400,UTC,FT,Match Finished,90,39,Premier League,England,Regular Season - 13,62,Sheffield Utd,,35,Bournemouth,,1,3
1035294,2023,2023-11-25 17:30:00+00:00,1700933400,UTC,FT,Match Finished,90,39,Premier League,England,Regular Season - 13,55,Brentford,,42,Arsenal,,0,1
1035303,2023,2023-11-26 14:00:00+00:00,1701007200,UTC,FT,Match Finished,90,39,Premier League,England,Regular Season - 13,47,Tottenham,,66,Aston Villa,,1,2
1035296,2023,2023-11-26 16:30:00+00:00,1701016200,UTC,FT,Match Finished,90,39,Premier League,England,Regular Season - 13,45,Everton,,33,Manchester United,,0,3
1035297,2023,2023-11-27 20:00:00+00:00,1701115200,UTC,FT,Match Finished,90,39,Premier League,England,Regular Season - 13,36,Fulham,,39,Wolves,,3,2
1035305,2023,2023-12-02 15:00:00+00:00,1701529200,UTC,FT,Match Finished,90,39,Premier League,England,Regular Season - 14,42,Arsenal,,39,Wolves,,2,1
1035306,2023,2023-12-02 15:00:00+00:00,1701529200,UTC,FT,Match Finished,90,39,Premier League,England,Regular Season - 14,55,Brentford,,1359,Luton,,3,1
1035307,2023,2023-12-02 15:00:00+00:00,1701529200,UTC,FT,Match Finished,90,39,Premier League,England,Regular Season - 14,44,Burnley,,62,Sheffield Utd,,5,0
1035312,2023,2023-12-02 17:30:00+00:00,1701538200,UTC,FT,Match Finished,90,39,Premier League,England,Regular Season - 14,65,Nottingham Forest,,45,Everton,,0,1
1035311,2023,2023-12-02 20:00:00+00:00,1701547200,UTC,FT,Match Finished,90,39,Premier League,England,Regular Season - 14,34,Newcastle,,33,Manchester United,,1,0
1035304,2023,2023-12-03 14:00:00+00:00,1701612000,UTC,FT,Match Finished,90,39,Premier League,England,Regular Season - 14,35,Bournemouth,,66,Aston Villa,,2,2
1035308,2023,2023-12-03 14:00:00+00:00,1701612000,UTC,FT,Match Finished,90,39,Premier League,England,Regular Season - 14,49,Chelsea,,51,Brighton,,3,2
1035309,2023,2023-12-03 14:00:00+00:00,1701612000,UTC,FT,Match Finished,90,39,Premier League,England,Regular Season - 14,40,Liverpool,,36,Fulham,,4,3
1035313,2023,2023-12-03 14:00:00+00:00,1701612000,UTC,FT,Match Finished,90,39,Premier League,England,Regular Season - 14,48,West Ham,,52,Crystal Palace,,1,1
1035310,2023,2023-12-03 16:30:00+00:00,1701621000,UTC,FT,Match Finished,90,39,Premier League,England,Regular Season - 14,50,Manchester City,,47,Tottenham,,3,3
1035321,2023,2023-12-05 19:30:00+00:00,1701804600,UTC,FT,Match Finished,90,39,Premier League,England,Regular Season - 15,39,Wolves,,44,Burnley,,1,0
1035318,2023,2023-12-05 20:15:00+00:00,1701807300,UTC,FT,Match Finished,90,39,Premier League,England,Regular Season - 15,1359,Luton,,42,Arsenal,,3,4
1035315,2023,2023-12-06 19:30:00+00:00,1701891000,UTC,FT,Match Finished,90,39,Premier League,England,Regular Season - 15,51,Brighton,,55,Brentford,,2,1
1035317,2023,2023-12-06 19:30:00+00:00,1701891000,UTC,FT,Match Finished,90,39,Premier League,England,Regular Season - 15,36,Fulham,,65,Nottingham Forest,,5,0
1035319,2023,2023-12-06 19:30:00+00:00,1701891000,UTC,FT,Match Finished,90,39,Premier League,England,Regular Season - 15,62,Sheffield Utd,,40,Liverpool,,0,2
1035322,2023,2023-12-06 19:30:00+00:00,1701891000,UTC,FT,Match Finished,90,39,Premier League,England,Regular Season - 15,52,Crystal Palace,,35,Bournemouth,,0,2
1035314,2023,2023-12-06 20:15:00+00:00,1701893700,UTC,FT,Match Finished,90,39,Premier League,England,Regular Season - 15,66,Aston Villa,,50,Manchester City,,1,0
1035323,2023,2023-12-06 20:15:00+00:00,1701893700,UTC,FT,Match Finished,90,39,Premier League,England,Regular Season - 15,33,Manchester United,,49,Chelsea,,2,1
1035316,2023,2023-12-07 19:30:00+00:00,1701977400,UTC,FT,Match Finished,90,39,Premier League,England,Regular Season - 15,45,Everton,,34,Newcastle,,3,0
1035320,2023,2023-12-07 20:15:00+00:00,1701980100,UTC,FT,Match Finished,90,39,Premier League,England,Regular Season - 15,47,Tottenham,,48,West Ham,,1,2
1035326,2023,2023-12-09 12:30:00+00:00,1702125000,UTC,FT,Match Finished,90,39,Premier League,England,Regular Season - 16,52,Crystal Palace,,40,Liverpool,,1,2
1035325,2023,2023-12-09 15:00:00+00:00,1702134000,UTC,FT,Match Finished,90,39,Premier League,England,Regular Season - 16,51,Brighton,,44,Burnley,,1,1
1035330,2023,2023-12-09 15:00:00+00:00,1702134000,UTC,FT,Match Finished,90,39,Premier League,England,Regular Season - 16,33,Manchester United,,35,Bournemouth,,0,3
1035331,2023,2023-12-09 15:00:00+00:00,1702134000,UTC,FT,Match Finished,90,39,Premier League,England,Regular Season - 16,62,Sheffield Utd,,55,Brentford,,1,0
1035333,2023,2023-12-09 15:00:00+00:00,1702134000,UTC,FT,Match Finished,90,39,Premier League,England,Regular Season - 16,39,Wolves,,65,Nottingham Forest,,1,1
1035324,2023,2023-12-09 17:30:00+00:00,1702143000,UTC,FT,Match Finished,90,39,Premier League,England,Regular Season - 16,66,Aston Villa,,42,Arsenal,,1,0
1035327,2023,2023-12-10 14:00:00+00:00,1702216800,UTC,FT,Match Finished,90,39,Premier League,England,Regular Season - 16,45,Everton,,49,Chelsea,,2,0
1035328,2023,2023-12-10 14:00:00+00:00,1702216800,UTC,FT,Match Finished,90,39,Premier League,England,Regular Season - 16,36,Fulham,,48,West Ham,,5,0
1035329,2023,2023-12-10 14:00:00+00:00,1702216800,UTC,FT,Match Finished,90,39,Premier League,England,Regular Season - 16,1359,Luton,,50,Manchester City,,1,2
1035332,2023,2023-12-10 16:30:00+00:00,1702225800,UTC,FT,Match Finished,90,39,Premier League,England,Regular Season - 16,47,Tottenham,,34,Newcastle,,4,1
1035342,2023,2023-12-15 20:00:00+00:00,1702670400,UTC,FT,Match Finished,90,39,Premier League,England,Regular Season - 17,65,Nottingham Forest,,47,Tottenham,,0,2
1035338,2023,2023-12-16 15:00:00+00:00,1702738800,UTC,FT,Match Finished,90,39,Premier League,England,Regular Season - 17,49,Chelsea,,62,Sheffield Utd,,2,0
1035340,2023,2023-12-16 15:00:00+00:00,1702738800,UTC,FT,Match Finished,90,39,Premier League,England,Regular Season - 17,50,Manchester City,,52,Crystal Palace,,2,2
1035341,2023,2023-12-16 15:00:00+00:00,1702738800,UTC,FT,Match Finished,90,39,Premier League,England,Regular Season - 17,34,Newcastle,,36,Fulham,,3,0
1035337,2023,2023-12-16 17:30:00+00:00,1702747800,UTC,FT,Match Finished,90,39,Premier League,England,Regular Season - 17,44,Burnley,,45,Everton,,0,2
1035335,2023,2023-12-17 14:00:00+00:00,1702821600,UTC,FT,Match Finished,90,39,Premier League,England,Regular Season - 17,42,Arsenal,,51,Brighton,,2,0
1035336,2023,2023-12-17 14:00:00+00:00,1702821600,UTC,FT,Match Finished,90,39,Premier League,England,Regular Season - 17,55,Brentford,,66,Aston Villa,,1,2
1035343,2023,2023-12-17 14:00:00+00:00,1702821600,UTC,FT,Match Finished,90,39,Premier League,England,Regular Season - 17,48,West Ham,,39,Wolves,,3,0
1035339,2023,2023-12-17 16:30:00+00:00,1702830600,UTC,FT,Match Finished,90,39,Premier League,England,Regular Season - 17,40,Liverpool,,33,Manchester United,,0,0
1035345,2023,2023-12-21 20:00:00+00:00,1703188800,UTC,FT,Match Finished,90,39,Premier League,England,Regular Season - 18,52,Crystal Palace,,51,Brighton,,1,1
1035344,2023,2023-12-22 20:00:00+00:00,1703275200,UTC,FT,Match Finished,90,39,Premier League,England,Regular Season - 18,66,Aston Villa,,62,Sheffield Utd,,1,1
1035352,2023,2023-12-23 12:30:00+00:00,1703334600,UTC,FT,Match Finished,90,39,Premier League,England,Regular Season - 18,48,West Ham,,33,Manchester United,,2,0
1035346,2023,2023-12-23 15:00:00+00:00,1703343600,UTC,FT,Match Finished,90,39,Premier League,England,Regular Season - 18,36,Fulham,,44,Burnley,,0,2
1035348,2023,2023-12-23 15:00:00+00:00,1703343600,UTC,FT,Match Finished,90,39,Premier League,England,Regular Season - 18,1359,Luton,,34,Newcastle,,1,0
1035350,2023,2023-12-23 15:00:00+00:00,1703343600,UTC,FT,Match Finished,90,39,Premier League,England,Regular Season - 18,65,Nottingham Forest,,35,Bournemouth,,2,3
1035351,2023,2023-12-23 15:00:00+00:00,1703343600,UTC,FT,Match Finished,90,39,Premier League,England,Regular Season - 18,47,Tottenham,,45,Everton,,2,1
1035347,2023,2023-12-23 17:30:00+00:00,1703352600,UTC,FT,Match Finished,90,39,Premier League,England,Regular Season - 18,40,Liverpool,,42,Arsenal,,1,1
1035353,2023,2023-12-24 13:00:00+00:00,1703422800,UTC,FT,Match Finished,90,39,Premier League,England,Regular Season - 18,39,Wolves,,49,Chelsea,,2,1
1035362,2023,2023-12-26 12:30:00+00:00,1703593800,UTC,FT,Match Finished,90,39,Premier League,England,Regular Season - 19,34,Newcastle,,65,Nottingham Forest,,1,3
1035354,2023,2023-12-26 15:00:00+00:00,1703602800,UTC,FT,Match Finished,90,39,Premier League,England,Regular Season - 19,35,Bournemouth,,36,Fulham,,3,0
1035363,2023,2023-12-26 15:00:00+00:00,1703602800,UTC,FT,Match Finished,90,39,Premier League,England,Regular Season - 19,62,Sheffield Utd,,1359,Luton,,2,3
1035358,2023,2023-12-26 17:30:00+00:00,1703611800,UTC,FT,Match Finished,90,39,Premier League,England,Regular Season - 19,44,Burnley,,40,Liverpool,,0,2
1035361,2023,2023-12-26 20:00:00+00:00,1703620800,UTC,FT,Match Finished,90,39,Premier League,England,Regular Season - 19,33,Manchester United,,66,Aston Villa,,3,2
1035356,2023,2023-12-27 19:30:00+00:00,1703705400,UTC,FT,Match Finished,90,39,Premier League,England,Regular Season - 19,55,Brentford,,39,Wolves,,1,4
1035359,2023,2023-12-27 19:30:00+00:00,1703705400,UTC,FT,Match Finished,90,39,Premier League,England,Regular Season - 19,49,Chelsea,,52,Crystal Palace,,2,1
1035360,2023,2023-12-27 20:15:00+00:00,1703708100,UTC,FT,Match Finished,90,39,Premier League,England,Regular Season - 19,45,Everton,,50,Manchester City,,1,3
1035357,2023,2023-12-28 19:30:00+00:00,1703791800,UTC,FT,Match Finished,90,39,Premier League,England,Regular Season - 19,51,Brighton,,47,Tottenham,,4,2
1035355,2023,2023-12-28 20:15:00+00:00,1703794500,UTC,FT,Match Finished,90,39,Premier League,England,Regular Season - 19,42,Arsenal,,48,West Ham,,0,2
1035368,2023,2023-12-30 12:30:00+00:00,1703939400,UTC,FT,Match Finished,90,39,Premier League,England,Regular Season - 20,1359,Luton,,49,Chelsea,,2,3
1035364,2023,2023-12-30 15:00:00+00:00,1703948400,UTC,FT,Match Finished,90,39,Premier League,England,Regular Season - 20,66,Aston Villa,,44,Burnley,,3,2
1035365,2023,2023-12-30 15:00:00+00:00,1703948400,UTC,FT,Match Finished,90,39,Premier League,England,Regular Season - 20,52,Crystal Palace,,55,Brentford,,3,1
1035369,2023,2023-12-30 15:00:00+00:00,1703948400,UTC,FT,Match Finished,90,39,Premier League,England,Regular Season - 20,50,Manchester City,,62,Sheffield Utd,,2,0
1035373,2023,2023-12-30 15:00:00+00:00,1703948400,UTC,FT,Match Finished,90,39,Premier League,England,Regular Season - 20,39,Wolves,,45,Everton,,3,0
1035370,2023,2023-12-30 17:30:00+00:00,1703957400,UTC,FT,Match Finished,90,39,Premier League,England,Regular Season - 20,65,Nottingham Forest,,33,Manchester United,,2,1
1035366,2023,2023-12-31 14:00:00+00:00,1704031200,UTC,FT,Match Finished,90,39,Premier League,England,Regular Season - 20,36,Fulham,,42,Arsenal,,2,1
1035371,2023,2023-12-31 14:00:00+00:00,1704031200,UTC,FT,Match Finished,90,39,Premier League,England,Regular Season - 20,47,Tottenham,,35,Bournemouth,,3,1
1035367,2023,2024-01-01 20:00:00+00:00,1704139200,UTC,FT,Match Finished,90,39,Premier League,England,Regular Season - 20,40,Liverpool,,34,Newcastle,,4,2
1035372,2023,2024-01-02 19:30:00+00:00,1704223800,UTC,FT,Match Finished,90,39,Premier League,England,Regular Season - 20,48,West Ham,,51,Brighton,,0,0
1035378,2023,2024-01-12 19:45:00+00:00,1705088700,UTC,FT,Match Finished,90,39,Premier League,England,Regular Season - 21,44,Burnley,,1359,Luton,,1,1
1035379,2023,2024-01-13 12:30:00+00:00,1705149000,UTC,FT,Match Finished,90,39,Premier League,England,Regular Season - 21,49,Chelsea,,36,Fulham,,1,0
1035382,2023,2024-01-13 17:30:00+00:00,1705167000,UTC,FT,Match Finished,90,39,Premier League,England,Regular Season - 21,34,Newcastle,,50,Manchester City,,2,3
1035380,2023,2024-01-14 14:00:00+00:00,1705240800,UTC,FT,Match Finished,90,39,Premier League,England,Regular Season - 21,45,Everton,,66,Aston Villa,,0,0
1035381,2023,2024-01-14 16:30:00+00:00,1705249800,UTC,FT,Match Finished,90,39,Premier League,England,Regular Season - 21,33,Manchester United,,47,Tottenham,,2,2
1035375,2023,2024-01-20 12:30:00+00:00,1705753800,UTC,FT,Match Finished,90,39,Premier League,England,Regular Season - 21,42,Arsenal,,52,Crystal Palace,,5,0
1035376,2023,2024-01-20 17:30:00+00:00,1705771800,UTC,FT,Match Finished,90,39,Premier League,England,Regular Season - 21,55,Brentford,,65,Nottingham Forest,,3,2
1035383,2023,2024-01-21 14:00:00+00:00,1705845600,UTC,FT,Match Finished,90,39,Premier League,England,Regular Season - 21,62,Sheffield Utd,,48,West Ham,,2,2
1035374,2023,2024-01-21 16:30:00+00:00,1705854600,UTC,FT,Match Finished,90,39,Premier League,England,Regular Season - 21,35,Bournemouth,,40,Liverpool,,0,4
1035377,2023,2024-01-22 19:45:00+00:00,1705952700,UTC,FT,Match Finished,90,39,Premier League,England,Regular Season - 21,51,Brighton,,39,Wolves,,0,0
1035387,2023,2024-01-30 19:30:00+00:00,1706643000,UTC,FT,Match Finished,90,39,Premier League,England,Regular Season - 22,65,Nottingham Forest,,42,Arsenal,,1,2
1035385,2023,2024-01-30 19:45:00+00:00,1706643900,UTC,FT,Match Finished,90,39,Premier League,England,Regular Season - 22,36,Fulham,,45,Everton,,0,0
1035386,2023,2024-01-30 19:45:00+00:00,1706643900,UTC,FT,Match Finished,90,39,Premier League,England,Regular Season - 22,1359,Luton,,51,Brighton,,4,0
1035391,2023,2024-01-30 20:00:00+00:00,1706644800,UTC,FT,Match Finished,90,39,Premier League,England,Regular Season - 22,52,Crystal Palace,,62,Sheffield Utd,,3,2
1035384,2023,2024-01-30 20:15:00+00:00,1706645700,UTC,FT,Match Finished,90,39,Premier League,England,Regular Season - 22,66,Aston Villa,,34,Newcastle,,1,3
1035388,2023,2024-01-31 19:30:00+00:00,1706729400,UTC,FT,Match Finished,90,39,Premier League,England,Regular Season - 22,47,Tottenham,,55,Brentford,,3,2
1035393,2023,2024-01-31 19:30:00+00:00,1706729400,UTC,FT,Match Finished,90,39,Premier League,England,Regular Season - 22,50,Manchester City,,44,Burnley,,3,1
1035392,2023,2024-01-31 20:15:00+00:00,1706732100,UTC,FT,Match Finished,90,39,Premier League,England,Regular Season - 22,40,Liverpool,,49,Chelsea,,4,1
1035389,2023,2024-02-01 19:30:00+00:00,1706815800,UTC,FT,Match Finished,90,39,Premier League,England,Regular Season - 22,48,West Ham,,35,Bournemouth,,1,1
1035390,2023,2024-02-01 20:15:00+00:00,1706818500,UTC,FT,Match Finished,90,39,Premier League,England,Regular Season - 22,39,Wolves,,33,Manchester United,,3,4
1035400,2023,2024-02-03 12:30:00+00:00,1706963400,UTC,FT,Match Finished,90,39,Premier League,England,Regular Season - 23,45,Everton,,47,Tottenham,,2,2
1035397,2023,2024-02-03 15:00:00+00:00,1706972400,UTC,FT,Match Finished,90,39,Premier League,England,Regular Season - 23,51,Brighton,,52,Crystal Palace,,4,1
1035398,2023,2024-02-03 15:00:00+00:00,1706972400,UTC,FT,Match Finished,90,39,Premier League,England,Regular Season - 23,44,Burnley,,36,Fulham,,2,2
1035402,2023,2024-02-03 15:00:00+00:00,1706972400,UTC,FT,Match Finished,90,39,Premier League,England,Regular Season - 23,34,Newcastle,,1359,Luton,,4,4
1035403,2023,2024-02-03 17:30:00+00:00,1706981400,UTC,FT,Match Finished,90,39,Premier League,England,Regular Season - 23,62,Sheffield Utd,,66,Aston Villa,,0,5
1035394,2023,2024-02-04 14:00:00+00:00,1707055200,UTC,FT,Match Finished,90,39,Premier League,England,Regular Season - 23,35,Bournemouth,,65,Nottingham Forest,,1,1
1035399,2023,2024-02-04 14:00:00+00:00,1707055200,UTC,FT,Match Finished,90,39,Premier League,England,Regular Season - 23,49,Chelsea,,39,Wolves,,2,4
1035401,2023,2024-02-04 14:00:00+00:00,1707055200,UTC,FT,Match Finished,90,39,Premier League,England,Regular Season - 23,33,Manchester United,,48,West Ham,,3,0
1035395,2023,2024-02-04 16:30:00+00:00,1707064200,UTC,FT,Match Finished,90,39,Premier League,England,Regular Season - 23,42,Arsenal,,40,Liverpool,,3,1
1035396,2023,2024-02-05 20:00:00+00:00,1707163200,UTC,FT,Match Finished,90,39,Premier League,England,Regular Season - 23,55,Brentford,,50,Manchester City,,1,3
1035409,2023,2024-02-10 12:30:00+00:00,1707568200,UTC,FT,Match Finished,90,39,Premier League,England,Regular Season - 24,50,Manchester City,,45,Everton,,2,0
1035406,2023,2024-02-10 15:00:00+00:00,1707577200,UTC,FT,Match Finished,90,39,Premier League,England,Regular Season - 24,36,Fulham,,35,Bournemouth,,3,1
1035407,2023,2024-02-10 15:00:00+00:00,1707577200,UTC,FT,Match Finished,90,39,Premier League,England,Regular Season - 24,40,Liverpool,,44,Burnley,,3,1
1035408,2023,2024-02-10 15:00:00+00:00,1707577200,UTC,FT,Match Finished,90,39,Premier League,England,Regular Season - 24,1359,Luton,,62,Sheffield Utd,,1,3
1035411,2023,2024-02-10 15:00:00+00:00,1707577200,UTC,FT,Match Finished,90,39,Premier League,England,Regular Season - 24,47,Tottenham,,51,Brighton,,2,1
1035413,2023,2024-02-10 15:00:00+00:00,1707577200,UTC,FT,Match Finished,90,39,Premier League,England,Regular Season - 24,39,Wolves,,55,Brentford,,0,2
1035410,2023,2024-02-10 17:30:00+00:00,1707586200,UTC,FT,Match Finished,90,39,Premier League,England,Regular Season - 24,65,Nottingham Forest,,34,Newcastle,,2,3
1035412,2023,2024-02-11 14:00:00+00:00,1707660000,UTC,FT,Match Finished,90,39,Premier League,England,Regular Season - 24,48,West Ham,,42,Arsenal,,0,6
1035404,2023,2024-02-11 16:30:00+00:00,1707669000,UTC,FT,Match Finished,90,39,Premier League,England,Regular Season - 24,66,Aston Villa,,33,Manchester United,,1,2
1035405,2023,2024-02-12 20:00:00+00:00,1707768000,UTC,FT,Match Finished,90,39,Premier League,England,Regular Season - 24,52,Crystal Palace,,49,Chelsea,,1,3
1035414,2023,2024-02-17 12:30:00+00:00,1708173000,UTC,FT,Match Finished,90,39,Premier League,England,Regular Season - 25,55,Brentford,,40,Liverpool,,1,4
1035415,2023,2024-02-17 15:00:00+00:00,1708182000,UTC,FT,Match Finished,90,39,Premier League,England,Regular Season - 25,44,Burnley,,42,Arsenal,,0,5
1035417,2023,2024-02-17 15:00:00+00:00,1708182000,UTC,FT,Match Finished,90,39,Premier League,England,Regular Season - 25,36,Fulham,,66,Aston Villa,,1,2
1035420,2023,2024-02-17 15:00:00+00:00,1708182000,UTC,FT,Match Finished,90,39,Premier League,England,Regular Season - 25,34,Newcastle,,35,Bournemouth,,2,2
1035421,2023,2024-02-17 15:00:00+00:00,1708182000,UTC,FT,Match Finished,90,39,Premier League,England,Regular Season - 25,65,Nottingham Forest,,48,West Ham,,2,0
1035423,2023,2024-02-17 15:00:00+00:00,1708182000,UTC,FT,Match Finished,90,39,Premier League,England,Regular Season - 25,47,Tottenham,,39,Wolves,,1,2
1035419,2023,2024-02-17 17:30:00+00:00,1708191000,UTC,FT,Match Finished,90,39,Premier League,England,Regular Season - 25,50,Manchester City,,49,Chelsea,,1,1
1035422,2023,2024-02-18 14:00:00+00:00,1708264800,UTC,FT,Match Finished,90,39,Premier League,England,Regular Season - 25,62,Sheffield Utd,,51,Brighton,,0,5
1035418,2023,2024-02-18 16:30:00+00:00,1708273800,UTC,FT,Match Finished,90,39,Premier League,England,Regular Season - 25,1359,Luton,,33,Manchester United,,1,2
1035416,2023,2024-02-19 20:00:00+00:00,1708372800,UTC,FT,Match Finished,90,39,Premier League,England,Regular Season - 25,45,Everton,,52,Crystal Palace,,1,1
1035349,2023,2024-02-20 19:30:00+00:00,1708457400,UTC,FT,Match Finished,90,39,Premier League,England,Regular Season - 18,50,Manchester City,,55,Brentford,,1,0
1035430,2023,2024-02-21 19:30:00+00:00,1708543800,UTC,FT,Match Finished,90,39,Premier League,England,Regular Season - 26,40,Liverpool,,1359,Luton,,4,1
1035426,2023,2024-02-24 15:00:00+00:00,1708786800,UTC,FT,Match Finished,90,39,Premier League,England,Regular Season - 26,66,Aston Villa,,65,Nottingham Forest,,4,2
1035427,2023,2024-02-24 15:00:00+00:00,1708786800,UTC,FT,Match Finished,90,39,Premier League,England,Regular Season - 26,51,Brighton,,45,Everton,,1,1
1035429,2023,2024-02-24 15:00:00+00:00,1708786800,UTC,FT,Match Finished,90,39,Premier League,England,Regular Season - 26,52,Crystal Palace,,44,Burnley,,3,0
1035431,2023,2024-02-24 15:00:00+00:00,1708786800,UTC,FT,Match Finished,90,39,Premier League,England,Regular Season - 26,33,Manchester United,,36,Fulham,,1,2
1035424,2023,2024-02-24 17:30:00+00:00,1708795800,UTC,FT,Match Finished,90,39,Premier League,England,Regular Season - 26,35,Bournemouth,,50,Manchester City,,0,1
1035425,2023,2024-02-24 20:00:00+00:00,1708804800,UTC,FT,Match Finished,90,39,Premier League,England,Regular Season - 26,42,Arsenal,,34,Newcastle,,4,1
1035433,2023,2024-02-25 13:30:00+00:00,1708867800,UTC,FT,Match Finished,90,39,Premier League,England,Regular Season - 26,39,Wolves,,62,Sheffield Utd,,1,0
1035432,2023,2024-02-26 20:00:00+00:00,1708977600,UTC,FT,Match Finished,90,39,Premier League,England,Regular Season - 26,48,West Ham,,55,Brentford,,4,2
1035434,2023,2024-03-02 15:00:00+00:00,1709391600,UTC,FT,Match Finished,90,39,Premier League,England,Regular Season - 27,55,Brentford,,49,Chelsea,,2,2
1035436,2023,2024-03-02 15:00:00+00:00,1709391600,UTC,FT,Match Finished,90,39,Premier League,England,Regular Season - 27,45,Everton,,48,West Ham,,1,3
1035437,2023,2024-03-02 15:00:00+00:00,1709391600,UTC,FT,Match Finished,90,39,Premier League,England,Regular Season - 27,36,Fulham,,51,Brighton,,3,0
1035440,2023,2024-03-02 15:00:00+00:00,1709391600,UTC,FT,Match Finished,90,39,Premier League,England,Regular Season - 27,34,Newcastle,,39,Wolves,,3,0
1035441,2023,2024-03-02 15:00:00+00:00,1709391600,UTC,FT,Match Finished,90,39,Premier League,England,Regular Season - 27,65,Nottingham Forest,,40,Liverpool,,0,1
1035443,2023,2024-03-02 15:00:00+00:00,1709391600,UTC,FT,Match Finished,90,39,Premier League,England,Regular Season - 27,47,Tottenham,,52,Crystal Palace,,3,1
1035438,2023,2024-03-02 17:30:00+00:00,1709400600,UTC,FT,Match Finished,90,39,Premier League,England,Regular Season - 27,1359,Luton,,66,Aston Villa,,2,3
1035435,2023,2024-03-03 13:00:00+00:00,1709470800,UTC,FT,Match Finished,90,39,Premier League,England,Regular Season - 27,44,Burnley,,35,Bournemouth,,0,2
1035439,2023,2024-03-03 15:30:00+00:00,1709479800,UTC,FT,Match Finished,90,39,Premier League,England,Regular Season - 27,50,Manchester City,,33,Manchester United,,3,1
1035442,2023,2024-03-04 20:00:00+00:00,1709582400,UTC,FT,Match Finished,90,39,Premier League,England,Regular Season - 27,62,Sheffield Utd,,42,Arsenal,,0,6
1035451,2023,2024-03-09 12:30:00+00:00,1709987400,UTC,FT,Match Finished,90,39,Premier League,England,Regular Season - 28,33,Manchester United,,45,Everton,,2,0
1035444,2023,2024-03-09 15:00:00+00:00,1709996400,UTC,FT,Match Finished,90,39,Premier League,England,Regular Season - 28,35,Bournemouth,,62,Sheffield Utd,,2,2
1035449,2023,2024-03-09 15:00:00+00:00,1709996400,UTC,FT,Match Finished,90,39,Premier League,England,Regular Season - 28,52,Crystal Palace,,1359,Luton,,1,1
1035453,2023,2024-03-09 15:00:00+00:00,1709996400,UTC,FT,Match Finished,90,39,Premier League,England,Regular Season - 28,39,Wolves,,36,Fulham,,2,1
1035445,2023,2024-03-09 17:30:00+00:00,1710005400,UTC,FT,Match Finished,90,39,Premier League,England,Regular Season - 28,42,Arsenal,,55,Brentford,,2,1
1035446,2023,2024-03-10 13:00:00+00:00,1710075600,UTC,FT,Match Finished,90,39,Premier League,England,Regular Season - 28,66,Aston Villa,,47,Tottenham,,0,4
1035447,2023,2024-03-10 14:00:00+00:00,1710079200,UTC,FT,Match Finished,90,39,Premier League,England,Regular Season - 28,51,Brighton,,65,Nottingham Forest,,1,0
1035452,2023,2024-03-10 14:00:00+00:00,1710079200,UTC,FT,Match Finished,90,39,Premier League,England,Regular Season - 28,48,West Ham,,44,Burnley,,2,2
1035450,2023,2024-03-10 15:45:00+00:00,1710085500,UTC,FT,Match Finished,90,39,Premier League,England,Regular Season - 28,40,Liverpool,,50,Manchester City,,1,1
1035448,2023,2024-03-11 20:00:00+00:00,1710187200,UTC,FT,Match Finished,90,39,Premier League,England,Regular Season - 28,49,Chelsea,,34,Newcastle,,3,2
1035334,2023,2024-03-13 19:30:00+00:00,1710358200,UTC,FT,Match Finished,90,39,Premier League,England,Regular Season - 17,35,Bournemouth,,1359,Luton,,4,3
1035456,2023,2024-03-16 15:00:00+00:00,1710601200,UTC,FT,Match Finished,90,39,Premier League,England,Regular Season - 29,44,Burnley,,55,Brentford,,2,1
1035460,2023,2024-03-16 15:00:00+00:00,1710601200,UTC,FT,Match Finished,90,39,Premier League,England,Regular Season - 29,1359,Luton,,65,Nottingham Forest,,1,1
1035459,2023,2024-03-16 17:30:00+00:00,1710610200,UTC,FT,Match Finished,90,39,Premier League,England,Regular Season - 29,36,Fulham,,47,Tottenham,,3,0
1035462,2023,2024-03-17 14:00:00+00:00,1710684000,UTC,FT,Match Finished,90,39,Premier League,England,Regular Season - 29,48,West Ham,,66,Aston Villa,,1,1
1035470,2023,2024-03-30 12:30:00+00:00,1711801800,UTC,FT,Match Finished,90,39,Premier League,England,Regular Season - 30,34,Newcastle,,48,West Ham,,4,3
1035464,2023,2024-03-30 15:00:00+00:00,1711810800,UTC,FT,Match Finished,90,39,Premier League,England,Regular Season - 30,35,Bournemouth,,45,Everton,,2,1
1035467,2023,2024-03-30 15:00:00+00:00,1711810800,UTC,FT,Match Finished,90,39,Premier League,England,Regular Season - 30,49,Chelsea,,44,Burnley,,2,2
1035471,2023,2024-03-30 15:00:00+00:00,1711810800,UTC,FT,Match Finished,90,39,Premier League,England,Regular Season - 30,65,Nottingham Forest,,52,Crystal Palace,,1,1
1035472,2023,2024-03-30 15:00:00+00:00,1711810800,UTC,FT,Match Finished,90,39,Premier League,England,Regular Season - 30,62,Sheffield Utd,,36,Fulham,,3,3
1035473,2023,2024-03-30 15:00:00+00:00,1711810800,UTC,FT,Match Finished,90,39,Premier League,England,Regular Season - 30,47,Tottenham,,1359,Luton,,2,1
1035465,2023,2024-03-30 17:30:00+00:00,1711819800,UTC,FT,Match Finished,90,39,Premier League,England,Regular Season - 30,66,Aston Villa,,39,Wolves,,2,0
1035466,2023,2024-03-30 20:00:00+00:00,1711828800,UTC,FT,Match Finished,90,39,Premier League,England,Regular Season - 30,55,Brentford,,33,Manchester United,,1,1
1035468,2023,2024-03-31 13:00:00+00:00,1711890000,UTC,FT,Match Finished,90,39,Premier League,England,Regular Season - 30,40,Liverpool,,51,Brighton,,2,1
1035469,2023,2024-03-31 15:30:00+00:00,1711899000,UTC,FT,Match Finished,90,39,Premier League,England,Regular Season - 30,50,Manchester City,,42,Arsenal,,0,0
1035478,2023,2024-04-02 18:30:00+00:00,1712082600,UTC,FT,Match Finished,90,39,Premier League,England,Regular Season - 31,65,Nottingham Forest,,36,Fulham,,3,1
1035481,2023,2024-04-02 18:30:00+00:00,1712082600,UTC,FT,Match Finished,90,39,Premier League,England,Regular Season - 31,34,Newcastle,,45,Everton,,1,1
1035474,2023,2024-04-02 18:45:00+00:00,1712083500,UTC,FT,Match Finished,90,39,Premier League,England,Regular Season - 31,35,Bournemouth,,52,Crystal Palace,,1,0
1035477,2023,2024-04-02 18:45:00+00:00,1712083500,UTC,FT,Match Finished,90,39,Premier League,England,Regular Season - 31,44,Burnley,,39,Wolves,,1,1
1035479,2023,2024-04-02 19:15:00+00:00,1712085300,UTC,FT,Match Finished,90,39,Premier League,England,Regular Season - 31,48,West Ham,,47,Tottenham,,1,1
1035475,2023,2024-04-03 18:30:00+00:00,1712169000,UTC,FT,Match Finished,90,39,Premier League,England,Regular Season - 31,42,Arsenal,,1359,Luton,,2,0
1035476,2023,2024-04-03 18:30:00+00:00,1712169000,UTC,FT,Match Finished,90,39,Premier League,England,Regular Season - 31,55,Brentford,,51,Brighton,,0,0
1035483,2023,2024-04-03 19:15:00+00:00,1712171700,UTC,FT,Match Finished,90,39,Premier League,England,Regular Season - 31,50,Manchester City,,66,Aston Villa,,4,1
1035482,2023,2024-04-04 18:30:00+00:00,1712255400,UTC,FT,Match Finished,90,39,Premier League,England,Regular Season - 31,40,Liverpool,,62,Sheffield Utd,,3,1
1035480,2023,2024-04-04 19:15:00+00:00,1712258100,UTC,FT,Match Finished,90,39,Premier League,England,Regular Season - 31,49,Chelsea,,33,Manchester United,,4,3
1035486,2023,2024-04-06 11:30:00+00:00,1712403000,UTC,FT,Match Finished,90,39,Premier League,England,Regular Season - 32,52,Crystal Palace,,50,Manchester City,,2,4
1035484,2023,2024-04-06 14:00:00+00:00,1712412000,UTC,FT,Match Finished,90,39,Premier League,England,Regular Season - 32,66,Aston Villa,,55,Brentford,,3,3
1035487,2023,2024-04-06 14:00:00+00:00,1712412000,UTC,FT,Match Finished,90,39,Premier League,England,Regular Season - 32,45,Everton,,44,Burnley,,1,0
1035488,2023,2024-04-06 14:00:00+00:00,1712412000,UTC,FT,Match Finished,90,39,Premier League,England,Regular Season - 32,36,Fulham,,34,Newcastle,,0,1
1035489,2023,2024-04-06 14:00:00+00:00,1712412000,UTC,FT,Match Finished,90,39,Premier League,England,Regular Season - 32,1359,Luton,,35,Bournemouth,,2,1
1035493,2023,2024-04-06 14:00:00+00:00,1712412000,UTC,FT,Match Finished,90,39,Premier League,England,Regular Season - 32,39,Wolves,,48,West Ham,,1,2
1035485,2023,2024-04-06 16:30:00+00:00,1712421000,UTC,FT,Match Finished,90,39,Premier League,England,Regular Season - 32,51,Brighton,,42,Arsenal,,0,3
1035490,2023,2024-04-07 14:30:00+00:00,1712500200,UTC,FT,Match Finished,90,39,Premier League,England,Regular Season - 32,33,Manchester United,,40,Liverpool,,2,2
1035491,2023,2024-04-07 16:30:00+00:00,1712507400,UTC,FT,Match Finished,90,39,Premier League,England,Regular Season - 32,62,Sheffield Utd,,49,Chelsea,,2,2
1035492,2023,2024-04-07 17:00:00+00:00,1712509200,UTC,FT,Match Finished,90,39,Premier League,England,Regular Season - 32,47,Tottenham,,65,Nottingham Forest,,3,1
1035501,2023,2024-04-13 11:30:00+00:00,1713007800,UTC,FT,Match Finished,90,39,Premier League,England,Regular Season - 33,34,Newcastle,,47,Tottenham,,4,0
1035496,2023,2024-04-13 14:00:00+00:00,1713016800,UTC,FT,Match Finished,90,39,Premier League,England,Regular Season - 33,55,Brentford,,62,Sheffield Utd,,2,0
1035497,2023,2024-04-13 14:00:00+00:00,1713016800,UTC,FT,Match Finished,90,39,Premier League,England,Regular Season - 33,44,Burnley,,51,Brighton,,1,1
1035500,2023,2024-04-13 14:00:00+00:00,1713016800,UTC,FT,Match Finished,90,39,Premier League,England,Regular Season - 33,50,Manchester City,,1359,Luton,,5,1
1035502,2023,2024-04-13 14:00:00+00:00,1713016800,UTC,FT,Match Finished,90,39,Premier League,England,Regular Season - 33,65,Nottingham Forest,,39,Wolves,,2,2
1035494,2023,2024-04-13 16:30:00+00:00,1713025800,UTC,FT,Match Finished,90,39,Premier League,England,Regular Season - 33,35,Bournemouth,,33,Manchester United,,2,2
1035499,2023,2024-04-14 13:00:00+00:00,1713099600,UTC,FT,Match Finished,90,39,Premier League,England,Regular Season - 33,40,Liverpool,,52,Crystal Palace,,0,1
1035503,2023,2024-04-14 13:00:00+00:00,1713099600,UTC,FT,Match Finished,90,39,Premier League,England,Regular Season - 33,48,West Ham,,36,Fulham,,0,2
1035495,2023,2024-04-14 15:30:00+00:00,1713108600,UTC,FT,Match Finished,90,39,Premier League,England,Regular Season - 33,42,Arsenal,,66,Aston Villa,,0,2
1035498,2023,2024-04-15 19:00:00+00:00,1713207600,UTC,FT,Match Finished,90,39,Premier League,England,Regular Season - 33,49,Chelsea,,45,Everton,,6,0
1035509,2023,2024-04-20 14:00:00+00:00,1713621600,UTC,FT,Match Finished,90,39,Premier League,England,Regular Season - 34,1359,Luton,,55,Brentford,,1,5
1035511,2023,2024-04-20 14:00:00+00:00,1713621600,UTC,FT,Match Finished,90,39,Premier League,England,Regular Season - 34,62,Sheffield Utd,,44,Burnley,,1,4
1035513,2023,2024-04-20 18:30:00+00:00,1713637800,UTC,FT,Match Finished,90,39,Premier League,England,Regular Season - 34,39,Wolves,,42,Arsenal,,0,2
1035507,2023,2024-04-21 12:30:00+00:00,1713702600,UTC,FT,Match Finished,90,39,Premier League,England,Regular Season - 34,45,Everton,,65,Nottingham Forest,,2,0
1035504,2023,2024-04-21 14:00:00+00:00,1713708000,UTC,FT,Match Finished,90,39,Premier League,England,Regular Season - 34,66,Aston Villa,,35,Bournemouth,,3,1
1035506,2023,2024-04-21 14:00:00+00:00,1713708000,UTC,FT,Match Finished,90,39,Premier League,England,Regular Season - 34,52,Crystal Palace,,48,West Ham,,5,2
1035508,2023,2024-04-21 15:30:00+00:00,1713713400,UTC,FT,Match Finished,90,39,Premier League,England,Regular Season - 34,36,Fulham,,40,Liverpool,,1,3
1035454,2023,2024-04-23 19:00:00+00:00,1713898800,UTC,FT,Match Finished,90,39,Premier League,England,Regular Season - 29,42,Arsenal,,49,Chelsea,,5,0
1035463,2023,2024-04-24 18:45:00+00:00,1713984300,UTC,FT,Match Finished,90,39,Premier League,England,Regular Season - 29,39,Wolves,,35,Bournemouth,,0,1
1035457,2023,2024-04-24 19:00:00+00:00,1713985200,UTC,FT,Match Finished,90,39,Premier League,England,Regular Season - 29,52,Crystal Palace,,34,Newcastle,,2,0
1035458,2023,2024-04-24 19:00:00+00:00,1713985200,UTC,FT,Match Finished,90,39,Premier League,England,Regular Season - 29,45,Everton,,40,Liverpool,,2,0
1035461,2023,2024-04-24 19:00:00+00:00,1713985200,UTC,FT,Match Finished,90,39,Premier League,England,Regular Season - 29,33,Manchester United,,62,Sheffield Utd,,4,2
1035455,2023,2024-04-25 19:00:00+00:00,1714071600,UTC,FT,Match Finished,90,39,Premier League,England,Regular Season - 29,51,Brighton,,50,Manchester City,,0,4
1035522,2023,2024-04-27 11:30:00+00:00,1714217400,UTC,FT,Match Finished,90,39,Premier League,England,Regular Season - 35,48,West Ham,,40,Liverpool,,2,2
1035517,2023,2024-04-27 14:00:00+00:00,1714226400,UTC,FT,Match Finished,90,39,Premier League,England,Regular Season - 35,36,Fulham,,52,Crystal Palace,,1,1
1035518,2023,2024-04-27 14:00:00+00:00,1714226400,UTC,FT,Match Finished,90,39,Premier League,England,Regular Season - 35,33,Manchester United,,44,Burnley,,1,1
1035519,2023,2024-04-27 14:00:00+00:00,1714226400,UTC,FT,Match Finished,90,39,Premier League,England,Regular Season - 35,34,Newcastle,,62,Sheffield Utd,,5,1
1035523,2023,2024-04-27 14:00:00+00:00,1714226400,UTC,FT,Match Finished,90,39,Premier League,England,Regular Season - 35,39,Wolves,,1359,Luton,,2,1
1035516,2023,2024-04-27 16:30:00+00:00,1714235400,UTC,FT,Match Finished,90,39,Premier League,England,Regular Season - 35,45,Everton,,55,Brentford,,1,0
1035515,2023,2024-04-27 19:00:00+00:00,1714244400,UTC,FT,Match Finished,90,39,Premier League,England,Regular Season - 35,66,Aston Villa,,49,Chelsea,,2,2
1035514,2023,2024-04-28 13:00:00+00:00,1714309200,UTC,FT,Match Finished,90,39,Premier League,England,Regular Season - 35,35,Bournemouth,,51,Brighton,,3,0
1035521,2023,2024-04-28 13:00:00+00:00,1714309200,UTC,FT,Match Finished,90,39,Premier League,England,Regular Season - 35,47,Tottenham,,42,Arsenal,,2,3
1035520,2023,2024-04-28 15:30:00+00:00,1714318200,UTC,FT,Match Finished,90,39,Premier League,England,Regular Season - 35,65,Nottingham Forest,,50,Manchester City,,0,2
1035428,2023,2024-05-02 18:30:00+00:00,1714674600,UTC,FT,Match Finished,90,39,Premier League,England,Regular Season - 26,49,Chelsea,,47,Tottenham,,2,0
1035531,2023,2024-05-03 19:00:00+00:00,1714762800,UTC,FT,Match Finished,90,39,Premier League,England,Regular Season - 36,1359,Luton,,45,Everton,,1,1
1035524,2023,2024-05-04 11:30:00+00:00,1714822200,UTC,FT,Match Finished,90,39,Premier League,England,Regular Season - 36,42,Arsenal,,35,Bournemouth,,3,0
1035525,2023,2024-05-04 14:00:00+00:00,1714831200,UTC,FT,Match Finished,90,39,Premier League,England,Regular Season - 36,55,Brentford,,36,Fulham,,0,0
1035527,2023,2024-05-04 14:00:00+00:00,1714831200,UTC,FT,Match Finished,90,39,Premier League,England,Regular Season - 36,44,Burnley,,34,Newcastle,,1,4
1035533,2023,2024-05-04 14:00:00+00:00,1714831200,UTC,FT,Match Finished,90,39,Premier League,England,Regular Season - 36,62,Sheffield Utd,,65,Nottingham Forest,,1,3
1035532,2023,2024-05-04 16:30:00+00:00,1714840200,UTC,FT,Match Finished,90,39,Premier League,England,Regular Season - 36,50,Manchester City,,39,Wolves,,5,1
1035526,2023,2024-05-05 13:00:00+00:00,1714914000,UTC,FT,Match Finished,90,39,Premier League,England,Regular Season - 36,51,Brighton,,66,Aston Villa,,1,0
1035528,2023,2024-05-05 13:00:00+00:00,1714914000,UTC,FT,Match Finished,90,39,Premier League,England,Regular Season - 36,49,Chelsea,,48,West Ham,,5,0
1035530,2023,2024-05-05 15:30:00+00:00,1714923000,UTC,FT,Match Finished,90,39,Premier League,England,Regular Season - 36,40,Liverpool,,47,Tottenham,,4,2
1035529,2023,2024-05-06 19:00:00+00:00,1715022000,UTC,FT,Match Finished,90,39,Premier League,England,Regular Season - 36,52,Crystal Palace,,33,Manchester United,,4,0
1035537,2023,2024-05-11 11:30:00+00:00,1715427000,UTC,FT,Match Finished,90,39,Premier League,England,Regular Season - 37,36,Fulham,,50,Manchester City,,0,4
1035534,2023,2024-05-11 14:00:00+00:00,1715436000,UTC,FT,Match Finished,90,39,Premier League,England,Regular Season - 37,35,Bournemouth,,55,Brentford,,1,2
1035536,2023,2024-05-11 14:00:00+00:00,1715436000,UTC,FT,Match Finished,90,39,Premier League,England,Regular Season - 37,45,Everton,,62,Sheffield Utd,,1,0
1035539,2023,2024-05-11 14:00:00+00:00,1715436000,UTC,FT,Match Finished,90,39,Premier League,England,Regular Season - 37,34,Newcastle,,51,Brighton,,1,1
1035541,2023,2024-05-11 14:00:00+00:00,1715436000,UTC,FT,Match Finished,90,39,Premier League,England,Regular Season - 37,47,Tottenham,,44,Burnley,,2,1
1035542,2023,2024-05-11 14:00:00+00:00,1715436000,UTC,FT,Match Finished,90,39,Premier League,England,Regular Season - 37,48,West Ham,,1359,Luton,,3,1
1035543,2023,2024-05-11 14:00:00+00:00,1715436000,UTC,FT,Match Finished,90,39,Premier League,England,Regular Season - 37,39,Wolves,,52,Crystal Palace,,1,3
1035540,2023,2024-05-11 16:30:00+00:00,1715445000,UTC,FT,Match Finished,90,39,Premier League,England,Regular Season - 37,65,Nottingham Forest,,49,Chelsea,,2,3
1035538,2023,2024-05-12 15:30:00+00:00,1715527800,UTC,FT,Match Finished,90,39,Premier League,England,Regular Season - 37,33,Manchester United,,42,Arsenal,,0,1
1035535,2023,2024-05-13 19:00:00+00:00,1715626800,UTC,FT,Match Finished,90,39,Premier League,England,Regular Season - 37,66,Aston Villa,,40,Liverpool,,3,3
1035512,2023,2024-05-14 19:00:00+00:00,1715713200,UTC,FT,Match Finished,90,39,Premier League,England,Regular Season - 34,47,Tottenham,,50,Manchester City,,0,2
1035505,2023,2024-05-15 18:45:00+00:00,1715798700,UTC,FT,Match Finished,90,39,Premier League,England,Regular Season - 34,51,Brighton,,49,Chelsea,,1,2
1035510,2023,2024-05-15 19:00:00+00:00,1715799600,UTC,FT,Match Finished,90,39,Premier League,England,Regular Season - 34,33,Manchester United,,34,Newcastle,,3,2
1035544,2023,2024-05-19 15:00:00+00:00,1716130800,UTC,FT,Match Finished,90,39,Premier League,England,Regular Season - 38,42,Arsenal,,45,Everton,,2,1
1035545,2023,2024-05-19 15:00:00+00:00,1716130800,UTC,FT,Match Finished,90,39,Premier League,England,Regular Season - 38,55,Brentford,,34,Newcastle,,2,4
1035546,2023,2024-05-19 15:00:00+00:00,1716130800,UTC,FT,Match Finished,90,39,Premier League,England,Regular Season - 38,51,Brighton,,33,Manchester United,,0,2
1035547,2023,2024-05-19 15:00:00+00:00,1716130800,UTC,FT,Match Finished,90,39,Premier League,England,Regular Season - 38,44,Burnley,,65,Nottingham Forest,,1,2
1035548,2023,2024-05-19 15:00:00+00:00,1716130800,UTC,FT,Match Finished,90,39,Premier League,England,Regular Season - 38,49,Chelsea,,35,Bournemouth,,2,1
1035549,2023,2024-05-19 15:00:00+00:00,1716130800,UTC,FT,Match Finished,90,39,Premier League,England,Regular Season - 38,52,Crystal Palace,,66,Aston Villa,,5,0
1035550,2023,2024-05-19 15:00:00+00:00,1716130800,UTC,FT,Match Finished,90,39,Premier League,England,Regular Season - 38,40,Liverpool,,39,Wolves,,2,0
1035551,2023,2024-05-19 15:00:00+00:00,1716130800,UTC,FT,Match Finished,90,39,Premier League,England,Regular Season - 38,1359,Luton,,36,Fulham,,2,4
1035552,2023,2024-05-19 15:00:00+00:00,1716130800,UTC,FT,Match Finished,90,39,Premier League,England,Regular Season - 38,50,Manchester City,,48,West Ham,,3,1
1035553,2023,2024-05-19 15:00:00+00:00,1716130800,UTC,FT,Match Finished,90,39,Premier League,England,Regular Season - 38,62,Sheffield Utd,,47,Tottenham,,0,3
1208021,2024,2024-08-16 19:00:00+00:00,1723834800,UTC,FT,Match Finished,90,39,Premier League,England,Regular Season - 1,33,Manchester United,,36,Fulham,,1,0
1208022,2024,2024-08-17 11:30:00+00:00,1723894200,UTC,FT,Match Finished,90,39,Premier League,England,Regular Season - 1,57,Ipswich,,40,Liverpool,,0,2
1208023,2024,2024-08-17 14:00:00+00:00,1723903200,UTC,FT,Match Finished,90,39,Premier League,England,Regular Season - 1,42,Arsenal,,39,Wolves,,2,0
1208024,2024,2024-08-17 14:00:00+00:00,1723903200,UTC,FT,Match Finished,90,39,Premier League,England,Regular Season - 1,45,Everton,,51,Brighton,,0,3
1208025,2024,2024-08-17 14:00:00+00:00,1723903200,UTC,FT,Match Finished,90,39,Premier League,England,Regular Season - 1,34,Newcastle,,41,Southampton,,1,0
1208026,2024,2024-08-17 14:00:00+00:00,1723903200,UTC,FT,Match Finished,90,39,Premier League,England,Regular Season - 1,65,Nottingham Forest,,35,Bournemouth,,1,1
1208027,2024,2024-08-17 16:30:00+00:00,1723912200,UTC,FT,Match Finished,90,39,Premier League,England,Regular Season - 1,48,West Ham,,66,Aston Villa,,1,2
1208028,2024,2024-08-18 13:00:00+00:00,1723986000,UTC,FT,Match Finished,90,39,Premier League,England,Regular Season - 1,55,Brentford,,52,Crystal Palace,,2,1
1208029,2024,2024-08-18 15:30:00+00:00,1723995000,UTC,FT,Match Finished,90,39,Premier League,England,Regular Season - 1,49,Chelsea,,50,Manchester City,,0,2
1208030,2024,2024-08-19 19:00:00+00:00,1724094000,UTC,FT,Match Finished,90,39,Premier League,England,Regular Season - 1,46,Leicester,,47,Tottenham,,1,1
1208033,2024,2024-08-24 11:30:00+00:00,1724499000,UTC,FT,Match Finished,90,39,Premier League,England,Regular Season - 2,51,Brighton,,33,Manchester United,,2,1
1208034,2024,2024-08-24 14:00:00+00:00,1724508000,UTC,FT,Match Finished,90,39,Premier League,England,Regular Season - 2,52,Crystal Palace,,48,West Ham,,0,2
1208035,2024,2024-08-24 14:00:00+00:00,1724508000,UTC,FT,Match Finished,90,39,Premier League,England,Regular Season - 2,36,Fulham,,46,Leicester,,2,1
1208037,2024,2024-08-24 14:00:00+00:00,1724508000,UTC,FT,Match Finished,90,39,Premier League,England,Regular Season - 2,50,Manchester City,,57,Ipswich,,4,1
1208038,2024,2024-08-24 14:00:00+00:00,1724508000,UTC,FT,Match Finished,90,39,Premier League,England,Regular Season - 2,41,Southampton,,65,Nottingham Forest,,0,1
1208039,2024,2024-08-24 14:00:00+00:00,1724508000,UTC,FT,Match Finished,90,39,Premier League,England,Regular Season - 2,47,Tottenham,,45,Everton,,4,0
1208032,2024,2024-08-24 16:30:00+00:00,1724517000,UTC,FT,Match Finished,90,39,Premier League,England,Regular Season - 2,66,Aston Villa,,42,Arsenal,,0,2
1208031,2024,2024-08-25 13:00:00+00:00,1724590800,UTC,FT,Match Finished,90,39,Premier League,England,Regular Season - 2,35,Bournemouth,,34,Newcastle,,1,1
1208040,2024,2024-08-25 13:00:00+00:00,1724590800,UTC,FT,Match Finished,90,39,Premier League,England,Regular Season - 2,39,Wolves,,49,Chelsea,,2,6
1208036,2024,2024-08-25 15:30:00+00:00,1724599800,UTC,FT,Match Finished,90,39,Premier League,England,Regular Season - 2,40,Liverpool,,55,Brentford,,2,0
1208041,2024,2024-08-31 11:30:00+00:00,1725103800,UTC,FT,Match Finished,90,39,Premier League,England,Regular Season - 3,42,Arsenal,,51,Brighton,,1,1
1208042,2024,2024-08-31 14:00:00+00:00,1725112800,UTC,FT,Match Finished,90,39,Premier League,England,Regular Season - 3,55,Brentford,,41,Southampton,,3,1
1208044,2024,2024-08-31 14:00:00+00:00,1725112800,UTC,FT,Match Finished,90,39,Premier League,England,Regular Season - 3,45,Everton,,35,Bournemouth,,2,3
1208045,2024,2024-08-31 14:00:00+00:00,1725112800,UTC,FT,Match Finished,90,39,Premier League,England,Regular Season - 3,57,Ipswich,,36,Fulham,,1,1
1208046,2024,2024-08-31 14:00:00+00:00,1725112800,UTC,FT,Match Finished,90,39,Premier League,England,Regular Season - 3,46,Leicester,,66,Aston Villa,,1,2
1208049,2024,2024-08-31 14:00:00+00:00,1725112800,UTC,FT,Match Finished,90,39,Premier League,England,Regular Season - 3,65,Nottingham Forest,,39,Wolves,,1,1
1208050,2024,2024-08-31 16:30:00+00:00,1725121800,UTC,FT,Match Finished,90,39,Premier League,England,Regular Season - 3,48,West Ham,,50,Manchester City,,1,3
1208043,2024,2024-09-01 12:30:00+00:00,1725193800,UTC,FT,Match Finished,90,39,Premier League,England,Regular Season - 3,49,Chelsea,,52,Crystal Palace,,1,1
1208048,2024,2024-09-01 12:30:00+00:00,1725193800,UTC,FT,Match Finished,90,39,Premier League,England,Regular Season - 3,34,Newcastle,,47,Tottenham,,2,1
1208047,2024,2024-09-01 15:00:00+00:00,1725202800,UTC,FT,Match Finished,90,39,Premier League,England,Regular Season - 3,33,Manchester United,,40,Liverpool,,0,3
1208058,2024,2024-09-14 11:30:00+00:00,1726313400,UTC,FT,Match Finished,90,39,Premier League,England,Regular Season - 4,41,Southampton,,33,Manchester United,,0,3
1208053,2024,2024-09-14 14:00:00+00:00,1726322400,UTC,FT,Match Finished,90,39,Premier League,England,Regular Season - 4,51,Brighton,,57,Ipswich,,0,0
1208054,2024,2024-09-14 14:00:00+00:00,1726322400,UTC,FT,Match Finished,90,39,Premier League,England,Regular Season - 4,52,Crystal Palace,,46,Leicester,,2,2
1208055,2024,2024-09-14 14:00:00+00:00,1726322400,UTC,FT,Match Finished,90,39,Premier League,England,Regular Season - 4,36,Fulham,,48,West Ham,,1,1
1208056,2024,2024-09-14 14:00:00+00:00,1726322400,UTC,FT,Match Finished,90,39,Premier League,England,Regular Season - 4,40,Liverpool,,65,Nottingham Forest,,0,1
1208057,2024,2024-09-14 14:00:00+00:00,1726322400,UTC,FT,Match Finished,90,39,Premier League,England,Regular Season - 4,50,Manchester City,,55,Brentford,,2,1
1208052,2024,2024-09-14 16:30:00+00:00,1726331400,UTC,FT,Match Finished,90,39,Premier League,England,Regular Season - 4,66,Aston Villa,,45,Everton,,3,2
1208051,2024,2024-09-14 19:00:00+00:00,1726340400,UTC,FT,Match Finished,90,39,Premier League,England,Regular Season - 4,35,Bournemouth,,49,Chelsea,,0,1
1208059,2024,2024-09-15 13:00:00+00:00,1726405200,UTC,FT,Match Finished,90,39,Premier League,England,Regular Season - 4,47,Tottenham,,42,Arsenal,,0,1
1208060,2024,2024-09-15 15:30:00+00:00,1726414200,UTC,FT,Match Finished,90,39,Premier League,England,Regular Season - 4,39,Wolves,,34,Newcastle,,1,2
1208070,2024,2024-09-21 11:30:00+00:00,1726918200,UTC,FT,Match Finished,90,39,Premier League,England,Regular Season - 5,48,West Ham,,49,Chelsea,,0,3
1208061,2024,2024-09-21 14:00:00+00:00,1726927200,UTC,FT,Match Finished,90,39,Premier League,England,Regular Season - 5,66,Aston Villa,,39,Wolves,,3,1
1208064,2024,2024-09-21 14:00:00+00:00,1726927200,UTC,FT,Match Finished,90,39,Premier League,England,Regular Season - 5,36,Fulham,,34,Newcastle,,3,1
1208065,2024,2024-09-21 14:00:00+00:00,1726927200,UTC,FT,Match Finished,90,39,Premier League,England,Regular Season - 5,46,Leicester,,45,Everton,,1,1
1208066,2024,2024-09-21 14:00:00+00:00,1726927200,UTC,FT,Match Finished,90,39,Premier League,England,Regular Season - 5,40,Liverpool,,35,Bournemouth,,3,0
1208068,2024,2024-09-21 14:00:00+00:00,1726927200,UTC,FT,Match Finished,90,39,Premier League,England,Regular Season - 5,41,Southampton,,57,Ipswich,,1,1
1208069,2024,2024-09-21 14:00:00+00:00,1726927200,UTC,FT,Match Finished,90,39,Premier League,England,Regular Season - 5,47,Tottenham,,55,Brentford,,3,1
1208063,2024,2024-09-21 16:30:00+00:00,1726936200,UTC,FT,Match Finished,90,39,Premier League,England,Regular Season - 5,52,Crystal Palace,,33,Manchester United,,0,0
1208062,2024,2024-09-22 13:00:00+00:00,1727010000,UTC,FT,Match Finished,90,39,Premier League,England,Regular Season - 5,51,Brighton,,65,Nottingham Forest,,2,2
1208067,2024,2024-09-22 15:30:00+00:00,1727019000,UTC,FT,Match Finished,90,39,Premier League,England,Regular Season - 5,50,Manchester City,,42,Arsenal,,2,2
1208078,2024,2024-09-28 11:30:00+00:00,1727523000,UTC,FT,Match Finished,90,39,Premier League,England,Regular Season - 6,34,Newcastle,,50,Manchester City,,1,1
1208072,2024,2024-09-28 14:00:00+00:00,1727532000,UTC,FT,Match Finished,90,39,Premier League,England,Regular Season - 6,42,Arsenal,,46,Leicester,,4,2
1208073,2024,2024-09-28 14:00:00+00:00,1727532000,UTC,FT,Match Finished,90,39,Premier League,England,Regular Season - 6,55,Brentford,,48,West Ham,,1,1
1208074,2024,2024-09-28 14:00:00+00:00,1727532000,UTC,FT,Match Finished,90,39,Premier League,England,Regular Season - 6,49,Chelsea,,51,Brighton,,4,2
1208075,2024,2024-09-28 14:00:00+00:00,1727532000,UTC,FT,Match Finished,90,39,Premier League,England,Regular Season - 6,45,Everton,,52,Crystal Palace,,2,1
1208079,2024,2024-09-28 14:00:00+00:00,1727532000,UTC,FT,Match Finished,90,39,Premier League,England,Regular Season - 6,65,Nottingham Forest,,36,Fulham,,0,1
1208080,2024,2024-09-28 16:30:00+00:00,1727541000,UTC,FT,Match Finished,90,39,Premier League,England,Regular Season - 6,39,Wolves,,40,Liverpool,,1,2
1208076,2024,2024-09-29 13:00:00+00:00,1727614800,UTC,FT,Match Finished,90,39,Premier League,England,Regular Season - 6,57,Ipswich,,66,Aston Villa,,2,2
1208077,2024,2024-09-29 15:30:00+00:00,1727623800,UTC,FT,Match Finished,90,39,Premier League,England,Regular Season - 6,33,Manchester United,,47,Tottenham,,0,3
1208071,2024,2024-09-30 19:00:00+00:00,1727722800,UTC,FT,Match Finished,90,39,Premier League,England,Regular Season - 6,35,Bournemouth,,41,Southampton,,3,1
1208086,2024,2024-10-05 11:30:00+00:00,1728127800,UTC,FT,Match Finished,90,39,Premier League,England,Regular Season - 7,52,Crystal Palace,,40,Liverpool,,0,1
1208081,2024,2024-10-05 14:00:00+00:00,1728136800,UTC,FT,Match Finished,90,39,Premier League,England,Regular Season - 7,42,Arsenal,,41,Southampton,,3,1
1208083,2024,2024-10-05 14:00:00+00:00,1728136800,UTC,FT,Match Finished,90,39,Premier League,England,Regular Season - 7,55,Brentford,,39,Wolves,,5,3
1208088,2024,2024-10-05 14:00:00+00:00,1728136800,UTC,FT,Match Finished,90,39,Premier League,England,Regular Season - 7,46,Leicester,,35,Bournemouth,,1,0
1208089,2024,2024-10-05 14:00:00+00:00,1728136800,UTC,FT,Match Finished,90,39,Premier League,England,Regular Season - 7,50,Manchester City,,36,Fulham,,3,2
1208090,2024,2024-10-05 14:00:00+00:00,1728136800,UTC,FT,Match Finished,90,39,Premier League,England,Regular Season - 7,48,West Ham,,57,Ipswich,,4,1
1208087,2024,2024-10-05 16:30:00+00:00,1728145800,UTC,FT,Match Finished,90,39,Premier League,England,Regular Season - 7,45,Everton,,34,Newcastle,,0,0
1208082,2024,2024-10-06 13:00:00+00:00,1728219600,UTC,FT,Match Finished,90,39,Premier League,England,Regular Season - 7,66,Aston Villa,,33,Manchester United,,0,0
1208085,2024,2024-10-06 13:00:00+00:00,1728219600,UTC,FT,Match Finished,90,39,Premier League,England,Regular Season - 7,49,Chelsea,,65,Nottingham Forest,,1,1
1208084,2024,2024-10-06 15:30:00+00:00,1728228600,UTC,FT,Match Finished,90,39,Premier League,England,Regular Season - 7,51,Brighton,,47,Tottenham,,3,2
1208099,2024,2024-10-19 11:30:00+00:00,1729337400,UTC,FT,Match Finished,90,39,Premier League,England,Regular Season - 8,47,Tottenham,,48,West Ham,,4,1
1208092,2024,2024-10-19 14:00:00+00:00,1729346400,UTC,FT,Match Finished,90,39,Premier League,England,Regular Season - 8,36,Fulham,,66,Aston Villa,,1,3
1208093,2024,2024-10-19 14:00:00+00:00,1729346400,UTC,FT,Match Finished,90,39,Premier League,England,Regular Season - 8,57,Ipswich,,45,Everton,,0,2
1208095,2024,2024-10-19 14:00:00+00:00,1729346400,UTC,FT,Match Finished,90,39,Premier League,England,Regular Season - 8,33,Manchester United,,55,Brentford,,2,1
1208096,2024,2024-10-19 14:00:00+00:00,1729346400,UTC,FT,Match Finished,90,39,Premier League,England,Regular Season - 8,34,Newcastle,,51,Brighton,,0,1
1208098,2024,2024-10-19 14:00:00+00:00,1729346400,UTC,FT,Match Finished,90,39,Premier League,England,Regular Season - 8,41,Southampton,,46,Leicester,,2,3
1208091,2024,2024-10-19 16:30:00+00:00,1729355400,UTC,FT,Match Finished,90,39,Premier League,England,Regular Season - 8,35,Bournemouth,,42,Arsenal,,2,0
1208100,2024,2024-10-20 13:00:00+00:00,1729429200,UTC,FT,Match Finished,90,39,Premier League,England,Regular Season - 8,39,Wolves,,50,Manchester City,,1,2
1208094,2024,2024-10-20 15:30:00+00:00,1729438200,UTC,FT,Match Finished,90,39,Premier League,England,Regular Season - 8,40,Liverpool,,49,Chelsea,,2,1
1208097,2024,2024-10-21 19:00:00+00:00,1729537200,UTC,FT,Match Finished,90,39,Premier League,England,Regular Season - 8,65,Nottingham Forest,,52,Crystal Palace,,1,0
1208110,2024,2024-10-25 19:00:00+00:00,1729882800,UTC,FT,Match Finished,90,39,Premier League,England,Regular Season - 9,46,Leicester,,65,Nottingham Forest,,1,3
1208104,2024,2024-10-26 14:00:00+00:00,1729951200,UTC,FT,Match Finished,90,39,Premier League,England,Regular Season - 9,66,Aston Villa,,35,Bournemouth,,1,1
1208105,2024,2024-10-26 14:00:00+00:00,1729951200,UTC,FT,Match Finished,90,39,Premier League,England,Regular Season - 9,55,Brentford,,57,Ipswich,,4,3
1208106,2024,2024-10-26 14:00:00+00:00,1729951200,UTC,FT,Match Finished,90,39,Premier League,England,Regular Season - 9,51,Brighton,,39,Wolves,,2,2
1208111,2024,2024-10-26 14:00:00+00:00,1729951200,UTC,FT,Match Finished,90,39,Premier League,England,Regular Season - 9,50,Manchester City,,41,Southampton,,1,0
1208109,2024,2024-10-26 16:30:00+00:00,1729960200,UTC,FT,Match Finished,90,39,Premier League,England,Regular Season - 9,45,Everton,,36,Fulham,,1,1
1208107,2024,2024-10-27 13:00:00+00:00,1730034000,UTC,FT,Match Finished,90,39,Premier League,England,Regular Season - 9,49,Chelsea,,34,Newcastle,,2,1
1208108,2024,2024-10-27 13:00:00+00:00,1730034000,UTC,FT,Match Finished,90,39,Premier League,England,Regular Season - 9,52,Crystal Palace,,47,Tottenham,,1,0
1208112,2024,2024-10-27 13:00:00+00:00,1730034000,UTC,FT,Match Finished,90,39,Premier League,England,Regular Season - 9,48,West Ham,,33,Manchester United,,2,1
1208103,2024,2024-10-27 15:30:00+00:00,1730043000,UTC,FT,Match Finished,90,39,Premier League,England,Regular Season - 9,42,Arsenal,,40,Liverpool,,2,2
1208118,2024,2024-11-02 12:30:00+00:00,1730550600,UTC,FT,Match Finished,90,39,Premier League,England,Regular Season - 10,34,Newcastle,,42,Arsenal,,1,0
1208113,2024,2024-11-02 15:00:00+00:00,1730559600,UTC,FT,Match Finished,90,39,Premier League,England,Regular Season - 10,35,Bournemouth,,50,Manchester City,,2,1
1208115,2024,2024-11-02 15:00:00+00:00,1730559600,UTC,FT,Match Finished,90,39,Premier League,England,Regular Season - 10,57,Ipswich,,46,Leicester,,1,1
1208116,2024,2024-11-02 15:00:00+00:00,1730559600,UTC,FT,Match Finished,90,39,Premier League,England,Regular Season - 10,40,Liverpool,,51,Brighton,,2,1
1208119,2024,2024-11-02 15:00:00+00:00,1730559600,UTC,FT,Match Finished,90,39,Premier League,England,Regular Season - 10,65,Nottingham Forest,,48,West Ham,,3,0
1208120,2024,2024-11-02 15:00:00+00:00,1730559600,UTC,FT,Match Finished,90,39,Premier League,England,Regular Season - 10,41,Southampton,,45,Everton,,1,0
1208122,2024,2024-11-02 17:30:00+00:00,1730568600,UTC,FT,Match Finished,90,39,Premier League,England,Regular Season - 10,39,Wolves,,52,Crystal Palace,,2,2
1208121,2024,2024-11-03 14:00:00+00:00,1730642400,UTC,FT,Match Finished,90,39,Premier League,England,Regular Season - 10,47,Tottenham,,66,Aston Villa,,4,1
1208117,2024,2024-11-03 16:30:00+00:00,1730651400,UTC,FT,Match Finished,90,39,Premier League,England,Regular Season - 10,33,Manchester United,,49,Chelsea,,1,1
1208114,2024,2024-11-04 20:00:00+00:00,1730750400,UTC,FT,Match Finished,90,39,Premier League,England,Regular Season - 10,36,Fulham,,55,Brentford,,2,1
1208123,2024,2024-11-09 15:00:00+00:00,1731164400,UTC,FT,Match Finished,90,39,Premier League,England,Regular Season - 11,55,Brentford,,35,Bournemouth,,3,2
1208126,2024,2024-11-09 15:00:00+00:00,1731164400,UTC,FT,Match Finished,90,39,Premier League,England,Regular Season - 11,52,Crystal Palace,,36,Fulham,,0,2
1208131,2024,2024-11-09 15:00:00+00:00,1731164400,UTC,FT,Match Finished,90,39,Premier League,England,Regular Season - 11,48,West Ham,,45,Everton,,0,0
1208132,2024,2024-11-09 15:00:00+00:00,1731164400,UTC,FT,Match Finished,90,39,Premier League,England,Regular Season - 11,39,Wolves,,41,Southampton,,2,0
1208124,2024,2024-11-09 17:30:00+00:00,1731173400,UTC,FT,Match Finished,90,39,Premier League,England,Regular Season - 11,51,Brighton,,50,Manchester City,,2,1
1208127,2024,2024-11-09 20:00:00+00:00,1731182400,UTC,FT,Match Finished,90,39,Premier League,England,Regular Season - 11,40,Liverpool,,66,Aston Villa,,2,0
1208128,2024,2024-11-10 14:00:00+00:00,1731247200,UTC,FT,Match Finished,90,39,Premier League,England,Regular Season - 11,33,Manchester United,,46,Leicester,,3,0
1208129,2024,2024-11-10 14:00:00+00:00,1731247200,UTC,FT,Match Finished,90,39,Premier League,England,Regular Season - 11,65,Nottingham Forest,,34,Newcastle,,1,3
1208130,2024,2024-11-10 14:00:00+00:00,1731247200,UTC,FT,Match Finished,90,39,Premier League,England,Regular Season - 11,47,Tottenham,,57,Ipswich,,1,2
1208125,2024,2024-11-10 16:30:00+00:00,1731256200,UTC,FT,Match Finished,90,39,Premier League,England,Regular Season - 11,49,Chelsea,,42,Arsenal,,1,1
1208139,2024,2024-11-23 12:30:00+00:00,1732365000,UTC,FT,Match Finished,90,39,Premier League,England,Regular Season - 12,46,Leicester,,49,Chelsea,,1,2
1208133,2024,2024-11-23 15:00:00+00:00,1732374000,UTC,FT,Match Finished,90,39,Premier League,England,Regular Season - 12,35,Bournemouth,,51,Brighton,,1,2
1208134,2024,2024-11-23 15:00:00+00:00,1732374000,UTC,FT,Match Finished,90,39,Premier League,England,Regular Season - 12,42,Arsenal,,65,Nottingham Forest,,3,0
1208135,2024,2024-11-23 15:00:00+00:00,1732374000,UTC,FT,Match Finished,90,39,Premier League,England,Regular Season - 12,66,Aston Villa,,52,Crystal Palace,,2,2
1208136,2024,2024-11-23 15:00:00+00:00,1732374000,UTC,FT,Match Finished,90,39,Premier League,England,Regular Season - 12,45,Everton,,55,Brentford,,0,0
1208137,2024,2024-11-23 15:00:00+00:00,1732374000,UTC,FT,Match Finished,90,39,Premier League,England,Regular Season - 12,36,Fulham,,39,Wolves,,1,4
1208140,2024,2024-11-23 17:30:00+00:00,1732383000,UTC,FT,Match Finished,90,39,Premier League,England,Regular Season - 12,50,Manchester City,,47,Tottenham,,0,4
1208142,2024,2024-11-24 14:00:00+00:00,1732456800,UTC,FT,Match Finished,90,39,Premier League,England,Regular Season - 12,41,Southampton,,40,Liverpool,,2,3
1208138,2024,2024-11-24 16:30:00+00:00,1732465800,UTC,FT,Match Finished,90,39,Premier League,England,Regular Season - 12,57,Ipswich,,33,Manchester United,,1,1
1208141,2024,2024-11-25 20:00:00+00:00,1732564800,UTC,FT,Match Finished,90,39,Premier League,England,Regular Season - 12,34,Newcastle,,48,West Ham,,0,2
1208144,2024,2024-11-29 20:00:00+00:00,1732910400,UTC,FT,Match Finished,90,39,Premier League,England,Regular Season - 13,51,Brighton,,41,Southampton,,1,1
1208143,2024,2024-11-30 15:00:00+00:00,1732978800,UTC,FT,Match Finished,90,39,Premier League,England,Regular Season - 13,55,Brentford,,46,Leicester,,4,1
1208146,2024,2024-11-30 15:00:00+00:00,1732978800,UTC,FT,Match Finished,90,39,Premier League,England,Regular Season - 13,52,Crystal Palace,,34,Newcastle,,1,1
1208149,2024,2024-11-30 15:00:00+00:00,1732978800,UTC,FT,Match Finished,90,39,Premier League,England,Regular Season - 13,65,Nottingham Forest,,57,Ipswich,,1,0
1208152,2024,2024-11-30 15:00:00+00:00,1732978800,UTC,FT,Match Finished,90,39,Premier League,England,Regular Season - 13,39,Wolves,,35,Bournemouth,,2,4
1208151,2024,2024-11-30 17:30:00+00:00,1732987800,UTC,FT,Match Finished,90,39,Premier League,England,Regular Season - 13,48,West Ham,,42,Arsenal,,2,5
1208145,2024,2024-12-01 13:30:00+00:00,1733059800,UTC,FT,Match Finished,90,39,Premier League,England,Regular Season - 13,49,Chelsea,,66,Aston Villa,,3,0
1208148,2024,2024-12-01 13:30:00+00:00,1733059800,UTC,FT,Match Finished,90,39,Premier League,England,Regular Season - 13,33,Manchester United,,45,Everton,,4,0
1208150,2024,2024-12-01 13:30:00+00:00,1733059800,UTC,FT,Match Finished,90,39,Premier League,England,Regular Season - 13,47,Tottenham,,36,Fulham,,1,1
1208147,2024,2024-12-01 16:00:00+00:00,1733068800,UTC,FT,Match Finished,90,39,Premier League,England,Regular Season - 13,40,Liverpool,,50,Manchester City,,2,0
1208158,2024,2024-12-03 19:30:00+00:00,1733254200,UTC,FT,Match Finished,90,39,Premier League,England,Regular Season - 14,57,Ipswich,,52,Crystal Palace,,0,1
1208159,2024,2024-12-03 20:15:00+00:00,1733256900,UTC,FT,Match Finished,90,39,Premier League,England,Regular Season - 14,46,Leicester,,48,West Ham,,3,1
1208156,2024,2024-12-04 19:30:00+00:00,1733340600,UTC,FT,Match Finished,90,39,Premier League,England,Regular Season - 14,45,Everton,,39,Wolves,,4,0
1208160,2024,2024-12-04 19:30:00+00:00,1733340600,UTC,FT,Match Finished,90,39,Premier League,England,Regular Season - 14,50,Manchester City,,65,Nottingham Forest,,3,0
1208161,2024,2024-12-04 19:30:00+00:00,1733340600,UTC,FT,Match Finished,90,39,Premier League,England,Regular Season - 14,34,Newcastle,,40,Liverpool,,3,3
1208162,2024,2024-12-04 19:30:00+00:00,1733340600,UTC,FT,Match Finished,90,39,Premier League,England,Regular Season - 14,41,Southampton,,49,Chelsea,,1,5
1208154,2024,2024-12-04 20:15:00+00:00,1733343300,UTC,FT,Match Finished,90,39,Premier League,England,Regular Season - 14,42,Arsenal,,33,Manchester United,,2,0
1208155,2024,2024-12-04 20:15:00+00:00,1733343300,UTC,FT,Match Finished,90,39,Premier League,England,Regular Season - 14,66,Aston Villa,,55,Brentford,,3,1
1208157,2024,2024-12-05 19:30:00+00:00,1733427000,UTC,FT,Match Finished,90,39,Premier League,England,Regular Season - 14,36,Fulham,,51,Brighton,,3,1
1208153,2024,2024-12-05 20:15:00+00:00,1733429700,UTC,FT,Match Finished,90,39,Premier League,England,Regular Season - 14,35,Bournemouth,,47,Tottenham,,1,0
1208163,2024,2024-12-07 15:00:00+00:00,1733583600,UTC,FT,Match Finished,90,39,Premier League,England,Regular Season - 15,66,Aston Villa,,41,Southampton,,1,0
1208164,2024,2024-12-07 15:00:00+00:00,1733583600,UTC,FT,Match Finished,90,39,Premier League,England,Regular Season - 15,55,Brentford,,34,Newcastle,,4,2
1208165,2024,2024-12-07 15:00:00+00:00,1733583600,UTC,FT,Match Finished,90,39,Premier League,England,Regular Season - 15,52,Crystal Palace,,50,Manchester City,,2,2
1208170,2024,2024-12-07 17:30:00+00:00,1733592600,UTC,FT,Match Finished,90,39,Premier League,England,Regular Season - 15,33,Manchester United,,65,Nottingham Forest,,2,3
1208167,2024,2024-12-08 14:00:00+00:00,1733666400,UTC,FT,Match Finished,90,39,Premier League,England,Regular Season - 15,36,Fulham,,42,Arsenal,,1,1
1208168,2024,2024-12-08 14:00:00+00:00,1733666400,UTC,FT,Match Finished,90,39,Premier League,England,Regular Season - 15,57,Ipswich,,35,Bournemouth,,1,2
1208169,2024,2024-12-08 14:00:00+00:00,1733666400,UTC,FT,Match Finished,90,39,Premier League,England,Regular Season - 15,46,Leicester,,51,Brighton,,2,2
1208171,2024,2024-12-08 16:30:00+00:00,1733675400,UTC,FT,Match Finished,90,39,Premier League,England,Regular Season - 15,47,Tottenham,,49,Chelsea,,3,4
1208172,2024,2024-12-09 20:00:00+00:00,1733774400,UTC,FT,Match Finished,90,39,Premier League,England,Regular Season - 15,48,West Ham,,39,Wolves,,2,1
1208174,2024,2024-12-14 15:00:00+00:00,1734188400,UTC,FT,Match Finished,90,39,Premier League,England,Regular Season - 16,42,Arsenal,,45,Everton,,0,0
1208177,2024,2024-12-14 15:00:00+00:00,1734188400,UTC,FT,Match Finished,90,39,Premier League,England,Regular Season - 16,40,Liverpool,,36,Fulham,,2,2
1208179,2024,2024-12-14 15:00:00+00:00,1734188400,UTC,FT,Match Finished,90,39,Premier League,England,Regular Season - 16,34,Newcastle,,46,Leicester,,4,0
1208182,2024,2024-12-14 15:00:00+00:00,1734188400,UTC,FT,Match Finished,90,39,Premier League,England,Regular Season - 16,39,Wolves,,57,Ipswich,,1,2
1208180,2024,2024-12-14 17:30:00+00:00,1734197400,UTC,FT,Match Finished,90,39,Premier League,England,Regular Season - 16,65,Nottingham Forest,,66,Aston Villa,,2,1
1208175,2024,2024-12-15 14:00:00+00:00,1734271200,UTC,FT,Match Finished,90,39,Premier League,England,Regular Season - 16,51,Brighton,,52,Crystal Palace,,1,3
1208178,2024,2024-12-15 16:30:00+00:00,1734280200,UTC,FT,Match Finished,90,39,Premier League,England,Regular Season - 16,50,Manchester City,,33,Manchester United,,1,2
1208176,2024,2024-12-15 19:00:00+00:00,1734289200,UTC,FT,Match Finished,90,39,Premier League,England,Regular Season - 16,49,Chelsea,,55,Brentford,,2,1
1208181,2024,2024-12-15 19:00:00+00:00,1734289200,UTC,FT,Match Finished,90,39,Premier League,England,Regular Season - 16,41,Southampton,,47,Tottenham,,0,5
1208173,2024,2024-12-16 20:00:00+00:00,1734379200,UTC,FT,Match Finished,90,39,Premier League,England,Regular Season - 16,35,Bournemouth,,48,West Ham,,1,1
1208183,2024,2024-12-21 12:30:00+00:00,1734784200,UTC,FT,Match Finished,90,39,Premier League,England,Regular Season - 17,66,Aston Villa,,50,Manchester City,,2,1
1208184,2024,2024-12-21 15:00:00+00:00,1734793200,UTC,FT,Match Finished,90,39,Premier League,England,Regular Season - 17,55,Brentford,,65,Nottingham Forest,,0,2
1208188,2024,2024-12-21 15:00:00+00:00,1734793200,UTC,FT,Match Finished,90,39,Premier League,England,Regular Season - 17,57,Ipswich,,34,Newcastle,,0,4
1208192,2024,2024-12-21 15:00:00+00:00,1734793200,UTC,FT,Match Finished,90,39,Premier League,England,Regular Season - 17,48,West Ham,,51,Brighton,,1,1
1208185,2024,2024-12-21 17:30:00+00:00,1734802200,UTC,FT,Match Finished,90,39,Premier League,England,Regular Season - 17,52,Crystal Palace,,42,Arsenal,,1,5
1208186,2024,2024-12-22 14:00:00+00:00,1734876000,UTC,FT,Match Finished,90,39,Premier League,England,Regular Season - 17,45,Everton,,49,Chelsea,,0,0
1208187,2024,2024-12-22 14:00:00+00:00,1734876000,UTC,FT,Match Finished,90,39,Premier League,England,Regular Season - 17,36,Fulham,,41,Southampton,,0,0
1208189,2024,2024-12-22 14:00:00+00:00,1734876000,UTC,FT,Match Finished,90,39,Premier League,England,Regular Season - 17,46,Leicester,,39,Wolves,,0,3
1208190,2024,2024-12-22 14:00:00+00:00,1734876000,UTC,FT,Match Finished,90,39,Premier League,England,Regular Season - 17,33,Manchester United,,35,Bournemouth,,0,3
1208191,2024,2024-12-22 16:30:00+00:00,1734885000,UTC,FT,Match Finished,90,39,Premier League,England,Regular Season - 17,47,Tottenham,,40,Liverpool,,3,6
1208198,2024,2024-12-26 12:30:00+00:00,1735216200,UTC,FT,Match Finished,90,39,Premier League,England,Regular Season - 18,50,Manchester City,,45,Everton,,1,1
1208193,2024,2024-12-26 15:00:00+00:00,1735225200,UTC,FT,Match Finished,90,39,Premier League,England,Regular Season - 18,35,Bournemouth,,52,Crystal Palace,,0,0
1208196,2024,2024-12-26 15:00:00+00:00,1735225200,UTC,FT,Match Finished,90,39,Premier League,England,Regular Season - 18,49,Chelsea,,36,Fulham,,1,2
1208199,2024,2024-12-26 15:00:00+00:00,1735225200,UTC,FT,Match Finished,90,39,Premier League,England,Regular Season - 18,34,Newcastle,,66,Aston Villa,,3,0
1208200,2024,2024-12-26 15:00:00+00:00,1735225200,UTC,FT,Match Finished,90,39,Premier League,England,Regular Season - 18,65,Nottingham Forest,,47,Tottenham,,1,0
1208201,2024,2024-12-26 15:00:00+00:00,1735225200,UTC,FT,Match Finished,90,39,Premier League,England,Regular Season - 18,41,Southampton,,48,West Ham,,0,1
1208202,2024,2024-12-26 17:30:00+00:00,1735234200,UTC,FT,Match Finished,90,39,Premier League,England,Regular Season - 18,39,Wolves,,33,Manchester United,,2,0
1208197,2024,2024-12-26 20:00:00+00:00,1735243200,UTC,FT,Match Finished,90,39,Premier League,England,Regular Season - 18,40,Liverpool,,46,Leicester,,3,1
1208195,2024,2024-12-27 19:30:00+00:00,1735327800,UTC,FT,Match Finished,90,39,Premier League,England,Regular Season - 18,51,Brighton,,55,Brentford,,0,0
1208194,2024,2024-12-27 20:15:00+00:00,1735330500,UTC,FT,Match Finished,90,39,Premier League,England,Regular Season - 18,42,Arsenal,,57,Ipswich,,1,0
1208209,2024,2024-12-29 14:30:00+00:00,1735482600,UTC,FT,Match Finished,90,39,Premier League,England,Regular Season - 19,46,Leicester,,50,Manchester City,,0,2
1208205,2024,2024-12-29 15:00:00+00:00,1735484400,UTC,FT,Match Finished,90,39,Premier League,England,Regular Season - 19,52,Crystal Palace,,41,Southampton,,2,1
1208206,2024,2024-12-29 15:00:00+00:00,1735484400,UTC,FT,Match Finished,90,39,Premier League,England,Regular Season - 19,45,Everton,,65,Nottingham Forest,,0,2
1208207,2024,2024-12-29 15:00:00+00:00,1735484400,UTC,FT,Match Finished,90,39,Premier League,England,Regular Season - 19,36,Fulham,,35,Bournemouth,,2,2
1208211,2024,2024-12-29 15:00:00+00:00,1735484400,UTC,FT,Match Finished,90,39,Premier League,England,Regular Season - 19,47,Tottenham,,39,Wolves,,2,2
1208212,2024,2024-12-29 17:15:00+00:00,1735492500,UTC,FT,Match Finished,90,39,Premier League,England,Regular Season - 19,48,West Ham,,40,Liverpool,,0,5
1208203,2024,2024-12-30 19:45:00+00:00,1735587900,UTC,FT,Match Finished,90,39,Premier League,England,Regular Season - 19,66,Aston Villa,,51,Brighton,,2,2
1208208,2024,2024-12-30 19:45:00+00:00,1735587900,UTC,FT,Match Finished,90,39,Premier League,England,Regular Season - 19,57,Ipswich,,49,Chelsea,,2,0
1208210,2024,2024-12-30 20:00:00+00:00,1735588800,UTC,FT,Match Finished,90,39,Premier League,England,Regular Season - 19,33,Manchester United,,34,Newcastle,,0,2
1208204,2024,2025-01-01 17:30:00+00:00,1735752600,UTC,FT,Match Finished,90,39,Premier League,England,Regular Season - 19,55,Brentford,,42,Arsenal,,1,3
1208221,2024,2025-01-04 12:30:00+00:00,1735993800,UTC,FT,Match Finished,90,39,Premier League,England,Regular Season - 20,47,Tottenham,,34,Newcastle,,1,2
1208213,2024,2025-01-04 15:00:00+00:00,1736002800,UTC,FT,Match Finished,90,39,Premier League,England,Regular Season - 20,35,Bournemouth,,45,Everton,,1,0
1208214,2024,2025-01-04 15:00:00+00:00,1736002800,UTC,FT,Match Finished,90,39,Premier League,England,Regular Season - 20,66,Aston Villa,,46,Leicester,,2,1
1208216,2024,2025-01-04 15:00:00+00:00,1736002800,UTC,FT,Match Finished,90,39,Premier League,England,Regular Season - 20,52,Crystal Palace,,49,Chelsea,,1,1
1208219,2024,2025-01-04 15:00:00+00:00,1736002800,UTC,FT,Match Finished,90,39,Premier League,England,Regular Season - 20,50,Manchester City,,48,West Ham,,4,1
1208220,2024,2025-01-04 15:00:00+00:00,1736002800,UTC,FT,Match Finished,90,39,Premier League,England,Regular Season - 20,41,Southampton,,55,Brentford,,0,5
1208215,2024,2025-01-04 17:30:00+00:00,1736011800,UTC,FT,Match Finished,90,39,Premier League,England,Regular Season - 20,51,Brighton,,42,Arsenal,,1,1
1208217,2024,2025-01-05 14:00:00+00:00,1736085600,UTC,FT,Match Finished,90,39,Premier League,England,Regular Season - 20,36,Fulham,,57,Ipswich,,2,2
1208218,2024,2025-01-05 16:30:00+00:00,1736094600,UTC,FT,Match Finished,90,39,Premier League,England,Regular Season - 20,40,Liverpool,,33,Manchester United,,2,2
1208222,2024,2025-01-06 20:00:00+00:00,1736193600,UTC,FT,Match Finished,90,39,Premier League,England,Regular Season - 20,39,Wolves,,65,Nottingham Forest,,0,3
1208224,2024,2025-01-14 19:30:00+00:00,1736883000,UTC,FT,Match Finished,90,39,Premier League,England,Regular Season - 21,55,Brentford,,50,Manchester City,,2,2
1208229,2024,2025-01-14 19:30:00+00:00,1736883000,UTC,FT,Match Finished,90,39,Premier League,England,Regular Season - 21,48,West Ham,,36,Fulham,,3,2
1208230,2024,2025-01-14 19:30:00+00:00,1736883000,UTC,FT,Match Finished,90,39,Premier League,England,Regular Season - 21,49,Chelsea,,35,Bournemouth,,2,2
1208228,2024,2025-01-14 20:00:00+00:00,1736884800,UTC,FT,Match Finished,90,39,Premier League,England,Regular Season - 21,65,Nottingham Forest,,40,Liverpool,,1,1
1208225,2024,2025-01-15 19:30:00+00:00,1736969400,UTC,FT,Match Finished,90,39,Premier League,England,Regular Season - 21,45,Everton,,66,Aston Villa,,0,1
1208227,2024,2025-01-15 19:30:00+00:00,1736969400,UTC,FT,Match Finished,90,39,Premier League,England,Regular Season - 21,46,Leicester,,52,Crystal Palace,,0,2
1208231,2024,2025-01-15 19:30:00+00:00,1736969400,UTC,FT,Match Finished,90,39,Premier League,England,Regular Season - 21,34,Newcastle,,39,Wolves,,3,0
1208223,2024,2025-01-15 20:00:00+00:00,1736971200,UTC,FT,Match Finished,90,39,Premier League,England,Regular Season - 21,42,Arsenal,,47,Tottenham,,2,1
1208226,2024,2025-01-16 19:30:00+00:00,1737055800,UTC,FT,Match Finished,90,39,Premier League,England,Regular Season - 21,57,Ipswich,,51,Brighton,,0,2
1208232,2024,2025-01-16 20:00:00+00:00,1737057600,UTC,FT,Match Finished,90,39,Premier League,England,Regular Season - 21,33,Manchester United,,41,Southampton,,3,1
1208240,2024,2025-01-18 12:30:00+00:00,1737203400,UTC,FT,Match Finished,90,39,Premier League,England,Regular Season - 22,34,Newcastle,,35,Bournemouth,,1,4
1208234,2024,2025-01-18 15:00:00+00:00,1737212400,UTC,FT,Match Finished,90,39,Premier League,England,Regular Season - 22,55,Brentford,,40,Liverpool,,0,2
1208238,2024,2025-01-18 15:00:00+00:00,1737212400,UTC,FT,Match Finished,90,39,Premier League,England,Regular Season - 22,46,Leicester,,36,Fulham,,0,2
1208242,2024,2025-01-18 15:00:00+00:00,1737212400,UTC,FT,Match Finished,90,39,Premier League,England,Regular Season - 22,48,West Ham,,52,Crystal Palace,,0,2
1208233,2024,2025-01-18 17:30:00+00:00,1737221400,UTC,FT,Match Finished,90,39,Premier League,England,Regular Season - 22,42,Arsenal,,66,Aston Villa,,2,2
1208236,2024,2025-01-19 14:00:00+00:00,1737295200,UTC,FT,Match Finished,90,39,Premier League,England,Regular Season - 22,45,Everton,,47,Tottenham,,3,2
1208239,2024,2025-01-19 14:00:00+00:00,1737295200,UTC,FT,Match Finished,90,39,Premier League,England,Regular Season - 22,33,Manchester United,,51,Brighton,,1,3
1208241,2024,2025-01-19 14:00:00+00:00,1737295200,UTC,FT,Match Finished,90,39,Premier League,England,Regular Season - 22,65,Nottingham Forest,,41,Southampton,,3,2
1208237,2024,2025-01-19 16:30:00+00:00,1737304200,UTC,FT,Match Finished,90,39,Premier League,England,Regular Season - 22,57,Ipswich,,50,Manchester City,,0,6
1208235,2024,2025-01-20 20:00:00+00:00,1737403200,UTC,FT,Match Finished,90,39,Premier League,England,Regular Season - 22,49,Chelsea,,39,Wolves,,3,1
1208243,2024,2025-01-25 15:00:00+00:00,1737817200,UTC,FT,Match Finished,90,39,Premier League,England,Regular Season - 23,35,Bournemouth,,65,Nottingham Forest,,5,0
1208245,2024,2025-01-25 15:00:00+00:00,1737817200,UTC,FT,Match Finished,90,39,Premier League,England,Regular Season - 23,51,Brighton,,45,Everton,,0,1
1208248,2024,2025-01-25 15:00:00+00:00,1737817200,UTC,FT,Match Finished,90,39,Premier League,England,Regular Season - 23,40,Liverpool,,57,Ipswich,,4,1
1208250,2024,2025-01-25 15:00:00+00:00,1737817200,UTC,FT,Match Finished,90,39,Premier League,England,Regular Season - 23,41,Southampton,,34,Newcastle,,1,3
1208252,2024,2025-01-25 15:00:00+00:00,1737817200,UTC,FT,Match Finished,90,39,Premier League,England,Regular Season - 23,39,Wolves,,42,Arsenal,,0,1
1208249,2024,2025-01-25 17:30:00+00:00,1737826200,UTC,FT,Match Finished,90,39,Premier League,England,Regular Season - 23,50,Manchester City,,49,Chelsea,,3,1
1208246,2024,2025-01-26 14:00:00+00:00,1737900000,UTC,FT,Match Finished,90,39,Premier League,England,Regular Season - 23,52,Crystal Palace,,55,Brentford,,1,2
1208251,2024,2025-01-26 14:00:00+00:00,1737900000,UTC,FT,Match Finished,90,39,Premier League,England,Regular Season - 23,47,Tottenham,,46,Leicester,,1,2
1208244,2024,2025-01-26 16:30:00+00:00,1737909000,UTC,FT,Match Finished,90,39,Premier League,England,Regular Season - 23,66,Aston Villa,,48,West Ham,,1,1
1208247,2024,2025-01-26 19:00:00+00:00,1737918000,UTC,FT,Match Finished,90,39,Premier League,England,Regular Season - 23,36,Fulham,,33,Manchester United,,0,1
1208261,2024,2025-02-01 12:30:00+00:00,1738413000,UTC,FT,Match Finished,90,39,Premier League,England,Regular Season - 24,65,Nottingham Forest,,51,Brighton,,7,0
1208253,2024,2025-02-01 15:00:00+00:00,1738422000,UTC,FT,Match Finished,90,39,Premier League,England,Regular Season - 24,35,Bournemouth,,40,Liverpool,,0,2
1208257,2024,2025-02-01 15:00:00+00:00,1738422000,UTC,FT,Match Finished,90,39,Premier League,England,Regular Season - 24,45,Everton,,46,Leicester,,4,0
1208258,2024,2025-02-01 15:00:00+00:00,1738422000,UTC,FT,Match Finished,90,39,Premier League,England,Regular Season - 24,57,Ipswich,,41,Southampton,,1,2
1208260,2024,2025-02-01 15:00:00+00:00,1738422000,UTC,FT,Match Finished,90,39,Premier League,England,Regular Season - 24,34,Newcastle,,36,Fulham,,1,2
1208262,2024,2025-02-01 17:30:00+00:00,1738431000,UTC,FT,Match Finished,90,39,Premier League,England,Regular Season - 24,39,Wolves,,66,Aston Villa,,2,0
1208255,2024,2025-02-02 14:00:00+00:00,1738504800,UTC,FT,Match Finished,90,39,Premier League,England,Regular Season - 24,55,Brentford,,47,Tottenham,,0,2
1208259,2024,2025-02-02 14:00:00+00:00,1738504800,UTC,FT,Match Finished,90,39,Premier League,England,Regular Season - 24,33,Manchester United,,52,Crystal Palace,,0,2
1208254,2024,2025-02-02 16:30:00+00:00,1738513800,UTC,FT,Match Finished,90,39,Premier League,England,Regular Season - 24,42,Arsenal,,50,Manchester City,,5,1
1208256,2024,2025-02-03 20:00:00+00:00,1738612800,UTC,FT,Match Finished,90,39,Premier League,England,Regular Season - 24,49,Chelsea,,48,West Ham,,2,1
1208166,2024,2025-02-12 19:30:00+00:00,1739388600,UTC,FT,Match Finished,90,39,Premier League,England,Regular Season - 15,45,Everton,,40,Liverpool,,2,2
1208264,2024,2025-02-14 20:00:00+00:00,1739563200,UTC,FT,Match Finished,90,39,Premier League,England,Regular Season - 25,51,Brighton,,49,Chelsea,,3,0
1208267,2024,2025-02-15 12:30:00+00:00,1739622600,UTC,FT,Match Finished,90,39,Premier League,England,Regular Season - 25,46,Leicester,,42,Arsenal,,0,2
1208263,2024,2025-02-15 15:00:00+00:00,1739631600,UTC,FT,Match Finished,90,39,Premier League,England,Regular Season - 25,66,Aston Villa,,57,Ipswich,,1,1
1208266,2024,2025-02-15 15:00:00+00:00,1739631600,UTC,FT,Match Finished,90,39,Premier League,England,Regular Season - 25,36,Fulham,,65,Nottingham Forest,,2,1
1208269,2024,2025-02-15 15:00:00+00:00,1739631600,UTC,FT,Match Finished,90,39,Premier League,England,Regular Season - 25,50,Manchester City,,34,Newcastle,,4,0
1208270,2024,2025-02-15 15:00:00+00:00,1739631600,UTC,FT,Match Finished,90,39,Premier League,England,Regular Season - 25,41,Southampton,,35,Bournemouth,,1,3
1208272,2024,2025-02-15 15:00:00+00:00,1739631600,UTC,FT,Match Finished,90,39,Premier League,England,Regular Season - 25,48,West Ham,,55,Brentford,,0,1
1208265,2024,2025-02-15 17:30:00+00:00,1739640600,UTC,FT,Match Finished,90,39,Premier League,England,Regular Season - 25,52,Crystal Palace,,45,Everton,,1,2
1208268,2024,2025-02-16 14:00:00+00:00,1739714400,UTC,FT,Match Finished,90,39,Premier League,England,Regular Season - 25,40,Liverpool,,39,Wolves,,2,1
1208271,2024,2025-02-16 16:30:00+00:00,1739723400,UTC,FT,Match Finished,90,39,Premier League,England,Regular Season - 25,47,Tottenham,,33,Manchester United,,1,0
1208305,2024,2025-02-19 19:30:00+00:00,1739993400,UTC,FT,Match Finished,90,39,Premier League,England,Regular Season - 29,66,Aston Villa,,40,Liverpool,,2,2
1208279,2024,2025-02-21 20:00:00+00:00,1740168000,UTC,FT,Match Finished,90,39,Premier League,England,Regular Season - 26,46,Leicester,,55,Brentford,,0,4
1208276,2024,2025-02-22 12:30:00+00:00,1740227400,UTC,FT,Match Finished,90,39,Premier League,England,Regular Season - 26,45,Everton,,33,Manchester United,,2,2
1208273,2024,2025-02-22 15:00:00+00:00,1740236400,UTC,FT,Match Finished,90,39,Premier League,England,Regular Season - 26,35,Bournemouth,,39,Wolves,,0,1
1208274,2024,2025-02-22 15:00:00+00:00,1740236400,UTC,FT,Match Finished,90,39,Premier League,England,Regular Season - 26,42,Arsenal,,48,West Ham,,0,1
1208277,2024,2025-02-22 15:00:00+00:00,1740236400,UTC,FT,Match Finished,90,39,Premier League,England,Regular Season - 26,36,Fulham,,52,Crystal Palace,,0,2
1208278,2024,2025-02-22 15:00:00+00:00,1740236400,UTC,FT,Match Finished,90,39,Premier League,England,Regular Season - 26,57,Ipswich,,47,Tottenham,,1,4
1208282,2024,2025-02-22 15:00:00+00:00,1740236400,UTC,FT,Match Finished,90,39,Premier League,England,Regular Season - 26,41,Southampton,,51,Brighton,,0,4
1208275,2024,2025-02-22 17:30:00+00:00,1740245400,UTC,FT,Match Finished,90,39,Premier League,England,Regular Season - 26,66,Aston Villa,,49,Chelsea,,2,1
1208281,2024,2025-02-23 14:00:00+00:00,1740319200,UTC,FT,Match Finished,90,39,Premier League,England,Regular Season - 26,34,Newcastle,,65,Nottingham Forest,,4,3
1208280,2024,2025-02-23 16:30:00+00:00,1740328200,UTC,FT,Match Finished,90,39,Premier League,England,Regular Season - 26,50,Manchester City,,40,Liverpool,,0,2
1208284,2024,2025-02-25 19:30:00+00:00,1740511800,UTC,FT,Match Finished,90,39,Premier League,England,Regular Season - 27,51,Brighton,,35,Bournemouth,,2,1
1208288,2024,2025-02-25 19:30:00+00:00,1740511800,UTC,FT,Match Finished,90,39,Premier League,England,Regular Season - 27,39,Wolves,,36,Fulham,,1,2
1208289,2024,2025-02-25 19:30:00+00:00,1740511800,UTC,FT,Match Finished,90,39,Premier League,England,Regular Season - 27,52,Crystal Palace,,66,Aston Villa,,4,1
1208290,2024,2025-02-25 20:15:00+00:00,1740514500,UTC,FT,Match Finished,90,39,Premier League,England,Regular Season - 27,49,Chelsea,,41,Southampton,,4,0
1208283,2024,2025-02-26 19:30:00+00:00,1740598200,UTC,FT,Match Finished,90,39,Premier League,England,Regular Season - 27,55,Brentford,,45,Everton,,1,1
1208285,2024,2025-02-26 19:30:00+00:00,1740598200,UTC,FT,Match Finished,90,39,Premier League,England,Regular Season - 27,65,Nottingham Forest,,42,Arsenal,,0,0
1208286,2024,2025-02-26 19:30:00+00:00,1740598200,UTC,FT,Match Finished,90,39,Premier League,England,Regular Season - 27,47,Tottenham,,50,Manchester City,,0,1
1208292,2024,2025-02-26 19:30:00+00:00,1740598200,UTC,FT,Match Finished,90,39,Premier League,England,Regular Season - 27,33,Manchester United,,57,Ipswich,,3,2
1208291,2024,2025-02-26 20:15:00+00:00,1740600900,UTC,FT,Match Finished,90,39,Premier League,England,Regular Season - 27,40,Liverpool,,34,Newcastle,,2,0
1208287,2024,2025-02-27 20:00:00+00:00,1740686400,UTC,FT,Match Finished,90,39,Premier League,England,Regular Season - 27,48,West Ham,,46,Leicester,,2,0
1208299,2024,2025-03-08 12:30:00+00:00,1741437000,UTC,FT,Match Finished,90,39,Premier League,England,Regular Season - 28,65,Nottingham Forest,,50,Manchester City,,1,0
1208294,2024,2025-03-08 15:00:00+00:00,1741446000,UTC,FT,Match Finished,90,39,Premier League,England,Regular Season - 28,51,Brighton,,36,Fulham,,2,1
1208296,2024,2025-03-08 15:00:00+00:00,1741446000,UTC,FT,Match Finished,90,39,Premier League,England,Regular Season - 28,52,Crystal Palace,,57,Ipswich,,1,0
1208297,2024,2025-03-08 15:00:00+00:00,1741446000,UTC,FT,Match Finished,90,39,Premier League,England,Regular Season - 28,40,Liverpool,,41,Southampton,,3,1
1208293,2024,2025-03-08 17:30:00+00:00,1741455000,UTC,FT,Match Finished,90,39,Premier League,England,Regular Season - 28,55,Brentford,,66,Aston Villa,,0,1
1208302,2024,2025-03-08 20:00:00+00:00,1741464000,UTC,FT,Match Finished,90,39,Premier League,England,Regular Season - 28,39,Wolves,,45,Everton,,1,1
1208295,2024,2025-03-09 14:00:00+00:00,1741528800,UTC,FT,Match Finished,90,39,Premier League,England,Regular Season - 28,49,Chelsea,,46,Leicester,,1,0
1208300,2024,2025-03-09 14:00:00+00:00,1741528800,UTC,FT,Match Finished,90,39,Premier League,England,Regular Season - 28,47,Tottenham,,35,Bournemouth,,2,2
1208298,2024,2025-03-09 16:30:00+00:00,1741537800,UTC,FT,Match Finished,90,39,Premier League,England,Regular Season - 28,33,Manchester United,,42,Arsenal,,1,1
1208301,2024,2025-03-10 20:00:00+00:00,1741636800,UTC,FT,Match Finished,90,39,Premier League,England,Regular Season - 28,48,West Ham,,34,Newcastle,,0,1
1208306,2024,2025-03-15 15:00:00+00:00,1742050800,UTC,FT,Match Finished,90,39,Premier League,England,Regular Season - 29,45,Everton,,48,West Ham,,1,1
1208308,2024,2025-03-15 15:00:00+00:00,1742050800,UTC,FT,Match Finished,90,39,Premier League,England,Regular Season - 29,57,Ipswich,,65,Nottingham Forest,,2,4
1208310,2024,2025-03-15 15:00:00+00:00,1742050800,UTC,FT,Match Finished,90,39,Premier League,England,Regular Season - 29,50,Manchester City,,51,Brighton,,2,2
1208312,2024,2025-03-15 15:00:00+00:00,1742050800,UTC,FT,Match Finished,90,39,Premier League,England,Regular Season - 29,41,Southampton,,39,Wolves,,1,2
1208303,2024,2025-03-15 17:30:00+00:00,1742059800,UTC,FT,Match Finished,90,39,Premier League,England,Regular Season - 29,35,Bournemouth,,55,Brentford,,1,2
1208304,2024,2025-03-16 13:30:00+00:00,1742131800,UTC,FT,Match Finished,90,39,Premier League,England,Regular Season - 29,42,Arsenal,,49,Chelsea,,1,0
1208307,2024,2025-03-16 13:30:00+00:00,1742131800,UTC,FT,Match Finished,90,39,Premier League,England,Regular Season - 29,36,Fulham,,47,Tottenham,,2,0
1208309,2024,2025-03-16 19:00:00+00:00,1742151600,UTC,FT,Match Finished,90,39,Premier League,England,Regular Season - 29,46,Leicester,,33,Manchester United,,0,3
1208314,2024,2025-04-01 18:45:00+00:00,1743533100,UTC,FT,Match Finished,90,39,Premier League,England,Regular Season - 30,42,Arsenal,,36,Fulham,,2,1
1208317,2024,2025-04-01 18:45:00+00:00,1743533100,UTC,FT,Match Finished,90,39,Premier League,England,Regular Season - 30,39,Wolves,,48,West Ham,,1,0
1208316,2024,2025-04-01 19:00:00+00:00,1743534000,UTC,FT,Match Finished,90,39,Premier League,England,Regular Season - 30,65,Nottingham Forest,,33,Manchester United,,1,0
1208313,2024,2025-04-02 18:45:00+00:00,1743619500,UTC,FT,Match Finished,90,39,Premier League,England,Regular Season - 30,35,Bournemouth,,57,Ipswich,,1,2
1208315,2024,2025-04-02 18:45:00+00:00,1743619500,UTC,FT,Match Finished,90,39,Premier League,England,Regular Season - 30,51,Brighton,,66,Aston Villa,,0,3
1208319,2024,2025-04-02 18:45:00+00:00,1743619500,UTC,FT,Match Finished,90,39,Premier League,England,Regular Season - 30,50,Manchester City,,46,Leicester,,2,0
1208320,2024,2025-04-02 18:45:00+00:00,1743619500,UTC,FT,Match Finished,90,39,Premier League,England,Regular Season - 30,34,Newcastle,,55,Brentford,,2,1
1208321,2024,2025-04-02 18:45:00+00:00,1743619500,UTC,FT,Match Finished,90,39,Premier League,England,Regular Season - 30,41,Southampton,,52,Crystal Palace,,1,1
1208322,2024,2025-04-02 19:00:00+00:00,1743620400,UTC,FT,Match Finished,90,39,Premier League,England,Regular Season - 30,40,Liverpool,,45,Everton,,1,0
1208318,2024,2025-04-03 19:00:00+00:00,1743706800,UTC,FT,Match Finished,90,39,Premier League,England,Regular Season - 30,49,Chelsea,,47,Tottenham,,1,0
1208326,2024,2025-04-05 11:30:00+00:00,1743852600,UTC,FT,Match Finished,90,39,Premier League,England,Regular Season - 31,45,Everton,,42,Arsenal,,1,1
1208325,2024,2025-04-05 14:00:00+00:00,1743861600,UTC,FT,Match Finished,90,39,Premier League,England,Regular Season - 31,52,Crystal Palace,,51,Brighton,,2,1
1208328,2024,2025-04-05 14:00:00+00:00,1743861600,UTC,FT,Match Finished,90,39,Premier League,England,Regular Season - 31,57,Ipswich,,39,Wolves,,1,2
1208332,2024,2025-04-05 14:00:00+00:00,1743861600,UTC,FT,Match Finished,90,39,Premier League,England,Regular Season - 31,48,West Ham,,35,Bournemouth,,2,2
1208323,2024,2025-04-05 16:30:00+00:00,1743870600,UTC,FT,Match Finished,90,39,Premier League,England,Regular Season - 31,66,Aston Villa,,65,Nottingham Forest,,2,1
1208324,2024,2025-04-06 13:00:00+00:00,1743944400,UTC,FT,Match Finished,90,39,Premier League,England,Regular Season - 31,55,Brentford,,49,Chelsea,,0,0
1208327,2024,2025-04-06 13:00:00+00:00,1743944400,UTC,FT,Match Finished,90,39,Premier League,England,Regular Season - 31,36,Fulham,,40,Liverpool,,3,2
1208331,2024,2025-04-06 13:00:00+00:00,1743944400,UTC,FT,Match Finished,90,39,Premier League,England,Regular Season - 31,47,Tottenham,,41,Southampton,,3,1
1208330,2024,2025-04-06 15:30:00+00:00,1743953400,UTC,FT,Match Finished,90,39,Premier League,England,Regular Season - 31,33,Manchester United,,50,Manchester City,,0,0
1208329,2024,2025-04-07 19:00:00+00:00,1744052400,UTC,FT,Match Finished,90,39,Premier League,England,Regular Season - 31,46,Leicester,,34,Newcastle,,0,3
1208338,2024,2025-04-12 11:30:00+00:00,1744457400,UTC,FT,Match Finished,90,39,Premier League,England,Regular Season - 32,50,Manchester City,,52,Crystal Palace,,5,2
1208335,2024,2025-04-12 14:00:00+00:00,1744466400,UTC,FT,Match Finished,90,39,Premier League,England,Regular Season - 32,51,Brighton,,46,Leicester,,2,2
1208340,2024,2025-04-12 14:00:00+00:00,1744466400,UTC,FT,Match Finished,90,39,Premier League,England,Regular Season - 32,65,Nottingham Forest,,45,Everton,,0,1
1208341,2024,2025-04-12 14:00:00+00:00,1744466400,UTC,FT,Match Finished,90,39,Premier League,England,Regular Season - 32,41,Southampton,,66,Aston Villa,,0,3
1208334,2024,2025-04-12 16:30:00+00:00,1744475400,UTC,FT,Match Finished,90,39,Premier League,England,Regular Season - 32,42,Arsenal,,55,Brentford,,1,1
1208336,2024,2025-04-13 13:00:00+00:00,1744549200,UTC,FT,Match Finished,90,39,Premier League,England,Regular Season - 32,49,Chelsea,,57,Ipswich,,2,2
1208337,2024,2025-04-13 13:00:00+00:00,1744549200,UTC,FT,Match Finished,90,39,Premier League,England,Regular Season - 32,40,Liverpool,,48,West Ham,,2,1
1208342,2024,2025-04-13 13:00:00+00:00,1744549200,UTC,FT,Match Finished,90,39,Premier League,England,Regular Season - 32,39,Wolves,,47,Tottenham,,4,2
1208339,2024,2025-04-13 15:30:00+00:00,1744558200,UTC,FT,Match Finished,90,39,Premier League,England,Regular Season - 32,34,Newcastle,,33,Manchester United,,4,1
1208333,2024,2025-04-14 19:00:00+00:00,1744657200,UTC,FT,Match Finished,90,39,Premier League,England,Regular Season - 32,35,Bournemouth,,36,Fulham,,1,0
1208311,2024,2025-04-16 18:30:00+00:00,1744828200,UTC,FT,Match Finished,90,39,Premier League,England,Regular Season - 29,34,Newcastle,,52,Crystal Palace,,5,0
1208344,2024,2025-04-19 14:00:00+00:00,1745071200,UTC,FT,Match Finished,90,39,Premier League,England,Regular Season - 33,55,Brentford,,51,Brighton,,4,2
1208345,2024,2025-04-19 14:00:00+00:00,1745071200,UTC,FT,Match Finished,90,39,Premier League,England,Regular Season - 33,52,Crystal Palace,,35,Bournemouth,,0,0
1208346,2024,2025-04-19 14:00:00+00:00,1745071200,UTC,FT,Match Finished,90,39,Premier League,England,Regular Season - 33,45,Everton,,50,Manchester City,,0,2
1208352,2024,2025-04-19 14:00:00+00:00,1745071200,UTC,FT,Match Finished,90,39,Premier League,England,Regular Season - 33,48,West Ham,,41,Southampton,,1,1
1208343,2024,2025-04-19 16:30:00+00:00,1745080200,UTC,FT,Match Finished,90,39,Premier League,England,Regular Season - 33,66,Aston Villa,,34,Newcastle,,4,1
1208347,2024,2025-04-20 13:00:00+00:00,1745154000,UTC,FT,Match Finished,90,39,Premier League,England,Regular Season - 33,36,Fulham,,49,Chelsea,,1,2
1208348,2024,2025-04-20 13:00:00+00:00,1745154000,UTC,FT,Match Finished,90,39,Premier League,England,Regular Season - 33,57,Ipswich,,42,Arsenal,,0,4
1208350,2024,2025-04-20 13:00:00+00:00,1745154000,UTC,FT,Match Finished,90,39,Premier League,England,Regular Season - 33,33,Manchester United,,39,Wolves,,0,1
1208349,2024,2025-04-20 15:30:00+00:00,1745163000,UTC,FT,Match Finished,90,39,Premier League,England,Regular Season - 33,46,Leicester,,40,Liverpool,,0,1
1208351,2024,2025-04-21 19:00:00+00:00,1745262000,UTC,FT,Match Finished,90,39,Premier League,England,Regular Season - 33,47,Tottenham,,65,Nottingham Forest,,1,2
1208358,2024,2025-04-22 19:00:00+00:00,1745348400,UTC,FT,Match Finished,90,39,Premier League,England,Regular Season - 34,50,Manchester City,,66,Aston Villa,,2,1
1208354,2024,2025-04-23 19:00:00+00:00,1745434800,UTC,FT,Match Finished,90,39,Premier League,England,Regular Season - 34,42,Arsenal,,52,Crystal Palace,,2,2
1208356,2024,2025-04-26 11:30:00+00:00,1745667000,UTC,FT,Match Finished,90,39,Premier League,England,Regular Season - 34,49,Chelsea,,45,Everton,,1,0
1208355,2024,2025-04-26 14:00:00+00:00,1745676000,UTC,FT,Match Finished,90,39,Premier League,England,Regular Season - 34,51,Brighton,,48,West Ham,,3,2
1208359,2024,2025-04-26 14:00:00+00:00,1745676000,UTC,FT,Match Finished,90,39,Premier League,England,Regular Season - 34,34,Newcastle,,57,Ipswich,,3,0
1208361,2024,2025-04-26 14:00:00+00:00,1745676000,UTC,FT,Match Finished,90,39,Premier League,England,Regular Season - 34,41,Southampton,,36,Fulham,,1,2
1208362,2024,2025-04-26 14:00:00+00:00,1745676000,UTC,FT,Match Finished,90,39,Premier League,England,Regular Season - 34,39,Wolves,,46,Leicester,,3,0
1208353,2024,2025-04-27 13:00:00+00:00,1745758800,UTC,FT,Match Finished,90,39,Premier League,England,Regular Season - 34,35,Bournemouth,,33,Manchester United,,1,1
1208357,2024,2025-04-27 15:30:00+00:00,1745767800,UTC,FT,Match Finished,90,39,Premier League,England,Regular Season - 34,40,Liverpool,,47,Tottenham,,5,1
1208360,2024,2025-05-01 18:30:00+00:00,1746124200,UTC,FT,Match Finished,90,39,Premier League,England,Regular Season - 34,65,Nottingham Forest,,55,Brentford,,0,2
1208371,2024,2025-05-02 19:00:00+00:00,1746212400,UTC,FT,Match Finished,90,39,Premier League,England,Regular Season - 35,50,Manchester City,,39,Wolves,,1,0
1208364,2024,2025-05-03 11:30:00+00:00,1746271800,UTC,FT,Match Finished,90,39,Premier League,England,Regular Season - 35,66,Aston Villa,,36,Fulham,,1,0
1208369,2024,2025-05-03 14:00:00+00:00,1746280800,UTC,FT,Match Finished,90,39,Premier League,England,Regular Season - 35,45,Everton,,57,Ipswich,,2,2
1208370,2024,2025-05-03 14:00:00+00:00,1746280800,UTC,FT,Match Finished,90,39,Premier League,England,Regular Season - 35,46,Leicester,,41,Southampton,,2,0
1208363,2024,2025-05-03 16:30:00+00:00,1746289800,UTC,FT,Match Finished,90,39,Premier League,England,Regular Season - 35,42,Arsenal,,35,Bournemouth,,1,2
1208365,2024,2025-05-04 13:00:00+00:00,1746363600,UTC,FT,Match Finished,90,39,Premier League,England,Regular Season - 35,55,Brentford,,33,Manchester United,,4,3
1208366,2024,2025-05-04 13:00:00+00:00,1746363600,UTC,FT,Match Finished,90,39,Premier League,England,Regular Season - 35,51,Brighton,,34,Newcastle,,1,1
1208372,2024,2025-05-04 13:00:00+00:00,1746363600,UTC,FT,Match Finished,90,39,Premier League,England,Regular Season - 35,48,West Ham,,47,Tottenham,,1,1
1208367,2024,2025-05-04 15:30:00+00:00,1746372600,UTC,FT,Match Finished,90,39,Premier League,England,Regular Season - 35,49,Chelsea,,40,Liverpool,,3,1
1208368,2024,2025-05-05 19:00:00+00:00,1746471600,UTC,FT,Match Finished,90,39,Premier League,England,Regular Season - 35,52,Crystal Palace,,65,Nottingham Forest,,1,1
1208374,2024,2025-05-10 14:00:00+00:00,1746885600,UTC,FT,Match Finished,90,39,Premier League,England,Regular Season - 36,36,Fulham,,45,Everton,,1,3
1208375,2024,2025-05-10 14:00:00+00:00,1746885600,UTC,FT,Match Finished,90,39,Premier League,England,Regular Season - 36,57,Ipswich,,55,Brentford,,0,1
1208380,2024,2025-05-10 14:00:00+00:00,1746885600,UTC,FT,Match Finished,90,39,Premier League,England,Regular Season - 36,41,Southampton,,50,Manchester City,,0,0
1208382,2024,2025-05-10 14:00:00+00:00,1746885600,UTC,FT,Match Finished,90,39,Premier League,England,Regular Season - 36,39,Wolves,,51,Brighton,,0,2
1208373,2024,2025-05-10 16:30:00+00:00,1746894600,UTC,FT,Match Finished,90,39,Premier League,England,Regular Season - 36,35,Bournemouth,,66,Aston Villa,,0,1
1208378,2024,2025-05-11 11:00:00+00:00,1746961200,UTC,FT,Match Finished,90,39,Premier League,England,Regular Season - 36,34,Newcastle,,49,Chelsea,,2,0
1208377,2024,2025-05-11 13:15:00+00:00,1746969300,UTC,FT,Match Finished,90,39,Premier League,England,Regular Season - 36,33,Manchester United,,48,West Ham,,0,2
1208379,2024,2025-05-11 13:15:00+00:00,1746969300,UTC,FT,Match Finished,90,39,Premier League,England,Regular Season - 36,65,Nottingham Forest,,46,Leicester,,2,2
1208381,2024,2025-05-11 13:15:00+00:00,1746969300,UTC,FT,Match Finished,90,39,Premier League,England,Regular Season - 36,47,Tottenham,,52,Crystal Palace,,0,2
1208376,2024,2025-05-11 15:30:00+00:00,1746977400,UTC,FT,Match Finished,90,39,Premier League,England,Regular Season - 36,40,Liverpool,,42,Arsenal,,2,2
1208384,2024,2025-05-16 18:30:00+00:00,1747420200,UTC,FT,Match Finished,90,39,Premier League,England,Regular Season - 37,66,Aston Villa,,47,Tottenham,,2,0
1208387,2024,2025-05-16 19:15:00+00:00,1747422900,UTC,FT,Match Finished,90,39,Premier League,England,Regular Season - 37,49,Chelsea,,33,Manchester United,,1,0
1208389,2024,2025-05-18 11:00:00+00:00,1747566000,UTC,FT,Match Finished,90,39,Premier League,England,Regular Season - 37,45,Everton,,41,Southampton,,2,0
1208392,2024,2025-05-18 13:15:00+00:00,1747574100,UTC,FT,Match Finished,90,39,Premier League,England,Regular Season - 37,48,West Ham,,65,Nottingham Forest,,1,2
1208385,2024,2025-05-18 14:00:00+00:00,1747576800,UTC,FT,Match Finished,90,39,Premier League,England,Regular Season - 37,55,Brentford,,36,Fulham,,2,3
1208390,2024,2025-05-18 14:00:00+00:00,1747576800,UTC,FT,Match Finished,90,39,Premier League,England,Regular Season - 37,46,Leicester,,57,Ipswich,,2,0
1208383,2024,2025-05-18 15:30:00+00:00,1747582200,UTC,FT,Match Finished,90,39,Premier League,England,Regular Season - 37,42,Arsenal,,34,Newcastle,,1,0
1208386,2024,2025-05-19 19:00:00+00:00,1747681200,UTC,FT,Match Finished,90,39,Premier League,England,Regular Season - 37,51,Brighton,,40,Liverpool,,3,2
1208388,2024,2025-05-20 19:00:00+00:00,1747767600,UTC,FT,Match Finished,90,39,Premier League,England,Regular Season - 37,52,Crystal Palace,,39,Wolves,,4,2
1208391,2024,2025-05-20 19:00:00+00:00,1747767600,UTC,FT,Match Finished,90,39,Premier League,England,Regular Season - 37,50,Manchester City,,35,Bournemouth,,3,1
1208393,2024,2025-05-25 15:00:00+00:00,1748185200,UTC,FT,Match Finished,90,39,Premier League,England,Regular Season - 38,35,Bournemouth,,46,Leicester,,2,0
1208394,2024,2025-05-25 15:00:00+00:00,1748185200,UTC,FT,Match Finished,90,39,Premier League,England,Regular Season - 38,36,Fulham,,50,Manchester City,,0,2
1208395,2024,2025-05-25 15:00:00+00:00,1748185200,UTC,FT,Match Finished,90,39,Premier League,England,Regular Season - 38,57,Ipswich,,48,West Ham,,1,3
1208396,2024,2025-05-25 15:00:00+00:00,1748185200,UTC,FT,Match Finished,90,39,Premier League,England,Regular Season - 38,40,Liverpool,,52,Crystal Palace,,1,1
1208397,2024,2025-05-25 15:00:00+00:00,1748185200,UTC,FT,Match Finished,90,39,Premier League,England,Regular Season - 38,33,Manchester United,,66,Aston Villa,,2,0
1208398,2024,2025-05-25 15:00:00+00:00,1748185200,UTC,FT,Match Finished,90,39,Premier League,England,Regular Season - 38,34,Newcastle,,45,Everton,,0,1
1208399,2024,2025-05-25 15:00:00+00:00,1748185200,UTC,FT,Match Finished,90,39,Premier League,England,Regular Season - 38,65,Nottingham Forest,,49,Chelsea,,0,1
1208400,2024,2025-05-25 15:00:00+00:00,1748185200,UTC,FT,Match Finished,90,39,Premier League,England,Regular Season - 38,41,Southampton,,42,Arsenal,,1,2
1208401,2024,2025-05-25 15:00:00+00:00,1748185200,UTC,FT,Match Finished,90,39,Premier League,England,Regular Season - 38,47,Tottenham,,51,Brighton,,1,4
1208402,2024,2025-05-25 15:00:00+00:00,1748185200,UTC,FT,Match Finished,90,39,Premier League,England,Regular Season - 38,39,Wolves,,55,Brentford,,1,1
-265404118961863,2025,2025-08-15 20:00:00+00:00,1755288000,UTC,FT,Match Finished,90,39,Premier League,England,Regular Season,40,Liverpool,,35,Bournemouth,,4,2
-90057093480517,2025,2025-08-16 12:30:00+00:00,1755347400,UTC,FT,Match Finished,90,39,Premier League,England,Regular Season,66,Aston Villa,,34,Newcastle,,0,0
-162297885274938,2025,2025-08-16 15:00:00+00:00,1755356400,UTC,FT,Match Finished,90,39,Premier League,England,Regular Season,47,Tottenham,,44,Burnley,,3,0
-97859868553124,2025,2025-08-16 15:00:00+00:00,1755356400,UTC,FT,Match Finished,90,39,Premier League,England,Regular Season,51,Brighton,,36,Fulham,,1,1
-21194775938866,2025,2025-08-16 15:00:00+00:00,1755356400,UTC,FT,Match Finished,90,39,Premier League,England,Regular Season,-218557486738561,Sunderland,,48,West Ham,,3,0
-30207455432660,2025,2025-08-16 17:30:00+00:00,1755365400,UTC,FT,Match Finished,90,39,Premier League,England,Regular Season,39,Wolves,,50,Manchester City,,0,4
-154075957599153,2025,2025-08-17 14:00:00+00:00,1755439200,UTC,FT,Match Finished,90,39,Premier League,England,Regular Season,49,Chelsea,,52,Crystal Palace,,0,0
-98291541653970,2025,2025-08-17 14:00:00+00:00,1755439200,UTC,FT,Match Finished,90,39,Premier League,England,Regular Season,65,Nottingham Forest,,55,Brentford,,3,1
-204506292788726,2025,2025-08-17 16:30:00+00:00,1755448200,UTC,FT,Match Finished,90,39,Premier League,England,Regular Season,33,Manchester United,,42,Arsenal,,0,1
-267409407589861,2025,2025-08-18 20:00:00+00:00,1755547200,UTC,FT,Match Finished,90,39,Premier League,England,Regular Season,-156530674508954,Leeds,,45,Everton,,1,0
-70558640540295,2025,2025-08-22 20:00:00+00:00,1755892800,UTC,FT,Match Finished,90,39,Premier League,England,Regular Season,48,West Ham,,49,Chelsea,,1,5
-224659683929569,2025,2025-08-23 12:30:00+00:00,1755952200,UTC,FT,Match Finished,90,39,Premier League,England,Regular Season,50,Manchester City,,47,Tottenham,,0,2
-226804568507903,2025,2025-08-23 15:00:00+00:00,1755961200,UTC,FT,Match Finished,90,39,Premier League,England,Regular Season,35,Bournemouth,,39,Wolves,,1,0
-159749298148609,2025,2025-08-23 15:00:00+00:00,1755961200,UTC,FT,Match Finished,90,39,Premier League,England,Regular Season,55,Brentford,,66,Aston Villa,,1,0
-69737926824408,2025,2025-08-23 15:00:00+00:00,1755961200,UTC,FT,Match Finished,90,39,Premier League,England,Regular Season,44,Burnley,,-218557486738561,Sunderland,,2,0
-185016796534417,2025,2025-08-23 17:30:00+00:00,1755970200,UTC,FT,Match Finished,90,39,Premier League,England,Regular Season,42,Arsenal,,-156530674508954,Leeds,,5,0
-269887984209793,2025,2025-08-24 14:00:00+00:00,1756044000,UTC,FT,Match Finished,90,39,Premier League,England,Regular Season,52,Crystal Palace,,65,Nottingham Forest,,1,1
-1344020094183,2025,2025-08-24 14:00:00+00:00,1756044000,UTC,FT,Match Finished,90,39,Premier League,England,Regular Season,45,Everton,,51,Brighton,,2,0
-29706992169610,2025,2025-08-24 16:30:00+00:00,1756053000,UTC,FT,Match Finished,90,39,Premier League,England,Regular Season,36,Fulham,,33,Manchester United,,1,1
-102243473463677,2025,2025-08-25 20:00:00+00:00,1756152000,UTC,FT,Match Finished,90,39,Premier League,England,Regular Season,34,Newcastle,,40,Liverpool,,2,3
-135849046591828,2025,2025-08-30 12:30:00+00:00,1756557000,UTC,FT,Match Finished,90,39,Premier League,England,Regular Season,49,Chelsea,,36,Fulham,,2,0
-267100252379751,2025,2025-08-30 15:00:00+00:00,1756566000,UTC,FT,Match Finished,90,39,Premier League,England,Regular Season,-218557486738561,Sunderland,,55,Brentford,,2,1
-258614876112035,2025,2025-08-30 15:00:00+00:00,1756566000,UTC,FT,Match Finished,90,39,Premier League,England,Regular Season,47,Tottenham,,35,Bournemouth,,0,1
-154573717325580,2025,2025-08-30 15:00:00+00:00,1756566000,UTC,FT,Match Finished,90,39,Premier League,England,Regular Season,39,Wolves,,45,Everton,,2,3
-35559811544798,2025,2025-08-30 15:00:00+00:00,1756566000,UTC,FT,Match Finished,90,39,Premier League,England,Regular Season,33,Manchester United,,44,Burnley,,3,2
-32102016303626,2025,2025-08-30 17:30:00+00:00,1756575000,UTC,FT,Match Finished,90,39,Premier League,England,Regular Season,-156530674508954,Leeds,,34,Newcastle,,0,0
-96020842436009,2025,2025-08-31 14:00:00+00:00,1756648800,UTC,FT,Match Finished,90,39,Premier League,England,Regular Season,51,Brighton,,50,Manchester City,,2,1
-36834410128172,2025,2025-08-31 14:00:00+00:00,1756648800,UTC,FT,Match Finished,90,39,Premier League,England,Regular Season,65,Nottingham Forest,,48,West Ham,,0,3
-261997386026608,2025,2025-08-31 16:30:00+00:00,1756657800,UTC,FT,Match Finished,90,39,Premier League,England,Regular Season,40,Liverpool,,42,Arsenal,,1,0
-151103540542456,2025,2025-08-31 19:00:00+00:00,1756666800,UTC,FT,Match Finished,90,39,Premier League,England,Regular Season,66,Aston Villa,,52,Crystal Palace,,0,3
-225612012530065,2025,2025-09-13 12:30:00+00:00,1757766600,UTC,FT,Match Finished,90,39,Premier League,England,Regular Season,42,Arsenal,,65,Nottingham Forest,,3,0
-229528386997719,2025,2025-09-13 15:00:00+00:00,1757775600,UTC,FT,Match Finished,90,39,Premier League,England,Regular Season,34,Newcastle,,39,Wolves,,1,0
-225934632381722,2025,2025-09-13 15:00:00+00:00,1757775600,UTC,FT,Match Finished,90,39,Premier League,England,Regular Season,36,Fulham,,-156530674508954,Leeds,,1,0
-212437255825547,2025,2025-09-13 15:00:00+00:00,1757775600,UTC,FT,Match Finished,90,39,Premier League,England,Regular Season,45,Everton,,66,Aston Villa,,0,0
-183208760860074,2025,2025-09-13 15:00:00+00:00,1757775600,UTC,FT,Match Finished,90,39,Premier League,England,Regular Season,35,Bournemouth,,51,Brighton,,2,1
-21630689259796,2025,2025-09-13 15:00:00+00:00,1757775600,UTC,FT,Match Finished,90,39,Premier League,England,Regular Season,52,Crystal Palace,,-218557486738561,Sunderland,,0,0
-124908739046206,2025,2025-09-13 17:30:00+00:00,1757784600,UTC,FT,Match Finished,90,39,Premier League,England,Regular Season,48,West Ham,,47,Tottenham,,0,3
-238457625113534,2025,2025-09-13 20:00:00+00:00,1757793600,UTC,FT,Match Finished,90,39,Premier League,England,Regular Season,55,Brentford,,49,Chelsea,,2,2
-74970667109218,2025,2025-09-14 14:00:00+00:00,1757858400,UTC,FT,Match Finished,90,39,Premier League,England,Regular Season,44,Burnley,,40,Liverpool,,0,1
-134206435935989,2025,2025-09-14 16:30:00+00:00,1757867400,UTC,FT,Match Finished,90,39,Premier League,England,Regular Season,50,Manchester City,,33,Manchester United,,3,0
-99199943260231,2025,2025-09-20 12:30:00+00:00,1758371400,UTC,FT,Match Finished,90,39,Premier League,England,Regular Season,40,Liverpool,,45,Everton,,2,1
-233992582202512,2025,2025-09-20 15:00:00+00:00,1758380400,UTC,FT,Match Finished,90,39,Premier League,England,Regular Season,44,Burnley,,65,Nottingham Forest,,1,1
-177835546926519,2025,2025-09-20 15:00:00+00:00,1758380400,UTC,FT,Match Finished,90,39,Premier League,England,Regular Season,39,Wolves,,-156530674508954,Leeds,,1,3
-136623901941583,2025,2025-09-20 15:00:00+00:00,1758380400,UTC,FT,Match Finished,90,39,Premier League,England,Regular Season,48,West Ham,,52,Crystal Palace,,1,2
-72288728851484,2025,2025-09-20 15:00:00+00:00,1758380400,UTC,FT,Match Finished,90,39,Premier League,England,Regular Season,51,Brighton,,47,Tottenham,,2,2
-217143873509516,2025,2025-09-20 17:30:00+00:00,1758389400,UTC,FT,Match Finished,90,39,Premier League,England,Regular Season,33,Manchester United,,49,Chelsea,,2,1
-154821694520972,2025,2025-09-20 20:00:00+00:00,1758398400,UTC,FT,Match Finished,90,39,Premier League,England,Regular Season,36,Fulham,,55,Brentford,,3,1
-216689945010774,2025,2025-09-21 14:00:00+00:00,1758463200,UTC,FT,Match Finished,90,39,Premier League,England,Regular Season,35,Bournemouth,,34,Newcastle,,0,0
-210436930341594,2025,2025-09-21 14:00:00+00:00,1758463200,UTC,FT,Match Finished,90,39,Premier League,England,Regular Season,-218557486738561,Sunderland,,66,Aston Villa,,1,1
-178558248204304,2025,2025-09-21 16:30:00+00:00,1758472200,UTC,FT,Match Finished,90,39,Premier League,England,Regular Season,42,Arsenal,,50,Manchester City,,1,1
-202105352854729,2025,2025-09-27 12:30:00+00:00,1758976200,UTC,FT,Match Finished,90,39,Premier League,England,Regular Season,55,Brentford,,33,Manchester United,,3,1
-202699009699771,2025,2025-09-27 15:00:00+00:00,1758985200,UTC,FT,Match Finished,90,39,Premier League,England,Regular Season,52,Crystal Palace,,40,Liverpool,,2,1
-184847579104161,2025,2025-09-27 15:00:00+00:00,1758985200,UTC,FT,Match Finished,90,39,Premier League,England,Regular Season,49,Chelsea,,51,Brighton,,1,3
-151389021498378,2025,2025-09-27 15:00:00+00:00,1758985200,UTC,FT,Match Finished,90,39,Premier League,England,Regular Season,50,Manchester City,,44,Burnley,,5,1
-92590205030597,2025,2025-09-27 15:00:00+00:00,1758985200,UTC,FT,Match Finished,90,39,Premier League,England,Regular Season,-156530674508954,Leeds,,35,Bournemouth,,2,2
-253850138474851,2025,2025-09-27 17:30:00+00:00,1758994200,UTC,FT,Match Finished,90,39,Premier League,England,Regular Season,65,Nottingham Forest,,-218557486738561,Sunderland,,0,1
-98334224337586,2025,2025-09-27 20:00:00+00:00,1759003200,UTC,FT,Match Finished,90,39,Premier League,England,Regular Season,47,Tottenham,,39,Wolves,,1,1
-116344080673703,2025,2025-09-28 14:00:00+00:00,1759068000,UTC,FT,Match Finished,90,39,Premier League,England,Regular Season,66,Aston Villa,,36,Fulham,,3,1
-208142603335752,2025,2025-09-28 16:30:00+00:00,1759077000,UTC,FT,Match Finished,90,39,Premier League,England,Regular Season,34,Newcastle,,42,Arsenal,,1,2
-130989755076402,2025,2025-09-29 20:00:00+00:00,1759176000,UTC,FT,Match Finished,90,39,Premier League,England,Regular Season,45,Everton,,48,West Ham,,1,1
-234988844270729,2025,2025-10-03 20:00:00+00:00,1759521600,UTC,FT,Match Finished,90,39,Premier League,England,Regular Season,35,Bournemouth,,36,Fulham,,3,1
-87361162983803,2025,2025-10-04 12:30:00+00:00,1759581000,UTC,FT,Match Finished,90,39,Premier League,England,Regular Season,-156530674508954,Leeds,,47,Tottenham,,1,2
-250230073061631,2025,2025-10-04 15:00:00+00:00,1759590000,UTC,FT,Match Finished,90,39,Premier League,England,Regular Season,42,Arsenal,,48,West Ham,,2,0
-151299953590517,2025,2025-10-04 15:00:00+00:00,1759590000,UTC,FT,Match Finished,90,39,Premier League,England,Regular Season,33,Manchester United,,-218557486738561,Sunderland,,2,0
-253169832016799,2025,2025-10-04 17:30:00+00:00,1759599000,UTC,FT,Match Finished,90,39,Premier League,England,Regular Season,49,Chelsea,,40,Liverpool,,2,1
-198758913279196,2025,2025-10-05 14:00:00+00:00,1759672800,UTC,FT,Match Finished,90,39,Premier League,England,Regular Season,45,Everton,,52,Crystal Palace,,2,1
-174317883111614,2025,2025-10-05 14:00:00+00:00,1759672800,UTC,FT,Match Finished,90,39,Premier League,England,Regular Season,66,Aston Villa,,44,Burnley,,2,1
-49173006567322,2025,2025-10-05 14:00:00+00:00,1759672800,UTC,FT,Match Finished,90,39,Premier League,England,Regular Season,34,Newcastle,,65,Nottingham Forest,,2,0
-33636677250368,2025,2025-10-05 14:00:00+00:00,1759672800,UTC,FT,Match Finished,90,39,Premier League,England,Regular Season,39,Wolves,,51,Brighton,,1,1
-165741280916244,2025,2025-10-05 16:30:00+00:00,1759681800,UTC,FT,Match Finished,90,39,Premier League,England,Regular Season,55,Brentford,,50,Manchester City,,0,1
-159064952028577,2025,2025-10-18 12:30:00+00:00,1760790600,UTC,FT,Match Finished,90,39,Premier League,England,Regular Season,65,Nottingham Forest,,49,Chelsea,,0,3
-259575637452995,2025,2025-10-18 15:00:00+00:00,1760799600,UTC,FT,Match Finished,90,39,Premier League,England,Regular Season,-218557486738561,Sunderland,,39,Wolves,,2,0
-194311532120677,2025,2025-10-18 15:00:00+00:00,1760799600,UTC,FT,Match Finished,90,39,Premier League,England,Regular Season,51,Brighton,,34,Newcastle,,2,1
-149161645883434,2025,2025-10-18 15:00:00+00:00,1760799600,UTC,FT,Match Finished,90,39,Premier League,England,Regular Season,44,Burnley,,-156530674508954,Leeds,,2,0
-123013950048140,2025,2025-10-18 15:00:00+00:00,1760799600,UTC,FT,Match Finished,90,39,Premier League,England,Regular Season,52,Crystal Palace,,35,Bournemouth,,3,3
-122526785882559,2025,2025-10-18 15:00:00+00:00,1760799600,UTC,FT,Match Finished,90,39,Premier League,England,Regular Season,50,Manchester City,,45,Everton,,2,0
-99097098722913,2025,2025-10-18 17:30:00+00:00,1760808600,UTC,FT,Match Finished,90,39,Premier League,England,Regular Season,36,Fulham,,42,Arsenal,,0,1
-260830524331288,2025,2025-10-19 14:00:00+00:00,1760882400,UTC,FT,Match Finished,90,39,Premier League,England,Regular Season,47,Tottenham,,66,Aston Villa,,1,2
-215679381852262,2025,2025-10-19 16:30:00+00:00,1760891400,UTC,FT,Match Finished,90,39,Premier League,England,Regular Season,40,Liverpool,,33,Manchester United,,1,2
-211803704089437,2025,2025-10-20 20:00:00+00:00,1760990400,UTC,FT,Match Finished,90,39,Premier League,England,Regular Season,48,West Ham,,55,Brentford,,0,2
-232799397071442,2025,2025-10-24 20:00:00+00:00,1761336000,UTC,FT,Match Finished,90,39,Premier League,England,Regular Season,-156530674508954,Leeds,,48,West Ham,,2,1
-266569784481223,2025,2025-10-25 15:00:00+00:00,1761404400,UTC,FT,Match Finished,90,39,Premier League,England,Regular Season,49,Chelsea,,-218557486738561,Sunderland,,1,2
-191170518812530,2025,2025-10-25 15:00:00+00:00,1761404400,UTC,FT,Match Finished,90,39,Premier League,England,Regular Season,34,Newcastle,,36,Fulham,,2,1
-118556695195147,2025,2025-10-25 17:30:00+00:00,1761413400,UTC,FT,Match Finished,90,39,Premier League,England,Regular Season,33,Manchester United,,51,Brighton,,4,2
-77744120774774,2025,2025-10-25 20:00:00+00:00,1761422400,UTC,FT,Match Finished,90,39,Premier League,England,Regular Season,55,Brentford,,40,Liverpool,,3,2
-188992245137496,2025,2025-10-26 14:00:00+00:00,1761487200,UTC,FT,Match Finished,90,39,Premier League,England,Regular Season,39,Wolves,,44,Burnley,,2,3
-147675696276946,2025,2025-10-26 14:00:00+00:00,1761487200,UTC,FT,Match Finished,90,39,Premier League,England,Regular Season,66,Aston Villa,,50,Manchester City,,1,0
-33853425891488,2025,2025-10-26 14:00:00+00:00,1761487200,UTC,FT,Match Finished,90,39,Premier League,England,Regular Season,35,Bournemouth,,65,Nottingham Forest,,2,0
-5320498623347,2025,2025-10-26 14:00:00+00:00,1761487200,UTC,FT,Match Finished,90,39,Premier League,England,Regular Season,42,Arsenal,,52,Crystal Palace,,1,0
-28884387225952,2025,2025-10-26 16:30:00+00:00,1761496200,UTC,FT,Match Finished,90,39,Premier League,England,Regular Season,45,Everton,,47,Tottenham,,0,3
-273972120313735,2025,2025-11-01 15:00:00+00:00,1762009200,UTC,FT,Match Finished,90,39,Premier League,England,Regular Season,44,Burnley,,42,Arsenal,,0,2
-188130191103659,2025,2025-11-01 15:00:00+00:00,1762009200,UTC,FT,Match Finished,90,39,Premier League,England,Regular Season,65,Nottingham Forest,,33,Manchester United,,2,2
-184078046402459,2025,2025-11-01 15:00:00+00:00,1762009200,UTC,FT,Match Finished,90,39,Premier League,England,Regular Season,52,Crystal Palace,,55,Brentford,,2,0
-148535935415271,2025,2025-11-01 15:00:00+00:00,1762009200,UTC,FT,Match Finished,90,39,Premier League,England,Regular Season,36,Fulham,,39,Wolves,,3,0
-118234771301082,2025,2025-11-01 15:00:00+00:00,1762009200,UTC,FT,Match Finished,90,39,Premier League,England,Regular Season,51,Brighton,,-156530674508954,Leeds,,3,0
-225903936113678,2025,2025-11-01 17:30:00+00:00,1762018200,UTC,FT,Match Finished,90,39,Premier League,England,Regular Season,47,Tottenham,,49,Chelsea,,0,1
-225774595756018,2025,2025-11-01 20:00:00+00:00,1762027200,UTC,FT,Match Finished,90,39,Premier League,England,Regular Season,40,Liverpool,,66,Aston Villa,,2,0
-182476025282111,2025,2025-11-02 14:00:00+00:00,1762092000,UTC,FT,Match Finished,90,39,Premier League,England,Regular Season,48,West Ham,,34,Newcastle,,3,1
-46188669204786,2025,2025-11-02 16:30:00+00:00,1762101000,UTC,FT,Match Finished,90,39,Premier League,England,Regular Season,50,Manchester City,,35,Bournemouth,,3,1
-210872023318834,2025,2025-11-03 20:00:00+00:00,1762200000,UTC,FT,Match Finished,90,39,Premier League,England,Regular Season,-218557486738561,Sunderland,,45,Everton,,1,1
-86184621366957,2025,2025-11-08 12:30:00+00:00,1762605000,UTC,FT,Match Finished,90,39,Premier League,England,Regular Season,47,Tottenham,,33,Manchester United,,2,2
-124850962669595,2025,2025-11-08 15:00:00+00:00,1762614000,UTC,FT,Match Finished,90,39,Premier League,England,Regular Season,45,Everton,,36,Fulham,,2,0
-27952848043560,2025,2025-11-08 15:00:00+00:00,1762614000,UTC,FT,Match Finished,90,39,Premier League,England,Regular Season,48,West Ham,,44,Burnley,,3,2
-2322301301858,2025,2025-11-08 17:30:00+00:00,1762623000,UTC,FT,Match Finished,90,39,Premier League,England,Regular Season,-218557486738561,Sunderland,,42,Arsenal,,2,2
-31433556512341,2025,2025-11-08 20:00:00+00:00,1762632000,UTC,FT,Match Finished,90,39,Premier League,England,Regular Season,49,Chelsea,,39,Wolves,,3,0
-245447493082920,2025,2025-11-09 14:00:00+00:00,1762696800,UTC,FT,Match Finished,90,39,Premier League,England,Regular Season,65,Nottingham Forest,,-156530674508954,Leeds,,3,1
-244836181933513,2025,2025-11-09 14:00:00+00:00,1762696800,UTC,FT,Match Finished,90,39,Premier League,England,Regular Season,66,Aston Villa,,35,Bournemouth,,4,0
-239798579149918,2025,2025-11-09 14:00:00+00:00,1762696800,UTC,FT,Match Finished,90,39,Premier League,England,Regular Season,55,Brentford,,34,Newcastle,,3,1
-105003424931070,2025,2025-11-09 14:00:00+00:00,1762696800,UTC,FT,Match Finished,90,39,Premier League,England,Regular Season,52,Crystal Palace,,51,Brighton,,0,0
-7615155230515,2025,2025-11-09 16:30:00+00:00,1762705800,UTC,FT,Match Finished,90,39,Premier League,England,Regular Season,50,Manchester City,,40,Liverpool,,3,0
-242019710414044,2025,2025-11-22 12:30:00+00:00,1763814600,UTC,FT,Match Finished,90,39,Premier League,England,Regular Season,44,Burnley,,49,Chelsea,,0,2
-167861709631591,2025,2025-11-22 15:00:00+00:00,1763823600,UTC,FT,Match Finished,90,39,Premier League,England,Regular Season,35,Bournemouth,,48,West Ham,,2,2
-154173889212042,2025,2025-11-22 15:00:00+00:00,1763823600,UTC,FT,Match Finished,90,39,Premier League,England,Regular Season,39,Wolves,,52,Crystal Palace,,0,2
-62483262399171,2025,2025-11-22 15:00:00+00:00,1763823600,UTC,FT,Match Finished,90,39,Premier League,England,Regular Season,36,Fulham,,-218557486738561,Sunderland,,1,0
-9079741827175,2025,2025-11-22 15:00:00+00:00,1763823600,UTC,FT,Match Finished,90,39,Premier League,England,Regular Season,40,Liverpool,,65,Nottingham Forest,,0,3
-3054774467177,2025,2025-11-22 15:00:00+00:00,1763823600,UTC,FT,Match Finished,90,39,Premier League,England,Regular Season,51,Brighton,,55,Brentford,,2,1
-15274078535303,2025,2025-11-22 17:30:00+00:00,1763832600,UTC,FT,Match Finished,90,39,Premier League,England,Regular Season,34,Newcastle,,50,Manchester City,,2,1
-116909831955877,2025,2025-11-23 14:00:00+00:00,1763906400,UTC,FT,Match Finished,90,39,Premier League,England,Regular Season,-156530674508954,Leeds,,66,Aston Villa,,1,2
-177994368959298,2025,2025-11-23 16:30:00+00:00,1763915400,UTC,FT,Match Finished,90,39,Premier League,England,Regular Season,42,Arsenal,,47,Tottenham,,4,1
-170269615309031,2025,2025-11-24 20:00:00+00:00,1764014400,UTC,FT,Match Finished,90,39,Premier League,England,Regular Season,33,Manchester United,,45,Everton,,0,1
-175549727686530,2025,2025-11-29 15:00:00+00:00,1764428400,UTC,FT,Match Finished,90,39,Premier League,England,Regular Season,-218557486738561,Sunderland,,35,Bournemouth,,3,2
-156540206480924,2025,2025-11-29 15:00:00+00:00,1764428400,UTC,FT,Match Finished,90,39,Premier League,England,Regular Season,50,Manchester City,,-156530674508954,Leeds,,3,2
-69958834266310,2025,2025-11-29 15:00:00+00:00,1764428400,UTC,FT,Match Finished,90,39,Premier League,England,Regular Season,55,Brentford,,44,Burnley,,3,1
-178741193496590,2025,2025-11-29 17:30:00+00:00,1764437400,UTC,FT,Match Finished,90,39,Premier League,England,Regular Season,45,Everton,,34,Newcastle,,1,4
-7679983997242,2025,2025-11-29 20:00:00+00:00,1764446400,UTC,FT,Match Finished,90,39,Premier League,England,Regular Season,47,Tottenham,,36,Fulham,,1,2
-194111372746386,2025,2025-11-30 12:00:00+00:00,1764504000,UTC,FT,Match Finished,90,39,Premier League,England,Regular Season,52,Crystal Palace,,33,Manchester United,,1,2
-270425983714335,2025,2025-11-30 14:05:00+00:00,1764511500,UTC,FT,Match Finished,90,39,Premier League,England,Regular Season,66,Aston Villa,,39,Wolves,,1,0
-199858302950726,2025,2025-11-30 14:05:00+00:00,1764511500,UTC,FT,Match Finished,90,39,Premier League,England,Regular Season,48,West Ham,,40,Liverpool,,0,2
-103350847133637,2025,2025-11-30 14:05:00+00:00,1764511500,UTC,FT,Match Finished,90,39,Premier League,England,Regular Season,65,Nottingham Forest,,51,Brighton,,0,2
-79974309985566,2025,2025-11-30 16:30:00+00:00,1764520200,UTC,FT,Match Finished,90,39,Premier League,England,Regular Season,49,Chelsea,,42,Arsenal,,1,1
-163279019872827,2025,2025-12-02 19:30:00+00:00,1764703800,UTC,FT,Match Finished,90,39,Premier League,England,Regular Season,36,Fulham,,50,Manchester City,,4,5
-101131778841224,2025,2025-12-02 19:30:00+00:00,1764703800,UTC,FT,Match Finished,90,39,Premier League,England,Regular Season,35,Bournemouth,,45,Everton,,0,1
-192836455909023,2025,2025-12-02 20:15:00+00:00,1764706500,UTC,FT,Match Finished,90,39,Premier League,England,Regular Season,34,Newcastle,,47,Tottenham,,2,2
-189077396376883,2025,2025-12-03 19:30:00+00:00,1764790200,UTC,FT,Match Finished,90,39,Premier League,England,Regular Season,39,Wolves,,65,Nottingham Forest,,0,1
-114653840094640,2025,2025-12-03 19:30:00+00:00,1764790200,UTC,FT,Match Finished,90,39,Premier League,England,Regular Season,42,Arsenal,,55,Brentford,,2,0
-101839769008866,2025,2025-12-03 19:30:00+00:00,1764790200,UTC,FT,Match Finished,90,39,Premier League,England,Regular Season,51,Brighton,,66,Aston Villa,,3,4
-62560834302518,2025,2025-12-03 19:30:00+00:00,1764790200,UTC,FT,Match Finished,90,39,Premier League,England,Regular Season,44,Burnley,,52,Crystal Palace,,0,1
-85772721488877,2025,2025-12-03 20:15:00+00:00,1764792900,UTC,FT,Match Finished,90,39,Premier League,England,Regular Season,40,Liverpool,,-218557486738561,Sunderland,,1,1
-24989831957288,2025,2025-12-03 20:15:00+00:00,1764792900,UTC,FT,Match Finished,90,39,Premier League,England,Regular Season,-156530674508954,Leeds,,49,Chelsea,,3,1
-238697855502724,2025,2025-12-04 20:00:00+00:00,1764878400,UTC,FT,Match Finished,90,39,Premier League,England,Regular Season,33,Manchester United,,48,West Ham,,1,1
-141071342105825,2025,2025-12-06 12:30:00+00:00,1765024200,UTC,FT,Match Finished,90,39,Premier League,England,Regular Season,66,Aston Villa,,42,Arsenal,,2,1
-200848348369260,2025,2025-12-06 15:00:00+00:00,1765033200,UTC,FT,Match Finished,90,39,Premier League,England,Regular Season,34,Newcastle,,44,Burnley,,2,1
-169176644118821,2025,2025-12-06 15:00:00+00:00,1765033200,UTC,FT,Match Finished,90,39,Premier League,England,Regular Season,45,Everton,,65,Nottingham Forest,,3,0
-155963346525694,2025,2025-12-06 15:00:00+00:00,1765033200,UTC,FT,Match Finished,90,39,Premier League,England,Regular Season,47,Tottenham,,55,Brentford,,2,0
-142603753928842,2025,2025-12-06 15:00:00+00:00,1765033200,UTC,FT,Match Finished,90,39,Premier League,England,Regular Season,50,Manchester City,,-218557486738561,Sunderland,,3,0
-138900064163779,2025,2025-12-06 15:00:00+00:00,1765033200,UTC,FT,Match Finished,90,39,Premier League,England,Regular Season,35,Bournemouth,,49,Chelsea,,0,0
-33422915274862,2025,2025-12-06 17:30:00+00:00,1765042200,UTC,FT,Match Finished,90,39,Premier League,England,Regular Season,-156530674508954,Leeds,,40,Liverpool,,3,3
-169262943099593,2025,2025-12-07 14:00:00+00:00,1765116000,UTC,FT,Match Finished,90,39,Premier League,England,Regular Season,51,Brighton,,48,West Ham,,1,1
-117625116432980,2025,2025-12-07 16:30:00+00:00,1765125000,UTC,FT,Match Finished,90,39,Premier League,England,Regular Season,36,Fulham,,52,Crystal Palace,,1,2
-87473958486997,2025,2025-12-08 20:00:00+00:00,1765224000,UTC,FT,Match Finished,90,39,Premier League,England,Regular Season,39,Wolves,,33,Manchester United,,1,4
-205716014666155,2025,2025-12-13 15:00:00+00:00,1765638000,UTC,FT,Match Finished,90,39,Premier League,England,Regular Season,49,Chelsea,,45,Everton,,2,0
-19991569604846,2025,2025-12-13 15:00:00+00:00,1765638000,UTC,FT,Match Finished,90,39,Premier League,England,Regular Season,40,Liverpool,,51,Brighton,,2,0
-199609422315482,2025,2025-12-13 17:30:00+00:00,1765647000,UTC,FT,Match Finished,90,39,Premier League,England,Regular Season,44,Burnley,,36,Fulham,,2,3
-131776989026085,2025,2025-12-13 20:00:00+00:00,1765656000,UTC,FT,Match Finished,90,39,Premier League,England,Regular Season,42,Arsenal,,39,Wolves,,2,1
-257002449303259,2025,2025-12-14 14:00:00+00:00,1765720800,UTC,FT,Match Finished,90,39,Premier League,England,Regular Season,-218557486738561,Sunderland,,34,Newcastle,,1,0
-240277706035656,2025,2025-12-14 14:00:00+00:00,1765720800,UTC,FT,Match Finished,90,39,Premier League,England,Regular Season,65,Nottingham Forest,,47,Tottenham,,3,0
-140148427051286,2025,2025-12-14 14:00:00+00:00,1765720800,UTC,FT,Match Finished,90,39,Premier League,England,Regular Season,48,West Ham,,66,Aston Villa,,2,3
-76992432557454,2025,2025-12-14 14:00:00+00:00,1765720800,UTC,FT,Match Finished,90,39,Premier League,England,Regular Season,52,Crystal Palace,,50,Manchester City,,0,3
-157022775724037,2025,2025-12-14 16:30:00+00:00,1765729800,UTC,FT,Match Finished,90,39,Premier League,England,Regular Season,55,Brentford,,-156530674508954,Leeds,,1,1
-60721553406850,2025,2025-12-15 20:00:00+00:00,1765828800,UTC,FT,Match Finished,90,39,Premier League,England,Regular Season,33,Manchester United,,35,Bournemouth,,4,4
-158216055865334,2025,2025-12-20 12:30:00+00:00,1766233800,UTC,FT,Match Finished,90,39,Premier League,England,Regular Season,34,Newcastle,,49,Chelsea,,2,2
-206976062173683,2025,2025-12-20 15:00:00+00:00,1766242800,UTC,FT,Match Finished,90,39,Premier League,England,Regular Season,39,Wolves,,55,Brentford,,0,2
-189324727440792,2025,2025-12-20 15:00:00+00:00,1766242800,UTC,FT,Match Finished,90,39,Premier League,England,Regular Season,35,Bournemouth,,44,Burnley,,1,1
-50040890004870,2025,2025-12-20 15:00:00+00:00,1766242800,UTC,FT,Match Finished,90,39,Premier League,England,Regular Season,51,Brighton,,-218557486738561,Sunderland,,0,0
-30754336071280,2025,2025-12-20 15:00:00+00:00,1766242800,UTC,FT,Match Finished,90,39,Premier League,England,Regular Season,50,Manchester City,,48,West Ham,,3,0
-37587114083131,2025,2025-12-20 17:30:00+00:00,1766251800,UTC,FT,Match Finished,90,39,Premier League,England,Regular Season,47,Tottenham,,40,Liverpool,,1,2
-179233256866114,2025,2025-12-20 20:00:00+00:00,1766260800,UTC,FT,Match Finished,90,39,Premier League,England,Regular Season,-156530674508954,Leeds,,52,Crystal Palace,,4,1
-103718912691119,2025,2025-12-20 20:00:00+00:00,1766260800,UTC,FT,Match Finished,90,39,Premier League,England,Regular Season,45,Everton,,42,Arsenal,,0,1
-110739347542740,2025,2025-12-21 16:30:00+00:00,1766334600,UTC,FT,Match Finished,90,39,Premier League,England,Regular Season,66,Aston Villa,,33,Manchester United,,2,1
-214308055459761,2025,2025-12-22 20:00:00+00:00,1766433600,UTC,FT,Match Finished,90,39,Premier League,England,Regular Season,36,Fulham,,65,Nottingham Forest,,1,0
-44701685619981,2025,2025-12-26 20:00:00+00:00,1766779200,UTC,FT,Match Finished,90,39,Premier League,England,Regular Season,33,Manchester United,,34,Newcastle,,1,0
-164870727642552,2025,2025-12-27 12:30:00+00:00,1766838600,UTC,FT,Match Finished,90,39,Premier League,England,Regular Season,65,Nottingham Forest,,50,Manchester City,,1,2
-235902043492640,2025,2025-12-27 15:00:00+00:00,1766847600,UTC,FT,Match Finished,90,39,Premier League,England,Regular Season,42,Arsenal,,51,Brighton,,2,1
-161436715864450,2025,2025-12-27 15:00:00+00:00,1766847600,UTC,FT,Match Finished,90,39,Premier League,England,Regular Season,44,Burnley,,45,Everton,,0,0
-127728243467252,2025,2025-12-27 15:00:00+00:00,1766847600,UTC,FT,Match Finished,90,39,Premier League,England,Regular Season,48,West Ham,,36,Fulham,,0,1
-108185488867945,2025,2025-12-27 15:00:00+00:00,1766847600,UTC,FT,Match Finished,90,39,Premier League,England,Regular Season,40,Liverpool,,39,Wolves,,2,1
-28878541710772,2025,2025-12-27 15:00:00+00:00,1766847600,UTC,FT,Match Finished,90,39,Premier League,England,Regular Season,55,Brentford,,35,Bournemouth,,4,1
-26226097141107,2025,2025-12-27 17:30:00+00:00,1766856600,UTC,FT,Match Finished,90,39,Premier League,England,Regular Season,49,Chelsea,,66,Aston Villa,,1,2
-9923744334600,2025,2025-12-28 14:00:00+00:00,1766930400,UTC,FT,Match Finished,90,39,Premier League,England,Regular Season,-218557486738561,Sunderland,,-156530674508954,Leeds,,1,1
-133095539098959,2025,2025-12-28 16:30:00+00:00,1766939400,UTC,FT,Match Finished,90,39,Premier League,England,Regular Season,52,Crystal Palace,,47,Tottenham,,0,1
-249841233004496,2025,2025-12-30 19:30:00+00:00,1767123000,UTC,FT,Match Finished,90,39,Premier League,England,Regular Season,49,Chelsea,,35,Bournemouth,,2,2
-245425650974222,2025,2025-12-30 19:30:00+00:00,1767123000,UTC,FT,Match Finished,90,39,Premier League,England,Regular Season,44,Burnley,,34,Newcastle,,1,3
-131545930097196,2025,2025-12-30 19:30:00+00:00,1767123000,UTC,FT,Match Finished,90,39,Premier League,England,Regular Season,65,Nottingham Forest,,45,Everton,,0,2
-49925159319835,2025,2025-12-30 19:30:00+00:00,1767123000,UTC,FT,Match Finished,90,39,Premier League,England,Regular Season,48,West Ham,,51,Brighton,,2,2
-152981806925907,2025,2025-12-30 20:15:00+00:00,1767125700,UTC,FT,Match Finished,90,39,Premier League,England,Regular Season,42,Arsenal,,66,Aston Villa,,4,1
-93352203402063,2025,2025-12-30 20:15:00+00:00,1767125700,UTC,FT,Match Finished,90,39,Premier League,England,Regular Season,33,Manchester United,,39,Wolves,,1,1
-196295914958737,2025,2026-01-01 17:30:00+00:00,1767288600,UTC,FT,Match Finished,90,39,Premier League,England,Regular Season,52,Crystal Palace,,36,Fulham,,1,1
-118662397065284,2025,2026-01-01 17:30:00+00:00,1767288600,UTC,FT,Match Finished,90,39,Premier League,England,Regular Season,40,Liverpool,,-156530674508954,Leeds,,0,0
-138857402662419,2025,2026-01-01 20:00:00+00:00,1767297600,UTC,FT,Match Finished,90,39,Premier League,England,Regular Season,-218557486738561,Sunderland,,50,Manchester City,,0,0
-18790206847524,2025,2026-01-01 20:00:00+00:00,1767297600,UTC,FT,Match Finished,90,39,Premier League,England,Regular Season,55,Brentford,,47,Tottenham,,0,0
-218805303617145,2025,2026-01-03 12:30:00+00:00,1767443400,UTC,FT,Match Finished,90,39,Premier League,England,Regular Season,66,Aston Villa,,65,Nottingham Forest,,3,1
-275842518934882,2025,2026-01-03 15:00:00+00:00,1767452400,UTC,FT,Match Finished,90,39,Premier League,England,Regular Season,39,Wolves,,48,West Ham,,3,0
-88108926606463,2025,2026-01-03 15:00:00+00:00,1767452400,UTC,FT,Match Finished,90,39,Premier League,England,Regular Season,51,Brighton,,44,Burnley,,2,0
-109116420685550,2025,2026-01-03 17:30:00+00:00,1767461400,UTC,FT,Match Finished,90,39,Premier League,England,Regular Season,35,Bournemouth,,42,Arsenal,,2,3
-196550888381044,2025,2026-01-04 12:30:00+00:00,1767529800,UTC,FT,Match Finished,90,39,Premier League,England,Regular Season,-156530674508954,Leeds,,33,Manchester United,,1,1
-137456813044339,2025,2026-01-04 15:00:00+00:00,1767538800,UTC,FT,Match Finished,90,39,Premier League,England,Regular Season,47,Tottenham,,-218557486738561,Sunderland,,1,1
-113520861704950,2025,2026-01-04 15:00:00+00:00,1767538800,UTC,FT,Match Finished,90,39,Premier League,England,Regular Season,34,Newcastle,,52,Crystal Palace,,2,0
-53320840117530,2025,2026-01-04 15:00:00+00:00,1767538800,UTC,FT,Match Finished,90,39,Premier League,England,Regular Season,45,Everton,,55,Brentford,,2,4
-13210600899901,2025,2026-01-04 15:15:00+00:00,1767539700,UTC,FT,Match Finished,90,39,Premier League,England,Regular Season,36,Fulham,,40,Liverpool,,2,2
-158848298960164,2025,2026-01-04 17:30:00+00:00,1767547800,UTC,FT,Match Finished,90,39,Premier League,England,Regular Season,50,Manchester City,,49,Chelsea,,1,1
-19424940640331,2025,2026-01-06 20:00:00+00:00,1767729600,UTC,FT,Match Finished,90,39,Premier League,England,Regular Season,48,West Ham,,65,Nottingham Forest,,1,2
-272313066746742,2025,2026-01-07 19:30:00+00:00,1767814200,UTC,FT,Match Finished,90,39,Premier League,England,Regular Season,35,Bournemouth,,47,Tottenham,,3,2
-246855983133292,2025,2026-01-07 19:30:00+00:00,1767814200,UTC,FT,Match Finished,90,39,Premier League,England,Regular Season,55,Brentford,,-218557486738561,Sunderland,,3,0
-196853887271052,2025,2026-01-07 19:30:00+00:00,1767814200,UTC,FT,Match Finished,90,39,Premier League,England,Regular Season,50,Manchester City,,51,Brighton,,1,1
-190643878330963,2025,2026-01-07 19:30:00+00:00,1767814200,UTC,FT,Match Finished,90,39,Premier League,England,Regular Season,36,Fulham,,49,Chelsea,,2,1
-189833269772774,2025,2026-01-07 19:30:00+00:00,1767814200,UTC,FT,Match Finished,90,39,Premier League,England,Regular Season,52,Crystal Palace,,66,Aston Villa,,0,0
-6305587722794,2025,2026-01-07 19:30:00+00:00,1767814200,UTC,FT,Match Finished,90,39,Premier League,England,Regular Season,45,Everton,,39,Wolves,,1,1
-165920601567710,2025,2026-01-07 20:15:00+00:00,1767816900,UTC,FT,Match Finished,90,39,Premier League,England,Regular Season,44,Burnley,,33,Manchester United,,2,2
-93973745173398,2025,2026-01-07 20:15:00+00:00,1767816900,UTC,FT,Match Finished,90,39,Premier League,England,Regular Season,34,Newcastle,,-156530674508954,Leeds,,4,3
-47306769809583,2025,2026-01-08 20:00:00+00:00,1767902400,UTC,FT,Match Finished,90,39,Premier League,England,Regular Season,42,Arsenal,,40,Liverpool,,0,0
-55261819528929,2025,2026-01-17 12:30:00+00:00,1768653000,UTC,FT,Match Finished,90,39,Premier League,England,Regular Season,33,Manchester United,,50,Manchester City,,2,0
-267283553966050,2025,2026-01-17 15:00:00+00:00,1768662000,UTC,FT,Match Finished,90,39,Premier League,England,Regular Season,-156530674508954,Leeds,,36,Fulham,,1,0
-251963927374713,2025,2026-01-17 15:00:00+00:00,1768662000,UTC,FT,Match Finished,90,39,Premier League,England,Regular Season,49,Chelsea,,55,Brentford,,2,0
-245888373507376,2025,2026-01-17 15:00:00+00:00,1768662000,UTC,FT,Match Finished,90,39,Premier League,England,Regular Season,47,Tottenham,,48,West Ham,,1,2
-180370342844066,2025,2026-01-17 15:00:00+00:00,1768662000,UTC,FT,Match Finished,90,39,Premier League,England,Regular Season,40,Liverpool,,44,Burnley,,1,1
-96296139047685,2025,2026-01-17 15:00:00+00:00,1768662000,UTC,FT,Match Finished,90,39,Premier League,England,Regular Season,-218557486738561,Sunderland,,52,Crystal Palace,,2,1
-248092219132093,2025,2026-01-17 17:30:00+00:00,1768671000,UTC,FT,Match Finished,90,39,Premier League,England,Regular Season,65,Nottingham Forest,,42,Arsenal,,0,0
-72474935298547,2025,2026-01-18 14:00:00+00:00,1768744800,UTC,FT,Match Finished,90,39,Premier League,England,Regular Season,39,Wolves,,34,Newcastle,,0,0
-246446714440186,2025,2026-01-18 16:30:00+00:00,1768753800,UTC,FT,Match Finished,90,39,Premier League,England,Regular Season,66,Aston Villa,,45,Everton,,0,1
-63561417070288,2025,2026-01-19 20:00:00+00:00,1768852800,UTC,FT,Match Finished,90,39,Premier League,England,Regular Season,51,Brighton,,35,Bournemouth,,1,1
-209376145956726,2025,2026-01-24 12:30:00+00:00,1769257800,UTC,FT,Match Finished,90,39,Premier League,England,Regular Season,48,West Ham,,-218557486738561,Sunderland,,3,1
-182177055403697,2025,2026-01-24 15:00:00+00:00,1769266800,UTC,FT,Match Finished,90,39,Premier League,England,Regular Season,36,Fulham,,51,Brighton,,2,1
-165852490712168,2025,2026-01-24 15:00:00+00:00,1769266800,UTC,FT,Match Finished,90,39,Premier League,England,Regular Season,44,Burnley,,47,Tottenham,,2,2
-69668130077084,2025,2026-01-24 15:00:00+00:00,1769266800,UTC,FT,Match Finished,90,39,Premier League,England,Regular Season,50,Manchester City,,39,Wolves,,2,0
-157956078610234,2025,2026-01-24 17:30:00+00:00,1769275800,UTC,FT,Match Finished,90,39,Premier League,England,Regular Season,35,Bournemouth,,40,Liverpool,,3,2
-162470205730029,2025,2026-01-25 14:00:00+00:00,1769349600,UTC,FT,Match Finished,90,39,Premier League,England,Regular Season,34,Newcastle,,66,Aston Villa,,0,2
-155564154839969,2025,2026-01-25 14:00:00+00:00,1769349600,UTC,FT,Match Finished,90,39,Premier League,England,Regular Season,52,Crystal Palace,,49,Chelsea,,1,3
-1069380467605,2025,2026-01-25 14:00:00+00:00,1769349600,UTC,FT,Match Finished,90,39,Premier League,England,Regular Season,55,Brentford,,65,Nottingham Forest,,0,2
-142373815653668,2025,2026-01-25 16:30:00+00:00,1769358600,UTC,FT,Match Finished,90,39,Premier League,England,Regular Season,42,Arsenal,,33,Manchester United,,2,3
-63712232905288,2025,2026-01-26 20:00:00+00:00,1769457600,UTC,FT,Match Finished,90,39,Premier League,England,Regular Season,45,Everton,,-156530674508954,Leeds,,1,1
-181121525451083,2025,2026-01-31 15:00:00+00:00,1769871600,UTC,FT,Match Finished,90,39,Premier League,England,Regular Season,-156530674508954,Leeds,,42,Arsenal,,0,4
-96442661285211,2025,2026-01-31 15:00:00+00:00,1769871600,UTC,FT,Match Finished,90,39,Premier League,England,Regular Season,51,Brighton,,45,Everton,,1,1
-56666523841426,2025,2026-01-31 15:00:00+00:00,1769871600,UTC,FT,Match Finished,90,39,Premier League,England,Regular Season,39,Wolves,,35,Bournemouth,,0,2
-90598125364330,2025,2026-01-31 17:30:00+00:00,1769880600,UTC,FT,Match Finished,90,39,Premier League,England,Regular Season,49,Chelsea,,48,West Ham,,3,2
-244678034025821,2025,2026-01-31 20:00:00+00:00,1769889600,UTC,FT,Match Finished,90,39,Premier League,England,Regular Season,40,Liverpool,,34,Newcastle,,4,1
-265416211458229,2025,2026-02-01 14:00:00+00:00,1769954400,UTC,FT,Match Finished,90,39,Premier League,England,Regular Season,65,Nottingham Forest,,52,Crystal Palace,,1,1
-98382445449386,2025,2026-02-01 14:00:00+00:00,1769954400,UTC,FT,Match Finished,90,39,Premier League,England,Regular Season,66,Aston Villa,,55,Brentford,,0,1
-57895481145105,2025,2026-02-01 14:00:00+00:00,1769954400,UTC,FT,Match Finished,90,39,Premier League,England,Regular Season,33,Manchester United,,36,Fulham,,3,2
-231382551402203,2025,2026-02-01 16:30:00+00:00,1769963400,UTC,FT,Match Finished,90,39,Premier League,England,Regular Season,47,Tottenham,,50,Manchester City,,2,2
-31173129178982,2025,2026-02-02 20:00:00+00:00,1770062400,UTC,FT,Match Finished,90,39,Premier League,England,Regular Season,-218557486738561,Sunderland,,44,Burnley,,3,0
-18330168104853,2025,2026-02-06 20:00:00+00:00,1770408000,UTC,FT,Match Finished,90,39,Premier League,England,Regular Season,-156530674508954,Leeds,,65,Nottingham Forest,,3,1
-45775772272652,2025,2026-02-07 12:30:00+00:00,1770467400,UTC,FT,Match Finished,90,39,Premier League,England,Regular Season,33,Manchester United,,47,Tottenham,,2,0
-184855443518887,2025,2026-02-07 15:00:00+00:00,1770476400,UTC,FT,Match Finished,90,39,Premier League,England,Regular Season,42,Arsenal,,-218557486738561,Sunderland,,3,0
-170382541463027,2025,2026-02-07 15:00:00+00:00,1770476400,UTC,FT,Match Finished,90,39,Premier League,England,Regular Season,35,Bournemouth,,66,Aston Villa,,1,1
-164581006505551,2025,2026-02-07 15:00:00+00:00,1770476400,UTC,FT,Match Finished,90,39,Premier League,England,Regular Season,36,Fulham,,45,Everton,,1,2
-91229414434279,2025,2026-02-07 15:00:00+00:00,1770476400,UTC,FT,Match Finished,90,39,Premier League,England,Regular Season,44,Burnley,,48,West Ham,,0,2
-36397275249009,2025,2026-02-07 15:00:00+00:00,1770476400,UTC,FT,Match Finished,90,39,Premier League,England,Regular Season,39,Wolves,,49,Chelsea,,1,3
-25426903830486,2025,2026-02-07 17:30:00+00:00,1770485400,UTC,FT,Match Finished,90,39,Premier League,England,Regular Season,34,Newcastle,,55,Brentford,,2,3
-186600670821821,2025,2026-02-08 14:00:00+00:00,1770559200,UTC,FT,Match Finished,90,39,Premier League,England,Regular Season,51,Brighton,,52,Crystal Palace,,0,1
-40153571272823,2025,2026-02-08 16:30:00+00:00,1770568200,UTC,FT,Match Finished,90,39,Premier League,England,Regular Season,40,Liverpool,,50,Manchester City,,1,2
-255163230047497,2025,2026-02-10 19:30:00+00:00,1770751800,UTC,FT,Match Finished,90,39,Premier League,England,Regular Season,47,Tottenham,,34,Newcastle,,1,2
-151605198500968,2025,2026-02-10 19:30:00+00:00,1770751800,UTC,FT,Match Finished,90,39,Premier League,England,Regular Season,45,Everton,,35,Bournemouth,,1,2
-6824822043218,2025,2026-02-10 19:30:00+00:00,1770751800,UTC,FT,Match Finished,90,39,Premier League,England,Regular Season,49,Chelsea,,-156530674508954,Leeds,,2,2
-26641074395421,2025,2026-02-10 20:15:00+00:00,1770754500,UTC,FT,Match Finished,90,39,Premier League,England,Regular Season,48,West Ham,,33,Manchester United,,1,1
-240970271146465,2025,2026-02-11 19:30:00+00:00,1770838200,UTC,FT,Match Finished,90,39,Premier League,England,Regular Season,66,Aston Villa,,51,Brighton,,1,0
-84325648192018,2025,2026-02-11 19:30:00+00:00,1770838200,UTC,FT,Match Finished,90,39,Premier League,England,Regular Season,50,Manchester City,,36,Fulham,,3,0
-15879977419372,2025,2026-02-11 19:30:00+00:00,1770838200,UTC,FT,Match Finished,90,39,Premier League,England,Regular Season,52,Crystal Palace,,44,Burnley,,2,3
-7495466413984,2025,2026-02-11 19:30:00+00:00,1770838200,UTC,FT,Match Finished,90,39,Premier League,England,Regular Season,65,Nottingham Forest,,39,Wolves,,0,0
-15221154620503,2025,2026-02-11 20:15:00+00:00,1770840900,UTC,FT,Match Finished,90,39,Premier League,England,Regular Season,-218557486738561,Sunderland,,40,Liverpool,,0,1
-122448465116033,2025,2026-02-12 20:00:00+00:00,1770926400,UTC,FT,Match Finished,90,39,Premier League,England,Regular Season,55,Brentford,,42,Arsenal,,1,1
-19128163160023,2025,2026-02-18 20:00:00+00:00,1771444800,UTC,FT,Match Finished,90,39,Premier League,England,Regular Season,39,Wolves,,42,Arsenal,,2,2
-258932805364975,2025,2026-02-21 15:00:00+00:00,1771686000,UTC,FT,Match Finished,90,39,Premier League,England,Regular Season,55,Brentford,,51,Brighton,,0,2
-115849976658336,2025,2026-02-21 15:00:00+00:00,1771686000,UTC,FT,Match Finished,90,39,Premier League,England,Regular Season,66,Aston Villa,,-156530674508954,Leeds,,1,1
-111645482211484,2025,2026-02-21 15:00:00+00:00,1771686000,UTC,FT,Match Finished,90,39,Premier League,England,Regular Season,49,Chelsea,,44,Burnley,,1,1
-200766068689382,2025,2026-02-21 17:30:00+00:00,1771695000,UTC,FT,Match Finished,90,39,Premier League,England,Regular Season,48,West Ham,,35,Bournemouth,,0,0
-112553499045110,2025,2026-02-21 20:00:00+00:00,1771704000,UTC,FT,Match Finished,90,39,Premier League,England,Regular Season,50,Manchester City,,34,Newcastle,,2,1
-269788345454563,2025,2026-02-22 14:00:00+00:00,1771768800,UTC,FT,Match Finished,90,39,Premier League,England,Regular Season,-218557486738561,Sunderland,,36,Fulham,,1,3
-221503329711661,2025,2026-02-22 14:00:00+00:00,1771768800,UTC,FT,Match Finished,90,39,Premier League,England,Regular Season,65,Nottingham Forest,,40,Liverpool,,0,1
-209575484376335,2025,2026-02-22 14:00:00+00:00,1771768800,UTC,FT,Match Finished,90,39,Premier League,England,Regular Season,52,Crystal Palace,,39,Wolves,,1,0
-118385685531258,2025,2026-02-22 16:30:00+00:00,1771777800,UTC,FT,Match Finished,90,39,Premier League,England,Regular Season,47,Tottenham,,42,Arsenal,,1,4
-2315463829042,2025,2026-02-23 20:00:00+00:00,1771876800,UTC,FT,Match Finished,90,39,Premier League,England,Regular Season,45,Everton,,33,Manchester United,,0,1
-81602929238787,2025,2026-02-27 20:00:00+00:00,1772222400,UTC,FT,Match Finished,90,39,Premier League,England,Regular Season,39,Wolves,,66,Aston Villa,,2,0
-200652047012757,2025,2026-02-28 12:30:00+00:00,1772281800,UTC,FT,Match Finished,90,39,Premier League,England,Regular Season,35,Bournemouth,,-218557486738561,Sunderland,,1,1
-149708528271411,2025,2026-02-28 15:00:00+00:00,1772290800,UTC,FT,Match Finished,90,39,Premier League,England,Regular Season,34,Newcastle,,45,Everton,,2,3
-108988814024217,2025,2026-02-28 15:00:00+00:00,1772290800,UTC,FT,Match Finished,90,39,Premier League,England,Regular Season,44,Burnley,,55,Brentford,,3,4
-95894930392962,2025,2026-02-28 15:00:00+00:00,1772290800,UTC,FT,Match Finished,90,39,Premier League,England,Regular Season,40,Liverpool,,48,West Ham,,5,2
-172094898014854,2025,2026-02-28 17:30:00+00:00,1772299800,UTC,FT,Match Finished,90,39,Premier League,England,Regular Season,-156530674508954,Leeds,,50,Manchester City,,0,1
-265848264057892,2025,2026-03-01 14:00:00+00:00,1772373600,UTC,FT,Match Finished,90,39,Premier League,England,Regular Season,51,Brighton,,65,Nottingham Forest,,2,1
-239179954550740,2025,2026-03-01 14:00:00+00:00,1772373600,UTC,FT,Match Finished,90,39,Premier League,England,Regular Season,36,Fulham,,47,Tottenham,,2,1
-167113127667788,2025,2026-03-01 14:00:00+00:00,1772373600,UTC,FT,Match Finished,90,39,Premier League,England,Regular Season,33,Manchester United,,52,Crystal Palace,,2,1
-182329734854469,2025,2026-03-01 16:30:00+00:00,1772382600,UTC,FT,Match Finished,90,39,Premier League,England,Regular Season,42,Arsenal,,49,Chelsea,,2,1
-125443416171011,2025,2026-03-03 19:30:00+00:00,1772566200,UTC,FT,Match Finished,90,39,Premier League,England,Regular Season,35,Bournemouth,,55,Brentford,,0,0
-90630704204652,2025,2026-03-03 19:30:00+00:00,1772566200,UTC,FT,Match Finished,90,39,Premier League,England,Regular Season,-156530674508954,Leeds,,-218557486738561,Sunderland,,0,1
-1411646686973,2025,2026-03-03 19:30:00+00:00,1772566200,UTC,FT,Match Finished,90,39,Premier League,England,Regular Season,45,Everton,,44,Burnley,,2,0
-218307870664914,2025,2026-03-03 20:15:00+00:00,1772568900,UTC,FT,Match Finished,90,39,Premier League,England,Regular Season,39,Wolves,,40,Liverpool,,2,1
-252730929248698,2025,2026-03-04 19:30:00+00:00,1772652600,UTC,FT,Match Finished,90,39,Premier League,England,Regular Season,66,Aston Villa,,49,Chelsea,,1,4
-207310962097906,2025,2026-03-04 19:30:00+00:00,1772652600,UTC,FT,Match Finished,90,39,Premier League,England,Regular Season,51,Brighton,,42,Arsenal,,0,1
-24241550779154,2025,2026-03-04 19:30:00+00:00,1772652600,UTC,FT,Match Finished,90,39,Premier League,England,Regular Season,36,Fulham,,48,West Ham,,0,1
-11183170197962,2025,2026-03-04 19:30:00+00:00,1772652600,UTC,FT,Match Finished,90,39,Premier League,England,Regular Season,50,Manchester City,,65,Nottingham Forest,,2,2
-272476541861223,2025,2026-03-04 20:15:00+00:00,1772655300,UTC,FT,Match Finished,90,39,Premier League,England,Regular Season,34,Newcastle,,33,Manchester United,,2,1
-55124093689284,2025,2026-03-05 20:00:00+00:00,1772740800,UTC,FT,Match Finished,90,39,Premier League,England,Regular Season,47,Tottenham,,52,Crystal Palace,,1,3
-180707847257662,2025,2026-03-14 15:00:00+00:00,1773500400,UTC,FT,Match Finished,90,39,Premier League,England,Regular Season,44,Burnley,,35,Bournemouth,,0,0
-115221937376045,2025,2026-03-14 15:00:00+00:00,1773500400,UTC,FT,Match Finished,90,39,Premier League,England,Regular Season,-218557486738561,Sunderland,,51,Brighton,,0,1
-266904217048006,2025,2026-03-14 17:30:00+00:00,1773509400,UTC,FT,Match Finished,90,39,Premier League,England,Regular Season,42,Arsenal,,45,Everton,,2,0
-253805610300039,2025,2026-03-14 17:30:00+00:00,1773509400,UTC,FT,Match Finished,90,39,Premier League,England,Regular Season,49,Chelsea,,34,Newcastle,,0,1
-57848239273711,2025,2026-03-14 20:00:00+00:00,1773518400,UTC,FT,Match Finished,90,39,Premier League,England,Regular Season,48,West Ham,,50,Manchester City,,1,1
-201136587879469,2025,2026-03-15 14:00:00+00:00,1773583200,UTC,FT,Match Finished,90,39,Premier League,England,Regular Season,33,Manchester United,,66,Aston Villa,,3,1
-151854342793294,2025,2026-03-15 14:00:00+00:00,1773583200,UTC,FT,Match Finished,90,39,Premier League,England,Regular Season,65,Nottingham Forest,,36,Fulham,,0,0
-138711059632213,2025,2026-03-15 14:00:00+00:00,1773583200,UTC,FT,Match Finished,90,39,Premier League,England,Regular Season,52,Crystal Palace,,-156530674508954,Leeds,,0,0
-92605793291533,2025,2026-03-15 16:30:00+00:00,1773592200,UTC,FT,Match Finished,90,39,Premier League,England,Regular Season,40,Liverpool,,47,Tottenham,,1,1
-16886766838922,2025,2026-03-16 20:00:00+00:00,1773691200,UTC,FT,Match Finished,90,39,Premier League,England,Regular Season,55,Brentford,,39,Wolves,,2,2
-82987040002057,2025,2026-03-20 20:00:00+00:00,1774036800,UTC,FT,Match Finished,90,39,Premier League,England,Regular Season,35,Bournemouth,,33,Manchester United,,2,2
-250336651645958,2025,2026-03-21 12:30:00+00:00,1774096200,UTC,FT,Match Finished,90,39,Premier League,England,Regular Season,51,Brighton,,40,Liverpool,,2,1
-149080204346705,2025,2026-03-21 15:00:00+00:00,1774105200,UTC,FT,Match Finished,90,39,Premier League,England,Regular Season,36,Fulham,,44,Burnley,,3,1
-10541873438731,2025,2026-03-21 17:30:00+00:00,1774114200,UTC,FT,Match Finished,90,39,Premier League,England,Regular Season,45,Everton,,49,Chelsea,,3,0
-113778338836629,2025,2026-03-21 20:00:00+00:00,1774123200,UTC,FT,Match Finished,90,39,Premier League,England,Regular Season,-156530674508954,Leeds,,55,Brentford,,0,0
-260812315672955,2025,2026-03-22 12:00:00+00:00,1774180800,UTC,FT,Match Finished,90,39,Premier League,England,Regular Season,34,Newcastle,,-218557486738561,Sunderland,,1,2
-212018535874772,2025,2026-03-22 14:15:00+00:00,1774188900,UTC,FT,Match Finished,90,39,Premier League,England,Regular Season,66,Aston Villa,,48,West Ham,,2,0
-22006760919117,2025,2026-03-22 14:15:00+00:00,1774188900,UTC,FT,Match Finished,90,39,Premier League,England,Regular Season,47,Tottenham,,65,Nottingham Forest,,0,3
-180908895695481,2025,2026-04-10 20:00:00+00:00,1775851200,UTC,FT,Match Finished,90,39,Premier League,England,Regular Season,48,West Ham,,39,Wolves,,4,0
-163639575634279,2025,2026-04-11 12:30:00+00:00,1775910600,UTC,FT,Match Finished,90,39,Premier League,England,Regular Season,42,Arsenal,,35,Bournemouth,,1,2
-107324224087498,2025,2026-04-11 15:00:00+00:00,1775919600,UTC,FT,Match Finished,90,39,Premier League,England,Regular Season,44,Burnley,,51,Brighton,,0,2
-74955581743793,2025,2026-04-11 15:00:00+00:00,1775919600,UTC,FT,Match Finished,90,39,Premier League,England,Regular Season,55,Brentford,,45,Everton,,2,2
-118471637068948,2025,2026-04-11 17:30:00+00:00,1775928600,UTC,FT,Match Finished,90,39,Premier League,England,Regular Season,40,Liverpool,,36,Fulham,,2,0
-242129957938428,2025,2026-04-12 14:00:00+00:00,1776002400,UTC,FT,Match Finished,90,39,Premier League,England,Regular Season,52,Crystal Palace,,34,Newcastle,,2,1
-238646560484107,2025,2026-04-12 14:00:00+00:00,1776002400,UTC,FT,Match Finished,90,39,Premier League,England,Regular Season,65,Nottingham Forest,,66,Aston Villa,,1,1
-188471319381927,2025,2026-04-12 14:00:00+00:00,1776002400,UTC,FT,Match Finished,90,39,Premier League,England,Regular Season,-218557486738561,Sunderland,,47,Tottenham,,1,0
-193349653546494,2025,2026-04-12 16:30:00+00:00,1776011400,UTC,FT,Match Finished,90,39,Premier League,England,Regular Season,49,Chelsea,,50,Manchester City,,0,3
-177465287619420,2025,2026-04-13 20:00:00+00:00,1776110400,UTC,FT,Match Finished,90,39,Premier League,England,Regular Season,33,Manchester United,,-156530674508954,Leeds,,1,2
-210950745266661,2025,2026-04-18 12:30:00+00:00,1776515400,UTC,FT,Match Finished,90,39,Premier League,England,Regular Season,55,Brentford,,36,Fulham,,0,0
-280903268085909,2025,2026-04-18 15:00:00+00:00,1776524400,UTC,FT,Match Finished,90,39,Premier League,England,Regular Season,34,Newcastle,,35,Bournemouth,,1,2
-118238979664402,2025,2026-04-18 15:00:00+00:00,1776524400,UTC,FT,Match Finished,90,39,Premier League,England,Regular Season,-156530674508954,Leeds,,39,Wolves,,3,0
-73802683220370,2025,2026-04-18 17:30:00+00:00,1776533400,UTC,FT,Match Finished,90,39,Premier League,England,Regular Season,47,Tottenham,,51,Brighton,,2,2
-97147538347700,2025,2026-04-18 20:00:00+00:00,1776542400,UTC,FT,Match Finished,90,39,Premier League,England,Regular Season,49,Chelsea,,33,Manchester United,,0,1
-260966786598396,2025,2026-04-19 14:00:00+00:00,1776607200,UTC,FT,Match Finished,90,39,Premier League,England,Regular Season,45,Everton,,40,Liverpool,,1,2
-258804784512328,2025,2026-04-19 14:00:00+00:00,1776607200,UTC,FT,Match Finished,90,39,Premier League,England,Regular Season,66,Aston Villa,,-218557486738561,Sunderland,,4,3
-81235208354242,2025,2026-04-19 14:00:00+00:00,1776607200,UTC,FT,Match Finished,90,39,Premier League,England,Regular Season,65,Nottingham Forest,,44,Burnley,,4,1
-278557451215664,2025,2026-04-19 16:30:00+00:00,1776616200,UTC,FT,Match Finished,90,39,Premier League,England,Regular Season,50,Manchester City,,42,Arsenal,,2,1
-22327425225905,2025,2026-04-20 20:00:00+00:00,1776715200,UTC,FT,Match Finished,90,39,Premier League,England,Regular Season,52,Crystal Palace,,48,West Ham,,0,0
-90885753046230,2025,2026-04-21 20:00:00+00:00,1776801600,UTC,FT,Match Finished,90,39,Premier League,England,Regular Season,51,Brighton,,49,Chelsea,,3,0
-259672570013618,2025,2026-04-22 20:00:00+00:00,1776888000,UTC,FT,Match Finished,90,39,Premier League,England,Regular Season,35,Bournemouth,,-156530674508954,Leeds,,2,2
-11866989517715,2025,2026-04-22 20:00:00+00:00,1776888000,UTC,FT,Match Finished,90,39,Premier League,England,Regular Season,44,Burnley,,50,Manchester City,,0,1
-265911050857926,2025,2026-04-24 20:00:00+00:00,1777060800,UTC,FT,Match Finished,90,39,Premier League,England,Regular Season,-218557486738561,Sunderland,,65,Nottingham Forest,,0,5
-265503693170632,2025,2026-04-25 12:30:00+00:00,1777120200,UTC,FT,Match Finished,90,39,Premier League,England,Regular Season,36,Fulham,,66,Aston Villa,,1,0
-230661304384279,2025,2026-04-25 15:00:00+00:00,1777129200,UTC,FT,Match Finished,90,39,Premier League,England,Regular Season,39,Wolves,,47,Tottenham,,0,1
-228530404470407,2025,2026-04-25 15:00:00+00:00,1777129200,UTC,FT,Match Finished,90,39,Premier League,England,Regular Season,48,West Ham,,45,Everton,,2,1
-66382840515533,2025,2026-04-25 15:00:00+00:00,1777129200,UTC,FT,Match Finished,90,39,Premier League,England,Regular Season,40,Liverpool,,52,Crystal Palace,,3,1
-104052271173313,2025,2026-04-25 17:30:00+00:00,1777138200,UTC,FT,Match Finished,90,39,Premier League,England,Regular Season,42,Arsenal,,34,Newcastle,,1,0
-180887961164883,2025,2026-04-27 20:00:00+00:00,1777320000,UTC,FT,Match Finished,90,39,Premier League,England,Regular Season,33,Manchester United,,55,Brentford,,2,1
-166205676681068,2025,2026-05-01 20:00:00+00:00,1777665600,UTC,FT,Match Finished,90,39,Premier League,England,Regular Season,-156530674508954,Leeds,,44,Burnley,,3,1
-263026879102381,2025,2026-05-02 15:00:00+00:00,1777734000,UTC,FT,Match Finished,90,39,Premier League,England,Regular Season,34,Newcastle,,51,Brighton,,3,1
-94295380208965,2025,2026-05-02 15:00:00+00:00,1777734000,UTC,FT,Match Finished,90,39,Premier League,England,Regular Season,55,Brentford,,48,West Ham,,3,0
-42227480508701,2025,2026-05-02 15:00:00+00:00,1777734000,UTC,FT,Match Finished,90,39,Premier League,England,Regular Season,39,Wolves,,-218557486738561,Sunderland,,1,1
-217503656762409,2025,2026-05-02 17:30:00+00:00,1777743000,UTC,FT,Match Finished,90,39,Premier League,England,Regular Season,42,Arsenal,,36,Fulham,,3,0
-84742369607701,2025,2026-05-03 14:00:00+00:00,1777816800,UTC,FT,Match Finished,90,39,Premier League,England,Regular Season,35,Bournemouth,,52,Crystal Palace,,3,0
-152978775272665,2025,2026-05-03 15:30:00+00:00,1777822200,UTC,FT,Match Finished,90,39,Premier League,England,Regular Season,33,Manchester United,,40,Liverpool,,3,2
-270438817818319,2025,2026-05-03 19:00:00+00:00,1777834800,UTC,FT,Match Finished,90,39,Premier League,England,Regular Season,66,Aston Villa,,47,Tottenham,,1,2
-163233026396396,2025,2026-05-04 15:00:00+00:00,1777906800,UTC,FT,Match Finished,90,39,Premier League,England,Regular Season,49,Chelsea,,65,Nottingham Forest,,1,3
-153641815842702,2025,2026-05-04 20:00:00+00:00,1777924800,UTC,FT,Match Finished,90,39,Premier League,England,Regular Season,45,Everton,,50,Manchester City,,3,3
-150327634948962,2025,2026-05-09 12:30:00+00:00,1778329800,UTC,FT,Match Finished,90,39,Premier League,England,Regular Season,40,Liverpool,,49,Chelsea,,1,1
-91990795154585,2025,2026-05-09 15:00:00+00:00,1778338800,UTC,FT,Match Finished,90,39,Premier League,England,Regular Season,36,Fulham,,35,Bournemouth,,0,1
-84830849741047,2025,2026-05-09 15:00:00+00:00,1778338800,UTC,FT,Match Finished,90,39,Premier League,England,Regular Season,51,Brighton,,39,Wolves,,3,0
-80118545524378,2025,2026-05-09 15:00:00+00:00,1778338800,UTC,FT,Match Finished,90,39,Premier League,England,Regular Season,-218557486738561,Sunderland,,33,Manchester United,,0,0
-258207341382091,2025,2026-05-09 17:30:00+00:00,1778347800,UTC,FT,Match Finished,90,39,Premier League,England,Regular Season,50,Manchester City,,55,Brentford,,3,0
-191078567894400,2025,2026-05-10 14:00:00+00:00,1778421600,UTC,FT,Match Finished,90,39,Premier League,England,Regular Season,44,Burnley,,66,Aston Villa,,2,2
-142799805152227,2025,2026-05-10 14:00:00+00:00,1778421600,UTC,FT,Match Finished,90,39,Premier League,England,Regular Season,65,Nottingham Forest,,34,Newcastle,,1,1
-98164798158038,2025,2026-05-10 14:00:00+00:00,1778421600,UTC,FT,Match Finished,90,39,Premier League,England,Regular Season,52,Crystal Palace,,45,Everton,,2,2
-43370779629833,2025,2026-05-10 16:30:00+00:00,1778430600,UTC,FT,Match Finished,90,39,Premier League,England,Regular Season,48,West Ham,,42,Arsenal,,0,1
-31500125953943,2025,2026-05-11 20:00:00+00:00,1778529600,UTC,FT,Match Finished,90,39,Premier League,England,Regular Season,47,Tottenham,,-156530674508954,Leeds,,1,1
-54802759668314,2025,2026-05-13 20:00:00+00:00,1778702400,UTC,FT,Match Finished,90,39,Premier League,England,Regular Season,50,Manchester City,,52,Crystal Palace,,3,0
-33879066055428,2025,2026-05-15 20:00:00+00:00,1778875200,UTC,FT,Match Finished,90,39,Premier League,England,Regular Season,66,Aston Villa,,40,Liverpool,,4,2
-89181022387371,2025,2026-05-17 12:30:00+00:00,1779021000,UTC,FT,Match Finished,90,39,Premier League,England,Regular Season,33,Manchester United,,65,Nottingham Forest,,3,2
-224498443964291,2025,2026-05-17 15:00:00+00:00,1779030000,UTC,FT,Match Finished,90,39,Premier League,England,Regular Season,39,Wolves,,36,Fulham,,1,1
-145336138308984,2025,2026-05-17 15:00:00+00:00,1779030000,UTC,FT,Match Finished,90,39,Premier League,England,Regular Season,55,Brentford,,52,Crystal Palace,,2,2
-99222919417367,2025,2026-05-17 15:00:00+00:00,1779030000,UTC,FT,Match Finished,90,39,Premier League,England,Regular Season,45,Everton,,-218557486738561,Sunderland,,1,3
-95965841104895,2025,2026-05-17 15:00:00+00:00,1779030000,UTC,FT,Match Finished,90,39,Premier League,England,Regular Season,-156530674508954,Leeds,,51,Brighton,,1,0
-162339489208910,2025,2026-05-17 17:30:00+00:00,1779039000,UTC,FT,Match Finished,90,39,Premier League,England,Regular Season,34,Newcastle,,48,West Ham,,3,1
-186897600570113,2025,2026-05-18 20:00:00+00:00,1779134400,UTC,FT,Match Finished,90,39,Premier League,England,Regular Season,42,Arsenal,,44,Burnley,,1,0
-115767346101278,2025,2026-05-19 19:30:00+00:00,1779219000,UTC,FT,Match Finished,90,39,Premier League,England,Regular Season,35,Bournemouth,,50,Manchester City,,1,1
-143181816666251,2025,2026-05-19 20:15:00+00:00,1779221700,UTC,FT,Match Finished,90,39,Premier League,England,Regular Season,49,Chelsea,,47,Tottenham,,2,1
-258315441788485,2025,2026-05-24 16:00:00+00:00,1779638400,UTC,FT,Match Finished,90,39,Premier League,England,Regular Season,47,Tottenham,,45,Everton,,1,0
-215380432667397,2025,2026-05-24 16:00:00+00:00,1779638400,UTC,FT,Match Finished,90,39,Premier League,England,Regular Season,-218557486738561,Sunderland,,49,Chelsea,,2,1
-191201255601682,2025,2026-05-24 16:00:00+00:00,1779638400,UTC,FT,Match Finished,90,39,Premier League,England,Regular Season,40,Liverpool,,55,Brentford,,1,1
-155341961670499,2025,2026-05-24 16:00:00+00:00,1779638400,UTC,FT,Match Finished,90,39,Premier League,England,Regular Season,52,Crystal Palace,,42,Arsenal,,1,2
-136871811196310,2025,2026-05-24 16:00:00+00:00,1779638400,UTC,FT,Match Finished,90,39,Premier League,England,Regular Season,44,Burnley,,39,Wolves,,1,1
-123688065860880,2025,2026-05-24 16:00:00+00:00,1779638400,UTC,FT,Match Finished,90,39,Premier League,England,Regular Season,48,West Ham,,-156530674508954,Leeds,,3,0
-111485291164735,2025,2026-05-24 16:00:00+00:00,1779638400,UTC,FT,Match Finished,90,39,Premier League,England,Regular Season,50,Manchester City,,66,Aston Villa,,1,2
-104780849290589,2025,2026-05-24 16:00:00+00:00,1779638400,UTC,FT,Match Finished,90,39,Premier League,England,Regular Season,65,Nottingham Forest,,35,Bournemouth,,1,1
-93364755160699,2025,2026-05-24 16:00:00+00:00,1779638400,UTC,FT,Match Finished,90,39,Premier League,England,Regular Season,51,Brighton,,33,Manchester United,,0,3
-68759608582762,2025,2026-05-24 16:00:00+00:00,1779638400,UTC,FT,Match Finished,90,39,Premier League,England,Regular Season,36,Fulham,,34,Newcastle,,2,0
-151024029418169,2026,2026-08-21 19:00:00+00:00,1787338800,UTC,FT,Match Finished,90,39,Premier League,England,Regular Season - 1,42,Arsenal,ARS,-39195573837902,Coventry City,COV,3,0
-185275880290073,2026,2026-08-22 11:30:00+00:00,1787398200,UTC,FT,Match Finished,90,39,Premier League,England,Regular Season - 1,-44103427291829,Hull City,HUL,33,Manchester United,MUN,2,0
-44422445263334,2026,2026-08-22 14:00:00+00:00,1787407200,UTC,FT,Match Finished,90,39,Premier League,England,Regular Season - 1,57,Ipswich,IPS,-218557486738561,Sunderland,SUN,2,1
-15786493240747,2026,2026-08-22 14:00:00+00:00,1787407200,UTC,FT,Match Finished,90,39,Premier League,England,Regular Season - 1,65,Nottingham Forest,NOT,-156530674508954,Leeds,LEE,0,1
-5879643050738,2026,2026-08-22 14:00:00+00:00,1787407200,UTC,FT,Match Finished,90,39,Premier League,England,Regular Season - 1,45,Everton,EVE,52,Crystal Palace,CRY,2,0
-250669229375728,2026,2026-08-22 16:30:00+00:00,1787416200,UTC,FT,Match Finished,90,39,Premier League,England,Regular Season - 1,55,Brentford,BRE,47,Tottenham,TOT,3,0
-89709525807390,2026,2026-08-23 13:00:00+00:00,1787490000,UTC,FT,Match Finished,90,39,Premier League,England,Regular Season - 1,51,Brighton,BHA,66,Aston Villa,AVL,4,0
-59146120083964,2026,2026-08-23 13:00:00+00:00,1787490000,UTC,FT,Match Finished,90,39,Premier League,England,Regular Season - 1,50,Manchester City,MCI,35,Bournemouth,BOU,2,1
-65797748153040,2026,2026-08-23 15:30:00+00:00,1787499000,UTC,FT,Match Finished,90,39,Premier League,England,Regular Season - 1,34,Newcastle,NEW,40,Liverpool,LIV,2,2
-228537198959624,2026,2026-08-24 19:00:00+00:00,1787598000,UTC,FT,Match Finished,90,39,Premier League,England,Regular Season - 1,36,Fulham,FUL,49,Chelsea,CHE,2,3
-264497498756108,2026,2026-08-28 19:00:00+00:00,1787943600,UTC,FT,Match Finished,90,39,Premier League,England,Regular Season - 2,52,Crystal Palace,CRY,50,Manchester City,MCI,1,4
-6103767094117,2026,2026-08-29 11:30:00+00:00,1788003000,UTC,FT,Match Finished,90,39,Premier League,England,Regular Season - 2,40,Liverpool,LIV,65,Nottingham Forest,NOT,2,2
-162018235568344,2026,2026-08-29 14:00:00+00:00,1788012000,UTC,FT,Match Finished,90,39,Premier League,England,Regular Season - 2,35,Bournemouth,BOU,45,Everton,EVE,1,1
-78662242665456,2026,2026-08-29 14:00:00+00:00,1788012000,UTC,FT,Match Finished,90,39,Premier League,England,Regular Season - 2,-39195573837902,Coventry City,COV,-44103427291829,Hull City,HUL,0,1
-148742200149881,2026,2026-08-29 16:30:00+00:00,1788021000,UTC,FT,Match Finished,90,39,Premier League,England,Regular Season - 2,47,Tottenham,TOT,34,Newcastle,NEW,0,2
-189670729617635,2026,2026-08-30 13:00:00+00:00,1788094800,UTC,FT,Match Finished,90,39,Premier League,England,Regular Season - 2,-218557486738561,Sunderland,SUN,36,Fulham,FUL,1,0
-163413681711036,2026,2026-08-30 13:00:00+00:00,1788094800,UTC,FT,Match Finished,90,39,Premier League,England,Regular Season - 2,49,Chelsea,CHE,51,Brighton,BHA,4,3
-92397684412027,2026,2026-08-30 13:00:00+00:00,1788094800,UTC,FT,Match Finished,90,39,Premier League,England,Regular Season - 2,-156530674508954,Leeds,LEE,55,Brentford,BRE,1,1
-181246880896009,2026,2026-08-30 15:30:00+00:00,1788103800,UTC,FT,Match Finished,90,39,Premier League,England,Regular Season - 2,33,Manchester United,MUN,57,Ipswich,IPS,5,2
-168338754631240,2026,2026-08-31 19:00:00+00:00,1788202800,UTC,FT,Match Finished,90,39,Premier League,England,Regular Season - 2,66,Aston Villa,AVL,42,Arsenal,ARS,0,1
-235534127041976,2026,2026-09-04 19:00:00+00:00,1788548400,UTC,FT,Match Finished,90,39,Premier League,England,Regular Season - 3,57,Ipswich,IPS,40,Liverpool,LIV,0,2
-49640924340410,2026,2026-09-05 11:30:00+00:00,1788607800,UTC,FT,Match Finished,90,39,Premier League,England,Regular Season - 3,34,Newcastle,NEW,35,Bournemouth,BOU,2,2
-270226614670478,2026,2026-09-05 14:00:00+00:00,1788616800,UTC,FT,Match Finished,90,39,Premier League,England,Regular Season - 3,50,Manchester City,MCI,-39195573837902,Coventry City,COV,1,0
-111835723950278,2026,2026-09-05 14:00:00+00:00,1788616800,UTC,FT,Match Finished,90,39,Premier League,England,Regular Season - 3,65,Nottingham Forest,NOT,47,Tottenham,TOT,0,0
-41751004063316,2026,2026-09-05 14:00:00+00:00,1788616800,UTC,FT,Match Finished,90,39,Premier League,England,Regular Season - 3,55,Brentford,BRE,-218557486738561,Sunderland,SUN,1,1
-29901558489821,2026,2026-09-05 14:00:00+00:00,1788616800,UTC,FT,Match Finished,90,39,Premier League,England,Regular Season - 3,51,Brighton,BHA,-156530674508954,Leeds,LEE,1,1
-8999131546234,2026,2026-09-05 14:00:00+00:00,1788616800,UTC,FT,Match Finished,90,39,Premier League,England,Regular Season - 3,36,Fulham,FUL,52,Crystal Palace,CRY,2,3
-170418702085202,2026,2026-09-05 16:30:00+00:00,1788625800,UTC,FT,Match Finished,90,39,Premier League,England,Regular Season - 3,-44103427291829,Hull City,HUL,66,Aston Villa,AVL,0,0
