fixture_id,provider_fixture_id,provider,date,timestamp,timezone,status_short,status_long,status_elapsed,league_id,league_name,country,season,round,home_team_id,home_team_name,home_team_code,provider_home_team_id,away_team_id,away_team_name,away_team_code,provider_away_team_id,home_team_position,home_team_played,home_team_won,home_team_drawn,home_team_lost,home_team_goals_for,home_team_goals_against,home_team_goal_difference,home_team_points,home_team_form_matches_available,home_team_recent_results,home_team_recent_points,home_team_recent_wins,home_team_recent_draws,home_team_recent_losses,home_team_recent_goals_for,home_team_recent_goals_against,home_team_recent_goal_difference,home_team_home_form_matches_available,home_team_home_recent_results,home_team_home_recent_points,home_team_home_recent_wins,home_team_home_recent_draws,home_team_home_recent_losses,home_team_home_recent_goals_for,home_team_home_recent_goals_against,home_team_home_recent_goal_difference,home_team_away_form_matches_available,home_team_away_recent_results,home_team_away_recent_points,home_team_away_recent_wins,home_team_away_recent_draws,home_team_away_recent_losses,home_team_away_recent_goals_for,home_team_away_recent_goals_against,home_team_away_recent_goal_difference,away_team_position,away_team_played,away_team_won,away_team_drawn,away_team_lost,away_team_goals_for,away_team_goals_against,away_team_goal_difference,away_team_points,away_team_form_matches_available,away_team_recent_results,away_team_recent_points,away_team_recent_wins,away_team_recent_draws,away_team_recent_losses,away_team_recent_goals_for,away_team_recent_goals_against,away_team_recent_goal_difference,away_team_home_form_matches_available,away_team_home_recent_results,away_team_home_recent_points,away_team_home_recent_wins,away_team_home_recent_draws,away_team_home_recent_losses,away_team_home_recent_goals_for,away_team_home_recent_goals_against,away_team_home_recent_goal_difference,away_team_away_form_matches_available,away_team_away_recent_results,away_team_away_recent_points,away_team_away_recent_wins,away_team_away_recent_draws,away_team_away_recent_losses,away_team_away_recent_goals_for,away_team_away_recent_goals_against,away_team_away_recent_goal_difference,stage7_prob_home_win,stage7_prob_draw,stage7_prob_away_win,stage7_predicted_label,stage7_confidence
-250369013814812,560591,football-data.org,2026-09-18 19:00:00+00:00,1789758000,UTC,NS,TIMED,,39,Premier League,England,2026,Regular Season - 5,55,Brentford,BRE,402,49,Chelsea,CHE,61,7,4,1,3,0,7,4,3,6,4,WDDD,6,1,3,0,7,4,3,2,WD,4,1,1,0,4,1,3,2,DD,2,0,2,0,3,3,0,6,4,2,1,1,10,9,1,7,4,WWLD,7,2,1,1,10,9,1,2,WD,4,1,1,0,6,5,1,2,WL,3,1,0,1,4,4,0,0.31505396825396825,0.21706522366522354,0.46788080808080784,Away Win,0.46788080808080784
-277674714806938,560587,football-data.org,2026-09-19 11:30:00+00:00,1789817400,UTC,NS,TIMED,,39,Premier League,England,2026,Regular Season - 5,47,Tottenham,TOT,73,66,Aston Villa,AVL,58,17,4,0,2,2,0,5,-5,2,4,LLDD,2,0,2,2,0,5,-5,2,LD,1,0,1,1,0,2,-2,2,LD,1,0,1,1,0,3,-3,19,4,0,1,3,1,7,-6,1,4,LLDL,1,0,1,3,1,7,-6,2,LL,0,0,0,2,1,3,-2,2,LD,1,0,1,1,0,4,-4,0.3180111832611834,0.20323730158730158,0.47875151515151504,Away Win,0.47875151515151504
-131724000613464,560586,football-data.org,2026-09-19 14:00:00+00:00,1789826400,UTC,NS,TIMED,,39,Premier League,England,2026,Regular Season - 5,51,Brighton,BHA,397,42,Arsenal,ARS,57,5,4,2,1,1,13,5,8,7,4,WLDW,7,2,1,1,13,5,8,2,WD,4,1,1,0,5,1,4,2,LW,3,1,0,1,8,4,4,1,4,4,0,0,8,1,7,12,4,WWWW,12,4,0,0,8,1,7,2,WW,6,2,0,0,5,1,4,2,WW,6,2,0,0,3,0,3,0.19524834054834045,0.2840899933399933,0.5206616661116665,Away Win,0.5206616661116665
-277111303519939,560588,football-data.org,2026-09-19 14:00:00+00:00,1789826400,UTC,NS,TIMED,,39,Premier League,England,2026,Regular Season - 5,34,Newcastle,NEW,67,-44103427291829,Hull City,HUL,322,12,4,1,2,1,7,8,-1,5,4,DWDL,5,1,2,1,7,8,-1,2,DD,2,0,2,0,4,4,0,2,WL,3,1,0,1,3,4,-1,4,4,2,2,0,5,2,3,8,4,WWDD,8,2,2,0,5,2,3,2,WD,4,1,1,0,2,0,2,2,WD,4,1,1,0,3,2,1,0.35879458450046675,0.29112810783987253,0.3500773076596609,Home Win,0.35879458450046675
-60051194095993,560584,football-data.org,2026-09-19 14:00:00+00:00,1789826400,UTC,NS,TIMED,,39,Premier League,England,2026,Regular Season - 5,45,Everton,EVE,62,57,Ipswich,IPS,349,9,4,1,3,0,5,3,2,6,4,WDDD,6,1,3,0,5,3,2,2,WD,4,1,1,0,4,2,2,2,DD,2,0,2,0,1,1,0,10,4,2,0,2,7,10,-3,6,4,WLLW,6,2,0,2,7,10,-3,2,WL,3,1,0,1,2,3,-1,2,LW,3,1,0,1,5,7,-2,0.5253037018537019,0.19759048174048174,0.2771058164058165,Home Win,0.5253037018537019
-53742748545698,560589,football-data.org,2026-09-19 16:30:00+00:00,1789835400,UTC,NS,TIMED,,39,Premier League,England,2026,Regular Season - 5,65,Nottingham Forest,NOT,351,-39195573837902,Coventry City,COV,1076,11,4,1,2,1,4,4,0,5,4,LDDW,5,1,2,1,4,4,0,2,LD,1,0,1,1,0,1,-1,2,DW,4,1,1,0,4,3,1,20,4,0,0,4,0,10,-10,0,4,LLLL,0,0,0,4,0,10,-10,2,LL,0,0,0,2,0,6,-6,2,LL,0,0,0,2,0,4,-4,0.4201728715728715,0.3354951659451659,0.24433196248196254,Home Win,0.4201728715728715
-114776644146662,560585,football-data.org,2026-09-20 13:00:00+00:00,1789909200,UTC,NS,TIMED,,39,Premier League,England,2026,Regular Season - 5,-156530674508954,Leeds,LEE,341,52,Crystal Palace,CRY,354,3,4,2,2,0,7,3,4,8,4,WDDW,8,2,2,0,7,3,4,2,DW,4,1,1,0,5,2,3,2,WD,4,1,1,0,2,1,1,16,4,1,0,3,6,11,-5,3,4,LLWL,3,1,0,3,6,11,-5,2,LL,0,0,0,2,3,7,-4,2,LW,3,1,0,1,3,4,-1,0.5452206349206351,0.1779880230880231,0.27679134199134203,Home Win,0.5452206349206351
-11921451952614,560590,football-data.org,2026-09-20 13:00:00+00:00,1789909200,UTC,NS,TIMED,,39,Premier League,England,2026,Regular Season - 5,50,Manchester City,MCI,65,-218557486738561,Sunderland,SUN,71,2,4,4,0,0,8,2,6,12,4,WWWW,12,4,0,0,8,2,6,2,WW,6,2,0,0,3,1,2,2,WW,6,2,0,0,5,1,4,14,4,1,1,2,3,5,-2,4,4,LWDL,4,1,1,2,3,5,-2,2,WL,3,1,0,1,1,2,-1,2,LD,1,0,1,1,2,3,-1,0.6332987234987236,0.1938520923520923,0.17284918414918418,Home Win,0.6332987234987236
-259611284398170,560582,football-data.org,2026-09-20 13:00:00+00:00,1789909200,UTC,NS,TIMED,,39,Premier League,England,2026,Regular Season - 5,35,Bournemouth,BOU,1044,40,Liverpool,LIV,64,15,4,0,3,1,6,7,-1,3,4,LDDD,3,0,3,1,6,7,-1,2,DD,2,0,2,0,3,3,0,2,LD,1,0,1,1,3,4,-1,8,4,1,3,0,6,4,2,6,4,DDWD,6,1,3,0,6,4,2,2,DD,2,0,2,0,2,2,0,2,DW,4,1,1,0,4,2,2,0.26904668109668106,0.2204741702741703,0.5104791486291486,Away Win,0.5104791486291486
-13449313635505,560583,football-data.org,2026-09-20 15:30:00+00:00,1789918200,UTC,NS,TIMED,,39,Premier League,England,2026,Regular Season - 5,36,Fulham,FUL,63,33,Manchester United,MUN,66,18,4,0,1,3,4,7,-3,1,4,LLLD,1,0,1,3,4,7,-3,2,LL,0,0,0,2,4,6,-2,2,LD,1,0,1,1,0,1,-1,13,4,1,1,2,7,7,0,4,4,LWDL,4,1,1,2,7,7,0,2,WL,3,1,0,1,5,3,2,2,LD,1,0,1,1,2,4,-2,0.2265411255411254,0.23047150072150074,0.5429873737373735,Away Win,0.5429873737373735
-227247885952014,560593,football-data.org,2026-10-10 11:30:00+00:00,1791631800,UTC,NS,TIMED,,39,Premier League,England,2026,Regular Season - 6,42,Arsenal,ARS,57,-156530674508954,Leeds,LEE,341,1,4,4,0,0,8,1,7,12,4,WWWW,12,4,0,0,8,1,7,2,WW,6,2,0,0,5,1,4,2,WW,6,2,0,0,3,0,3,3,4,2,2,0,7,3,4,8,4,WDDW,8,2,2,0,7,3,4,2,DW,4,1,1,0,5,2,3,2,WD,4,1,1,0,2,1,1,0.6714192640692639,0.17047294372294367,0.15810779220779225,Home Win,0.6714192640692639
-149991075234860,560599,football-data.org,2026-10-10 14:00:00+00:00,1791640800,UTC,NS,TIMED,,39,Premier League,England,2026,Regular Season - 6,57,Ipswich,IPS,349,36,Fulham,FUL,63,10,4,2,0,2,7,10,-3,6,4,WLLW,6,2,0,2,7,10,-3,2,WL,3,1,0,1,2,3,-1,2,LW,3,1,0,1,5,7,-2,18,4,0,1,3,4,7,-3,1,4,LLLD,1,0,1,3,4,7,-3,2,LL,0,0,0,2,4,6,-2,2,LD,1,0,1,1,0,1,-1,0.13778754023754028,0.231888677988678,0.6303237817737812,Away Win,0.6303237817737812
-17522425198737,560595,football-data.org,2026-10-10 14:00:00+00:00,1791640800,UTC,NS,TIMED,,39,Premier League,England,2026,Regular Season - 6,49,Chelsea,CHE,61,35,Bournemouth,BOU,1044,6,4,2,1,1,10,9,1,7,4,WWLD,7,2,1,1,10,9,1,2,WD,4,1,1,0,6,5,1,2,WL,3,1,0,1,4,4,0,15,4,0,3,1,6,7,-1,3,4,LDDD,3,0,3,1,6,7,-1,2,DD,2,0,2,0,3,3,0,2,LD,1,0,1,1,3,4,-1,0.40573290043290017,0.28560606060606064,0.30866103896103914,Home Win,0.40573290043290017
-181450800693931,560601,football-data.org,2026-10-10 14:00:00+00:00,1791640800,UTC,NS,TIMED,,39,Premier League,England,2026,Regular Season - 6,66,Aston Villa,AVL,58,55,Brentford,BRE,402,19,4,0,1,3,1,7,-6,1,4,LLDL,1,0,1,3,1,7,-6,2,LL,0,0,0,2,1,3,-2,2,LD,1,0,1,1,0,4,-4,7,4,1,3,0,7,4,3,6,4,WDDD,6,1,3,0,7,4,3,2,WD,4,1,1,0,4,1,3,2,DD,2,0,2,0,3,3,0,0.36709600399600384,0.20852745587745578,0.4243765401265402,Away Win,0.4243765401265402
-197967374490861,560592,football-data.org,2026-10-10 14:00:00+00:00,1791640800,UTC,NS,TIMED,,39,Premier League,England,2026,Regular Season - 6,-218557486738561,Sunderland,SUN,71,51,Brighton,BHA,397,14,4,1,1,2,3,5,-2,4,4,LWDL,4,1,1,2,3,5,-2,2,WL,3,1,0,1,1,2,-1,2,LD,1,0,1,1,2,3,-1,5,4,2,1,1,13,5,8,7,4,WLDW,7,2,1,1,13,5,8,2,WD,4,1,1,0,5,1,4,2,LW,3,1,0,1,8,4,4,0.39875324675324647,0.16378412698412703,0.4374626262626263,Away Win,0.4374626262626263
-177035051442120,560600,football-data.org,2026-10-10 16:30:00+00:00,1791649800,UTC,NS,TIMED,,39,Premier League,England,2026,Regular Season - 6,33,Manchester United,MUN,66,47,Tottenham,TOT,73,13,4,1,1,2,7,7,0,4,4,LWDL,4,1,1,2,7,7,0,2,WL,3,1,0,1,5,3,2,2,LD,1,0,1,1,2,4,-2,17,4,0,2,2,0,5,-5,2,4,LLDD,2,0,2,2,0,5,-5,2,LD,1,0,1,1,0,2,-2,2,LD,1,0,1,1,0,3,-3,0.4254678210678209,0.27129018759018747,0.30324199134199153,Home Win,0.4254678210678209
-142752360397207,560596,football-data.org,2026-10-11 13:00:00+00:00,1791723600,UTC,NS,TIMED,,39,Premier League,England,2026,Regular Season - 6,52,Crystal Palace,CRY,354,65,Nottingham Forest,NOT,351,16,4,1,0,3,6,11,-5,3,4,LLWL,3,1,0,3,6,11,-5,2,LL,0,0,0,2,3,7,-4,2,LW,3,1,0,1,3,4,-1,11,4,1,2,1,4,4,0,5,4,LDDW,5,1,2,1,4,4,0,2,LD,1,0,1,1,0,1,-1,2,DW,4,1,1,0,4,3,1,0.2355580086580085,0.2176761183261183,0.5467658730158729,Away Win,0.5467658730158729
-96999140399044,560594,football-data.org,2026-10-11 13:00:00+00:00,1791723600,UTC,NS,TIMED,,39,Premier League,England,2026,Regular Season - 6,-44103427291829,Hull City,HUL,322,45,Everton,EVE,62,4,4,2,2,0,5,2,3,8,4,WWDD,8,2,2,0,5,2,3,2,WD,4,1,1,0,2,0,2,2,WD,4,1,1,0,3,2,1,9,4,1,3,0,5,3,2,6,4,WDDD,6,1,3,0,5,3,2,2,WD,4,1,1,0,4,2,2,2,DD,2,0,2,0,1,1,0,0.4652362193362192,0.21867012987012988,0.3160936507936508,Home Win,0.4652362193362192
-69589236457951,560598,football-data.org,2026-10-11 15:30:00+00:00,1791732600,UTC,NS,TIMED,,39,Premier League,England,2026,Regular Season - 6,40,Liverpool,LIV,64,50,Manchester City,MCI,65,8,4,1,3,0,6,4,2,6,4,DDWD,6,1,3,0,6,4,2,2,DD,2,0,2,0,2,2,0,2,DW,4,1,1,0,4,2,2,2,4,4,0,0,8,2,6,12,4,WWWW,12,4,0,0,8,2,6,2,WW,6,2,0,0,3,1,2,2,WW,6,2,0,0,5,1,4,0.28025714285714287,0.28800875235875245,0.43173410478410473,Away Win,0.43173410478410473
-113217788385093,560597,football-data.org,2026-10-12 19:00:00+00:00,1791831600,UTC,NS,TIMED,,39,Premier League,England,2026,Regular Season - 6,-39195573837902,Coventry City,COV,1076,34,Newcastle,NEW,67,20,4,0,0,4,0,10,-10,0,4,LLLL,0,0,0,4,0,10,-10,2,LL,0,0,0,2,0,6,-6,2,LL,0,0,0,2,0,4,-4,12,4,1,2,1,7,8,-1,5,4,DWDL,5,1,2,1,7,8,-1,2,DD,2,0,2,0,4,4,0,2,WL,3,1,0,1,3,4,-1,0.21974603174603172,0.18244033189033187,0.597813636363636,Away Win,0.597813636363636
-163600495496096,560603,football-data.org,2026-10-17 11:30:00+00:00,1792236600,UTC,NS,TIMED,,39,Premier League,England,2026,Regular Season - 7,45,Everton,EVE,62,49,Chelsea,CHE,61,9,4,1,3,0,5,3,2,6,4,WDDD,6,1,3,0,5,3,2,2,WD,4,1,1,0,4,2,2,2,DD,2,0,2,0,1,1,0,6,4,2,1,1,10,9,1,7,4,WWLD,7,2,1,1,10,9,1,2,WD,4,1,1,0,6,5,1,2,WL,3,1,0,1,4,4,0,0.26449720834720825,0.2163658064158064,0.519136985236985,Away Win,0.519136985236985
-122241826061261,560602,football-data.org,2026-10-17 14:00:00+00:00,1792245600,UTC,NS,TIMED,,39,Premier League,England,2026,Regular Season - 7,36,Fulham,FUL,63,-44103427291829,Hull City,HUL,322,18,4,0,1,3,4,7,-3,1,4,LLLD,1,0,1,3,4,7,-3,2,LL,0,0,0,2,4,6,-2,2,LD,1,0,1,1,0,1,-1,4,4,2,2,0,5,2,3,8,4,WWDD,8,2,2,0,5,2,3,2,WD,4,1,1,0,2,0,2,2,WD,4,1,1,0,3,2,1,0.2616693362193363,0.23517215007215003,0.5031585137085136,Away Win,0.5031585137085136
-179175824043621,560610,football-data.org,2026-10-17 14:00:00+00:00,1792245600,UTC,NS,TIMED,,39,Premier League,England,2026,Regular Season - 7,50,Manchester City,MCI,65,57,Ipswich,IPS,349,2,4,4,0,0,8,2,6,12,4,WWWW,12,4,0,0,8,2,6,2,WW,6,2,0,0,3,1,2,2,WW,6,2,0,0,5,1,4,10,4,2,0,2,7,10,-3,6,4,WLLW,6,2,0,2,7,10,-3,2,WL,3,1,0,1,2,3,-1,2,LW,3,1,0,1,5,7,-2,0.7035244588744591,0.15214321789321789,0.14433232323232323,Home Win,0.7035244588744591
-90277427412391,560611,football-data.org,2026-10-17 14:00:00+00:00,1792245600,UTC,NS,TIMED,,39,Premier League,England,2026,Regular Season - 7,55,Brentford,BRE,402,40,Liverpool,LIV,64,7,4,1,3,0,7,4,3,6,4,WDDD,6,1,3,0,7,4,3,2,WD,4,1,1,0,4,1,3,2,DD,2,0,2,0,3,3,0,8,4,1,3,0,6,4,2,6,4,DDWD,6,1,3,0,6,4,2,2,DD,2,0,2,0,2,2,0,2,DW,4,1,1,0,4,2,2,0.25694538239538234,0.2448165223665223,0.4982380952380952,Away Win,0.4982380952380952
-204401903185593,560607,football-data.org,2026-10-17 16:30:00+00:00,1792254600,UTC,NS,TIMED,,39,Premier League,England,2026,Regular Season - 7,34,Newcastle,NEW,67,66,Aston Villa,AVL,58,12,4,1,2,1,7,8,-1,5,4,DWDL,5,1,2,1,7,8,-1,2,DD,2,0,2,0,4,4,0,2,WL,3,1,0,1,3,4,-1,19,4,0,1,3,1,7,-6,1,4,LLDL,1,0,1,3,1,7,-6,2,LL,0,0,0,2,1,3,-2,2,LD,1,0,1,1,0,4,-4,0.4357207792207792,0.2483611832611831,0.3159180375180377,Home Win,0.4357207792207792
-219544498395168,560604,football-data.org,2026-10-18 13:00:00+00:00,1792328400,UTC,NS,TIMED,,39,Premier League,England,2026,Regular Season - 7,35,Bournemouth,BOU,1044,-218557486738561,Sunderland,SUN,71,15,4,0,3,1,6,7,-1,3,4,LDDD,3,0,3,1,6,7,-1,2,DD,2,0,2,0,3,3,0,2,LD,1,0,1,1,3,4,-1,14,4,1,1,2,3,5,-2,4,4,LWDL,4,1,1,2,3,5,-2,2,WL,3,1,0,1,1,2,-1,2,LD,1,0,1,1,2,3,-1,0.4361548340548341,0.2457056998556999,0.31813946608946625,Home Win,0.4361548340548341
-71006029987890,560605,football-data.org,2026-10-18 13:00:00+00:00,1792328400,UTC,NS,TIMED,,39,Premier League,England,2026,Regular Season - 7,-156530674508954,Leeds,LEE,341,33,Manchester United,MUN,66,3,4,2,2,0,7,3,4,8,4,WDDW,8,2,2,0,7,3,4,2,DW,4,1,1,0,5,2,3,2,WD,4,1,1,0,2,1,1,13,4,1,1,2,7,7,0,4,4,LWDL,4,1,1,2,7,7,0,2,WL,3,1,0,1,5,3,2,2,LD,1,0,1,1,2,4,-2,0.42305800865800847,0.19919906204906204,0.37774292929292913,Home Win,0.42305800865800847
-96888145297993,560609,football-data.org,2026-10-18 13:00:00+00:00,1792328400,UTC,NS,TIMED,,39,Premier League,England,2026,Regular Season - 7,51,Brighton,BHA,397,52,Crystal Palace,CRY,354,5,4,2,1,1,13,5,8,7,4,WLDW,7,2,1,1,13,5,8,2,WD,4,1,1,0,5,1,4,2,LW,3,1,0,1,8,4,4,16,4,1,0,3,6,11,-5,3,4,LLWL,3,1,0,3,6,11,-5,2,LL,0,0,0,2,3,7,-4,2,LW,3,1,0,1,3,4,-1,0.48140512265512253,0.24514343434343408,0.2734514430014432,Home Win,0.48140512265512253
-26396812838067,560608,football-data.org,2026-10-18 15:30:00+00:00,1792337400,UTC,NS,TIMED,,39,Premier League,England,2026,Regular Season - 7,65,Nottingham Forest,NOT,351,42,Arsenal,ARS,57,11,4,1,2,1,4,4,0,5,4,LDDW,5,1,2,1,4,4,0,2,LD,1,0,1,1,0,1,-1,2,DW,4,1,1,0,4,3,1,1,4,4,0,0,8,1,7,12,4,WWWW,12,4,0,0,8,1,7,2,WW,6,2,0,0,5,1,4,2,WW,6,2,0,0,3,0,3,0.15401180486180494,0.21477067377067394,0.6312175213675214,Away Win,0.6312175213675214
-263012922133568,560606,football-data.org,2026-10-19 19:00:00+00:00,1792436400,UTC,NS,TIMED,,39,Premier League,England,2026,Regular Season - 7,47,Tottenham,TOT,73,-39195573837902,Coventry City,COV,1076,17,4,0,2,2,0,5,-5,2,4,LLDD,2,0,2,2,0,5,-5,2,LD,1,0,1,1,0,2,-2,2,LD,1,0,1,1,0,3,-3,20,4,0,0,4,0,10,-10,0,4,LLLL,0,0,0,4,0,10,-10,2,LL,0,0,0,2,0,6,-6,2,LL,0,0,0,2,0,4,-4,0.4158990981240981,0.338035064935065,0.24606583694083714,Home Win,0.4158990981240981
-269972821554661,560620,football-data.org,2026-10-23 19:00:00+00:00,1792782000,UTC,NS,TIMED,,39,Premier League,England,2026,Regular Season - 8,57,Ipswich,IPS,349,65,Nottingham Forest,NOT,351,10,4,2,0,2,7,10,-3,6,4,WLLW,6,2,0,2,7,10,-3,2,WL,3,1,0,1,2,3,-1,2,LW,3,1,0,1,5,7,-2,11,4,1,2,1,4,4,0,5,4,LDDW,5,1,2,1,4,4,0,2,LD,1,0,1,1,0,1,-1,2,DW,4,1,1,0,4,3,1,0.14809215784215787,0.2533492118992118,0.5985586302586298,Away Win,0.5985586302586298
-166545821836103,560614,football-data.org,2026-10-24 11:30:00+00:00,1792841400,UTC,NS,TIMED,,39,Premier League,England,2026,Regular Season - 8,66,Aston Villa,AVL,58,50,Manchester City,MCI,65,19,4,0,1,3,1,7,-6,1,4,LLDL,1,0,1,3,1,7,-6,2,LL,0,0,0,2,1,3,-2,2,LD,1,0,1,1,0,4,-4,2,4,4,0,0,8,2,6,12,4,WWWW,12,4,0,0,8,2,6,2,WW,6,2,0,0,3,1,2,2,WW,6,2,0,0,5,1,4,0.2190261183261183,0.25866344211344205,0.5223104395604394,Away Win,0.5223104395604394
-167512696381910,560616,football-data.org,2026-10-24 14:00:00+00:00,1792850400,UTC,NS,TIMED,,39,Premier League,England,2026,Regular Season - 8,42,Arsenal,ARS,57,45,Everton,EVE,62,1,4,4,0,0,8,1,7,12,4,WWWW,12,4,0,0,8,1,7,2,WW,6,2,0,0,5,1,4,2,WW,6,2,0,0,3,0,3,9,4,1,3,0,5,3,2,6,4,WDDD,6,1,3,0,5,3,2,2,WD,4,1,1,0,4,2,2,2,DD,2,0,2,0,1,1,0,0.6593971861471865,0.1555481962481962,0.18505461760461767,Home Win,0.6593971861471865
-90117532840559,560618,football-data.org,2026-10-24 14:00:00+00:00,1792850400,UTC,NS,TIMED,,39,Premier League,England,2026,Regular Season - 8,-39195573837902,Coventry City,COV,1076,36,Fulham,FUL,63,20,4,0,0,4,0,10,-10,0,4,LLLL,0,0,0,4,0,10,-10,2,LL,0,0,0,2,0,6,-6,2,LL,0,0,0,2,0,4,-4,18,4,0,1,3,4,7,-3,1,4,LLLD,1,0,1,3,4,7,-3,2,LL,0,0,0,2,4,6,-2,2,LD,1,0,1,1,0,1,-1,0.22694608691961635,0.17801864377452614,0.5950352693058574,Away Win,0.5950352693058574
-187923060337596,560617,football-data.org,2026-10-24 16:30:00+00:00,1792859400,UTC,NS,TIMED,,39,Premier League,England,2026,Regular Season - 8,49,Chelsea,CHE,61,47,Tottenham,TOT,73,6,4,2,1,1,10,9,1,7,4,WWLD,7,2,1,1,10,9,1,2,WD,4,1,1,0,6,5,1,2,WL,3,1,0,1,4,4,0,17,4,0,2,2,0,5,-5,2,4,LLDD,2,0,2,2,0,5,-5,2,LD,1,0,1,1,0,2,-2,2,LD,1,0,1,1,0,3,-3,0.4025774891774889,0.31835591630591625,0.27906659451659477,Home Win,0.4025774891774889
-19190512823776,560619,football-data.org,2026-10-25 14:00:00+00:00,1792936800,UTC,NS,TIMED,,39,Premier League,England,2026,Regular Season - 8,-44103427291829,Hull City,HUL,322,55,Brentford,BRE,402,4,4,2,2,0,5,2,3,8,4,WWDD,8,2,2,0,5,2,3,2,WD,4,1,1,0,2,0,2,2,WD,4,1,1,0,3,2,1,7,4,1,3,0,7,4,3,6,4,WDDD,6,1,3,0,7,4,3,2,WD,4,1,1,0,4,1,3,2,DD,2,0,2,0,3,3,0,0.4067097402597401,0.22192958152958162,0.37136067821067814,Home Win,0.4067097402597401
-205232173315694,560615,football-data.org,2026-10-25 14:00:00+00:00,1792936800,UTC,NS,TIMED,,39,Premier League,England,2026,Regular Season - 8,33,Manchester United,MUN,66,35,Bournemouth,BOU,1044,13,4,1,1,2,7,7,0,4,4,LWDL,4,1,1,2,7,7,0,2,WL,3,1,0,1,5,3,2,2,LD,1,0,1,1,2,4,-2,15,4,0,3,1,6,7,-1,3,4,LDDD,3,0,3,1,6,7,-1,2,DD,2,0,2,0,3,3,0,2,LD,1,0,1,1,3,4,-1,0.4087511544011543,0.2506655122655121,0.34058333333333346,Home Win,0.4087511544011543
-48095247475065,560612,football-data.org,2026-10-25 14:00:00+00:00,1792936800,UTC,NS,TIMED,,39,Premier League,England,2026,Regular Season - 8,40,Liverpool,LIV,64,51,Brighton,BHA,397,8,4,1,3,0,6,4,2,6,4,DDWD,6,1,3,0,6,4,2,2,DD,2,0,2,0,2,2,0,2,DW,4,1,1,0,4,2,2,5,4,2,1,1,13,5,8,7,4,WLDW,7,2,1,1,13,5,8,2,WD,4,1,1,0,5,1,4,2,LW,3,1,0,1,8,4,4,0.5085093795093791,0.2085202741702741,0.28297034632034646,Home Win,0.5085093795093791
-49082722255702,560613,football-data.org,2026-10-25 14:00:00+00:00,1792936800,UTC,NS,TIMED,,39,Premier League,England,2026,Regular Season - 8,52,Crystal Palace,CRY,354,34,Newcastle,NEW,67,16,4,1,0,3,6,11,-5,3,4,LLWL,3,1,0,3,6,11,-5,2,LL,0,0,0,2,3,7,-4,2,LW,3,1,0,1,3,4,-1,12,4,1,2,1,7,8,-1,5,4,DWDL,5,1,2,1,7,8,-1,2,DD,2,0,2,0,4,4,0,2,WL,3,1,0,1,3,4,-1,0.25312388167388156,0.22338896103896105,0.5234871572871573,Away Win,0.5234871572871573
-17145216016788,560621,football-data.org,2026-10-25 16:30:00+00:00,1792945800,UTC,NS,TIMED,,39,Premier League,England,2026,Regular Season - 8,-218557486738561,Sunderland,SUN,71,-156530674508954,Leeds,LEE,341,14,4,1,1,2,3,5,-2,4,4,LWDL,4,1,1,2,3,5,-2,2,WL,3,1,0,1,1,2,-1,2,LD,1,0,1,1,2,3,-1,3,4,2,2,0,7,3,4,8,4,WDDW,8,2,2,0,7,3,4,2,DW,4,1,1,0,5,2,3,2,WD,4,1,1,0,2,1,1,0.4010167388167387,0.16614566544566545,0.4328375957375956,Away Win,0.4328375957375956
-259069717660793,560626,football-data.org,2026-10-31 12:30:00+00:00,1793449800,UTC,NS,TIMED,,39,Premier League,England,2026,Regular Season - 9,49,Chelsea,CHE,61,33,Manchester United,MUN,66,6,4,2,1,1,10,9,1,7,4,WWLD,7,2,1,1,10,9,1,2,WD,4,1,1,0,6,5,1,2,WL,3,1,0,1,4,4,0,13,4,1,1,2,7,7,0,4,4,LWDL,4,1,1,2,7,7,0,2,WL,3,1,0,1,5,3,2,2,LD,1,0,1,1,2,4,-2,0.416479004329004,0.2850122655122655,0.2985087301587303,Home Win,0.416479004329004
-129812077882142,560624,football-data.org,2026-10-31 15:00:00+00:00,1793458800,UTC,NS,TIMED,,39,Premier League,England,2026,Regular Season - 9,35,Bournemouth,BOU,1044,-156530674508954,Leeds,LEE,341,15,4,0,3,1,6,7,-1,3,4,LDDD,3,0,3,1,6,7,-1,2,DD,2,0,2,0,3,3,0,2,LD,1,0,1,1,3,4,-1,3,4,2,2,0,7,3,4,8,4,WDDW,8,2,2,0,7,3,4,2,DW,4,1,1,0,5,2,3,2,WD,4,1,1,0,2,1,1,0.285412987012987,0.23143303918303929,0.4831539738039735,Away Win,0.4831539738039735
-158738535698344,560629,football-data.org,2026-10-31 15:00:00+00:00,1793458800,UTC,NS,TIMED,,39,Premier League,England,2026,Regular Season - 9,-44103427291829,Hull City,HUL,322,57,Ipswich,IPS,349,4,4,2,2,0,5,2,3,8,4,WWDD,8,2,2,0,5,2,3,2,WD,4,1,1,0,2,0,2,2,WD,4,1,1,0,3,2,1,10,4,2,0,2,7,10,-3,6,4,WLLW,6,2,0,2,7,10,-3,2,WL,3,1,0,1,2,3,-1,2,LW,3,1,0,1,5,7,-2,0.5193248196248196,0.2462885281385281,0.23438665223665225,Home Win,0.5193248196248196
-22812761325840,560630,football-data.org,2026-10-31 15:00:00+00:00,1793458800,UTC,NS,TIMED,,39,Premier League,England,2026,Regular Season - 9,55,Brentford,BRE,402,65,Nottingham Forest,NOT,351,7,4,1,3,0,7,4,3,6,4,WDDD,6,1,3,0,7,4,3,2,WD,4,1,1,0,4,1,3,2,DD,2,0,2,0,3,3,0,11,4,1,2,1,4,4,0,5,4,LDDW,5,1,2,1,4,4,0,2,LD,1,0,1,1,0,1,-1,2,DW,4,1,1,0,4,3,1,0.3514804473304474,0.2382887445887445,0.4102308080808081,Away Win,0.4102308080808081
-47762837367933,560625,football-data.org,2026-10-31 15:00:00+00:00,1793458800,UTC,NS,TIMED,,39,Premier League,England,2026,Regular Season - 9,-39195573837902,Coventry City,COV,1076,-218557486738561,Sunderland,SUN,71,20,4,0,0,4,0,10,-10,0,4,LLLL,0,0,0,4,0,10,-10,2,LL,0,0,0,2,0,6,-6,2,LL,0,0,0,2,0,4,-4,14,4,1,1,2,3,5,-2,4,4,LWDL,4,1,1,2,3,5,-2,2,WL,3,1,0,1,1,2,-1,2,LD,1,0,1,1,2,3,-1,0.23500721500721505,0.21943250083250085,0.5455602841602841,Away Win,0.5455602841602841
-72234812288657,560623,football-data.org,2026-10-31 15:00:00+00:00,1793458800,UTC,NS,TIMED,,39,Premier League,England,2026,Regular Season - 9,50,Manchester City,MCI,65,51,Brighton,BHA,397,2,4,4,0,0,8,2,6,12,4,WWWW,12,4,0,0,8,2,6,2,WW,6,2,0,0,3,1,2,2,WW,6,2,0,0,5,1,4,5,4,2,1,1,13,5,8,7,4,WLDW,7,2,1,1,13,5,8,2,WD,4,1,1,0,5,1,4,2,LW,3,1,0,1,8,4,4,0.6061421356421358,0.17355663780663774,0.2203012265512267,Home Win,0.6061421356421358
-235581925488601,560627,football-data.org,2026-10-31 17:30:00+00:00,1793467800,UTC,NS,TIMED,,39,Premier League,England,2026,Regular Season - 9,47,Tottenham,TOT,73,52,Crystal Palace,CRY,354,17,4,0,2,2,0,5,-5,2,4,LLDD,2,0,2,2,0,5,-5,2,LD,1,0,1,1,0,2,-2,2,LD,1,0,1,1,0,3,-3,16,4,1,0,3,6,11,-5,3,4,LLWL,3,1,0,3,6,11,-5,2,LL,0,0,0,2,3,7,-4,2,LW,3,1,0,1,3,4,-1,0.4376841991341993,0.20868896103896092,0.35362683982683984,Home Win,0.4376841991341993
-105318097993102,560628,football-data.org,2026-10-31 20:00:00+00:00,1793476800,UTC,NS,TIMED,,39,Premier League,England,2026,Regular Season - 9,66,Aston Villa,AVL,58,36,Fulham,FUL,63,19,4,0,1,3,1,7,-6,1,4,LLDL,1,0,1,3,1,7,-6,2,LL,0,0,0,2,1,3,-2,2,LD,1,0,1,1,0,4,-4,18,4,0,1,3,4,7,-3,1,4,LLLD,1,0,1,3,4,7,-3,2,LL,0,0,0,2,4,6,-2,2,LD,1,0,1,1,0,1,-1,0.4453404761904762,0.21290425685425682,0.3417552669552669,Home Win,0.4453404761904762
-130354414804694,560631,football-data.org,2026-11-01 16:30:00+00:00,1793550600,UTC,NS,TIMED,,39,Premier League,England,2026,Regular Season - 9,40,Liverpool,LIV,64,42,Arsenal,ARS,57,8,4,1,3,0,6,4,2,6,4,DDWD,6,1,3,0,6,4,2,2,DD,2,0,2,0,2,2,0,2,DW,4,1,1,0,4,2,2,1,4,4,0,0,8,1,7,12,4,WWWW,12,4,0,0,8,1,7,2,WW,6,2,0,0,5,1,4,2,WW,6,2,0,0,3,0,3,0.23114588744588743,0.3038865301365303,0.46496758241758257,Away Win,0.46496758241758257
-242642438718423,560622,football-data.org,2026-11-02 20:00:00+00:00,1793649600,UTC,NS,TIMED,,39,Premier League,England,2026,Regular Season - 9,34,Newcastle,NEW,67,45,Everton,EVE,62,12,4,1,2,1,7,8,-1,5,4,DWDL,5,1,2,1,7,8,-1,2,DD,2,0,2,0,4,4,0,2,WL,3,1,0,1,3,4,-1,9,4,1,3,0,5,3,2,6,4,WDDD,6,1,3,0,5,3,2,2,WD,4,1,1,0,4,2,2,2,DD,2,0,2,0,1,1,0,0.47206587301587266,0.21441847041847037,0.3135156565656566,Home Win,0.47206587301587266
-112617599451663,560637,football-data.org,2026-11-07 15:00:00+00:00,1794063600,UTC,NS,TIMED,,39,Premier League,England,2026,Regular Season - 10,57,Ipswich,IPS,349,35,Bournemouth,BOU,1044,10,4,2,0,2,7,10,-3,6,4,WLLW,6,2,0,2,7,10,-3,2,WL,3,1,0,1,2,3,-1,2,LW,3,1,0,1,5,7,-2,15,4,0,3,1,6,7,-1,3,4,LDDD,3,0,3,1,6,7,-1,2,DD,2,0,2,0,3,3,0,2,LD,1,0,1,1,3,4,-1,0.14523104673104673,0.22616587856587855,0.6286030747030743,Away Win,0.6286030747030743
-117139224787201,560638,football-data.org,2026-11-07 15:00:00+00:00,1794063600,UTC,NS,TIMED,,39,Premier League,England,2026,Regular Season - 10,51,Brighton,BHA,397,55,Brentford,BRE,402,5,4,2,1,1,13,5,8,7,4,WLDW,7,2,1,1,13,5,8,2,WD,4,1,1,0,5,1,4,2,LW,3,1,0,1,8,4,4,7,4,1,3,0,7,4,3,6,4,WDDD,6,1,3,0,7,4,3,2,WD,4,1,1,0,4,1,3,2,DD,2,0,2,0,3,3,0,0.4166035353535352,0.23665836940836935,0.34673809523809535,Home Win,0.4166035353535352
-13556169052151,560639,football-data.org,2026-11-07 15:00:00+00:00,1794063600,UTC,NS,TIMED,,39,Premier League,England,2026,Regular Season - 10,33,Manchester United,MUN,66,66,Aston Villa,AVL,58,13,4,1,1,2,7,7,0,4,4,LWDL,4,1,1,2,7,7,0,2,WL,3,1,0,1,5,3,2,2,LD,1,0,1,1,2,4,-2,19,4,0,1,3,1,7,-6,1,4,LLDL,1,0,1,3,1,7,-6,2,LL,0,0,0,2,1,3,-2,2,LD,1,0,1,1,0,4,-4,0.3743773448773447,0.2695209956709955,0.3561016594516598,Home Win,0.3743773448773447
-152337234812419,560641,football-data.org,2026-11-07 15:00:00+00:00,1794063600,UTC,NS,TIMED,,39,Premier League,England,2026,Regular Season - 10,65,Nottingham Forest,NOT,351,50,Manchester City,MCI,65,11,4,1,2,1,4,4,0,5,4,LDDW,5,1,2,1,4,4,0,2,LD,1,0,1,1,0,1,-1,2,DW,4,1,1,0,4,3,1,2,4,4,0,0,8,2,6,12,4,WWWW,12,4,0,0,8,2,6,2,WW,6,2,0,0,3,1,2,2,WW,6,2,0,0,5,1,4,0.1974160173160173,0.23930620490620505,0.5632777777777778,Away Win,0.5632777777777778
-184897501634978,560640,football-data.org,2026-11-07 15:00:00+00:00,1794063600,UTC,NS,TIMED,,39,Premier League,England,2026,Regular Season - 10,42,Arsenal,ARS,57,-44103427291829,Hull City,HUL,322,1,4,4,0,0,8,1,7,12,4,WWWW,12,4,0,0,8,1,7,2,WW,6,2,0,0,5,1,4,2,WW,6,2,0,0,3,0,3,4,4,2,2,0,5,2,3,8,4,WWDD,8,2,2,0,5,2,3,2,WD,4,1,1,0,2,0,2,2,WD,4,1,1,0,3,2,1,0.5672000777000775,0.22918653013653012,0.2036133921633922,Home Win,0.5672000777000775
-219575944997535,560634,football-data.org,2026-11-07 15:00:00+00:00,1794063600,UTC,NS,TIMED,,39,Premier League,England,2026,Regular Season - 10,45,Everton,EVE,62,-39195573837902,Coventry City,COV,1076,9,4,1,3,0,5,3,2,6,4,WDDD,6,1,3,0,5,3,2,2,WD,4,1,1,0,4,2,2,2,DD,2,0,2,0,1,1,0,20,4,0,0,4,0,10,-10,0,4,LLLL,0,0,0,4,0,10,-10,2,LL,0,0,0,2,0,6,-6,2,LL,0,0,0,2,0,4,-4,0.4028583194583193,0.32321270396270385,0.2739289765789765,Home Win,0.4028583194583193
-231692435320313,560636,football-data.org,2026-11-07 15:00:00+00:00,1794063600,UTC,NS,TIMED,,39,Premier League,England,2026,Regular Season - 10,-218557486738561,Sunderland,SUN,71,49,Chelsea,CHE,61,14,4,1,1,2,3,5,-2,4,4,LWDL,4,1,1,2,3,5,-2,2,WL,3,1,0,1,1,2,-1,2,LD,1,0,1,1,2,3,-1,6,4,2,1,1,10,9,1,7,4,WWLD,7,2,1,1,10,9,1,2,WD,4,1,1,0,6,5,1,2,WL,3,1,0,1,4,4,0,0.3780167388167387,0.17664617604617613,0.4453370851370853,Away Win,0.4453370851370853
-239677238080832,560633,football-data.org,2026-11-07 15:00:00+00:00,1794063600,UTC,NS,TIMED,,39,Premier League,England,2026,Regular Season - 10,36,Fulham,FUL,63,34,Newcastle,NEW,67,18,4,0,1,3,4,7,-3,1,4,LLLD,1,0,1,3,4,7,-3,2,LL,0,0,0,2,4,6,-2,2,LD,1,0,1,1,0,1,-1,12,4,1,2,1,7,8,-1,5,4,DWDL,5,1,2,1,7,8,-1,2,DD,2,0,2,0,4,4,0,2,WL,3,1,0,1,3,4,-1,0.2715341991341991,0.1907889610389611,0.5376768398268398,Away Win,0.5376768398268398
-250533373073262,560635,football-data.org,2026-11-07 15:00:00+00:00,1794063600,UTC,NS,TIMED,,39,Premier League,England,2026,Regular Season - 10,52,Crystal Palace,CRY,354,40,Liverpool,LIV,64,16,4,1,0,3,6,11,-5,3,4,LLWL,3,1,0,3,6,11,-5,2,LL,0,0,0,2,3,7,-4,2,LW,3,1,0,1,3,4,-1,8,4,1,3,0,6,4,2,6,4,DDWD,6,1,3,0,6,4,2,2,DD,2,0,2,0,2,2,0,2,DW,4,1,1,0,4,2,2,0.2076713564213563,0.23534206349206357,0.5569865800865801,Away Win,0.5569865800865801
-280799069115072,560632,football-data.org,2026-11-07 15:00:00+00:00,1794063600,UTC,NS,TIMED,,39,Premier League,England,2026,Regular Season - 10,-156530674508954,Leeds,LEE,341,47,Tottenham,TOT,73,3,4,2,2,0,7,3,4,8,4,WDDW,8,2,2,0,7,3,4,2,DW,4,1,1,0,5,2,3,2,WD,4,1,1,0,2,1,1,17,4,0,2,2,0,5,-5,2,4,LLDD,2,0,2,2,0,5,-5,2,LD,1,0,1,1,0,2,-2,2,LD,1,0,1,1,0,3,-3,0.48094227994227984,0.20962835497835497,0.3094293650793651,Home Win,0.48094227994227984
-153927690537635,560648,football-data.org,2026-11-21 15:00:00+00:00,1795273200,UTC,NS,TIMED,,39,Premier League,England,2026,Regular Season - 11,47,Tottenham,TOT,73,57,Ipswich,IPS,349,17,4,0,2,2,0,5,-5,2,4,LLDD,2,0,2,2,0,5,-5,2,LD,1,0,1,1,0,2,-2,2,LD,1,0,1,1,0,3,-3,10,4,2,0,2,7,10,-3,6,4,WLLW,6,2,0,2,7,10,-3,2,WL,3,1,0,1,2,3,-1,2,LW,3,1,0,1,5,7,-2,0.5421236652236654,0.20851392496392498,0.2493624098124099,Home Win,0.5421236652236654
-159566336176171,560643,football-data.org,2026-11-21 15:00:00+00:00,1795273200,UTC,NS,TIMED,,39,Premier League,England,2026,Regular Season - 11,50,Manchester City,MCI,65,36,Fulham,FUL,63,2,4,4,0,0,8,2,6,12,4,WWWW,12,4,0,0,8,2,6,2,WW,6,2,0,0,3,1,2,2,WW,6,2,0,0,5,1,4,18,4,0,1,3,4,7,-3,1,4,LLLD,1,0,1,3,4,7,-3,2,LL,0,0,0,2,4,6,-2,2,LD,1,0,1,1,0,1,-1,0.6236522366522366,0.1696885281385282,0.20665923520923538,Home Win,0.6236522366522366
-172408071138911,560645,football-data.org,2026-11-21 15:00:00+00:00,1795273200,UTC,NS,TIMED,,39,Premier League,England,2026,Regular Season - 11,40,Liverpool,LIV,64,33,Manchester United,MUN,66,8,4,1,3,0,6,4,2,6,4,DDWD,6,1,3,0,6,4,2,2,DD,2,0,2,0,2,2,0,2,DW,4,1,1,0,4,2,2,13,4,1,1,2,7,7,0,4,4,LWDL,4,1,1,2,7,7,0,2,WL,3,1,0,1,5,3,2,2,LD,1,0,1,1,2,4,-2,0.4680799422799421,0.23234898989898986,0.29957106782106785,Home Win,0.4680799422799421
-178447583326743,560646,football-data.org,2026-11-21 15:00:00+00:00,1795273200,UTC,NS,TIMED,,39,Premier League,England,2026,Regular Season - 11,-44103427291829,Hull City,HUL,322,51,Brighton,BHA,397,4,4,2,2,0,5,2,3,8,4,WWDD,8,2,2,0,5,2,3,2,WD,4,1,1,0,2,0,2,2,WD,4,1,1,0,3,2,1,5,4,2,1,1,13,5,8,7,4,WLDW,7,2,1,1,13,5,8,2,WD,4,1,1,0,5,1,4,2,LW,3,1,0,1,8,4,4,0.4067772005772004,0.2491637085137085,0.34405909090909087,Home Win,0.4067772005772004
-187759294288082,560650,football-data.org,2026-11-21 15:00:00+00:00,1795273200,UTC,NS,TIMED,,39,Premier League,England,2026,Regular Season - 11,-39195573837902,Coventry City,COV,1076,52,Crystal Palace,CRY,354,20,4,0,0,4,0,10,-10,0,4,LLLL,0,0,0,4,0,10,-10,2,LL,0,0,0,2,0,6,-6,2,LL,0,0,0,2,0,4,-4,16,4,1,0,3,6,11,-5,3,4,LLWL,3,1,0,3,6,11,-5,2,LL,0,0,0,2,3,7,-4,2,LW,3,1,0,1,3,4,-1,0.25136910279263214,0.18158213583801824,0.5670487613693495,Away Win,0.5670487613693495
-18945091038504,560651,football-data.org,2026-11-21 15:00:00+00:00,1795273200,UTC,NS,TIMED,,39,Premier League,England,2026,Regular Season - 11,34,Newcastle,NEW,67,42,Arsenal,ARS,57,12,4,1,2,1,7,8,-1,5,4,DWDL,5,1,2,1,7,8,-1,2,DD,2,0,2,0,4,4,0,2,WL,3,1,0,1,3,4,-1,1,4,4,0,0,8,1,7,12,4,WWWW,12,4,0,0,8,1,7,2,WW,6,2,0,0,5,1,4,2,WW,6,2,0,0,3,0,3,0.1573596681096681,0.2517420856920857,0.590898246198246,Away Win,0.590898246198246
-211425666423756,560649,football-data.org,2026-11-21 15:00:00+00:00,1795273200,UTC,NS,TIMED,,39,Premier League,England,2026,Regular Season - 11,55,Brentford,BRE,402,45,Everton,EVE,62,7,4,1,3,0,7,4,3,6,4,WDDD,6,1,3,0,7,4,3,2,WD,4,1,1,0,4,1,3,2,DD,2,0,2,0,3,3,0,9,4,1,3,0,5,3,2,6,4,WDDD,6,1,3,0,5,3,2,2,WD,4,1,1,0,4,2,2,2,DD,2,0,2,0,1,1,0,0.45706118326118317,0.21924300144300132,0.32369581529581526,Home Win,0.45706118326118317
-216440387586228,560644,football-data.org,2026-11-21 15:00:00+00:00,1795273200,UTC,NS,TIMED,,39,Premier League,England,2026,Regular Season - 11,66,Aston Villa,AVL,58,-218557486738561,Sunderland,SUN,71,19,4,0,1,3,1,7,-6,1,4,LLDL,1,0,1,3,1,7,-6,2,LL,0,0,0,2,1,3,-2,2,LD,1,0,1,1,0,4,-4,14,4,1,1,2,3,5,-2,4,4,LWDL,4,1,1,2,3,5,-2,2,WL,3,1,0,1,1,2,-1,2,LD,1,0,1,1,2,3,-1,0.45425634920634905,0.23584711399711392,0.3098965367965369,Home Win,0.45425634920634905
-246108435210500,560647,football-data.org,2026-11-21 15:00:00+00:00,1795273200,UTC,NS,TIMED,,39,Premier League,England,2026,Regular Season - 11,35,Bournemouth,BOU,1044,65,Nottingham Forest,NOT,351,15,4,0,3,1,6,7,-1,3,4,LDDD,3,0,3,1,6,7,-1,2,DD,2,0,2,0,3,3,0,2,LD,1,0,1,1,3,4,-1,11,4,1,2,1,4,4,0,5,4,LDDW,5,1,2,1,4,4,0,2,LD,1,0,1,1,0,1,-1,2,DW,4,1,1,0,4,3,1,0.3677850649350648,0.22030476190476186,0.41191017316017325,Away Win,0.41191017316017325
-9142467357930,560642,football-data.org,2026-11-21 15:00:00+00:00,1795273200,UTC,NS,TIMED,,39,Premier League,England,2026,Regular Season - 11,49,Chelsea,CHE,61,-156530674508954,Leeds,LEE,341,6,4,2,1,1,10,9,1,7,4,WWLD,7,2,1,1,10,9,1,2,WD,4,1,1,0,6,5,1,2,WL,3,1,0,1,4,4,0,3,4,2,2,0,7,3,4,8,4,WDDW,8,2,2,0,7,3,4,2,DW,4,1,1,0,5,2,3,2,WD,4,1,1,0,2,1,1,0.45932972582972537,0.2723465367965368,0.26832373737373744,Home Win,0.45932972582972537
-126725180859867,560654,football-data.org,2026-11-28 15:00:00+00:00,1795878000,UTC,NS,TIMED,,39,Premier League,England,2026,Regular Season - 12,42,Arsenal,ARS,57,50,Manchester City,MCI,65,1,4,4,0,0,8,1,7,12,4,WWWW,12,4,0,0,8,1,7,2,WW,6,2,0,0,5,1,4,2,WW,6,2,0,0,3,0,3,2,4,4,0,0,8,2,6,12,4,WWWW,12,4,0,0,8,2,6,2,WW,6,2,0,0,3,1,2,2,WW,6,2,0,0,5,1,4,0.4403924242424242,0.31025362970362963,0.24935394605394617,Home Win,0.4403924242424242
-132283821054273,560653,football-data.org,2026-11-28 15:00:00+00:00,1795878000,UTC,NS,TIMED,,39,Premier League,England,2026,Regular Season - 12,57,Ipswich,IPS,349,66,Aston Villa,AVL,58,10,4,2,0,2,7,10,-3,6,4,WLLW,6,2,0,2,7,10,-3,2,WL,3,1,0,1,2,3,-1,2,LW,3,1,0,1,5,7,-2,19,4,0,1,3,1,7,-6,1,4,LLDL,1,0,1,3,1,7,-6,2,LL,0,0,0,2,1,3,-2,2,LD,1,0,1,1,0,4,-4,0.1286882617382618,0.2573782883782883,0.6139334498834494,Away Win,0.6139334498834494
-148533800000982,560658,football-data.org,2026-11-28 15:00:00+00:00,1795878000,UTC,NS,TIMED,,39,Premier League,England,2026,Regular Season - 12,65,Nottingham Forest,NOT,351,49,Chelsea,CHE,61,11,4,1,2,1,4,4,0,5,4,LDDW,5,1,2,1,4,4,0,2,LD,1,0,1,1,0,1,-1,2,DW,4,1,1,0,4,3,1,6,4,2,1,1,10,9,1,7,4,WWLD,7,2,1,1,10,9,1,2,WD,4,1,1,0,6,5,1,2,WL,3,1,0,1,4,4,0,0.3336595238095238,0.1929485569985571,0.47339191919191903,Away Win,0.47339191919191903
-187698690595532,560657,football-data.org,2026-11-28 15:00:00+00:00,1795878000,UTC,NS,TIMED,,39,Premier League,England,2026,Regular Season - 12,36,Fulham,FUL,63,35,Bournemouth,BOU,1044,18,4,0,1,3,4,7,-3,1,4,LLLD,1,0,1,3,4,7,-3,2,LL,0,0,0,2,4,6,-2,2,LD,1,0,1,1,0,1,-1,15,4,0,3,1,6,7,-1,3,4,LDDD,3,0,3,1,6,7,-1,2,DD,2,0,2,0,3,3,0,2,LD,1,0,1,1,3,4,-1,0.27359610389610395,0.18662460317460325,0.5397792929292929,Away Win,0.5397792929292929
-192755152480593,560660,football-data.org,2026-11-28 15:00:00+00:00,1795878000,UTC,NS,TIMED,,39,Premier League,England,2026,Regular Season - 12,-218557486738561,Sunderland,SUN,71,47,Tottenham,TOT,73,14,4,1,1,2,3,5,-2,4,4,LWDL,4,1,1,2,3,5,-2,2,WL,3,1,0,1,1,2,-1,2,LD,1,0,1,1,2,3,-1,17,4,0,2,2,0,5,-5,2,4,LLDD,2,0,2,2,0,5,-5,2,LD,1,0,1,1,0,2,-2,2,LD,1,0,1,1,0,3,-3,0.4464084415584415,0.21263989898989916,0.3409516594516596,Home Win,0.4464084415584415
-217291867816404,560652,football-data.org,2026-11-28 15:00:00+00:00,1795878000,UTC,NS,TIMED,,39,Premier League,England,2026,Regular Season - 12,-156530674508954,Leeds,LEE,341,-39195573837902,Coventry City,COV,1076,3,4,2,2,0,7,3,4,8,4,WDDW,8,2,2,0,7,3,4,2,DW,4,1,1,0,5,2,3,2,WD,4,1,1,0,2,1,1,20,4,0,0,4,0,10,-10,0,4,LLLL,0,0,0,4,0,10,-10,2,LL,0,0,0,2,0,6,-6,2,LL,0,0,0,2,0,4,-4,0.5023668109668108,0.2926737373737374,0.20495945165945173,Home Win,0.5023668109668108
-219943835392655,560656,football-data.org,2026-11-28 15:00:00+00:00,1795878000,UTC,NS,TIMED,,39,Premier League,England,2026,Regular Season - 12,45,Everton,EVE,62,40,Liverpool,LIV,64,9,4,1,3,0,5,3,2,6,4,WDDD,6,1,3,0,5,3,2,2,WD,4,1,1,0,4,2,2,2,DD,2,0,2,0,1,1,0,8,4,1,3,0,6,4,2,6,4,DDWD,6,1,3,0,6,4,2,2,DD,2,0,2,0,2,2,0,2,DW,4,1,1,0,4,2,2,0.24321791541791543,0.203131462981463,0.5536506216006216,Away Win,0.5536506216006216
-266518450087100,560659,football-data.org,2026-11-28 15:00:00+00:00,1795878000,UTC,NS,TIMED,,39,Premier League,England,2026,Regular Season - 12,51,Brighton,BHA,397,34,Newcastle,NEW,67,5,4,2,1,1,13,5,8,7,4,WLDW,7,2,1,1,13,5,8,2,WD,4,1,1,0,5,1,4,2,LW,3,1,0,1,8,4,4,12,4,1,2,1,7,8,-1,5,4,DWDL,5,1,2,1,7,8,-1,2,DD,2,0,2,0,4,4,0,2,WL,3,1,0,1,3,4,-1,0.38170750360750333,0.2511925685425683,0.367099927849928,Home Win,0.38170750360750333
-50637131336497,560655,football-data.org,2026-11-28 15:00:00+00:00,1795878000,UTC,NS,TIMED,,39,Premier League,England,2026,Regular Season - 12,33,Manchester United,MUN,66,55,Brentford,BRE,402,13,4,1,1,2,7,7,0,4,4,LWDL,4,1,1,2,7,7,0,2,WL,3,1,0,1,5,3,2,2,LD,1,0,1,1,2,4,-2,7,4,1,3,0,7,4,3,6,4,WDDD,6,1,3,0,7,4,3,2,WD,4,1,1,0,4,1,3,2,DD,2,0,2,0,3,3,0,0.3946146464646462,0.23488217893217891,0.37050317460317467,Home Win,0.3946146464646462
-70626021915197,560661,football-data.org,2026-11-28 15:00:00+00:00,1795878000,UTC,NS,TIMED,,39,Premier League,England,2026,Regular Season - 12,52,Crystal Palace,CRY,354,-44103427291829,Hull City,HUL,322,16,4,1,0,3,6,11,-5,3,4,LLWL,3,1,0,3,6,11,-5,2,LL,0,0,0,2,3,7,-4,2,LW,3,1,0,1,3,4,-1,4,4,2,2,0,5,2,3,8,4,WWDD,8,2,2,0,5,2,3,2,WD,4,1,1,0,2,0,2,2,WD,4,1,1,0,3,2,1,0.24571536796536808,0.2494102453102453,0.5048743867243868,Away Win,0.5048743867243868
-101789790000134,560670,football-data.org,2026-12-02 20:00:00+00:00,1796241600,UTC,NS,TIMED,,39,Premier League,England,2026,Regular Season - 13,34,Newcastle,NEW,67,33,Manchester United,MUN,66,12,4,1,2,1,7,8,-1,5,4,DWDL,5,1,2,1,7,8,-1,2,DD,2,0,2,0,4,4,0,2,WL,3,1,0,1,3,4,-1,13,4,1,1,2,7,7,0,4,4,LWDL,4,1,1,2,7,7,0,2,WL,3,1,0,1,5,3,2,2,LD,1,0,1,1,2,4,-2,0.4225349927849925,0.2430215728715728,0.3344434343434344,Home Win,0.4225349927849925
-11126507998679,560663,football-data.org,2026-12-02 20:00:00+00:00,1796241600,UTC,NS,TIMED,,39,Premier League,England,2026,Regular Season - 13,40,Liverpool,LIV,64,-218557486738561,Sunderland,SUN,71,8,4,1,3,0,6,4,2,6,4,DDWD,6,1,3,0,6,4,2,2,DD,2,0,2,0,2,2,0,2,DW,4,1,1,0,4,2,2,14,4,1,1,2,3,5,-2,4,4,LWDL,4,1,1,2,3,5,-2,2,WL,3,1,0,1,1,2,-1,2,LD,1,0,1,1,2,3,-1,0.551922533022533,0.22220844155844152,0.22586902541902545,Home Win,0.551922533022533
-113565359079680,560665,football-data.org,2026-12-02 20:00:00+00:00,1796241600,UTC,NS,TIMED,,39,Premier League,England,2026,Regular Season - 13,49,Chelsea,CHE,61,52,Crystal Palace,CRY,354,6,4,2,1,1,10,9,1,7,4,WWLD,7,2,1,1,10,9,1,2,WD,4,1,1,0,6,5,1,2,WL,3,1,0,1,4,4,0,16,4,1,0,3,6,11,-5,3,4,LLWL,3,1,0,3,6,11,-5,2,LL,0,0,0,2,3,7,-4,2,LW,3,1,0,1,3,4,-1,0.509201154401154,0.2544171717171715,0.23638167388167397,Home Win,0.509201154401154
-131699530728687,560669,football-data.org,2026-12-02 20:00:00+00:00,1796241600,UTC,NS,TIMED,,39,Premier League,England,2026,Regular Season - 13,50,Manchester City,MCI,65,-156530674508954,Leeds,LEE,341,2,4,4,0,0,8,2,6,12,4,WWWW,12,4,0,0,8,2,6,2,WW,6,2,0,0,3,1,2,2,WW,6,2,0,0,5,1,4,3,4,2,2,0,7,3,4,8,4,WDDW,8,2,2,0,7,3,4,2,DW,4,1,1,0,5,2,3,2,WD,4,1,1,0,2,1,1,0.6254373737373736,0.18567164502164496,0.1888909812409814,Home Win,0.6254373737373736
-139293810185814,560662,football-data.org,2026-12-02 20:00:00+00:00,1796241600,UTC,NS,TIMED,,39,Premier League,England,2026,Regular Season - 13,47,Tottenham,TOT,73,36,Fulham,FUL,63,17,4,0,2,2,0,5,-5,2,4,LLDD,2,0,2,2,0,5,-5,2,LD,1,0,1,1,0,2,-2,2,LD,1,0,1,1,0,3,-3,18,4,0,1,3,4,7,-3,1,4,LLLD,1,0,1,3,4,7,-3,2,LL,0,0,0,2,4,6,-2,2,LD,1,0,1,1,0,1,-1,0.3931580808080809,0.1964366522366523,0.41040526695526675,Away Win,0.41040526695526675
-17118512069808,560666,football-data.org,2026-12-02 20:00:00+00:00,1796241600,UTC,NS,TIMED,,39,Premier League,England,2026,Regular Season - 13,66,Aston Villa,AVL,58,45,Everton,EVE,62,19,4,0,1,3,1,7,-6,1,4,LLDL,1,0,1,3,1,7,-6,2,LL,0,0,0,2,1,3,-2,2,LD,1,0,1,1,0,4,-4,9,4,1,3,0,5,3,2,6,4,WDDD,6,1,3,0,5,3,2,2,WD,4,1,1,0,4,2,2,2,DD,2,0,2,0,1,1,0,0.4634626984126982,0.2023090187590187,0.3342282828282828,Home Win,0.4634626984126982
-239384752926460,560664,football-data.org,2026-12-02 20:00:00+00:00,1796241600,UTC,NS,TIMED,,39,Premier League,England,2026,Regular Season - 13,-44103427291829,Hull City,HUL,322,65,Nottingham Forest,NOT,351,4,4,2,2,0,5,2,3,8,4,WWDD,8,2,2,0,5,2,3,2,WD,4,1,1,0,2,0,2,2,WD,4,1,1,0,3,2,1,11,4,1,2,1,4,4,0,5,4,LDDW,5,1,2,1,4,4,0,2,LD,1,0,1,1,0,1,-1,2,DW,4,1,1,0,4,3,1,0.43586803751803743,0.23550562770562775,0.32862633477633485,Home Win,0.43586803751803743
-51590293010203,560671,football-data.org,2026-12-02 20:00:00+00:00,1796241600,UTC,NS,TIMED,,39,Premier League,England,2026,Regular Season - 13,35,Bournemouth,BOU,1044,51,Brighton,BHA,397,15,4,0,3,1,6,7,-1,3,4,LDDD,3,0,3,1,6,7,-1,2,DD,2,0,2,0,3,3,0,2,LD,1,0,1,1,3,4,-1,5,4,2,1,1,13,5,8,7,4,WLDW,7,2,1,1,13,5,8,2,WD,4,1,1,0,5,1,4,2,LW,3,1,0,1,8,4,4,0.3231612554112553,0.20831587301587298,0.46852287157287154,Away Win,0.46852287157287154
-87543673659720,560667,football-data.org,2026-12-02 20:00:00+00:00,1796241600,UTC,NS,TIMED,,39,Premier League,England,2026,Regular Season - 13,55,Brentford,BRE,402,42,Arsenal,ARS,57,7,4,1,3,0,7,4,3,6,4,WDDD,6,1,3,0,7,4,3,2,WD,4,1,1,0,4,1,3,2,DD,2,0,2,0,3,3,0,1,4,4,0,0,8,1,7,12,4,WWWW,12,4,0,0,8,1,7,2,WW,6,2,0,0,5,1,4,2,WW,6,2,0,0,3,0,3,0.15052323232323234,0.23792736707736706,0.6115494005994004,Away Win,0.6115494005994004
-9843989641758,560668,football-data.org,2026-12-02 20:00:00+00:00,1796241600,UTC,NS,TIMED,,39,Premier League,England,2026,Regular Season - 13,-39195573837902,Coventry City,COV,1076,57,Ipswich,IPS,349,20,4,0,0,4,0,10,-10,0,4,LLLL,0,0,0,4,0,10,-10,2,LL,0,0,0,2,0,6,-6,2,LL,0,0,0,2,0,4,-4,10,4,2,0,2,7,10,-3,6,4,WLLW,6,2,0,2,7,10,-3,2,WL,3,1,0,1,2,3,-1,2,LW,3,1,0,1,5,7,-2,0.33482119514472436,0.21974202039790303,0.44543678445737295,Away Win,0.44543678445737295
-103532277590028,560674,football-data.org,2026-12-05 15:00:00+00:00,1796482800,UTC,NS,TIMED,,39,Premier League,England,2026,Regular Season - 14,-156530674508954,Leeds,LEE,341,57,Ipswich,IPS,349,3,4,2,2,0,7,3,4,8,4,WDDW,8,2,2,0,7,3,4,2,DW,4,1,1,0,5,2,3,2,WD,4,1,1,0,2,1,1,10,4,2,0,2,7,10,-3,6,4,WLLW,6,2,0,2,7,10,-3,2,WL,3,1,0,1,2,3,-1,2,LW,3,1,0,1,5,7,-2,0.6021378787878782,0.22825014430014418,0.169611976911977,Home Win,0.6021378787878782
-122208694735538,560675,football-data.org,2026-12-05 15:00:00+00:00,1796482800,UTC,NS,TIMED,,39,Premier League,England,2026,Regular Season - 14,34,Newcastle,NEW,67,-218557486738561,Sunderland,SUN,71,12,4,1,2,1,7,8,-1,5,4,DWDL,5,1,2,1,7,8,-1,2,DD,2,0,2,0,4,4,0,2,WL,3,1,0,1,3,4,-1,14,4,1,1,2,3,5,-2,4,4,LWDL,4,1,1,2,3,5,-2,2,WL,3,1,0,1,1,2,-1,2,LD,1,0,1,1,2,3,-1,0.4996458152958151,0.24009711399711395,0.26025707070707077,Home Win,0.4996458152958151
-140517786454735,560681,football-data.org,2026-12-05 15:00:00+00:00,1796482800,UTC,NS,TIMED,,39,Premier League,England,2026,Regular Season - 14,45,Everton,EVE,62,36,Fulham,FUL,63,9,4,1,3,0,5,3,2,6,4,WDDD,6,1,3,0,5,3,2,2,WD,4,1,1,0,4,2,2,2,DD,2,0,2,0,1,1,0,18,4,0,1,3,4,7,-3,1,4,LLLD,1,0,1,3,4,7,-3,2,LL,0,0,0,2,4,6,-2,2,LD,1,0,1,1,0,1,-1,0.34333479853479865,0.18330685980685987,0.4733583416583416,Away Win,0.4733583416583416
-143004140523703,560673,football-data.org,2026-12-05 15:00:00+00:00,1796482800,UTC,NS,TIMED,,39,Premier League,England,2026,Regular Season - 14,33,Manchester United,MUN,66,-39195573837902,Coventry City,COV,1076,13,4,1,1,2,7,7,0,4,4,LWDL,4,1,1,2,7,7,0,2,WL,3,1,0,1,5,3,2,2,LD,1,0,1,1,2,4,-2,20,4,0,0,4,0,10,-10,0,4,LLLL,0,0,0,4,0,10,-10,2,LL,0,0,0,2,0,6,-6,2,LL,0,0,0,2,0,4,-4,0.48994191919191876,0.31614805749805747,0.1939100233100233,Home Win,0.48994191919191876
-168875293805726,560680,football-data.org,2026-12-05 15:00:00+00:00,1796482800,UTC,NS,TIMED,,39,Premier League,England,2026,Regular Season - 14,65,Nottingham Forest,NOT,351,51,Brighton,BHA,397,11,4,1,2,1,4,4,0,5,4,LDDW,5,1,2,1,4,4,0,2,LD,1,0,1,1,0,1,-1,2,DW,4,1,1,0,4,3,1,5,4,2,1,1,13,5,8,7,4,WLDW,7,2,1,1,13,5,8,2,WD,4,1,1,0,5,1,4,2,LW,3,1,0,1,8,4,4,0.3414215007215006,0.19237792207792218,0.46620057720057684,Away Win,0.46620057720057684
-182169492424409,560676,football-data.org,2026-12-05 15:00:00+00:00,1796482800,UTC,NS,TIMED,,39,Premier League,England,2026,Regular Season - 14,49,Chelsea,CHE,61,40,Liverpool,LIV,64,6,4,2,1,1,10,9,1,7,4,WWLD,7,2,1,1,10,9,1,2,WD,4,1,1,0,6,5,1,2,WL,3,1,0,1,4,4,0,8,4,1,3,0,6,4,2,6,4,DDWD,6,1,3,0,6,4,2,2,DD,2,0,2,0,2,2,0,2,DW,4,1,1,0,4,2,2,0.27334170274170283,0.31464155844155844,0.41201673881673884,Away Win,0.41201673881673884
-41242534055630,560672,football-data.org,2026-12-05 15:00:00+00:00,1796482800,UTC,NS,TIMED,,39,Premier League,England,2026,Regular Season - 14,47,Tottenham,TOT,73,42,Arsenal,ARS,57,17,4,0,2,2,0,5,-5,2,4,LLDD,2,0,2,2,0,5,-5,2,LD,1,0,1,1,0,2,-2,2,LD,1,0,1,1,0,3,-3,1,4,4,0,0,8,1,7,12,4,WWWW,12,4,0,0,8,1,7,2,WW,6,2,0,0,5,1,4,2,WW,6,2,0,0,3,0,3,0.1255613275613277,0.2002735209235209,0.6741651515151516,Away Win,0.6741651515151516
-52036841897414,560677,football-data.org,2026-12-05 15:00:00+00:00,1796482800,UTC,NS,TIMED,,39,Premier League,England,2026,Regular Season - 14,55,Brentford,BRE,402,50,Manchester City,MCI,65,7,4,1,3,0,7,4,3,6,4,WDDD,6,1,3,0,7,4,3,2,WD,4,1,1,0,4,1,3,2,DD,2,0,2,0,3,3,0,2,4,4,0,0,8,2,6,12,4,WWWW,12,4,0,0,8,2,6,2,WW,6,2,0,0,3,1,2,2,WW,6,2,0,0,5,1,4,0.20123333333333326,0.257827294927295,0.5409393717393716,Away Win,0.5409393717393716
-72424748791329,560679,football-data.org,2026-12-05 15:00:00+00:00,1796482800,UTC,NS,TIMED,,39,Premier League,England,2026,Regular Season - 14,66,Aston Villa,AVL,58,52,Crystal Palace,CRY,354,19,4,0,1,3,1,7,-6,1,4,LLDL,1,0,1,3,1,7,-6,2,LL,0,0,0,2,1,3,-2,2,LD,1,0,1,1,0,4,-4,16,4,1,0,3,6,11,-5,3,4,LLWL,3,1,0,3,6,11,-5,2,LL,0,0,0,2,3,7,-4,2,LW,3,1,0,1,3,4,-1,0.5033992063492063,0.19942965367965365,0.2971711399711401,Home Win,0.5033992063492063
-72911541447850,560678,football-data.org,2026-12-05 15:00:00+00:00,1796482800,UTC,NS,TIMED,,39,Premier League,England,2026,Regular Season - 14,35,Bournemouth,BOU,1044,-44103427291829,Hull City,HUL,322,15,4,0,3,1,6,7,-1,3,4,LDDD,3,0,3,1,6,7,-1,2,DD,2,0,2,0,3,3,0,2,LD,1,0,1,1,3,4,-1,4,4,2,2,0,5,2,3,8,4,WWDD,8,2,2,0,5,2,3,2,WD,4,1,1,0,2,0,2,2,WD,4,1,1,0,3,2,1,0.3170076436635259,0.2566658867276514,0.4263264696088225,Away Win,0.4263264696088225
-109006170508804,560689,football-data.org,2026-12-12 15:00:00+00:00,1797087600,UTC,NS,TIMED,,39,Premier League,England,2026,Regular Season - 15,50,Manchester City,MCI,65,49,Chelsea,CHE,61,2,4,4,0,0,8,2,6,12,4,WWWW,12,4,0,0,8,2,6,2,WW,6,2,0,0,3,1,2,2,WW,6,2,0,0,5,1,4,6,4,2,1,1,10,9,1,7,4,WWLD,7,2,1,1,10,9,1,2,WD,4,1,1,0,6,5,1,2,WL,3,1,0,1,4,4,0,0.5909458874458877,0.1794116161616161,0.22964249639249654,Home Win,0.5909458874458877
-11155441600708,560683,football-data.org,2026-12-12 15:00:00+00:00,1797087600,UTC,NS,TIMED,,39,Premier League,England,2026,Regular Season - 15,52,Crystal Palace,CRY,354,33,Manchester United,MUN,66,16,4,1,0,3,6,11,-5,3,4,LLWL,3,1,0,3,6,11,-5,2,LL,0,0,0,2,3,7,-4,2,LW,3,1,0,1,3,4,-1,13,4,1,1,2,7,7,0,4,4,LWDL,4,1,1,2,7,7,0,2,WL,3,1,0,1,5,3,2,2,LD,1,0,1,1,2,4,-2,0.21569906204906192,0.26179451659451664,0.5225064213564211,Away Win,0.5225064213564211
-132070952517789,560684,football-data.org,2026-12-12 15:00:00+00:00,1797087600,UTC,NS,TIMED,,39,Premier League,England,2026,Regular Season - 15,-44103427291829,Hull City,HUL,322,47,Tottenham,TOT,73,4,4,2,2,0,5,2,3,8,4,WWDD,8,2,2,0,5,2,3,2,WD,4,1,1,0,2,0,2,2,WD,4,1,1,0,3,2,1,17,4,0,2,2,0,5,-5,2,4,LLDD,2,0,2,2,0,5,-5,2,LD,1,0,1,1,0,2,-2,2,LD,1,0,1,1,0,3,-3,0.39146176046176034,0.2617752525252526,0.346762987012987,Home Win,0.39146176046176034
-157278056675206,560682,football-data.org,2026-12-12 15:00:00+00:00,1797087600,UTC,NS,TIMED,,39,Premier League,England,2026,Regular Season - 15,-218557486738561,Sunderland,SUN,71,65,Nottingham Forest,NOT,351,14,4,1,1,2,3,5,-2,4,4,LWDL,4,1,1,2,3,5,-2,2,WL,3,1,0,1,1,2,-1,2,LD,1,0,1,1,2,3,-1,11,4,1,2,1,4,4,0,5,4,LDDW,5,1,2,1,4,4,0,2,LD,1,0,1,1,0,1,-1,2,DW,4,1,1,0,4,3,1,0.3845873737373736,0.16069126984126988,0.4547213564213563,Away Win,0.4547213564213563
-183967307093185,560690,football-data.org,2026-12-12 15:00:00+00:00,1797087600,UTC,NS,TIMED,,39,Premier League,England,2026,Regular Season - 15,40,Liverpool,LIV,64,-156530674508954,Leeds,LEE,341,8,4,1,3,0,6,4,2,6,4,DDWD,6,1,3,0,6,4,2,2,DD,2,0,2,0,2,2,0,2,DW,4,1,1,0,4,2,2,3,4,2,2,0,7,3,4,8,4,WDDW,8,2,2,0,7,3,4,2,DW,4,1,1,0,5,2,3,2,WD,4,1,1,0,2,1,1,0.5051442279942278,0.22150057720057714,0.27335519480519493,Home Win,0.5051442279942278
-213326411856770,560691,football-data.org,2026-12-12 15:00:00+00:00,1797087600,UTC,NS,TIMED,,39,Premier League,England,2026,Regular Season - 15,36,Fulham,FUL,63,55,Brentford,BRE,402,18,4,0,1,3,4,7,-3,1,4,LLLD,1,0,1,3,4,7,-3,2,LL,0,0,0,2,4,6,-2,2,LD,1,0,1,1,0,1,-1,7,4,1,3,0,7,4,3,6,4,WDDD,6,1,3,0,7,4,3,2,WD,4,1,1,0,4,1,3,2,DD,2,0,2,0,3,3,0,0.2748137085137085,0.17342063492063498,0.5517656565656565,Away Win,0.5517656565656565
-30344426767048,560685,football-data.org,2026-12-12 15:00:00+00:00,1797087600,UTC,NS,TIMED,,39,Premier League,England,2026,Regular Season - 15,51,Brighton,BHA,397,45,Everton,EVE,62,5,4,2,1,1,13,5,8,7,4,WLDW,7,2,1,1,13,5,8,2,WD,4,1,1,0,5,1,4,2,LW,3,1,0,1,8,4,4,9,4,1,3,0,5,3,2,6,4,WDDD,6,1,3,0,5,3,2,2,WD,4,1,1,0,4,2,2,2,DD,2,0,2,0,1,1,0,0.48071053391053364,0.255707792207792,0.2635816738816739,Home Win,0.48071053391053364
-52609799580699,560688,football-data.org,2026-12-12 15:00:00+00:00,1797087600,UTC,NS,TIMED,,39,Premier League,England,2026,Regular Season - 15,42,Arsenal,ARS,57,35,Bournemouth,BOU,1044,1,4,4,0,0,8,1,7,12,4,WWWW,12,4,0,0,8,1,7,2,WW,6,2,0,0,5,1,4,2,WW,6,2,0,0,3,0,3,15,4,0,3,1,6,7,-1,3,4,LDDD,3,0,3,1,6,7,-1,2,DD,2,0,2,0,3,3,0,2,LD,1,0,1,1,3,4,-1,0.6261645743145742,0.16983564213564212,0.20399978354978374,Home Win,0.6261645743145742
-8881366517255,560686,football-data.org,2026-12-12 15:00:00+00:00,1797087600,UTC,NS,TIMED,,39,Premier League,England,2026,Regular Season - 15,57,Ipswich,IPS,349,34,Newcastle,NEW,67,10,4,2,0,2,7,10,-3,6,4,WLLW,6,2,0,2,7,10,-3,2,WL,3,1,0,1,2,3,-1,2,LW,3,1,0,1,5,7,-2,12,4,1,2,1,7,8,-1,5,4,DWDL,5,1,2,1,7,8,-1,2,DD,2,0,2,0,4,4,0,2,WL,3,1,0,1,3,4,-1,0.11914930069930078,0.20350382950382948,0.6773468697968698,Away Win,0.6773468697968698
-92958922111708,560687,football-data.org,2026-12-12 15:00:00+00:00,1797087600,UTC,NS,TIMED,,39,Premier League,England,2026,Regular Season - 15,-39195573837902,Coventry City,COV,1076,66,Aston Villa,AVL,58,20,4,0,0,4,0,10,-10,0,4,LLLL,0,0,0,4,0,10,-10,2,LL,0,0,0,2,0,6,-6,2,LL,0,0,0,2,0,4,-4,19,4,0,1,3,1,7,-6,1,4,LLDL,1,0,1,3,1,7,-6,2,LL,0,0,0,2,1,3,-2,2,LD,1,0,1,1,0,4,-4,0.23309105339105338,0.19196006216006226,0.5749488844488846,Away Win,0.5749488844488846
-105447696562623,560694,football-data.org,2026-12-19 15:00:00+00:00,1797692400,UTC,NS,TIMED,,39,Premier League,England,2026,Regular Season - 16,65,Nottingham Forest,NOT,351,45,Everton,EVE,62,11,4,1,2,1,4,4,0,5,4,LDDW,5,1,2,1,4,4,0,2,LD,1,0,1,1,0,1,-1,2,DW,4,1,1,0,4,3,1,9,4,1,3,0,5,3,2,6,4,WDDD,6,1,3,0,5,3,2,2,WD,4,1,1,0,4,2,2,2,DD,2,0,2,0,1,1,0,0.4072755411255411,0.19680086580086584,0.3959235930735931,Home Win,0.4072755411255411
-112557812247606,560698,football-data.org,2026-12-19 15:00:00+00:00,1797692400,UTC,NS,TIMED,,39,Premier League,England,2026,Regular Season - 16,35,Bournemouth,BOU,1044,-39195573837902,Coventry City,COV,1076,15,4,0,3,1,6,7,-1,3,4,LDDD,3,0,3,1,6,7,-1,2,DD,2,0,2,0,3,3,0,2,LD,1,0,1,1,3,4,-1,20,4,0,0,4,0,10,-10,0,4,LLLL,0,0,0,4,0,10,-10,2,LL,0,0,0,2,0,6,-6,2,LL,0,0,0,2,0,4,-4,0.42876969696969686,0.34396068376068367,0.22726961926961936,Home Win,0.42876969696969686
-131525581818100,560697,football-data.org,2026-12-19 15:00:00+00:00,1797692400,UTC,NS,TIMED,,39,Premier League,England,2026,Regular Season - 16,-218557486738561,Sunderland,SUN,71,52,Crystal Palace,CRY,354,14,4,1,1,2,3,5,-2,4,4,LWDL,4,1,1,2,3,5,-2,2,WL,3,1,0,1,1,2,-1,2,LD,1,0,1,1,2,3,-1,16,4,1,0,3,6,11,-5,3,4,LLWL,3,1,0,3,6,11,-5,2,LL,0,0,0,2,3,7,-4,2,LW,3,1,0,1,3,4,-1,0.47174047619047627,0.19952539682539686,0.3287341269841269,Home Win,0.47174047619047627
-149568006759557,560692,football-data.org,2026-12-19 15:00:00+00:00,1797692400,UTC,NS,TIMED,,39,Premier League,England,2026,Regular Season - 16,-156530674508954,Leeds,LEE,341,36,Fulham,FUL,63,3,4,2,2,0,7,3,4,8,4,WDDW,8,2,2,0,7,3,4,2,DW,4,1,1,0,5,2,3,2,WD,4,1,1,0,2,1,1,18,4,0,1,3,4,7,-3,1,4,LLLD,1,0,1,3,4,7,-3,2,LL,0,0,0,2,4,6,-2,2,LD,1,0,1,1,0,1,-1,0.5250683261183259,0.18993001443001448,0.2850016594516595,Home Win,0.5250683261183259
-153882445424523,560696,football-data.org,2026-12-19 15:00:00+00:00,1797692400,UTC,NS,TIMED,,39,Premier League,England,2026,Regular Season - 16,50,Manchester City,MCI,65,-44103427291829,Hull City,HUL,322,2,4,4,0,0,8,2,6,12,4,WWWW,12,4,0,0,8,2,6,2,WW,6,2,0,0,3,1,2,2,WW,6,2,0,0,5,1,4,4,4,2,2,0,5,2,3,8,4,WWDD,8,2,2,0,5,2,3,2,WD,4,1,1,0,2,0,2,2,WD,4,1,1,0,3,2,1,0.525905339105339,0.26548241758241775,0.20861224331224335,Home Win,0.525905339105339
-243372633430519,560695,football-data.org,2026-12-19 15:00:00+00:00,1797692400,UTC,NS,TIMED,,39,Premier League,England,2026,Regular Season - 16,55,Brentford,BRE,402,34,Newcastle,NEW,67,7,4,1,3,0,7,4,3,6,4,WDDD,6,1,3,0,7,4,3,2,WD,4,1,1,0,4,1,3,2,DD,2,0,2,0,3,3,0,12,4,1,2,1,7,8,-1,5,4,DWDL,5,1,2,1,7,8,-1,2,DD,2,0,2,0,4,4,0,2,WL,3,1,0,1,3,4,-1,0.30501435786435793,0.23668658008658,0.4582990620490619,Away Win,0.4582990620490619
-243438834142152,560693,football-data.org,2026-12-19 15:00:00+00:00,1797692400,UTC,NS,TIMED,,39,Premier League,England,2026,Regular Season - 16,51,Brighton,BHA,397,57,Ipswich,IPS,349,5,4,2,1,1,13,5,8,7,4,WLDW,7,2,1,1,13,5,8,2,WD,4,1,1,0,5,1,4,2,LW,3,1,0,1,8,4,4,10,4,2,0,2,7,10,-3,6,4,WLLW,6,2,0,2,7,10,-3,2,WL,3,1,0,1,2,3,-1,2,LW,3,1,0,1,5,7,-2,0.5572736652236651,0.24973376623376614,0.19299256854256858,Home Win,0.5572736652236651
-56523686801031,560701,football-data.org,2026-12-19 15:00:00+00:00,1797692400,UTC,NS,TIMED,,39,Premier League,England,2026,Regular Season - 16,49,Chelsea,CHE,61,66,Aston Villa,AVL,58,6,4,2,1,1,10,9,1,7,4,WWLD,7,2,1,1,10,9,1,2,WD,4,1,1,0,6,5,1,2,WL,3,1,0,1,4,4,0,19,4,0,1,3,1,7,-6,1,4,LLDL,1,0,1,3,1,7,-6,2,LL,0,0,0,2,1,3,-2,2,LD,1,0,1,1,0,4,-4,0.43604004329004303,0.2862592352092349,0.27770072150072167,Home Win,0.43604004329004303
-6120737004971,560700,football-data.org,2026-12-19 15:00:00+00:00,1797692400,UTC,NS,TIMED,,39,Premier League,England,2026,Regular Season - 16,40,Liverpool,LIV,64,47,Tottenham,TOT,73,8,4,1,3,0,6,4,2,6,4,DDWD,6,1,3,0,6,4,2,2,DD,2,0,2,0,2,2,0,2,DW,4,1,1,0,4,2,2,17,4,0,2,2,0,5,-5,2,4,LLDD,2,0,2,2,0,5,-5,2,LD,1,0,1,1,0,2,-2,2,LD,1,0,1,1,0,3,-3,0.5034672438672434,0.2633361471861472,0.23319660894660904,Home Win,0.5034672438672434
-67688375487991,560699,football-data.org,2026-12-19 15:00:00+00:00,1797692400,UTC,NS,TIMED,,39,Premier League,England,2026,Regular Season - 16,42,Arsenal,ARS,57,33,Manchester United,MUN,66,1,4,4,0,0,8,1,7,12,4,WWWW,12,4,0,0,8,1,7,2,WW,6,2,0,0,5,1,4,2,WW,6,2,0,0,3,0,3,13,4,1,1,2,7,7,0,4,4,LWDL,4,1,1,2,7,7,0,2,WL,3,1,0,1,5,3,2,2,LD,1,0,1,1,2,4,-2,0.6024725108225109,0.19429119769119757,0.20323629148629163,Home Win,0.6024725108225109
-150173229540830,560702,football-data.org,2026-12-26 12:30:00+00:00,1798288200,UTC,NS,TIMED,,39,Premier League,England,2026,Regular Season - 17,66,Aston Villa,AVL,58,-156530674508954,Leeds,LEE,341,19,4,0,1,3,1,7,-6,1,4,LLDL,1,0,1,3,1,7,-6,2,LL,0,0,0,2,1,3,-2,2,LD,1,0,1,1,0,4,-4,3,4,2,2,0,7,3,4,8,4,WDDW,8,2,2,0,7,3,4,2,DW,4,1,1,0,5,2,3,2,WD,4,1,1,0,2,1,1,0.36852734487734495,0.23910634920634907,0.39236630591630584,Away Win,0.39236630591630584
-161199794240286,560708,football-data.org,2026-12-26 15:00:00+00:00,1798297200,UTC,NS,TIMED,,39,Premier League,England,2026,Regular Season - 17,36,Fulham,FUL,63,51,Brighton,BHA,397,18,4,0,1,3,4,7,-3,1,4,LLLD,1,0,1,3,4,7,-3,2,LL,0,0,0,2,4,6,-2,2,LD,1,0,1,1,0,1,-1,5,4,2,1,1,13,5,8,7,4,WLDW,7,2,1,1,13,5,8,2,WD,4,1,1,0,5,1,4,2,LW,3,1,0,1,8,4,4,0.23552705627705614,0.21249841269841271,0.5519745310245308,Away Win,0.5519745310245308
-185187531298524,560705,football-data.org,2026-12-26 15:00:00+00:00,1798297200,UTC,NS,TIMED,,39,Premier League,England,2026,Regular Season - 17,45,Everton,EVE,62,-218557486738561,Sunderland,SUN,71,9,4,1,3,0,5,3,2,6,4,WDDD,6,1,3,0,5,3,2,2,WD,4,1,1,0,4,2,2,2,DD,2,0,2,0,1,1,0,14,4,1,1,2,3,5,-2,4,4,LWDL,4,1,1,2,3,5,-2,2,WL,3,1,0,1,1,2,-1,2,LD,1,0,1,1,2,3,-1,0.29358162393162407,0.2498248196248197,0.4565935564435563,Away Win,0.4565935564435563
-202570097184697,560709,football-data.org,2026-12-26 15:00:00+00:00,1798297200,UTC,NS,TIMED,,39,Premier League,England,2026,Regular Season - 17,47,Tottenham,TOT,73,35,Bournemouth,BOU,1044,17,4,0,2,2,0,5,-5,2,4,LLDD,2,0,2,2,0,5,-5,2,LD,1,0,1,1,0,2,-2,2,LD,1,0,1,1,0,3,-3,15,4,0,3,1,6,7,-1,3,4,LDDD,3,0,3,1,6,7,-1,2,DD,2,0,2,0,3,3,0,2,LD,1,0,1,1,3,4,-1,0.2783580808080807,0.18353181818181827,0.5381101010101008,Away Win,0.5381101010101008
-208590234542635,560711,football-data.org,2026-12-26 15:00:00+00:00,1798297200,UTC,NS,TIMED,,39,Premier League,England,2026,Regular Season - 17,57,Ipswich,IPS,349,55,Brentford,BRE,402,10,4,2,0,2,7,10,-3,6,4,WLLW,6,2,0,2,7,10,-3,2,WL,3,1,0,1,2,3,-1,2,LW,3,1,0,1,5,7,-2,7,4,1,3,0,7,4,3,6,4,WDDD,6,1,3,0,7,4,3,2,WD,4,1,1,0,4,1,3,2,DD,2,0,2,0,3,3,0,0.13901199911199913,0.21206688866688855,0.6489211122211125,Away Win,0.6489211122211125
-225060982988691,560710,football-data.org,2026-12-26 17:30:00+00:00,1798306200,UTC,NS,TIMED,,39,Premier League,England,2026,Regular Season - 17,-44103427291829,Hull City,HUL,322,40,Liverpool,LIV,64,4,4,2,2,0,5,2,3,8,4,WWDD,8,2,2,0,5,2,3,2,WD,4,1,1,0,2,0,2,2,WD,4,1,1,0,3,2,1,8,4,1,3,0,6,4,2,6,4,DDWD,6,1,3,0,6,4,2,2,DD,2,0,2,0,2,2,0,2,DW,4,1,1,0,4,2,2,0.3342599178599178,0.22959463314463313,0.436145448995449,Away Win,0.436145448995449
-135757504596199,560707,football-data.org,2026-12-26 20:00:00+00:00,1798315200,UTC,NS,TIMED,,39,Premier League,England,2026,Regular Season - 17,34,Newcastle,NEW,67,50,Manchester City,MCI,65,12,4,1,2,1,7,8,-1,5,4,DWDL,5,1,2,1,7,8,-1,2,DD,2,0,2,0,4,4,0,2,WL,3,1,0,1,3,4,-1,2,4,4,0,0,8,2,6,12,4,WWWW,12,4,0,0,8,2,6,2,WW,6,2,0,0,3,1,2,2,WW,6,2,0,0,5,1,4,0.2109581529581529,0.2690624320124321,0.519979415029415,Away Win,0.519979415029415
-33979042353135,560706,football-data.org,2026-12-27 14:00:00+00:00,1798380000,UTC,NS,TIMED,,39,Premier League,England,2026,Regular Season - 17,-39195573837902,Coventry City,COV,1076,49,Chelsea,CHE,61,20,4,0,0,4,0,10,-10,0,4,LLLL,0,0,0,4,0,10,-10,2,LL,0,0,0,2,0,6,-6,2,LL,0,0,0,2,0,4,-4,6,4,2,1,1,10,9,1,7,4,WWLD,7,2,1,1,10,9,1,2,WD,4,1,1,0,6,5,1,2,WL,3,1,0,1,4,4,0,0.23194841269841268,0.18856731601731605,0.5794842712842715,Away Win,0.5794842712842715
-132909948668208,560703,football-data.org,2026-12-27 16:30:00+00:00,1798389000,UTC,NS,TIMED,,39,Premier League,England,2026,Regular Season - 17,33,Manchester United,MUN,66,65,Nottingham Forest,NOT,351,13,4,1,1,2,7,7,0,4,4,LWDL,4,1,1,2,7,7,0,2,WL,3,1,0,1,5,3,2,2,LD,1,0,1,1,2,4,-2,11,4,1,2,1,4,4,0,5,4,LDDW,5,1,2,1,4,4,0,2,LD,1,0,1,1,0,1,-1,2,DW,4,1,1,0,4,3,1,0.41069321789321767,0.26064733044733024,0.3286594516594519,Home Win,0.41069321789321767
-263303153250960,560704,football-data.org,2026-12-27 19:00:00+00:00,1798398000,UTC,NS,TIMED,,39,Premier League,England,2026,Regular Season - 17,52,Crystal Palace,CRY,354,42,Arsenal,ARS,57,16,4,1,0,3,6,11,-5,3,4,LLWL,3,1,0,3,6,11,-5,2,LL,0,0,0,2,3,7,-4,2,LW,3,1,0,1,3,4,-1,1,4,4,0,0,8,1,7,12,4,WWWW,12,4,0,0,8,1,7,2,WW,6,2,0,0,5,1,4,2,WW,6,2,0,0,3,0,3,0.1265406926406928,0.21935606060606075,0.6541032467532466,Away Win,0.6541032467532466
-141625386904826,560719,football-data.org,2026-12-29 19:30:00+00:00,1798572600,UTC,NS,TIMED,,39,Premier League,England,2026,Regular Season - 18,47,Tottenham,TOT,73,51,Brighton,BHA,397,17,4,0,2,2,0,5,-5,2,4,LLDD,2,0,2,2,0,5,-5,2,LD,1,0,1,1,0,2,-2,2,LD,1,0,1,1,0,3,-3,5,4,2,1,1,13,5,8,7,4,WLDW,7,2,1,1,13,5,8,2,WD,4,1,1,0,5,1,4,2,LW,3,1,0,1,8,4,4,0.29196839826839815,0.1937357142857143,0.5142958874458872,Away Win,0.5142958874458872
-185595093031419,560716,football-data.org,2026-12-29 19:30:00+00:00,1798572600,UTC,NS,TIMED,,39,Premier League,England,2026,Regular Season - 18,-44103427291829,Hull City,HUL,322,-156530674508954,Leeds,LEE,341,4,4,2,2,0,5,2,3,8,4,WWDD,8,2,2,0,5,2,3,2,WD,4,1,1,0,2,0,2,2,WD,4,1,1,0,3,2,1,3,4,2,2,0,7,3,4,8,4,WDDW,8,2,2,0,7,3,4,2,DW,4,1,1,0,5,2,3,2,WD,4,1,1,0,2,1,1,0.4338972582972583,0.22925324675324682,0.33684949494949495,Home Win,0.4338972582972583
-221854891029213,560720,football-data.org,2026-12-29 20:15:00+00:00,1798575300,UTC,NS,TIMED,,39,Premier League,England,2026,Regular Season - 18,45,Everton,EVE,62,50,Manchester City,MCI,65,9,4,1,3,0,5,3,2,6,4,WDDD,6,1,3,0,5,3,2,2,WD,4,1,1,0,4,2,2,2,DD,2,0,2,0,1,1,0,2,4,4,0,0,8,2,6,12,4,WWWW,12,4,0,0,8,2,6,2,WW,6,2,0,0,3,1,2,2,WW,6,2,0,0,5,1,4,0.19601190476190478,0.21374011544011548,0.5902479797979794,Away Win,0.5902479797979794
-107637002179895,560713,football-data.org,2026-12-30 19:30:00+00:00,1798659000,UTC,NS,TIMED,,39,Premier League,England,2026,Regular Season - 18,-39195573837902,Coventry City,COV,1076,55,Brentford,BRE,402,20,4,0,0,4,0,10,-10,0,4,LLLL,0,0,0,4,0,10,-10,2,LL,0,0,0,2,0,6,-6,2,LL,0,0,0,2,0,4,-4,7,4,1,3,0,7,4,3,6,4,WDDD,6,1,3,0,7,4,3,2,WD,4,1,1,0,4,1,3,2,DD,2,0,2,0,3,3,0,0.2251396825396825,0.1967204517704518,0.5781398656898658,Away Win,0.5781398656898658
-145183159639614,560721,football-data.org,2026-12-30 19:30:00+00:00,1798659000,UTC,NS,TIMED,,39,Premier League,England,2026,Regular Season - 18,52,Crystal Palace,CRY,354,35,Bournemouth,BOU,1044,16,4,1,0,3,6,11,-5,3,4,LLWL,3,1,0,3,6,11,-5,2,LL,0,0,0,2,3,7,-4,2,LW,3,1,0,1,3,4,-1,15,4,0,3,1,6,7,-1,3,4,LDDD,3,0,3,1,6,7,-1,2,DD,2,0,2,0,3,3,0,2,LD,1,0,1,1,3,4,-1,0.2569293151293151,0.222380525030525,0.5206901598401599,Away Win,0.5206901598401599
-148821705270039,560712,football-data.org,2026-12-30 19:30:00+00:00,1798659000,UTC,NS,TIMED,,39,Premier League,England,2026,Regular Season - 18,36,Fulham,FUL,63,42,Arsenal,ARS,57,18,4,0,1,3,4,7,-3,1,4,LLLD,1,0,1,3,4,7,-3,2,LL,0,0,0,2,4,6,-2,2,LD,1,0,1,1,0,1,-1,1,4,4,0,0,8,1,7,12,4,WWWW,12,4,0,0,8,1,7,2,WW,6,2,0,0,5,1,4,2,WW,6,2,0,0,3,0,3,0.13319148629148642,0.2012743145743146,0.6655341991341991,Away Win,0.6655341991341991
-167099295039088,560717,football-data.org,2026-12-30 19:30:00+00:00,1798659000,UTC,NS,TIMED,,39,Premier League,England,2026,Regular Season - 18,33,Manchester United,MUN,66,-218557486738561,Sunderland,SUN,71,13,4,1,1,2,7,7,0,4,4,LWDL,4,1,1,2,7,7,0,2,WL,3,1,0,1,5,3,2,2,LD,1,0,1,1,2,4,-2,14,4,1,1,2,3,5,-2,4,4,LWDL,4,1,1,2,3,5,-2,2,WL,3,1,0,1,1,2,-1,2,LD,1,0,1,1,2,3,-1,0.5424935064935064,0.2530662337662337,0.20444025974025984,Home Win,0.5424935064935064
-220459577594395,560715,football-data.org,2026-12-30 19:30:00+00:00,1798659000,UTC,NS,TIMED,,39,Premier League,England,2026,Regular Season - 18,34,Newcastle,NEW,67,65,Nottingham Forest,NOT,351,12,4,1,2,1,7,8,-1,5,4,DWDL,5,1,2,1,7,8,-1,2,DD,2,0,2,0,4,4,0,2,WL,3,1,0,1,3,4,-1,11,4,1,2,1,4,4,0,5,4,LDDW,5,1,2,1,4,4,0,2,LD,1,0,1,1,0,1,-1,2,DW,4,1,1,0,4,3,1,0.41085245310245283,0.23481277056277047,0.3543347763347764,Home Win,0.41085245310245283
-123898868156804,560718,football-data.org,2026-12-30 20:15:00+00:00,1798661700,UTC,NS,TIMED,,39,Premier League,England,2026,Regular Season - 18,57,Ipswich,IPS,349,49,Chelsea,CHE,61,10,4,2,0,2,7,10,-3,6,4,WLLW,6,2,0,2,7,10,-3,2,WL,3,1,0,1,2,3,-1,2,LW,3,1,0,1,5,7,-2,6,4,2,1,1,10,9,1,7,4,WWLD,7,2,1,1,10,9,1,2,WD,4,1,1,0,6,5,1,2,WL,3,1,0,1,4,4,0,0.12791358641358652,0.19921335331335324,0.6728730602730602,Away Win,0.6728730602730602
-251230946870793,560714,football-data.org,2026-12-30 20:15:00+00:00,1798661700,UTC,NS,TIMED,,39,Premier League,England,2026,Regular Season - 18,66,Aston Villa,AVL,58,40,Liverpool,LIV,64,19,4,0,1,3,1,7,-6,1,4,LLDL,1,0,1,3,1,7,-6,2,LL,0,0,0,2,1,3,-2,2,LD,1,0,1,1,0,4,-4,8,4,1,3,0,6,4,2,6,4,DDWD,6,1,3,0,6,4,2,2,DD,2,0,2,0,2,2,0,2,DW,4,1,1,0,4,2,2,0.2612669552669553,0.22868015873015865,0.510052886002886,Away Win,0.510052886002886
-104248416792281,560724,football-data.org,2027-01-01 20:00:00+00:00,1798833600,UTC,NS,TIMED,,39,Premier League,England,2026,Regular Season - 19,-156530674508954,Leeds,LEE,341,45,Everton,EVE,62,3,4,2,2,0,7,3,4,8,4,WDDW,8,2,2,0,7,3,4,2,DW,4,1,1,0,5,2,3,2,WD,4,1,1,0,2,1,1,9,4,1,3,0,5,3,2,6,4,WDDD,6,1,3,0,5,3,2,2,WD,4,1,1,0,4,2,2,2,DD,2,0,2,0,1,1,0,0.5330082251082251,0.18101392496392493,0.2859778499278499,Home Win,0.5330082251082251
-234265256464948,560730,football-data.org,2027-01-02 12:30:00+00:00,1798893000,UTC,NS,TIMED,,39,Premier League,England,2026,Regular Season - 19,51,Brighton,BHA,397,33,Manchester United,MUN,66,5,4,2,1,1,13,5,8,7,4,WLDW,7,2,1,1,13,5,8,2,WD,4,1,1,0,5,1,4,2,LW,3,1,0,1,8,4,4,13,4,1,1,2,7,7,0,4,4,LWDL,4,1,1,2,7,7,0,2,WL,3,1,0,1,5,3,2,2,LD,1,0,1,1,2,4,-2,0.3646963924963924,0.27010360750360746,0.36520000000000014,Away Win,0.36520000000000014
-107340660371738,560726,football-data.org,2027-01-02 15:00:00+00:00,1798902000,UTC,NS,TIMED,,39,Premier League,England,2026,Regular Season - 19,-218557486738561,Sunderland,SUN,71,-44103427291829,Hull City,HUL,322,14,4,1,1,2,3,5,-2,4,4,LWDL,4,1,1,2,3,5,-2,2,WL,3,1,0,1,1,2,-1,2,LD,1,0,1,1,2,3,-1,4,4,2,2,0,5,2,3,8,4,WWDD,8,2,2,0,5,2,3,2,WD,4,1,1,0,2,0,2,2,WD,4,1,1,0,3,2,1,0.35028619713619713,0.20539773004773,0.4443160728160729,Away Win,0.4443160728160729
-149167000563240,560723,football-data.org,2027-01-02 15:00:00+00:00,1798902000,UTC,NS,TIMED,,39,Premier League,England,2026,Regular Season - 19,55,Brentford,BRE,402,52,Crystal Palace,CRY,354,7,4,1,3,0,7,4,3,6,4,WDDD,6,1,3,0,7,4,3,2,WD,4,1,1,0,4,1,3,2,DD,2,0,2,0,3,3,0,16,4,1,0,3,6,11,-5,3,4,LLWL,3,1,0,3,6,11,-5,2,LL,0,0,0,2,3,7,-4,2,LW,3,1,0,1,3,4,-1,0.4585699134199134,0.22698506493506482,0.31444502164502175,Home Win,0.4585699134199134
-209371354427053,560729,football-data.org,2027-01-02 15:00:00+00:00,1798902000,UTC,NS,TIMED,,39,Premier League,England,2026,Regular Season - 19,65,Nottingham Forest,NOT,351,36,Fulham,FUL,63,11,4,1,2,1,4,4,0,5,4,LDDW,5,1,2,1,4,4,0,2,LD,1,0,1,1,0,1,-1,2,DW,4,1,1,0,4,3,1,18,4,0,1,3,4,7,-3,1,4,LLLD,1,0,1,3,4,7,-3,2,LL,0,0,0,2,4,6,-2,2,LD,1,0,1,1,0,1,-1,0.38285642135642145,0.2044795815295816,0.41266399711399704,Away Win,0.41266399711399704
-231140930238687,560727,football-data.org,2027-01-02 15:00:00+00:00,1798902000,UTC,NS,TIMED,,39,Premier League,England,2026,Regular Season - 19,40,Liverpool,LIV,64,-39195573837902,Coventry City,COV,1076,8,4,1,3,0,6,4,2,6,4,DDWD,6,1,3,0,6,4,2,2,DD,2,0,2,0,2,2,0,2,DW,4,1,1,0,4,2,2,20,4,0,0,4,0,10,-10,0,4,LLLL,0,0,0,4,0,10,-10,2,LL,0,0,0,2,0,6,-6,2,LL,0,0,0,2,0,4,-4,0.48646313131313124,0.3365370185370183,0.1769998501498501,Home Win,0.48646313131313124
-34053697320778,560725,football-data.org,2027-01-02 15:00:00+00:00,1798902000,UTC,NS,TIMED,,39,Premier League,England,2026,Regular Season - 19,42,Arsenal,ARS,57,57,Ipswich,IPS,349,1,4,4,0,0,8,1,7,12,4,WWWW,12,4,0,0,8,1,7,2,WW,6,2,0,0,5,1,4,2,WW,6,2,0,0,3,0,3,10,4,2,0,2,7,10,-3,6,4,WLLW,6,2,0,2,7,10,-3,2,WL,3,1,0,1,2,3,-1,2,LW,3,1,0,1,5,7,-2,0.7424427128427131,0.13750678210678216,0.12005050505050506,Home Win,0.7424427128427131
-25322961083720,560722,football-data.org,2027-01-02 17:30:00+00:00,1798911000,UTC,NS,TIMED,,39,Premier League,England,2026,Regular Season - 19,35,Bournemouth,BOU,1044,66,Aston Villa,AVL,58,15,4,0,3,1,6,7,-1,3,4,LDDD,3,0,3,1,6,7,-1,2,DD,2,0,2,0,3,3,0,2,LD,1,0,1,1,3,4,-1,19,4,0,1,3,1,7,-6,1,4,LLDL,1,0,1,3,1,7,-6,2,LL,0,0,0,2,1,3,-2,2,LD,1,0,1,1,0,4,-4,0.32643340548340566,0.23335555555555548,0.440211038961039,Away Win,0.440211038961039
-253023321098939,560728,football-data.org,2027-01-03 14:00:00+00:00,1798984800,UTC,NS,TIMED,,39,Premier League,England,2026,Regular Season - 19,49,Chelsea,CHE,61,34,Newcastle,NEW,67,6,4,2,1,1,10,9,1,7,4,WWLD,7,2,1,1,10,9,1,2,WD,4,1,1,0,6,5,1,2,WL,3,1,0,1,4,4,0,12,4,1,2,1,7,8,-1,5,4,DWDL,5,1,2,1,7,8,-1,2,DD,2,0,2,0,4,4,0,2,WL,3,1,0,1,3,4,-1,0.3809146464646463,0.28208455988455977,0.3370007936507939,Home Win,0.3809146464646463
-240073706236767,560731,football-data.org,2027-01-03 16:30:00+00:00,1798993800,UTC,NS,TIMED,,39,Premier League,England,2026,Regular Season - 19,50,Manchester City,MCI,65,47,Tottenham,TOT,73,2,4,4,0,0,8,2,6,12,4,WWWW,12,4,0,0,8,2,6,2,WW,6,2,0,0,3,1,2,2,WW,6,2,0,0,5,1,4,17,4,0,2,2,0,5,-5,2,4,LLDD,2,0,2,2,0,5,-5,2,LD,1,0,1,1,0,2,-2,2,LD,1,0,1,1,0,3,-3,0.5997321789321787,0.2097981962481962,0.19046962481962496,Home Win,0.5997321789321787
-177842502341192,560736,football-data.org,2027-01-05 19:30:00+00:00,1799177400,UTC,NS,TIMED,,39,Premier League,England,2026,Regular Season - 20,65,Nottingham Forest,NOT,351,-44103427291829,Hull City,HUL,322,11,4,1,2,1,4,4,0,5,4,LDDW,5,1,2,1,4,4,0,2,LD,1,0,1,1,0,1,-1,2,DW,4,1,1,0,4,3,1,4,4,2,2,0,5,2,3,8,4,WWDD,8,2,2,0,5,2,3,2,WD,4,1,1,0,2,0,2,2,WD,4,1,1,0,3,2,1,0.3070309967809967,0.2453279609279608,0.4476410422910422,Away Win,0.4476410422910422
-233266986931788,560732,football-data.org,2027-01-05 19:30:00+00:00,1799177400,UTC,NS,TIMED,,39,Premier League,England,2026,Regular Season - 20,42,Arsenal,ARS,57,55,Brentford,BRE,402,1,4,4,0,0,8,1,7,12,4,WWWW,12,4,0,0,8,1,7,2,WW,6,2,0,0,5,1,4,2,WW,6,2,0,0,3,0,3,7,4,1,3,0,7,4,3,6,4,WDDD,6,1,3,0,7,4,3,2,WD,4,1,1,0,4,1,3,2,DD,2,0,2,0,3,3,0,0.6370962481962481,0.16005468975468973,0.20284906204906225,Home Win,0.6370962481962481
-234243913840301,560735,football-data.org,2027-01-05 19:30:00+00:00,1799177400,UTC,NS,TIMED,,39,Premier League,England,2026,Regular Season - 20,51,Brighton,BHA,397,35,Bournemouth,BOU,1044,5,4,2,1,1,13,5,8,7,4,WLDW,7,2,1,1,13,5,8,2,WD,4,1,1,0,5,1,4,2,LW,3,1,0,1,8,4,4,15,4,0,3,1,6,7,-1,3,4,LDDD,3,0,3,1,6,7,-1,2,DD,2,0,2,0,3,3,0,2,LD,1,0,1,1,3,4,-1,0.42834321789321783,0.26087914862914835,0.31077763347763365,Home Win,0.42834321789321783
-73501513231513,560738,football-data.org,2027-01-05 19:30:00+00:00,1799177400,UTC,NS,TIMED,,39,Premier League,England,2026,Regular Season - 20,45,Everton,EVE,62,66,Aston Villa,AVL,58,9,4,1,3,0,5,3,2,6,4,WDDD,6,1,3,0,5,3,2,2,WD,4,1,1,0,4,2,2,2,DD,2,0,2,0,1,1,0,19,4,0,1,3,1,7,-6,1,4,LLDL,1,0,1,3,1,7,-6,2,LL,0,0,0,2,1,3,-2,2,LD,1,0,1,1,0,4,-4,0.2585634421134421,0.2614296592296593,0.4800068986568988,Away Win,0.4800068986568988
-115720158347858,560739,football-data.org,2027-01-05 20:15:00+00:00,1799180100,UTC,NS,TIMED,,39,Premier League,England,2026,Regular Season - 20,-218557486738561,Sunderland,SUN,71,40,Liverpool,LIV,64,14,4,1,1,2,3,5,-2,4,4,LWDL,4,1,1,2,3,5,-2,2,WL,3,1,0,1,1,2,-1,2,LD,1,0,1,1,2,3,-1,8,4,1,3,0,6,4,2,6,4,DDWD,6,1,3,0,6,4,2,2,DD,2,0,2,0,2,2,0,2,DW,4,1,1,0,4,2,2,0.33800103785103797,0.18450714285714293,0.47749181929181933,Away Win,0.47749181929181933
-19253167411683,560741,football-data.org,2027-01-06 19:30:00+00:00,1799263800,UTC,NS,TIMED,,39,Premier League,England,2026,Regular Season - 20,57,Ipswich,IPS,349,-39195573837902,Coventry City,COV,1076,10,4,2,0,2,7,10,-3,6,4,WLLW,6,2,0,2,7,10,-3,2,WL,3,1,0,1,2,3,-1,2,LW,3,1,0,1,5,7,-2,20,4,0,0,4,0,10,-10,0,4,LLLL,0,0,0,4,0,10,-10,2,LL,0,0,0,2,0,6,-6,2,LL,0,0,0,2,0,4,-4,0.321530919080919,0.32581167166167163,0.3526574092574093,Away Win,0.3526574092574093
-233384039768567,560737,football-data.org,2027-01-06 19:30:00+00:00,1799263800,UTC,NS,TIMED,,39,Premier League,England,2026,Regular Season - 20,36,Fulham,FUL,63,47,Tottenham,TOT,73,18,4,0,1,3,4,7,-3,1,4,LLLD,1,0,1,3,4,7,-3,2,LL,0,0,0,2,4,6,-2,2,LD,1,0,1,1,0,1,-1,17,4,0,2,2,0,5,-5,2,4,LLDD,2,0,2,2,0,5,-5,2,LD,1,0,1,1,0,2,-2,2,LD,1,0,1,1,0,3,-3,0.2817012987012987,0.23391536796536802,0.4843833333333333,Away Win,0.4843833333333333
-235401277779860,560740,football-data.org,2027-01-06 19:30:00+00:00,1799263800,UTC,NS,TIMED,,39,Premier League,England,2026,Regular Season - 20,52,Crystal Palace,CRY,354,49,Chelsea,CHE,61,16,4,1,0,3,6,11,-5,3,4,LLWL,3,1,0,3,6,11,-5,2,LL,0,0,0,2,3,7,-4,2,LW,3,1,0,1,3,4,-1,6,4,2,1,1,10,9,1,7,4,WWLD,7,2,1,1,10,9,1,2,WD,4,1,1,0,6,5,1,2,WL,3,1,0,1,4,4,0,0.22988181818181805,0.24317380952380954,0.5269443722943721,Away Win,0.5269443722943721
-164773048589020,560733,football-data.org,2027-01-06 20:15:00+00:00,1799266500,UTC,NS,TIMED,,39,Premier League,England,2026,Regular Season - 20,-156530674508954,Leeds,LEE,341,50,Manchester City,MCI,65,3,4,2,2,0,7,3,4,8,4,WDDW,8,2,2,0,7,3,4,2,DW,4,1,1,0,5,2,3,2,WD,4,1,1,0,2,1,1,2,4,4,0,0,8,2,6,12,4,WWWW,12,4,0,0,8,2,6,2,WW,6,2,0,0,3,1,2,2,WW,6,2,0,0,5,1,4,0.24669011544011538,0.2243709956709957,0.5289388888888891,Away Win,0.5289388888888891
-30497666255753,560734,football-data.org,2027-01-07 20:00:00+00:00,1799352000,UTC,NS,TIMED,,39,Premier League,England,2026,Regular Season - 20,33,Manchester United,MUN,66,34,Newcastle,NEW,67,13,4,1,1,2,7,7,0,4,4,LWDL,4,1,1,2,7,7,0,2,WL,3,1,0,1,5,3,2,2,LD,1,0,1,1,2,4,-2,12,4,1,2,1,7,8,-1,5,4,DWDL,5,1,2,1,7,8,-1,2,DD,2,0,2,0,4,4,0,2,WL,3,1,0,1,3,4,-1,0.377610678210678,0.25083694083694064,0.37155238095238097,Home Win,0.377610678210678
-143042991281003,560742,football-data.org,2027-01-16 15:00:00+00:00,1800111600,UTC,NS,TIMED,,39,Premier League,England,2026,Regular Season - 21,35,Bournemouth,BOU,1044,57,Ipswich,IPS,349,15,4,0,3,1,6,7,-1,3,4,LDDD,3,0,3,1,6,7,-1,2,DD,2,0,2,0,3,3,0,2,LD,1,0,1,1,3,4,-1,10,4,2,0,2,7,10,-3,6,4,WLLW,6,2,0,2,7,10,-3,2,WL,3,1,0,1,2,3,-1,2,LW,3,1,0,1,5,7,-2,0.5383244588744589,0.24054877344877332,0.2211267676767677,Home Win,0.5383244588744589
-183383230701361,560750,football-data.org,2027-01-16 15:00:00+00:00,1800111600,UTC,NS,TIMED,,39,Premier League,England,2026,Regular Season - 21,-44103427291829,Hull City,HUL,322,42,Arsenal,ARS,57,4,4,2,2,0,5,2,3,8,4,WWDD,8,2,2,0,5,2,3,2,WD,4,1,1,0,2,0,2,2,WD,4,1,1,0,3,2,1,1,4,4,0,0,8,1,7,12,4,WWWW,12,4,0,0,8,1,7,2,WW,6,2,0,0,5,1,4,2,WW,6,2,0,0,3,0,3,0.25419916749916743,0.2688155566655566,0.4769852758352761,Away Win,0.4769852758352761
-192898504667839,560749,football-data.org,2027-01-16 15:00:00+00:00,1800111600,UTC,NS,TIMED,,39,Premier League,England,2026,Regular Season - 21,40,Liverpool,LIV,64,52,Crystal Palace,CRY,354,8,4,1,3,0,6,4,2,6,4,DDWD,6,1,3,0,6,4,2,2,DD,2,0,2,0,2,2,0,2,DW,4,1,1,0,4,2,2,16,4,1,0,3,6,11,-5,3,4,LLWL,3,1,0,3,6,11,-5,2,LL,0,0,0,2,3,7,-4,2,LW,3,1,0,1,3,4,-1,0.5436831168831167,0.22021479076479067,0.2361020923520924,Home Win,0.5436831168831167
-206979000257089,560748,football-data.org,2027-01-16 15:00:00+00:00,1800111600,UTC,NS,TIMED,,39,Premier League,England,2026,Regular Season - 21,-39195573837902,Coventry City,COV,1076,45,Everton,EVE,62,20,4,0,0,4,0,10,-10,0,4,LLLL,0,0,0,4,0,10,-10,2,LL,0,0,0,2,0,6,-6,2,LL,0,0,0,2,0,4,-4,9,4,1,3,0,5,3,2,6,4,WDDD,6,1,3,0,5,3,2,2,WD,4,1,1,0,4,2,2,2,DD,2,0,2,0,1,1,0,0.26045929038281973,0.173580115635998,0.5659605939811824,Away Win,0.5659605939811824
-219371824073340,560744,football-data.org,2027-01-16 15:00:00+00:00,1800111600,UTC,NS,TIMED,,39,Premier League,England,2026,Regular Season - 21,49,Chelsea,CHE,61,-218557486738561,Sunderland,SUN,71,6,4,2,1,1,10,9,1,7,4,WWLD,7,2,1,1,10,9,1,2,WD,4,1,1,0,6,5,1,2,WL,3,1,0,1,4,4,0,14,4,1,1,2,3,5,-2,4,4,LWDL,4,1,1,2,3,5,-2,2,WL,3,1,0,1,1,2,-1,2,LD,1,0,1,1,2,3,-1,0.5003038239538236,0.2956438672438671,0.2040523088023088,Home Win,0.5003038239538236
-256655244270091,560743,football-data.org,2027-01-16 15:00:00+00:00,1800111600,UTC,NS,TIMED,,39,Premier League,England,2026,Regular Season - 21,50,Manchester City,MCI,65,65,Nottingham Forest,NOT,351,2,4,4,0,0,8,2,6,12,4,WWWW,12,4,0,0,8,2,6,2,WW,6,2,0,0,3,1,2,2,WW,6,2,0,0,5,1,4,11,4,1,2,1,4,4,0,5,4,LDDW,5,1,2,1,4,4,0,2,LD,1,0,1,1,0,1,-1,2,DW,4,1,1,0,4,3,1,0.6002405483405485,0.19414545454545457,0.2056139971139973,Home Win,0.6002405483405485
-43800326506521,560746,football-data.org,2027-01-16 15:00:00+00:00,1800111600,UTC,NS,TIMED,,39,Premier League,England,2026,Regular Season - 21,66,Aston Villa,AVL,58,33,Manchester United,MUN,66,19,4,0,1,3,1,7,-6,1,4,LLDL,1,0,1,3,1,7,-6,2,LL,0,0,0,2,1,3,-2,2,LD,1,0,1,1,0,4,-4,13,4,1,1,2,7,7,0,4,4,LWDL,4,1,1,2,7,7,0,2,WL,3,1,0,1,5,3,2,2,LD,1,0,1,1,2,4,-2,0.34266284271284264,0.24230490620490608,0.415032251082251,Away Win,0.415032251082251
-63977938125582,560747,football-data.org,2027-01-16 15:00:00+00:00,1800111600,UTC,NS,TIMED,,39,Premier League,England,2026,Regular Season - 21,47,Tottenham,TOT,73,-156530674508954,Leeds,LEE,341,17,4,0,2,2,0,5,-5,2,4,LLDD,2,0,2,2,0,5,-5,2,LD,1,0,1,1,0,2,-2,2,LD,1,0,1,1,0,3,-3,3,4,2,2,0,7,3,4,8,4,WDDW,8,2,2,0,7,3,4,2,DW,4,1,1,0,5,2,3,2,WD,4,1,1,0,2,1,1,0.24809307359307353,0.21399891219891223,0.5379080142080139,Away Win,0.5379080142080139
-64731772566135,560751,football-data.org,2027-01-16 15:00:00+00:00,1800111600,UTC,NS,TIMED,,39,Premier League,England,2026,Regular Season - 21,34,Newcastle,NEW,67,36,Fulham,FUL,63,12,4,1,2,1,7,8,-1,5,4,DWDL,5,1,2,1,7,8,-1,2,DD,2,0,2,0,4,4,0,2,WL,3,1,0,1,3,4,-1,18,4,0,1,3,4,7,-3,1,4,LLLD,1,0,1,3,4,7,-3,2,LL,0,0,0,2,4,6,-2,2,LD,1,0,1,1,0,1,-1,0.4833212121212118,0.22164249639249642,0.29503629148629174,Home Win,0.4833212121212118
-79358695521980,560745,football-data.org,2027-01-16 15:00:00+00:00,1800111600,UTC,NS,TIMED,,39,Premier League,England,2026,Regular Season - 21,55,Brentford,BRE,402,51,Brighton,BHA,397,7,4,1,3,0,7,4,3,6,4,WDDD,6,1,3,0,7,4,3,2,WD,4,1,1,0,4,1,3,2,DD,2,0,2,0,3,3,0,5,4,2,1,1,13,5,8,7,4,WLDW,7,2,1,1,13,5,8,2,WD,4,1,1,0,5,1,4,2,LW,3,1,0,1,8,4,4,0.3032643578643579,0.22615238095238083,0.47058326118326116,Away Win,0.47058326118326116
-104755692006227,560761,football-data.org,2027-01-23 15:00:00+00:00,1800716400,UTC,NS,TIMED,,39,Premier League,England,2026,Regular Season - 22,52,Crystal Palace,CRY,354,47,Tottenham,TOT,73,16,4,1,0,3,6,11,-5,3,4,LLWL,3,1,0,3,6,11,-5,2,LL,0,0,0,2,3,7,-4,2,LW,3,1,0,1,3,4,-1,17,4,0,2,2,0,5,-5,2,4,LLDD,2,0,2,2,0,5,-5,2,LD,1,0,1,1,0,2,-2,2,LD,1,0,1,1,0,3,-3,0.27024256854256856,0.2535725108225108,0.4761849206349206,Away Win,0.4761849206349206
-107535501244487,560756,football-data.org,2027-01-23 15:00:00+00:00,1800716400,UTC,NS,TIMED,,39,Premier League,England,2026,Regular Season - 22,42,Arsenal,ARS,57,34,Newcastle,NEW,67,1,4,4,0,0,8,1,7,12,4,WWWW,12,4,0,0,8,1,7,2,WW,6,2,0,0,5,1,4,2,WW,6,2,0,0,3,0,3,12,4,1,2,1,7,8,-1,5,4,DWDL,5,1,2,1,7,8,-1,2,DD,2,0,2,0,4,4,0,2,WL,3,1,0,1,3,4,-1,0.6022456709956714,0.16942518037518034,0.2283291486291488,Home Win,0.6022456709956714
-116078283589216,560755,football-data.org,2027-01-23 15:00:00+00:00,1800716400,UTC,NS,TIMED,,39,Premier League,England,2026,Regular Season - 22,65,Nottingham Forest,NOT,351,35,Bournemouth,BOU,1044,11,4,1,2,1,4,4,0,5,4,LDDW,5,1,2,1,4,4,0,2,LD,1,0,1,1,0,1,-1,2,DW,4,1,1,0,4,3,1,15,4,0,3,1,6,7,-1,3,4,LDDD,3,0,3,1,6,7,-1,2,DD,2,0,2,0,3,3,0,2,LD,1,0,1,1,3,4,-1,0.357623088023088,0.1794772005772006,0.4628997113997113,Away Win,0.4628997113997113
-128144742512727,560759,football-data.org,2027-01-23 15:00:00+00:00,1800716400,UTC,NS,TIMED,,39,Premier League,England,2026,Regular Season - 22,33,Manchester United,MUN,66,40,Liverpool,LIV,64,13,4,1,1,2,7,7,0,4,4,LWDL,4,1,1,2,7,7,0,2,WL,3,1,0,1,5,3,2,2,LD,1,0,1,1,2,4,-2,8,4,1,3,0,6,4,2,6,4,DDWD,6,1,3,0,6,4,2,2,DD,2,0,2,0,2,2,0,2,DW,4,1,1,0,4,2,2,0.3267099567099568,0.26307012987012973,0.4102199134199134,Away Win,0.4102199134199134
-141866511791367,560760,football-data.org,2027-01-23 15:00:00+00:00,1800716400,UTC,NS,TIMED,,39,Premier League,England,2026,Regular Season - 22,51,Brighton,BHA,397,50,Manchester City,MCI,65,5,4,2,1,1,13,5,8,7,4,WLDW,7,2,1,1,13,5,8,2,WD,4,1,1,0,5,1,4,2,LW,3,1,0,1,8,4,4,2,4,4,0,0,8,2,6,12,4,WWWW,12,4,0,0,8,2,6,2,WW,6,2,0,0,3,1,2,2,WW,6,2,0,0,5,1,4,0.24620548340548337,0.31599489954489957,0.4377996170496173,Away Win,0.4377996170496173
-16551830532161,560754,football-data.org,2027-01-23 15:00:00+00:00,1800716400,UTC,NS,TIMED,,39,Premier League,England,2026,Regular Season - 22,-218557486738561,Sunderland,SUN,71,-39195573837902,Coventry City,COV,1076,14,4,1,1,2,3,5,-2,4,4,LWDL,4,1,1,2,3,5,-2,2,WL,3,1,0,1,1,2,-1,2,LD,1,0,1,1,2,3,-1,20,4,0,0,4,0,10,-10,0,4,LLLL,0,0,0,4,0,10,-10,2,LL,0,0,0,2,0,6,-6,2,LL,0,0,0,2,0,4,-4,0.4670185425685422,0.32496313131313126,0.2080183261183261,Home Win,0.4670185425685422
-200731176815464,560757,football-data.org,2027-01-23 15:00:00+00:00,1800716400,UTC,NS,TIMED,,39,Premier League,England,2026,Regular Season - 22,-156530674508954,Leeds,LEE,341,49,Chelsea,CHE,61,3,4,2,2,0,7,3,4,8,4,WDDW,8,2,2,0,7,3,4,2,DW,4,1,1,0,5,2,3,2,WD,4,1,1,0,2,1,1,6,4,2,1,1,10,9,1,7,4,WWLD,7,2,1,1,10,9,1,2,WD,4,1,1,0,6,5,1,2,WL,3,1,0,1,4,4,0,0.4350007936507937,0.17069855699855702,0.39430064935064946,Home Win,0.4350007936507937
-277362237916628,560758,football-data.org,2027-01-23 15:00:00+00:00,1800716400,UTC,NS,TIMED,,39,Premier League,England,2026,Regular Season - 22,36,Fulham,FUL,63,66,Aston Villa,AVL,58,18,4,0,1,3,4,7,-3,1,4,LLLD,1,0,1,3,4,7,-3,2,LL,0,0,0,2,4,6,-2,2,LD,1,0,1,1,0,1,-1,19,4,0,1,3,1,7,-6,1,4,LLDL,1,0,1,3,1,7,-6,2,LL,0,0,0,2,1,3,-2,2,LD,1,0,1,1,0,4,-4,0.26037864357864354,0.26715620490620484,0.47246515151515145,Away Win,0.47246515151515145
-81926624970383,560753,football-data.org,2027-01-23 15:00:00+00:00,1800716400,UTC,NS,TIMED,,39,Premier League,England,2026,Regular Season - 22,45,Everton,EVE,62,55,Brentford,BRE,402,9,4,1,3,0,5,3,2,6,4,WDDD,6,1,3,0,5,3,2,2,WD,4,1,1,0,4,2,2,2,DD,2,0,2,0,1,1,0,7,4,1,3,0,7,4,3,6,4,WDDD,6,1,3,0,7,4,3,2,WD,4,1,1,0,4,1,3,2,DD,2,0,2,0,3,3,0,0.3026379731379732,0.17432352647352656,0.5230385003885004,Away Win,0.5230385003885004
-97818290273196,560752,football-data.org,2027-01-23 15:00:00+00:00,1800716400,UTC,NS,TIMED,,39,Premier League,England,2026,Regular Season - 22,57,Ipswich,IPS,349,-44103427291829,Hull City,HUL,322,10,4,2,0,2,7,10,-3,6,4,WLLW,6,2,0,2,7,10,-3,2,WL,3,1,0,1,2,3,-1,2,LW,3,1,0,1,5,7,-2,4,4,2,2,0,5,2,3,8,4,WWDD,8,2,2,0,5,2,3,2,WD,4,1,1,0,2,0,2,2,WD,4,1,1,0,3,2,1,0.2116083694083695,0.23006129981129983,0.5583303307803305,Away Win,0.5583303307803305
-134782197600873,560762,football-data.org,2027-01-30 15:00:00+00:00,1801321200,UTC,NS,TIMED,,39,Premier League,England,2026,Regular Season - 23,47,Tottenham,TOT,73,-218557486738561,Sunderland,SUN,71,17,4,0,2,2,0,5,-5,2,4,LLDD,2,0,2,2,0,5,-5,2,LD,1,0,1,1,0,2,-2,2,LD,1,0,1,1,0,3,-3,14,4,1,1,2,3,5,-2,4,4,LWDL,4,1,1,2,3,5,-2,2,WL,3,1,0,1,1,2,-1,2,LD,1,0,1,1,2,3,-1,0.3900961038961041,0.21650367410367408,0.3934002220002218,Away Win,0.3934002220002218
-187464809116920,560770,football-data.org,2027-01-30 15:00:00+00:00,1801321200,UTC,NS,TIMED,,39,Premier League,England,2026,Regular Season - 23,50,Manchester City,MCI,65,42,Arsenal,ARS,57,2,4,4,0,0,8,2,6,12,4,WWWW,12,4,0,0,8,2,6,2,WW,6,2,0,0,3,1,2,2,WW,6,2,0,0,5,1,4,1,4,4,0,0,8,1,7,12,4,WWWW,12,4,0,0,8,1,7,2,WW,6,2,0,0,5,1,4,2,WW,6,2,0,0,3,0,3,0.3002386002886003,0.36673191253191284,0.3330294871794872,Draw,0.36673191253191284
-225009217510848,560771,football-data.org,2027-01-30 15:00:00+00:00,1801321200,UTC,NS,TIMED,,39,Premier League,England,2026,Regular Season - 23,66,Aston Villa,AVL,58,57,Ipswich,IPS,349,19,4,0,1,3,1,7,-6,1,4,LLDL,1,0,1,3,1,7,-6,2,LL,0,0,0,2,1,3,-2,2,LD,1,0,1,1,0,4,-4,10,4,2,0,2,7,10,-3,6,4,WLLW,6,2,0,2,7,10,-3,2,WL,3,1,0,1,2,3,-1,2,LW,3,1,0,1,5,7,-2,0.5710109668109667,0.21679011544011534,0.21219891774891778,Home Win,0.5710109668109667
-249932268259079,560768,football-data.org,2027-01-30 15:00:00+00:00,1801321200,UTC,NS,TIMED,,39,Premier League,England,2026,Regular Season - 23,49,Chelsea,CHE,61,65,Nottingham Forest,NOT,351,6,4,2,1,1,10,9,1,7,4,WWLD,7,2,1,1,10,9,1,2,WD,4,1,1,0,6,5,1,2,WL,3,1,0,1,4,4,0,11,4,1,2,1,4,4,0,5,4,LDDW,5,1,2,1,4,4,0,2,LD,1,0,1,1,0,1,-1,2,DW,4,1,1,0,4,3,1,0.42792662337662296,0.2778559163059163,0.29421746031746043,Home Win,0.42792662337662296
-260365141467960,560769,football-data.org,2027-01-30 15:00:00+00:00,1801321200,UTC,NS,TIMED,,39,Premier League,England,2026,Regular Season - 23,40,Liverpool,LIV,64,45,Everton,EVE,62,8,4,1,3,0,6,4,2,6,4,DDWD,6,1,3,0,6,4,2,2,DD,2,0,2,0,2,2,0,2,DW,4,1,1,0,4,2,2,9,4,1,3,0,5,3,2,6,4,WDDD,6,1,3,0,5,3,2,2,WD,4,1,1,0,4,2,2,2,DD,2,0,2,0,1,1,0,0.5164127705627705,0.21758037518037504,0.2660068542568542,Home Win,0.5164127705627705
-262329832938715,560767,football-data.org,2027-01-30 15:00:00+00:00,1801321200,UTC,NS,TIMED,,39,Premier League,England,2026,Regular Season - 23,35,Bournemouth,BOU,1044,36,Fulham,FUL,63,15,4,0,3,1,6,7,-1,3,4,LDDD,3,0,3,1,6,7,-1,2,DD,2,0,2,0,3,3,0,2,LD,1,0,1,1,3,4,-1,18,4,0,1,3,4,7,-3,1,4,LLLD,1,0,1,3,4,7,-3,2,LL,0,0,0,2,4,6,-2,2,LD,1,0,1,1,0,1,-1,0.4085968975468975,0.22385966810966815,0.3675434343434343,Home Win,0.4085968975468975
-27932183214989,560766,football-data.org,2027-01-30 15:00:00+00:00,1801321200,UTC,NS,TIMED,,39,Premier League,England,2026,Regular Season - 23,-39195573837902,Coventry City,COV,1076,-156530674508954,Leeds,LEE,341,20,4,0,0,4,0,10,-10,0,4,LLLL,0,0,0,4,0,10,-10,2,LL,0,0,0,2,0,6,-6,2,LL,0,0,0,2,0,4,-4,3,4,2,2,0,7,3,4,8,4,WDDW,8,2,2,0,7,3,4,2,DW,4,1,1,0,5,2,3,2,WD,4,1,1,0,2,1,1,0.2342047619047619,0.2085442612942613,0.5572509768009767,Away Win,0.5572509768009767
-64017113172680,560765,football-data.org,2027-01-30 15:00:00+00:00,1801321200,UTC,NS,TIMED,,39,Premier League,England,2026,Regular Season - 23,-44103427291829,Hull City,HUL,322,52,Crystal Palace,CRY,354,4,4,2,2,0,5,2,3,8,4,WWDD,8,2,2,0,5,2,3,2,WD,4,1,1,0,2,0,2,2,WD,4,1,1,0,3,2,1,16,4,1,0,3,6,11,-5,3,4,LLWL,3,1,0,3,6,11,-5,2,LL,0,0,0,2,3,7,-4,2,LW,3,1,0,1,3,4,-1,0.4994453102453102,0.21465851370851366,0.2858961760461762,Home Win,0.4994453102453102
-77597243606619,560763,football-data.org,2027-01-30 15:00:00+00:00,1801321200,UTC,NS,TIMED,,39,Premier League,England,2026,Regular Season - 23,55,Brentford,BRE,402,33,Manchester United,MUN,66,7,4,1,3,0,7,4,3,6,4,WDDD,6,1,3,0,7,4,3,2,WD,4,1,1,0,4,1,3,2,DD,2,0,2,0,3,3,0,13,4,1,1,2,7,7,0,4,4,LWDL,4,1,1,2,7,7,0,2,WL,3,1,0,1,5,3,2,2,LD,1,0,1,1,2,4,-2,0.2920945165945166,0.24958492063492066,0.45832056277056255,Away Win,0.45832056277056255
-94003276401034,560764,football-data.org,2027-01-30 15:00:00+00:00,1801321200,UTC,NS,TIMED,,39,Premier League,England,2026,Regular Season - 23,34,Newcastle,NEW,67,51,Brighton,BHA,397,12,4,1,2,1,7,8,-1,5,4,DWDL,5,1,2,1,7,8,-1,2,DD,2,0,2,0,4,4,0,2,WL,3,1,0,1,3,4,-1,5,4,2,1,1,13,5,8,7,4,WLDW,7,2,1,1,13,5,8,2,WD,4,1,1,0,5,1,4,2,LW,3,1,0,1,8,4,4,0.3971049783549783,0.22801349206349192,0.37488152958152965,Home Win,0.3971049783549783
-138518028428194,560781,football-data.org,2027-02-06 15:00:00+00:00,1801926000,UTC,NS,TIMED,,39,Premier League,England,2026,Regular Season - 24,65,Nottingham Forest,NOT,351,55,Brentford,BRE,402,11,4,1,2,1,4,4,0,5,4,LDDW,5,1,2,1,4,4,0,2,LD,1,0,1,1,0,1,-1,2,DW,4,1,1,0,4,3,1,7,4,1,3,0,7,4,3,6,4,WDDD,6,1,3,0,7,4,3,2,WD,4,1,1,0,4,1,3,2,DD,2,0,2,0,3,3,0,0.3692545898545898,0.1738853202353203,0.4568600899100897,Away Win,0.4568600899100897
-184675506947759,560772,football-data.org,2027-02-06 15:00:00+00:00,1801926000,UTC,NS,TIMED,,39,Premier League,England,2026,Regular Season - 24,42,Arsenal,ARS,57,40,Liverpool,LIV,64,1,4,4,0,0,8,1,7,12,4,WWWW,12,4,0,0,8,1,7,2,WW,6,2,0,0,5,1,4,2,WW,6,2,0,0,3,0,3,8,4,1,3,0,6,4,2,6,4,DDWD,6,1,3,0,6,4,2,2,DD,2,0,2,0,2,2,0,2,DW,4,1,1,0,4,2,2,0.5288178932178931,0.22071327561327553,0.25046883116883134,Home Win,0.5288178932178931
-195571201404776,560774,football-data.org,2027-02-06 15:00:00+00:00,1801926000,UTC,NS,TIMED,,39,Premier League,England,2026,Regular Season - 24,-218557486738561,Sunderland,SUN,71,66,Aston Villa,AVL,58,14,4,1,1,2,3,5,-2,4,4,LWDL,4,1,1,2,3,5,-2,2,WL,3,1,0,1,1,2,-1,2,LD,1,0,1,1,2,3,-1,19,4,0,1,3,1,7,-6,1,4,LLDL,1,0,1,3,1,7,-6,2,LL,0,0,0,2,1,3,-2,2,LD,1,0,1,1,0,4,-4,0.40557142857142836,0.2161437950937951,0.37828477633477653,Home Win,0.40557142857142836
-212187269838289,560773,football-data.org,2027-02-06 15:00:00+00:00,1801926000,UTC,NS,TIMED,,39,Premier League,England,2026,Regular Season - 24,51,Brighton,BHA,397,-44103427291829,Hull City,HUL,322,5,4,2,1,1,13,5,8,7,4,WLDW,7,2,1,1,13,5,8,2,WD,4,1,1,0,5,1,4,2,LW,3,1,0,1,8,4,4,4,4,2,2,0,5,2,3,8,4,WWDD,8,2,2,0,5,2,3,2,WD,4,1,1,0,2,0,2,2,WD,4,1,1,0,3,2,1,0.4127429292929291,0.27140632700632716,0.31585074370074373,Home Win,0.4127429292929291
-217664961451798,560778,football-data.org,2027-02-06 15:00:00+00:00,1801926000,UTC,NS,TIMED,,39,Premier League,England,2026,Regular Season - 24,36,Fulham,FUL,63,50,Manchester City,MCI,65,18,4,0,1,3,4,7,-3,1,4,LLLD,1,0,1,3,4,7,-3,2,LL,0,0,0,2,4,6,-2,2,LD,1,0,1,1,0,1,-1,2,4,4,0,0,8,2,6,12,4,WWWW,12,4,0,0,8,2,6,2,WW,6,2,0,0,3,1,2,2,WW,6,2,0,0,5,1,4,0.17921212121212118,0.22346702741702745,0.5973208513708509,Away Win,0.5973208513708509
-221119937895390,560776,football-data.org,2027-02-06 15:00:00+00:00,1801926000,UTC,NS,TIMED,,39,Premier League,England,2026,Regular Season - 24,57,Ipswich,IPS,349,47,Tottenham,TOT,73,10,4,2,0,2,7,10,-3,6,4,WLLW,6,2,0,2,7,10,-3,2,WL,3,1,0,1,2,3,-1,2,LW,3,1,0,1,5,7,-2,17,4,0,2,2,0,5,-5,2,4,LLDD,2,0,2,2,0,5,-5,2,LD,1,0,1,1,0,2,-2,2,LD,1,0,1,1,0,3,-3,0.13890932955932958,0.25857900987900984,0.6025116605616603,Away Win,0.6025116605616603
-23478421136913,560775,football-data.org,2027-02-06 15:00:00+00:00,1801926000,UTC,NS,TIMED,,39,Premier League,England,2026,Regular Season - 24,52,Crystal Palace,CRY,354,-39195573837902,Coventry City,COV,1076,16,4,1,0,3,6,11,-5,3,4,LLWL,3,1,0,3,6,11,-5,2,LL,0,0,0,2,3,7,-4,2,LW,3,1,0,1,3,4,-1,20,4,0,0,4,0,10,-10,0,4,LLLL,0,0,0,4,0,10,-10,2,LL,0,0,0,2,0,6,-6,2,LL,0,0,0,2,0,4,-4,0.38616293706293686,0.3336111943611943,0.2802258685758687,Home Win,0.38616293706293686
-237015430658382,560777,football-data.org,2027-02-06 15:00:00+00:00,1801926000,UTC,NS,TIMED,,39,Premier League,England,2026,Regular Season - 24,45,Everton,EVE,62,34,Newcastle,NEW,67,9,4,1,3,0,5,3,2,6,4,WDDD,6,1,3,0,5,3,2,2,WD,4,1,1,0,4,2,2,2,DD,2,0,2,0,1,1,0,12,4,1,2,1,7,8,-1,5,4,DWDL,5,1,2,1,7,8,-1,2,DD,2,0,2,0,4,4,0,2,WL,3,1,0,1,3,4,-1,0.2709741924741924,0.1948777833277834,0.5341480241980243,Away Win,0.5341480241980243
-38873620303959,560780,football-data.org,2027-02-06 15:00:00+00:00,1801926000,UTC,NS,TIMED,,39,Premier League,England,2026,Regular Season - 24,33,Manchester United,MUN,66,49,Chelsea,CHE,61,13,4,1,1,2,7,7,0,4,4,LWDL,4,1,1,2,7,7,0,2,WL,3,1,0,1,5,3,2,2,LD,1,0,1,1,2,4,-2,6,4,2,1,1,10,9,1,7,4,WWLD,7,2,1,1,10,9,1,2,WD,4,1,1,0,6,5,1,2,WL,3,1,0,1,4,4,0,0.36357900432900425,0.23991948051948045,0.3965015151515153,Away Win,0.3965015151515153
-53487131690343,560779,football-data.org,2027-02-06 15:00:00+00:00,1801926000,UTC,NS,TIMED,,39,Premier League,England,2026,Regular Season - 24,-156530674508954,Leeds,LEE,341,35,Bournemouth,BOU,1044,3,4,2,2,0,7,3,4,8,4,WDDW,8,2,2,0,7,3,4,2,DW,4,1,1,0,5,2,3,2,WD,4,1,1,0,2,1,1,15,4,0,3,1,6,7,-1,3,4,LDDD,3,0,3,1,6,7,-1,2,DD,2,0,2,0,3,3,0,2,LD,1,0,1,1,3,4,-1,0.47548419913419915,0.15613333333333335,0.3683824675324676,Home Win,0.47548419913419915
-105376980552553,560790,football-data.org,2027-02-10 20:00:00+00:00,1802289600,UTC,NS,TIMED,,39,Premier League,England,2026,Regular Season - 25,33,Manchester United,MUN,66,51,Brighton,BHA,397,13,4,1,1,2,7,7,0,4,4,LWDL,4,1,1,2,7,7,0,2,WL,3,1,0,1,5,3,2,2,LD,1,0,1,1,2,4,-2,5,4,2,1,1,13,5,8,7,4,WLDW,7,2,1,1,13,5,8,2,WD,4,1,1,0,5,1,4,2,LW,3,1,0,1,8,4,4,0.38858145743145717,0.2377066378066377,0.3737119047619049,Home Win,0.38858145743145717
-113934933699635,560788,football-data.org,2027-02-10 20:00:00+00:00,1802289600,UTC,NS,TIMED,,39,Premier League,England,2026,Regular Season - 25,36,Fulham,FUL,63,65,Nottingham Forest,NOT,351,18,4,0,1,3,4,7,-3,1,4,LLLD,1,0,1,3,4,7,-3,2,LL,0,0,0,2,4,6,-2,2,LD,1,0,1,1,0,1,-1,11,4,1,2,1,4,4,0,5,4,LDDW,5,1,2,1,4,4,0,2,LD,1,0,1,1,0,1,-1,2,DW,4,1,1,0,4,3,1,0.26088975468975467,0.19073167388167403,0.5483785714285712,Away Win,0.5483785714285712
-131370314518941,560791,football-data.org,2027-02-10 20:00:00+00:00,1802289600,UTC,NS,TIMED,,39,Premier League,England,2026,Regular Season - 25,57,Ipswich,IPS,349,42,Arsenal,ARS,57,10,4,2,0,2,7,10,-3,6,4,WLLW,6,2,0,2,7,10,-3,2,WL,3,1,0,1,2,3,-1,2,LW,3,1,0,1,5,7,-2,1,4,4,0,0,8,1,7,12,4,WWWW,12,4,0,0,8,1,7,2,WW,6,2,0,0,5,1,4,2,WW,6,2,0,0,3,0,3,0.09984559884559895,0.1645336940836941,0.7356207070707069,Away Win,0.7356207070707069
-183206862941482,560787,football-data.org,2027-02-10 20:00:00+00:00,1802289600,UTC,NS,TIMED,,39,Premier League,England,2026,Regular Season - 25,34,Newcastle,NEW,67,49,Chelsea,CHE,61,12,4,1,2,1,7,8,-1,5,4,DWDL,5,1,2,1,7,8,-1,2,DD,2,0,2,0,4,4,0,2,WL,3,1,0,1,3,4,-1,6,4,2,1,1,10,9,1,7,4,WWLD,7,2,1,1,10,9,1,2,WD,4,1,1,0,6,5,1,2,WL,3,1,0,1,4,4,0,0.37223102453102463,0.2286136363636364,0.3991553391053393,Away Win,0.3991553391053393
-202011201270263,560786,football-data.org,2027-02-10 20:00:00+00:00,1802289600,UTC,NS,TIMED,,39,Premier League,England,2026,Regular Season - 25,52,Crystal Palace,CRY,354,55,Brentford,BRE,402,16,4,1,0,3,6,11,-5,3,4,LLWL,3,1,0,3,6,11,-5,2,LL,0,0,0,2,3,7,-4,2,LW,3,1,0,1,3,4,-1,7,4,1,3,0,7,4,3,6,4,WDDD,6,1,3,0,7,4,3,2,WD,4,1,1,0,4,1,3,2,DD,2,0,2,0,3,3,0,0.25917554112554103,0.20147077922077924,0.5393536796536799,Away Win,0.5393536796536799
-216803463440715,560783,football-data.org,2027-02-10 20:00:00+00:00,1802289600,UTC,NS,TIMED,,39,Premier League,England,2026,Regular Season - 25,-39195573837902,Coventry City,COV,1076,40,Liverpool,LIV,64,20,4,0,0,4,0,10,-10,0,4,LLLL,0,0,0,4,0,10,-10,2,LL,0,0,0,2,0,6,-6,2,LL,0,0,0,2,0,4,-4,8,4,1,3,0,6,4,2,6,4,DDWD,6,1,3,0,6,4,2,2,DD,2,0,2,0,2,2,0,2,DW,4,1,1,0,4,2,2,0.22382460317460312,0.16728477633477637,0.6088906204906203,Away Win,0.6088906204906203
-219899269654705,560789,football-data.org,2027-02-10 20:00:00+00:00,1802289600,UTC,NS,TIMED,,39,Premier League,England,2026,Regular Season - 25,47,Tottenham,TOT,73,50,Manchester City,MCI,65,17,4,0,2,2,0,5,-5,2,4,LLDD,2,0,2,2,0,5,-5,2,LD,1,0,1,1,0,2,-2,2,LD,1,0,1,1,0,3,-3,2,4,4,0,0,8,2,6,12,4,WWWW,12,4,0,0,8,2,6,2,WW,6,2,0,0,3,1,2,2,WW,6,2,0,0,5,1,4,0.14120894660894678,0.20219797979797974,0.6565930735930736,Away Win,0.6565930735930736
-37234006561921,560782,football-data.org,2027-02-10 20:00:00+00:00,1802289600,UTC,NS,TIMED,,39,Premier League,England,2026,Regular Season - 25,45,Everton,EVE,62,-156530674508954,Leeds,LEE,341,9,4,1,3,0,5,3,2,6,4,WDDD,6,1,3,0,5,3,2,2,WD,4,1,1,0,4,2,2,2,DD,2,0,2,0,1,1,0,3,4,2,2,0,7,3,4,8,4,WDDW,8,2,2,0,7,3,4,2,DW,4,1,1,0,5,2,3,2,WD,4,1,1,0,2,1,1,0.2868421356421357,0.19656716616716619,0.5165906981906981,Away Win,0.5165906981906981
-46175701381229,560785,football-data.org,2027-02-10 20:00:00+00:00,1802289600,UTC,NS,TIMED,,39,Premier League,England,2026,Regular Season - 25,66,Aston Villa,AVL,58,35,Bournemouth,BOU,1044,19,4,0,1,3,1,7,-6,1,4,LLDL,1,0,1,3,1,7,-6,2,LL,0,0,0,2,1,3,-2,2,LD,1,0,1,1,0,4,-4,15,4,0,3,1,6,7,-1,3,4,LDDD,3,0,3,1,6,7,-1,2,DD,2,0,2,0,3,3,0,2,LD,1,0,1,1,3,4,-1,0.3700040404040402,0.21063679653679648,0.41935916305916293,Away Win,0.41935916305916293
-72689958730808,560784,football-data.org,2027-02-10 20:00:00+00:00,1802289600,UTC,NS,TIMED,,39,Premier League,England,2026,Regular Season - 25,-44103427291829,Hull City,HUL,322,-218557486738561,Sunderland,SUN,71,4,4,2,2,0,5,2,3,8,4,WWDD,8,2,2,0,5,2,3,2,WD,4,1,1,0,2,0,2,2,WD,4,1,1,0,3,2,1,14,4,1,1,2,3,5,-2,4,4,LWDL,4,1,1,2,3,5,-2,2,WL,3,1,0,1,1,2,-1,2,LD,1,0,1,1,2,3,-1,0.4209743867243866,0.24356111111111114,0.3354645021645021,Home Win,0.4209743867243866
-10292605179168,560795,football-data.org,2027-02-20 15:00:00+00:00,1803135600,UTC,NS,TIMED,,39,Premier League,England,2026,Regular Season - 26,49,Chelsea,CHE,61,57,Ipswich,IPS,349,6,4,2,1,1,10,9,1,7,4,WWLD,7,2,1,1,10,9,1,2,WD,4,1,1,0,6,5,1,2,WL,3,1,0,1,4,4,0,10,4,2,0,2,7,10,-3,6,4,WLLW,6,2,0,2,7,10,-3,2,WL,3,1,0,1,2,3,-1,2,LW,3,1,0,1,5,7,-2,0.5646538239538238,0.2600384559884558,0.1753077200577201,Home Win,0.5646538239538238
-105670644124730,560800,football-data.org,2027-02-20 15:00:00+00:00,1803135600,UTC,NS,TIMED,,39,Premier League,England,2026,Regular Season - 26,-218557486738561,Sunderland,SUN,71,45,Everton,EVE,62,14,4,1,1,2,3,5,-2,4,4,LWDL,4,1,1,2,3,5,-2,2,WL,3,1,0,1,1,2,-1,2,LD,1,0,1,1,2,3,-1,9,4,1,3,0,5,3,2,6,4,WDDD,6,1,3,0,5,3,2,2,WD,4,1,1,0,4,2,2,2,DD,2,0,2,0,1,1,0,0.44795007215007204,0.16922142857142863,0.38282849927849927,Home Win,0.44795007215007204
-136886771504251,560801,football-data.org,2027-02-20 15:00:00+00:00,1803135600,UTC,NS,TIMED,,39,Premier League,England,2026,Regular Season - 26,-156530674508954,Leeds,LEE,341,66,Aston Villa,AVL,58,3,4,2,2,0,7,3,4,8,4,WDDW,8,2,2,0,7,3,4,2,DW,4,1,1,0,5,2,3,2,WD,4,1,1,0,2,1,1,19,4,0,1,3,1,7,-6,1,4,LLDL,1,0,1,3,1,7,-6,2,LL,0,0,0,2,1,3,-2,2,LD,1,0,1,1,0,4,-4,0.4564762626262625,0.20383419913419915,0.3396895382395383,Home Win,0.4564762626262625
-19311191437156,560792,football-data.org,2027-02-20 15:00:00+00:00,1803135600,UTC,NS,TIMED,,39,Premier League,England,2026,Regular Season - 26,50,Manchester City,MCI,65,34,Newcastle,NEW,67,2,4,4,0,0,8,2,6,12,4,WWWW,12,4,0,0,8,2,6,2,WW,6,2,0,0,3,1,2,2,WW,6,2,0,0,5,1,4,12,4,1,2,1,7,8,-1,5,4,DWDL,5,1,2,1,7,8,-1,2,DD,2,0,2,0,4,4,0,2,WL,3,1,0,1,3,4,-1,0.5908498556998558,0.17718535353535347,0.23196479076479096,Home Win,0.5908498556998558
-200980920383646,560798,football-data.org,2027-02-20 15:00:00+00:00,1803135600,UTC,NS,TIMED,,39,Premier League,England,2026,Regular Season - 26,65,Nottingham Forest,NOT,351,33,Manchester United,MUN,66,11,4,1,2,1,4,4,0,5,4,LDDW,5,1,2,1,4,4,0,2,LD,1,0,1,1,0,1,-1,2,DW,4,1,1,0,4,3,1,13,4,1,1,2,7,7,0,4,4,LWDL,4,1,1,2,7,7,0,2,WL,3,1,0,1,5,3,2,2,LD,1,0,1,1,2,4,-2,0.2896722943722943,0.2223549062049063,0.4879727994227992,Away Win,0.4879727994227992
-22940673923505,560793,football-data.org,2027-02-20 15:00:00+00:00,1803135600,UTC,NS,TIMED,,39,Premier League,England,2026,Regular Season - 26,35,Bournemouth,BOU,1044,52,Crystal Palace,CRY,354,15,4,0,3,1,6,7,-1,3,4,LDDD,3,0,3,1,6,7,-1,2,DD,2,0,2,0,3,3,0,2,LD,1,0,1,1,3,4,-1,16,4,1,0,3,6,11,-5,3,4,LLWL,3,1,0,3,6,11,-5,2,LL,0,0,0,2,3,7,-4,2,LW,3,1,0,1,3,4,-1,0.4580660173160173,0.2067095959595959,0.3352243867243868,Home Win,0.4580660173160173
-236450187007821,560797,football-data.org,2027-02-20 15:00:00+00:00,1803135600,UTC,NS,TIMED,,39,Premier League,England,2026,Regular Season - 26,42,Arsenal,ARS,57,36,Fulham,FUL,63,1,4,4,0,0,8,1,7,12,4,WWWW,12,4,0,0,8,1,7,2,WW,6,2,0,0,5,1,4,2,WW,6,2,0,0,3,0,3,18,4,0,1,3,4,7,-3,1,4,LLLD,1,0,1,3,4,7,-3,2,LL,0,0,0,2,4,6,-2,2,LD,1,0,1,1,0,1,-1,0.6603182539682542,0.1644310966810967,0.17525064935064946,Home Win,0.6603182539682542
-246623880980765,560799,football-data.org,2027-02-20 15:00:00+00:00,1803135600,UTC,NS,TIMED,,39,Premier League,England,2026,Regular Season - 26,51,Brighton,BHA,397,47,Tottenham,TOT,73,5,4,2,1,1,13,5,8,7,4,WLDW,7,2,1,1,13,5,8,2,WD,4,1,1,0,5,1,4,2,LW,3,1,0,1,8,4,4,17,4,0,2,2,0,5,-5,2,4,LLDD,2,0,2,2,0,5,-5,2,LD,1,0,1,1,0,2,-2,2,LD,1,0,1,1,0,3,-3,0.41736067821067796,0.27440209235209223,0.3082372294372296,Home Win,0.41736067821067796
-249775793382844,560794,football-data.org,2027-02-20 15:00:00+00:00,1803135600,UTC,NS,TIMED,,39,Premier League,England,2026,Regular Season - 26,55,Brentford,BRE,402,-39195573837902,Coventry City,COV,1076,7,4,1,3,0,7,4,3,6,4,WDDD,6,1,3,0,7,4,3,2,WD,4,1,1,0,4,1,3,2,DD,2,0,2,0,3,3,0,20,4,0,0,4,0,10,-10,0,4,LLLL,0,0,0,4,0,10,-10,2,LL,0,0,0,2,0,6,-6,2,LL,0,0,0,2,0,4,-4,0.4328435064935063,0.3529567876567876,0.21419970584970593,Home Win,0.4328435064935063
-37189891936264,560796,football-data.org,2027-02-20 15:00:00+00:00,1803135600,UTC,NS,TIMED,,39,Premier League,England,2026,Regular Season - 26,40,Liverpool,LIV,64,-44103427291829,Hull City,HUL,322,8,4,1,3,0,6,4,2,6,4,DDWD,6,1,3,0,6,4,2,2,DD,2,0,2,0,2,2,0,2,DW,4,1,1,0,4,2,2,4,4,2,2,0,5,2,3,8,4,WWDD,8,2,2,0,5,2,3,2,WD,4,1,1,0,2,0,2,2,WD,4,1,1,0,3,2,1,0.42226226681814893,0.31321468792645263,0.2645230452553983,Home Win,0.42226226681814893
-100183754498761,560803,football-data.org,2027-02-27 15:00:00+00:00,1803740400,UTC,NS,TIMED,,39,Premier League,England,2026,Regular Season - 27,33,Manchester United,MUN,66,42,Arsenal,ARS,57,13,4,1,1,2,7,7,0,4,4,LWDL,4,1,1,2,7,7,0,2,WL,3,1,0,1,5,3,2,2,LD,1,0,1,1,2,4,-2,1,4,4,0,0,8,1,7,12,4,WWWW,12,4,0,0,8,1,7,2,WW,6,2,0,0,5,1,4,2,WW,6,2,0,0,3,0,3,0.1861380952380951,0.2835350871350872,0.530326817626818,Away Win,0.530326817626818
-118191500006341,560802,football-data.org,2027-02-27 15:00:00+00:00,1803740400,UTC,NS,TIMED,,39,Premier League,England,2026,Regular Season - 27,52,Crystal Palace,CRY,354,-218557486738561,Sunderland,SUN,71,16,4,1,0,3,6,11,-5,3,4,LLWL,3,1,0,3,6,11,-5,2,LL,0,0,0,2,3,7,-4,2,LW,3,1,0,1,3,4,-1,14,4,1,1,2,3,5,-2,4,4,LWDL,4,1,1,2,3,5,-2,2,WL,3,1,0,1,1,2,-1,2,LD,1,0,1,1,2,3,-1,0.2574071428571429,0.30264855699855703,0.43994430014430025,Away Win,0.43994430014430025
-159988560142955,560810,football-data.org,2027-02-27 15:00:00+00:00,1803740400,UTC,NS,TIMED,,39,Premier League,England,2026,Regular Season - 27,34,Newcastle,NEW,67,55,Brentford,BRE,402,12,4,1,2,1,7,8,-1,5,4,DWDL,5,1,2,1,7,8,-1,2,DD,2,0,2,0,4,4,0,2,WL,3,1,0,1,3,4,-1,7,4,1,3,0,7,4,3,6,4,WDDD,6,1,3,0,7,4,3,2,WD,4,1,1,0,4,1,3,2,DD,2,0,2,0,3,3,0,0.433045238095238,0.21069314574314565,0.3562616161616163,Home Win,0.433045238095238
-182844877198693,560808,football-data.org,2027-02-27 15:00:00+00:00,1803740400,UTC,NS,TIMED,,39,Premier League,England,2026,Regular Season - 27,66,Aston Villa,AVL,58,49,Chelsea,CHE,61,19,4,0,1,3,1,7,-6,1,4,LLDL,1,0,1,3,1,7,-6,2,LL,0,0,0,2,1,3,-2,2,LD,1,0,1,1,0,4,-4,6,4,2,1,1,10,9,1,7,4,WWLD,7,2,1,1,10,9,1,2,WD,4,1,1,0,6,5,1,2,WL,3,1,0,1,4,4,0,0.3206905483405484,0.2179906204906204,0.4613188311688311,Away Win,0.4613188311688311
-207995991906644,560805,football-data.org,2027-02-27 15:00:00+00:00,1803740400,UTC,NS,TIMED,,39,Premier League,England,2026,Regular Season - 27,-39195573837902,Coventry City,COV,1076,35,Bournemouth,BOU,1044,20,4,0,0,4,0,10,-10,0,4,LLLL,0,0,0,4,0,10,-10,2,LL,0,0,0,2,0,6,-6,2,LL,0,0,0,2,0,4,-4,15,4,0,3,1,6,7,-1,3,4,LDDD,3,0,3,1,6,7,-1,2,DD,2,0,2,0,3,3,0,2,LD,1,0,1,1,3,4,-1,0.2284277777777778,0.18266727716727724,0.588904945054945,Away Win,0.588904945054945
-210228867815316,560809,football-data.org,2027-02-27 15:00:00+00:00,1803740400,UTC,NS,TIMED,,39,Premier League,England,2026,Regular Season - 27,47,Tottenham,TOT,73,40,Liverpool,LIV,64,17,4,0,2,2,0,5,-5,2,4,LLDD,2,0,2,2,0,5,-5,2,LD,1,0,1,1,0,2,-2,2,LD,1,0,1,1,0,3,-3,8,4,1,3,0,6,4,2,6,4,DDWD,6,1,3,0,6,4,2,2,DD,2,0,2,0,2,2,0,2,DW,4,1,1,0,4,2,2,0.2519532467532467,0.1982761904761904,0.5497705627705629,Away Win,0.5497705627705629
-211401219026700,560811,football-data.org,2027-02-27 15:00:00+00:00,1803740400,UTC,NS,TIMED,,39,Premier League,England,2026,Regular Season - 27,-44103427291829,Hull City,HUL,322,50,Manchester City,MCI,65,4,4,2,2,0,5,2,3,8,4,WWDD,8,2,2,0,5,2,3,2,WD,4,1,1,0,2,0,2,2,WD,4,1,1,0,3,2,1,2,4,4,0,0,8,2,6,12,4,WWWW,12,4,0,0,8,2,6,2,WW,6,2,0,0,3,1,2,2,WW,6,2,0,0,5,1,4,0.2871449827949827,0.2714649794649794,0.4413900377400378,Away Win,0.4413900377400378
-241788162846460,560806,football-data.org,2027-02-27 15:00:00+00:00,1803740400,UTC,NS,TIMED,,39,Premier League,England,2026,Regular Season - 27,45,Everton,EVE,62,65,Nottingham Forest,NOT,351,9,4,1,3,0,5,3,2,6,4,WDDD,6,1,3,0,5,3,2,2,WD,4,1,1,0,4,2,2,2,DD,2,0,2,0,1,1,0,11,4,1,2,1,4,4,0,5,4,LDDW,5,1,2,1,4,4,0,2,LD,1,0,1,1,0,1,-1,2,DW,4,1,1,0,4,3,1,0.2975515373515374,0.17278687423687436,0.5296615884115883,Away Win,0.5296615884115883
-275041355817050,560807,football-data.org,2027-02-27 15:00:00+00:00,1803740400,UTC,NS,TIMED,,39,Premier League,England,2026,Regular Season - 27,36,Fulham,FUL,63,-156530674508954,Leeds,LEE,341,18,4,0,1,3,4,7,-3,1,4,LLLD,1,0,1,3,4,7,-3,2,LL,0,0,0,2,4,6,-2,2,LD,1,0,1,1,0,1,-1,3,4,2,2,0,7,3,4,8,4,WDDW,8,2,2,0,7,3,4,2,DW,4,1,1,0,5,2,3,2,WD,4,1,1,0,2,1,1,0.23282243867243857,0.20643224553224565,0.5607453157953155,Away Win,0.5607453157953155
-61313362632325,560804,football-data.org,2027-02-27 15:00:00+00:00,1803740400,UTC,NS,TIMED,,39,Premier League,England,2026,Regular Season - 27,57,Ipswich,IPS,349,51,Brighton,BHA,397,10,4,2,0,2,7,10,-3,6,4,WLLW,6,2,0,2,7,10,-3,2,WL,3,1,0,1,2,3,-1,2,LW,3,1,0,1,5,7,-2,5,4,2,1,1,13,5,8,7,4,WLDW,7,2,1,1,13,5,8,2,WD,4,1,1,0,5,1,4,2,LW,3,1,0,1,8,4,4,0.1394191419691421,0.24991573426573424,0.6106651237651233,Away Win,0.6106651237651233
-157583227192001,560817,football-data.org,2027-03-03 20:00:00+00:00,1804104000,UTC,NS,TIMED,,39,Premier League,England,2026,Regular Season - 28,-218557486738561,Sunderland,SUN,71,33,Manchester United,MUN,66,14,4,1,1,2,3,5,-2,4,4,LWDL,4,1,1,2,3,5,-2,2,WL,3,1,0,1,1,2,-1,2,LD,1,0,1,1,2,3,-1,13,4,1,1,2,7,7,0,4,4,LWDL,4,1,1,2,7,7,0,2,WL,3,1,0,1,5,3,2,2,LD,1,0,1,1,2,4,-2,0.3733167388167386,0.18888174603174607,0.437801515151515,Away Win,0.437801515151515
-186384423446399,560818,football-data.org,2027-03-03 20:00:00+00:00,1804104000,UTC,NS,TIMED,,39,Premier League,England,2026,Regular Season - 28,40,Liverpool,LIV,64,66,Aston Villa,AVL,58,8,4,1,3,0,6,4,2,6,4,DDWD,6,1,3,0,6,4,2,2,DD,2,0,2,0,2,2,0,2,DW,4,1,1,0,4,2,2,19,4,0,1,3,1,7,-6,1,4,LLDL,1,0,1,3,1,7,-6,2,LL,0,0,0,2,1,3,-2,2,LD,1,0,1,1,0,4,-4,0.5326191197691192,0.22127720057720046,0.24610367965367974,Home Win,0.5326191197691192
-191409132995350,560814,football-data.org,2027-03-03 20:00:00+00:00,1804104000,UTC,NS,TIMED,,39,Premier League,England,2026,Regular Season - 28,50,Manchester City,MCI,65,45,Everton,EVE,62,2,4,4,0,0,8,2,6,12,4,WWWW,12,4,0,0,8,2,6,2,WW,6,2,0,0,3,1,2,2,WW,6,2,0,0,5,1,4,9,4,1,3,0,5,3,2,6,4,WDDD,6,1,3,0,5,3,2,2,WD,4,1,1,0,4,2,2,2,DD,2,0,2,0,1,1,0,0.602110844710845,0.17970598845598845,0.218183166833167,Home Win,0.602110844710845
-199683948361974,560812,football-data.org,2027-03-03 20:00:00+00:00,1804104000,UTC,NS,TIMED,,39,Premier League,England,2026,Regular Season - 28,65,Nottingham Forest,NOT,351,34,Newcastle,NEW,67,11,4,1,2,1,4,4,0,5,4,LDDW,5,1,2,1,4,4,0,2,LD,1,0,1,1,0,1,-1,2,DW,4,1,1,0,4,3,1,12,4,1,2,1,7,8,-1,5,4,DWDL,5,1,2,1,7,8,-1,2,DD,2,0,2,0,4,4,0,2,WL,3,1,0,1,3,4,-1,0.3382603896103897,0.18881212121212132,0.472927489177489,Away Win,0.472927489177489
-218786637374675,560815,football-data.org,2027-03-03 20:00:00+00:00,1804104000,UTC,NS,TIMED,,39,Premier League,England,2026,Regular Season - 28,42,Arsenal,ARS,57,52,Crystal Palace,CRY,354,1,4,4,0,0,8,1,7,12,4,WWWW,12,4,0,0,8,1,7,2,WW,6,2,0,0,5,1,4,2,WW,6,2,0,0,3,0,3,16,4,1,0,3,6,11,-5,3,4,LLWL,3,1,0,3,6,11,-5,2,LL,0,0,0,2,3,7,-4,2,LW,3,1,0,1,3,4,-1,0.6770396825396825,0.1427334776334777,0.1802268398268399,Home Win,0.6770396825396825
-237344731233137,560813,football-data.org,2027-03-03 20:00:00+00:00,1804104000,UTC,NS,TIMED,,39,Premier League,England,2026,Regular Season - 28,35,Bournemouth,BOU,1044,47,Tottenham,TOT,73,15,4,0,3,1,6,7,-1,3,4,LDDD,3,0,3,1,6,7,-1,2,DD,2,0,2,0,3,3,0,2,LD,1,0,1,1,3,4,-1,17,4,0,2,2,0,5,-5,2,4,LLDD,2,0,2,2,0,5,-5,2,LD,1,0,1,1,0,2,-2,2,LD,1,0,1,1,0,3,-3,0.3559691197691198,0.23207943722943725,0.4119514430014429,Away Win,0.4119514430014429
-65168597361904,560820,football-data.org,2027-03-03 20:00:00+00:00,1804104000,UTC,NS,TIMED,,39,Premier League,England,2026,Regular Season - 28,55,Brentford,BRE,402,57,Ipswich,IPS,349,7,4,1,3,0,7,4,3,6,4,WDDD,6,1,3,0,7,4,3,2,WD,4,1,1,0,4,1,3,2,DD,2,0,2,0,3,3,0,10,4,2,0,2,7,10,-3,6,4,WLLW,6,2,0,2,7,10,-3,2,WL,3,1,0,1,2,3,-1,2,LW,3,1,0,1,5,7,-2,0.5486268398268399,0.23274963924963915,0.218623520923521,Home Win,0.5486268398268399
-81265596709463,560819,football-data.org,2027-03-03 20:00:00+00:00,1804104000,UTC,NS,TIMED,,39,Premier League,England,2026,Regular Season - 28,51,Brighton,BHA,397,36,Fulham,FUL,63,5,4,2,1,1,13,5,8,7,4,WLDW,7,2,1,1,13,5,8,2,WD,4,1,1,0,5,1,4,2,LW,3,1,0,1,8,4,4,18,4,0,1,3,4,7,-3,1,4,LLLD,1,0,1,3,4,7,-3,2,LL,0,0,0,2,4,6,-2,2,LD,1,0,1,1,0,1,-1,0.46364891774891753,0.2571432900432899,0.2792077922077924,Home Win,0.46364891774891753
-81860367058413,560821,football-data.org,2027-03-03 20:00:00+00:00,1804104000,UTC,NS,TIMED,,39,Premier League,England,2026,Regular Season - 28,49,Chelsea,CHE,61,-39195573837902,Coventry City,COV,1076,6,4,2,1,1,10,9,1,7,4,WWLD,7,2,1,1,10,9,1,2,WD,4,1,1,0,6,5,1,2,WL,3,1,0,1,4,4,0,20,4,0,0,4,0,10,-10,0,4,LLLL,0,0,0,4,0,10,-10,2,LL,0,0,0,2,0,6,-6,2,LL,0,0,0,2,0,4,-4,0.470413131313131,0.3434640026640025,0.1861228660228661,Home Win,0.470413131313131
-96443906534986,560816,football-data.org,2027-03-03 20:00:00+00:00,1804104000,UTC,NS,TIMED,,39,Premier League,England,2026,Regular Season - 28,-156530674508954,Leeds,LEE,341,-44103427291829,Hull City,HUL,322,3,4,2,2,0,7,3,4,8,4,WDDW,8,2,2,0,7,3,4,2,DW,4,1,1,0,5,2,3,2,WD,4,1,1,0,2,1,1,4,4,2,2,0,5,2,3,8,4,WWDD,8,2,2,0,5,2,3,2,WD,4,1,1,0,2,0,2,2,WD,4,1,1,0,3,2,1,0.37818976023975986,0.21569906204906206,0.40611117771117766,Away Win,0.40611117771117766
-149747078571044,560828,football-data.org,2027-03-13 15:00:00+00:00,1804950000,UTC,NS,TIMED,,39,Premier League,England,2026,Regular Season - 29,49,Chelsea,CHE,61,42,Arsenal,ARS,57,6,4,2,1,1,10,9,1,7,4,WWLD,7,2,1,1,10,9,1,2,WD,4,1,1,0,6,5,1,2,WL,3,1,0,1,4,4,0,1,4,4,0,0,8,1,7,12,4,WWWW,12,4,0,0,8,1,7,2,WW,6,2,0,0,5,1,4,2,WW,6,2,0,0,3,0,3,0.18284898989898976,0.2936144522144522,0.5235365578865578,Away Win,0.5235365578865578
-175209301961520,560824,football-data.org,2027-03-13 15:00:00+00:00,1804950000,UTC,NS,TIMED,,39,Premier League,England,2026,Regular Season - 29,52,Crystal Palace,CRY,354,36,Fulham,FUL,63,16,4,1,0,3,6,11,-5,3,4,LLWL,3,1,0,3,6,11,-5,2,LL,0,0,0,2,3,7,-4,2,LW,3,1,0,1,3,4,-1,18,4,0,1,3,4,7,-3,1,4,LLLD,1,0,1,3,4,7,-3,2,LL,0,0,0,2,4,6,-2,2,LD,1,0,1,1,0,1,-1,0.2823625763125761,0.22253297813297818,0.4951044455544457,Away Win,0.4951044455544457
-203260236662031,560826,football-data.org,2027-03-13 15:00:00+00:00,1804950000,UTC,NS,TIMED,,39,Premier League,England,2026,Regular Season - 29,-39195573837902,Coventry City,COV,1076,50,Manchester City,MCI,65,20,4,0,0,4,0,10,-10,0,4,LLLL,0,0,0,4,0,10,-10,2,LL,0,0,0,2,0,6,-6,2,LL,0,0,0,2,0,4,-4,2,4,4,0,0,8,2,6,12,4,WWWW,12,4,0,0,8,2,6,2,WW,6,2,0,0,3,1,2,2,WW,6,2,0,0,5,1,4,0.19449603174603178,0.14660541125541127,0.6588985569985571,Away Win,0.6588985569985571
-215237533565519,560830,football-data.org,2027-03-13 15:00:00+00:00,1804950000,UTC,NS,TIMED,,39,Premier League,England,2026,Regular Season - 29,33,Manchester United,MUN,66,45,Everton,EVE,62,13,4,1,1,2,7,7,0,4,4,LWDL,4,1,1,2,7,7,0,2,WL,3,1,0,1,5,3,2,2,LD,1,0,1,1,2,4,-2,9,4,1,3,0,5,3,2,6,4,WDDD,6,1,3,0,5,3,2,2,WD,4,1,1,0,4,2,2,2,DD,2,0,2,0,1,1,0,0.4900970418470416,0.2467800144300142,0.2631229437229438,Home Win,0.4900970418470416
-234979921296614,560825,football-data.org,2027-03-13 15:00:00+00:00,1804950000,UTC,NS,TIMED,,39,Premier League,England,2026,Regular Season - 29,40,Liverpool,LIV,64,57,Ipswich,IPS,349,8,4,1,3,0,6,4,2,6,4,DDWD,6,1,3,0,6,4,2,2,DD,2,0,2,0,2,2,0,2,DW,4,1,1,0,4,2,2,10,4,2,0,2,7,10,-3,6,4,WLLW,6,2,0,2,7,10,-3,2,WL,3,1,0,1,2,3,-1,2,LW,3,1,0,1,5,7,-2,0.6398895382395382,0.19960757575757576,0.16050288600288598,Home Win,0.6398895382395382
-255950026865779,560822,football-data.org,2027-03-13 15:00:00+00:00,1804950000,UTC,NS,TIMED,,39,Premier League,England,2026,Regular Season - 29,-156530674508954,Leeds,LEE,341,51,Brighton,BHA,397,3,4,2,2,0,7,3,4,8,4,WDDW,8,2,2,0,7,3,4,2,DW,4,1,1,0,5,2,3,2,WD,4,1,1,0,2,1,1,5,4,2,1,1,13,5,8,7,4,WLDW,7,2,1,1,13,5,8,2,WD,4,1,1,0,5,1,4,2,LW,3,1,0,1,8,4,4,0.44741594516594474,0.17374538239538234,0.3788386724386725,Home Win,0.44741594516594474
-32438770652528,560831,football-data.org,2027-03-13 15:00:00+00:00,1804950000,UTC,NS,TIMED,,39,Premier League,England,2026,Regular Season - 29,-218557486738561,Sunderland,SUN,71,55,Brentford,BRE,402,14,4,1,1,2,3,5,-2,4,4,LWDL,4,1,1,2,3,5,-2,2,WL,3,1,0,1,1,2,-1,2,LD,1,0,1,1,2,3,-1,7,4,1,3,0,7,4,3,6,4,WDDD,6,1,3,0,7,4,3,2,WD,4,1,1,0,4,1,3,2,DD,2,0,2,0,3,3,0,0.44674610389610375,0.14359538239538241,0.409658513708514,Home Win,0.44674610389610375
-68589279622630,560827,football-data.org,2027-03-13 15:00:00+00:00,1804950000,UTC,NS,TIMED,,39,Premier League,England,2026,Regular Season - 29,35,Bournemouth,BOU,1044,34,Newcastle,NEW,67,15,4,0,3,1,6,7,-1,3,4,LDDD,3,0,3,1,6,7,-1,2,DD,2,0,2,0,3,3,0,2,LD,1,0,1,1,3,4,-1,12,4,1,2,1,7,8,-1,5,4,DWDL,5,1,2,1,7,8,-1,2,DD,2,0,2,0,4,4,0,2,WL,3,1,0,1,3,4,-1,0.3200056277056278,0.19648354978354987,0.48351082251082234,Away Win,0.48351082251082234
-85142141902909,560829,football-data.org,2027-03-13 15:00:00+00:00,1804950000,UTC,NS,TIMED,,39,Premier League,England,2026,Regular Season - 29,66,Aston Villa,AVL,58,-44103427291829,Hull City,HUL,322,19,4,0,1,3,1,7,-6,1,4,LLDL,1,0,1,3,1,7,-6,2,LL,0,0,0,2,1,3,-2,2,LD,1,0,1,1,0,4,-4,4,4,2,2,0,5,2,3,8,4,WWDD,8,2,2,0,5,2,3,2,WD,4,1,1,0,2,0,2,2,WD,4,1,1,0,3,2,1,0.36171839402427636,0.2890226244343892,0.3492589815413346,Home Win,0.36171839402427636
-89392085170315,560823,football-data.org,2027-03-13 15:00:00+00:00,1804950000,UTC,NS,TIMED,,39,Premier League,England,2026,Regular Season - 29,47,Tottenham,TOT,73,65,Nottingham Forest,NOT,351,17,4,0,2,2,0,5,-5,2,4,LLDD,2,0,2,2,0,5,-5,2,LD,1,0,1,1,0,2,-2,2,LD,1,0,1,1,0,3,-3,11,4,1,2,1,4,4,0,5,4,LDDW,5,1,2,1,4,4,0,2,LD,1,0,1,1,0,1,-1,2,DW,4,1,1,0,4,3,1,0.2844589466089467,0.19607611832611838,0.5194649350649349,Away Win,0.5194649350649349
-164895206000017,560841,football-data.org,2027-03-20 15:00:00+00:00,1805554800,UTC,NS,TIMED,,39,Premier League,England,2026,Regular Season - 30,34,Newcastle,NEW,67,-156530674508954,Leeds,LEE,341,12,4,1,2,1,7,8,-1,5,4,DWDL,5,1,2,1,7,8,-1,2,DD,2,0,2,0,4,4,0,2,WL,3,1,0,1,3,4,-1,3,4,2,2,0,7,3,4,8,4,WDDW,8,2,2,0,7,3,4,2,DW,4,1,1,0,5,2,3,2,WD,4,1,1,0,2,1,1,0.40002330447330414,0.239980303030303,0.3599963924963926,Home Win,0.40002330447330414
-192154474172460,560837,football-data.org,2027-03-20 15:00:00+00:00,1805554800,UTC,NS,TIMED,,39,Premier League,England,2026,Regular Season - 30,36,Fulham,FUL,63,40,Liverpool,LIV,64,18,4,0,1,3,4,7,-3,1,4,LLLD,1,0,1,3,4,7,-3,2,LL,0,0,0,2,4,6,-2,2,LD,1,0,1,1,0,1,-1,8,4,1,3,0,6,4,2,6,4,DDWD,6,1,3,0,6,4,2,2,DD,2,0,2,0,2,2,0,2,DW,4,1,1,0,4,2,2,0.222417388167388,0.19663982683982684,0.580942784992785,Away Win,0.580942784992785
-194911469689232,560834,football-data.org,2027-03-20 15:00:00+00:00,1805554800,UTC,NS,TIMED,,39,Premier League,England,2026,Regular Season - 30,50,Manchester City,MCI,65,33,Manchester United,MUN,66,2,4,4,0,0,8,2,6,12,4,WWWW,12,4,0,0,8,2,6,2,WW,6,2,0,0,3,1,2,2,WW,6,2,0,0,5,1,4,13,4,1,1,2,7,7,0,4,4,LWDL,4,1,1,2,7,7,0,2,WL,3,1,0,1,5,3,2,2,LD,1,0,1,1,2,4,-2,0.5986897546897547,0.1858455266955267,0.21546471861471875,Home Win,0.5986897546897547
-198270768985708,560832,football-data.org,2027-03-20 15:00:00+00:00,1805554800,UTC,NS,TIMED,,39,Premier League,England,2026,Regular Season - 30,55,Brentford,BRE,402,35,Bournemouth,BOU,1044,7,4,1,3,0,7,4,3,6,4,WDDD,6,1,3,0,7,4,3,2,WD,4,1,1,0,4,1,3,2,DD,2,0,2,0,3,3,0,15,4,0,3,1,6,7,-1,3,4,LDDD,3,0,3,1,6,7,-1,2,DD,2,0,2,0,3,3,0,2,LD,1,0,1,1,3,4,-1,0.3015761904761905,0.23573744588744583,0.46268636363636345,Away Win,0.46268636363636345
-22796805836261,560839,football-data.org,2027-03-20 15:00:00+00:00,1805554800,UTC,NS,TIMED,,39,Premier League,England,2026,Regular Season - 30,65,Nottingham Forest,NOT,351,66,Aston Villa,AVL,58,11,4,1,2,1,4,4,0,5,4,LDDW,5,1,2,1,4,4,0,2,LD,1,0,1,1,0,1,-1,2,DW,4,1,1,0,4,3,1,19,4,0,1,3,1,7,-6,1,4,LLDL,1,0,1,3,1,7,-6,2,LL,0,0,0,2,1,3,-2,2,LD,1,0,1,1,0,4,-4,0.33849292929292923,0.23197698412698403,0.42953008658008657,Away Win,0.42953008658008657
-274628946570700,560833,football-data.org,2027-03-20 15:00:00+00:00,1805554800,UTC,NS,TIMED,,39,Premier League,England,2026,Regular Season - 30,51,Brighton,BHA,397,-39195573837902,Coventry City,COV,1076,5,4,2,1,1,13,5,8,7,4,WLDW,7,2,1,1,13,5,8,2,WD,4,1,1,0,5,1,4,2,LW,3,1,0,1,8,4,4,20,4,0,0,4,0,10,-10,0,4,LLLL,0,0,0,4,0,10,-10,2,LL,0,0,0,2,0,6,-6,2,LL,0,0,0,2,0,4,-4,0.4681530303030299,0.3178060661560661,0.2140409035409035,Home Win,0.4681530303030299
-30252731897965,560835,football-data.org,2027-03-20 15:00:00+00:00,1805554800,UTC,NS,TIMED,,39,Premier League,England,2026,Regular Season - 30,57,Ipswich,IPS,349,52,Crystal Palace,CRY,354,10,4,2,0,2,7,10,-3,6,4,WLLW,6,2,0,2,7,10,-3,2,WL,3,1,0,1,2,3,-1,2,LW,3,1,0,1,5,7,-2,16,4,1,0,3,6,11,-5,3,4,LLWL,3,1,0,3,6,11,-5,2,LL,0,0,0,2,3,7,-4,2,LW,3,1,0,1,3,4,-1,0.19692881007881005,0.21614827394827393,0.5869229159729156,Away Win,0.5869229159729156
-36926561275880,560836,football-data.org,2027-03-20 15:00:00+00:00,1805554800,UTC,NS,TIMED,,39,Premier League,England,2026,Regular Season - 30,42,Arsenal,ARS,57,-218557486738561,Sunderland,SUN,71,1,4,4,0,0,8,1,7,12,4,WWWW,12,4,0,0,8,1,7,2,WW,6,2,0,0,5,1,4,2,WW,6,2,0,0,3,0,3,14,4,1,1,2,3,5,-2,4,4,LWDL,4,1,1,2,3,5,-2,2,WL,3,1,0,1,1,2,-1,2,LD,1,0,1,1,2,3,-1,0.6930646464646462,0.15999343434343433,0.1469419191919192,Home Win,0.6930646464646462
-50908756533264,560838,football-data.org,2027-03-20 15:00:00+00:00,1805554800,UTC,NS,TIMED,,39,Premier League,England,2026,Regular Season - 30,-44103427291829,Hull City,HUL,322,49,Chelsea,CHE,61,4,4,2,2,0,5,2,3,8,4,WWDD,8,2,2,0,5,2,3,2,WD,4,1,1,0,2,0,2,2,WD,4,1,1,0,3,2,1,6,4,2,1,1,10,9,1,7,4,WWLD,7,2,1,1,10,9,1,2,WD,4,1,1,0,6,5,1,2,WL,3,1,0,1,4,4,0,0.3839512598512595,0.23440278610278603,0.3816459540459539,Home Win,0.3839512598512595
-94374463490034,560840,football-data.org,2027-03-20 15:00:00+00:00,1805554800,UTC,NS,TIMED,,39,Premier League,England,2026,Regular Season - 30,45,Everton,EVE,62,47,Tottenham,TOT,73,9,4,1,3,0,5,3,2,6,4,WDDD,6,1,3,0,5,3,2,2,WD,4,1,1,0,4,2,2,2,DD,2,0,2,0,1,1,0,17,4,0,2,2,0,5,-5,2,4,LLDD,2,0,2,2,0,5,-5,2,LD,1,0,1,1,0,2,-2,2,LD,1,0,1,1,0,3,-3,0.29935442335442336,0.23529264624264626,0.4653529304029304,Away Win,0.4653529304029304
-125359324923706,560842,football-data.org,2027-04-10 14:00:00+00:00,1807365600,UTC,NS,TIMED,,39,Premier League,England,2026,Regular Season - 31,-218557486738561,Sunderland,SUN,71,57,Ipswich,IPS,349,14,4,1,1,2,3,5,-2,4,4,LWDL,4,1,1,2,3,5,-2,2,WL,3,1,0,1,1,2,-1,2,LD,1,0,1,1,2,3,-1,10,4,2,0,2,7,10,-3,6,4,WLLW,6,2,0,2,7,10,-3,2,WL,3,1,0,1,2,3,-1,2,LW,3,1,0,1,5,7,-2,0.6078108946608946,0.20077085137085146,0.191418253968254,Home Win,0.6078108946608946
-128931505788226,560843,football-data.org,2027-04-10 14:00:00+00:00,1807365600,UTC,NS,TIMED,,39,Premier League,England,2026,Regular Season - 31,-156530674508954,Leeds,LEE,341,65,Nottingham Forest,NOT,351,3,4,2,2,0,7,3,4,8,4,WDDW,8,2,2,0,7,3,4,2,DW,4,1,1,0,5,2,3,2,WD,4,1,1,0,2,1,1,11,4,1,2,1,4,4,0,5,4,LDDW,5,1,2,1,4,4,0,2,LD,1,0,1,1,0,1,-1,2,DW,4,1,1,0,4,3,1,0.43399610389610377,0.19173484848484845,0.3742690476190475,Home Win,0.43399610389610377
-138776006818771,560846,football-data.org,2027-04-10 14:00:00+00:00,1807365600,UTC,NS,TIMED,,39,Premier League,England,2026,Regular Season - 31,40,Liverpool,LIV,64,34,Newcastle,NEW,67,8,4,1,3,0,6,4,2,6,4,DDWD,6,1,3,0,6,4,2,2,DD,2,0,2,0,2,2,0,2,DW,4,1,1,0,4,2,2,12,4,1,2,1,7,8,-1,5,4,DWDL,5,1,2,1,7,8,-1,2,DD,2,0,2,0,4,4,0,2,WL,3,1,0,1,3,4,-1,0.5008659451659451,0.20161060606060602,0.29752344877344883,Home Win,0.5008659451659451
-154560891142975,560850,football-data.org,2027-04-10 14:00:00+00:00,1807365600,UTC,NS,TIMED,,39,Premier League,England,2026,Regular Season - 31,47,Tottenham,TOT,73,55,Brentford,BRE,402,17,4,0,2,2,0,5,-5,2,4,LLDD,2,0,2,2,0,5,-5,2,LD,1,0,1,1,0,2,-2,2,LD,1,0,1,1,0,3,-3,7,4,1,3,0,7,4,3,6,4,WDDD,6,1,3,0,7,4,3,2,WD,4,1,1,0,4,1,3,2,DD,2,0,2,0,3,3,0,0.3299152236652238,0.15667943722943733,0.5134053391053389,Away Win,0.5134053391053389
-172089816815537,560847,football-data.org,2027-04-10 14:00:00+00:00,1807365600,UTC,NS,TIMED,,39,Premier League,England,2026,Regular Season - 31,-39195573837902,Coventry City,COV,1076,42,Arsenal,ARS,57,20,4,0,0,4,0,10,-10,0,4,LLLL,0,0,0,4,0,10,-10,2,LL,0,0,0,2,0,6,-6,2,LL,0,0,0,2,0,4,-4,1,4,4,0,0,8,1,7,12,4,WWWW,12,4,0,0,8,1,7,2,WW,6,2,0,0,5,1,4,2,WW,6,2,0,0,3,0,3,0.20222301587301586,0.14171111111111112,0.6560658730158732,Away Win,0.6560658730158732
-187936821650405,560844,football-data.org,2027-04-10 14:00:00+00:00,1807365600,UTC,NS,TIMED,,39,Premier League,England,2026,Regular Season - 31,33,Manchester United,MUN,66,-44103427291829,Hull City,HUL,322,13,4,1,1,2,7,7,0,4,4,LWDL,4,1,1,2,7,7,0,2,WL,3,1,0,1,5,3,2,2,LD,1,0,1,1,2,4,-2,4,4,2,2,0,5,2,3,8,4,WWDD,8,2,2,0,5,2,3,2,WD,4,1,1,0,2,0,2,2,WD,4,1,1,0,3,2,1,0.39410916305916294,0.2680506271506272,0.3378402097902099,Home Win,0.39410916305916294
-230749230641489,560848,football-data.org,2027-04-10 14:00:00+00:00,1807365600,UTC,NS,TIMED,,39,Premier League,England,2026,Regular Season - 31,35,Bournemouth,BOU,1044,50,Manchester City,MCI,65,15,4,0,3,1,6,7,-1,3,4,LDDD,3,0,3,1,6,7,-1,2,DD,2,0,2,0,3,3,0,2,LD,1,0,1,1,3,4,-1,2,4,4,0,0,8,2,6,12,4,WWWW,12,4,0,0,8,2,6,2,WW,6,2,0,0,3,1,2,2,WW,6,2,0,0,5,1,4,0.21119357864357854,0.25689836274836286,0.5319080586080585,Away Win,0.5319080586080585
-240788442481882,560849,football-data.org,2027-04-10 14:00:00+00:00,1807365600,UTC,NS,TIMED,,39,Premier League,England,2026,Regular Season - 31,52,Crystal Palace,CRY,354,45,Everton,EVE,62,16,4,1,0,3,6,11,-5,3,4,LLWL,3,1,0,3,6,11,-5,2,LL,0,0,0,2,3,7,-4,2,LW,3,1,0,1,3,4,-1,9,4,1,3,0,5,3,2,6,4,WDDD,6,1,3,0,5,3,2,2,WD,4,1,1,0,4,2,2,2,DD,2,0,2,0,1,1,0,0.26540515040515034,0.21853564213564217,0.5160592074592074,Away Win,0.5160592074592074
-30626770954549,560845,football-data.org,2027-04-10 14:00:00+00:00,1807365600,UTC,NS,TIMED,,39,Premier League,England,2026,Regular Season - 31,49,Chelsea,CHE,61,36,Fulham,FUL,63,6,4,2,1,1,10,9,1,7,4,WWLD,7,2,1,1,10,9,1,2,WD,4,1,1,0,6,5,1,2,WL,3,1,0,1,4,4,0,18,4,0,1,3,4,7,-3,1,4,LLLD,1,0,1,3,4,7,-3,2,LL,0,0,0,2,4,6,-2,2,LD,1,0,1,1,0,1,-1,0.49940490620490585,0.2645023088023087,0.23609278499278513,Home Win,0.49940490620490585
-3447089155881,560851,football-data.org,2027-04-10 14:00:00+00:00,1807365600,UTC,NS,TIMED,,39,Premier League,England,2026,Regular Season - 31,66,Aston Villa,AVL,58,51,Brighton,BHA,397,19,4,0,1,3,1,7,-6,1,4,LLDL,1,0,1,3,1,7,-6,2,LL,0,0,0,2,1,3,-2,2,LD,1,0,1,1,0,4,-4,5,4,2,1,1,13,5,8,7,4,WLDW,7,2,1,1,13,5,8,2,WD,4,1,1,0,5,1,4,2,LW,3,1,0,1,8,4,4,0.3184279220779219,0.2235533189033189,0.458018759018759,Away Win,0.458018759018759
-108217047020693,560852,football-data.org,2027-04-17 14:00:00+00:00,1807970400,UTC,NS,TIMED,,39,Premier League,England,2026,Regular Season - 32,51,Brighton,BHA,397,49,Chelsea,CHE,61,5,4,2,1,1,13,5,8,7,4,WLDW,7,2,1,1,13,5,8,2,WD,4,1,1,0,5,1,4,2,LW,3,1,0,1,8,4,4,6,4,2,1,1,10,9,1,7,4,WWLD,7,2,1,1,10,9,1,2,WD,4,1,1,0,6,5,1,2,WL,3,1,0,1,4,4,0,0.36388845598845593,0.24054567099567087,0.3955658730158733,Away Win,0.3955658730158733
-153841978545026,560855,football-data.org,2027-04-17 14:00:00+00:00,1807970400,UTC,NS,TIMED,,39,Premier League,England,2026,Regular Season - 32,65,Nottingham Forest,NOT,351,40,Liverpool,LIV,64,11,4,1,2,1,4,4,0,5,4,LDDW,5,1,2,1,4,4,0,2,LD,1,0,1,1,0,1,-1,2,DW,4,1,1,0,4,3,1,8,4,1,3,0,6,4,2,6,4,DDWD,6,1,3,0,6,4,2,2,DD,2,0,2,0,2,2,0,2,DW,4,1,1,0,4,2,2,0.29487327672327684,0.2033600677100677,0.5017666555666556,Away Win,0.5017666555666556
-166450496199058,560854,football-data.org,2027-04-17 14:00:00+00:00,1807970400,UTC,NS,TIMED,,39,Premier League,England,2026,Regular Season - 32,55,Brentford,BRE,402,-156530674508954,Leeds,LEE,341,7,4,1,3,0,7,4,3,6,4,WDDD,6,1,3,0,7,4,3,2,WD,4,1,1,0,4,1,3,2,DD,2,0,2,0,3,3,0,3,4,2,2,0,7,3,4,8,4,WDDW,8,2,2,0,7,3,4,2,DW,4,1,1,0,5,2,3,2,WD,4,1,1,0,2,1,1,0.3397891774891775,0.24799710844710843,0.4122137140637139,Away Win,0.4122137140637139
-220145664365316,560858,football-data.org,2027-04-17 14:00:00+00:00,1807970400,UTC,NS,TIMED,,39,Premier League,England,2026,Regular Season - 32,57,Ipswich,IPS,349,33,Manchester United,MUN,66,10,4,2,0,2,7,10,-3,6,4,WLLW,6,2,0,2,7,10,-3,2,WL,3,1,0,1,2,3,-1,2,LW,3,1,0,1,5,7,-2,13,4,1,1,2,7,7,0,4,4,LWDL,4,1,1,2,7,7,0,2,WL,3,1,0,1,5,3,2,2,LD,1,0,1,1,2,4,-2,0.13550225885225897,0.26697756687756685,0.5975201742701738,Away Win,0.5975201742701738
-231900715348996,560859,football-data.org,2027-04-17 14:00:00+00:00,1807970400,UTC,NS,TIMED,,39,Premier League,England,2026,Regular Season - 32,50,Manchester City,MCI,65,52,Crystal Palace,CRY,354,2,4,4,0,0,8,2,6,12,4,WWWW,12,4,0,0,8,2,6,2,WW,6,2,0,0,3,1,2,2,WW,6,2,0,0,5,1,4,16,4,1,0,3,6,11,-5,3,4,LLWL,3,1,0,3,6,11,-5,2,LL,0,0,0,2,3,7,-4,2,LW,3,1,0,1,3,4,-1,0.6344394660894662,0.16375598845598852,0.20180454545454554,Home Win,0.6344394660894662
-244156649499732,560857,football-data.org,2027-04-17 14:00:00+00:00,1807970400,UTC,NS,TIMED,,39,Premier League,England,2026,Regular Season - 32,42,Arsenal,ARS,57,66,Aston Villa,AVL,58,1,4,4,0,0,8,1,7,12,4,WWWW,12,4,0,0,8,1,7,2,WW,6,2,0,0,5,1,4,2,WW,6,2,0,0,3,0,3,19,4,0,1,3,1,7,-6,1,4,LLDL,1,0,1,3,1,7,-6,2,LL,0,0,0,2,1,3,-2,2,LD,1,0,1,1,0,4,-4,0.610558152958153,0.18806976911976905,0.20137207792207804,Home Win,0.610558152958153
-248597668307382,560860,football-data.org,2027-04-17 14:00:00+00:00,1807970400,UTC,NS,TIMED,,39,Premier League,England,2026,Regular Season - 32,34,Newcastle,NEW,67,47,Tottenham,TOT,73,12,4,1,2,1,7,8,-1,5,4,DWDL,5,1,2,1,7,8,-1,2,DD,2,0,2,0,4,4,0,2,WL,3,1,0,1,3,4,-1,17,4,0,2,2,0,5,-5,2,4,LLDD,2,0,2,2,0,5,-5,2,LD,1,0,1,1,0,2,-2,2,LD,1,0,1,1,0,3,-3,0.41967157287157253,0.27054531024531026,0.30978311688311705,Home Win,0.41967157287157253
-369000058770,560853,football-data.org,2027-04-17 14:00:00+00:00,1807970400,UTC,NS,TIMED,,39,Premier League,England,2026,Regular Season - 32,36,Fulham,FUL,63,-218557486738561,Sunderland,SUN,71,18,4,0,1,3,4,7,-3,1,4,LLLD,1,0,1,3,4,7,-3,2,LL,0,0,0,2,4,6,-2,2,LD,1,0,1,1,0,1,-1,14,4,1,1,2,3,5,-2,4,4,LWDL,4,1,1,2,3,5,-2,2,WL,3,1,0,1,1,2,-1,2,LD,1,0,1,1,2,3,-1,0.28057784992785,0.26234645909645926,0.45707569097569084,Away Win,0.45707569097569084
-44496624982340,560856,football-data.org,2027-04-17 14:00:00+00:00,1807970400,UTC,NS,TIMED,,39,Premier League,England,2026,Regular Season - 32,-44103427291829,Hull City,HUL,322,-39195573837902,Coventry City,COV,1076,4,4,2,2,0,5,2,3,8,4,WWDD,8,2,2,0,5,2,3,2,WD,4,1,1,0,2,0,2,2,WD,4,1,1,0,3,2,1,20,4,0,0,4,0,10,-10,0,4,LLLL,0,0,0,4,0,10,-10,2,LL,0,0,0,2,0,6,-6,2,LL,0,0,0,2,0,4,-4,0.4877248707432919,0.37072630819472935,0.14154882106197897,Home Win,0.4877248707432919
-58564648024767,560861,football-data.org,2027-04-17 14:00:00+00:00,1807970400,UTC,NS,TIMED,,39,Premier League,England,2026,Regular Season - 32,45,Everton,EVE,62,35,Bournemouth,BOU,1044,9,4,1,3,0,5,3,2,6,4,WDDD,6,1,3,0,5,3,2,2,WD,4,1,1,0,4,2,2,2,DD,2,0,2,0,1,1,0,15,4,0,3,1,6,7,-1,3,4,LDDD,3,0,3,1,6,7,-1,2,DD,2,0,2,0,3,3,0,2,LD,1,0,1,1,3,4,-1,0.28678883893883894,0.19375512820512825,0.5194560328560329,Away Win,0.5194560328560329
-105823417444685,560863,football-data.org,2027-04-24 14:00:00+00:00,1808575200,UTC,NS,TIMED,,39,Premier League,England,2026,Regular Season - 33,35,Bournemouth,BOU,1044,42,Arsenal,ARS,57,15,4,0,3,1,6,7,-1,3,4,LDDD,3,0,3,1,6,7,-1,2,DD,2,0,2,0,3,3,0,2,LD,1,0,1,1,3,4,-1,1,4,4,0,0,8,1,7,12,4,WWWW,12,4,0,0,8,1,7,2,WW,6,2,0,0,5,1,4,2,WW,6,2,0,0,3,0,3,0.1555117604617604,0.23262217227217238,0.6118660672660675,Away Win,0.6118660672660675
-126107896820952,560868,football-data.org,2027-04-24 14:00:00+00:00,1808575200,UTC,NS,TIMED,,39,Premier League,England,2026,Regular Season - 33,34,Newcastle,NEW,67,57,Ipswich,IPS,349,12,4,1,2,1,7,8,-1,5,4,DWDL,5,1,2,1,7,8,-1,2,DD,2,0,2,0,4,4,0,2,WL,3,1,0,1,3,4,-1,10,4,2,0,2,7,10,-3,6,4,WLLW,6,2,0,2,7,10,-3,2,WL,3,1,0,1,2,3,-1,2,LW,3,1,0,1,5,7,-2,0.5770316017316018,0.2298369408369408,0.19313145743145746,Home Win,0.5770316017316018
-185449550834605,560865,football-data.org,2027-04-24 14:00:00+00:00,1808575200,UTC,NS,TIMED,,39,Premier League,England,2026,Regular Season - 33,33,Manchester United,MUN,66,52,Crystal Palace,CRY,354,13,4,1,1,2,7,7,0,4,4,LWDL,4,1,1,2,7,7,0,2,WL,3,1,0,1,5,3,2,2,LD,1,0,1,1,2,4,-2,16,4,1,0,3,6,11,-5,3,4,LLWL,3,1,0,3,6,11,-5,2,LL,0,0,0,2,3,7,-4,2,LW,3,1,0,1,3,4,-1,0.4864782828282828,0.23523528138528113,0.278286435786436,Home Win,0.4864782828282828
-23138703719842,560871,football-data.org,2027-04-24 14:00:00+00:00,1808575200,UTC,NS,TIMED,,39,Premier League,England,2026,Regular Season - 33,-156530674508954,Leeds,LEE,341,40,Liverpool,LIV,64,3,4,2,2,0,7,3,4,8,4,WDDW,8,2,2,0,7,3,4,2,DW,4,1,1,0,5,2,3,2,WD,4,1,1,0,2,1,1,8,4,1,3,0,6,4,2,6,4,DDWD,6,1,3,0,6,4,2,2,DD,2,0,2,0,2,2,0,2,DW,4,1,1,0,4,2,2,0.37650324675324676,0.17559047619047619,0.44790627705627706,Away Win,0.44790627705627706
-29528544477397,560864,football-data.org,2027-04-24 14:00:00+00:00,1808575200,UTC,NS,TIMED,,39,Premier League,England,2026,Regular Season - 33,47,Tottenham,TOT,73,-44103427291829,Hull City,HUL,322,17,4,0,2,2,0,5,-5,2,4,LLDD,2,0,2,2,0,5,-5,2,LD,1,0,1,1,0,2,-2,2,LD,1,0,1,1,0,3,-3,4,4,2,2,0,5,2,3,8,4,WWDD,8,2,2,0,5,2,3,2,WD,4,1,1,0,2,0,2,2,WD,4,1,1,0,3,2,1,0.30975093370681595,0.2366987927105574,0.45355027358262645,Away Win,0.45355027358262645
-40342862192471,560866,football-data.org,2027-04-24 14:00:00+00:00,1808575200,UTC,NS,TIMED,,39,Premier League,England,2026,Regular Season - 33,45,Everton,EVE,62,51,Brighton,BHA,397,9,4,1,3,0,5,3,2,6,4,WDDD,6,1,3,0,5,3,2,2,WD,4,1,1,0,4,2,2,2,DD,2,0,2,0,1,1,0,5,4,2,1,1,13,5,8,7,4,WLDW,7,2,1,1,13,5,8,2,WD,4,1,1,0,5,1,4,2,LW,3,1,0,1,8,4,4,0.26884677544677543,0.21134401709401712,0.5198092074592073,Away Win,0.5198092074592073
-42653010854138,560869,football-data.org,2027-04-24 14:00:00+00:00,1808575200,UTC,NS,TIMED,,39,Premier League,England,2026,Regular Season - 33,66,Aston Villa,AVL,58,-39195573837902,Coventry City,COV,1076,19,4,0,1,3,1,7,-6,1,4,LLDL,1,0,1,3,1,7,-6,2,LL,0,0,0,2,1,3,-2,2,LD,1,0,1,1,0,4,-4,20,4,0,0,4,0,10,-10,0,4,LLLL,0,0,0,4,0,10,-10,2,LL,0,0,0,2,0,6,-6,2,LL,0,0,0,2,0,4,-4,0.421173665223665,0.3611790098790098,0.217647324897325,Home Win,0.421173665223665
-46590802759360,560867,football-data.org,2027-04-24 14:00:00+00:00,1808575200,UTC,NS,TIMED,,39,Premier League,England,2026,Regular Season - 33,65,Nottingham Forest,NOT,351,-218557486738561,Sunderland,SUN,71,11,4,1,2,1,4,4,0,5,4,LDDW,5,1,2,1,4,4,0,2,LD,1,0,1,1,0,1,-1,2,DW,4,1,1,0,4,3,1,14,4,1,1,2,3,5,-2,4,4,LWDL,4,1,1,2,3,5,-2,2,WL,3,1,0,1,1,2,-1,2,LD,1,0,1,1,2,3,-1,0.38527936507936544,0.23538238983238982,0.37933824508824493,Home Win,0.38527936507936544
-65343216776832,560862,football-data.org,2027-04-24 14:00:00+00:00,1808575200,UTC,NS,TIMED,,39,Premier League,England,2026,Regular Season - 33,49,Chelsea,CHE,61,50,Manchester City,MCI,65,6,4,2,1,1,10,9,1,7,4,WWLD,7,2,1,1,10,9,1,2,WD,4,1,1,0,6,5,1,2,WL,3,1,0,1,4,4,0,2,4,4,0,0,8,2,6,12,4,WWWW,12,4,0,0,8,2,6,2,WW,6,2,0,0,3,1,2,2,WW,6,2,0,0,5,1,4,0.2420186868686869,0.319070584970585,0.4389107281607283,Away Win,0.4389107281607283
-6980652466662,560870,football-data.org,2027-04-24 14:00:00+00:00,1808575200,UTC,NS,TIMED,,39,Premier League,England,2026,Regular Season - 33,55,Brentford,BRE,402,36,Fulham,FUL,63,7,4,1,3,0,7,4,3,6,4,WDDD,6,1,3,0,7,4,3,2,WD,4,1,1,0,4,1,3,2,DD,2,0,2,0,3,3,0,18,4,0,1,3,4,7,-3,1,4,LLLD,1,0,1,3,4,7,-3,2,LL,0,0,0,2,4,6,-2,2,LD,1,0,1,1,0,1,-1,0.42091608946608955,0.24007619047619042,0.33900772005772,Home Win,0.42091608946608955
-115243113433139,560879,football-data.org,2027-05-01 14:00:00+00:00,1809180000,UTC,NS,TIMED,,39,Premier League,England,2026,Regular Season - 34,42,Arsenal,ARS,57,47,Tottenham,TOT,73,1,4,4,0,0,8,1,7,12,4,WWWW,12,4,0,0,8,1,7,2,WW,6,2,0,0,5,1,4,2,WW,6,2,0,0,3,0,3,17,4,0,2,2,0,5,-5,2,4,LLDD,2,0,2,2,0,5,-5,2,LD,1,0,1,1,0,2,-2,2,LD,1,0,1,1,0,3,-3,0.6358071428571426,0.196093795093795,0.16809906204906214,Home Win,0.6358071428571426
-12709329284050,560875,football-data.org,2027-05-01 14:00:00+00:00,1809180000,UTC,NS,TIMED,,39,Premier League,England,2026,Regular Season - 34,-44103427291829,Hull City,HUL,322,35,Bournemouth,BOU,1044,4,4,2,2,0,5,2,3,8,4,WWDD,8,2,2,0,5,2,3,2,WD,4,1,1,0,2,0,2,2,WD,4,1,1,0,3,2,1,15,4,0,3,1,6,7,-1,3,4,LDDD,3,0,3,1,6,7,-1,2,DD,2,0,2,0,3,3,0,2,LD,1,0,1,1,3,4,-1,0.4103497835497834,0.22290548340548347,0.3667447330447329,Home Win,0.4103497835497834
-151796621148369,560878,football-data.org,2027-05-01 14:00:00+00:00,1809180000,UTC,NS,TIMED,,39,Premier League,England,2026,Regular Season - 34,40,Liverpool,LIV,64,49,Chelsea,CHE,61,8,4,1,3,0,6,4,2,6,4,DDWD,6,1,3,0,6,4,2,2,DD,2,0,2,0,2,2,0,2,DW,4,1,1,0,4,2,2,6,4,2,1,1,10,9,1,7,4,WWLD,7,2,1,1,10,9,1,2,WD,4,1,1,0,6,5,1,2,WL,3,1,0,1,4,4,0,0.495609595959596,0.20490505050505045,0.29948535353535355,Home Win,0.495609595959596
-17827669111541,560872,football-data.org,2027-05-01 14:00:00+00:00,1809180000,UTC,NS,TIMED,,39,Premier League,England,2026,Regular Season - 34,-218557486738561,Sunderland,SUN,71,34,Newcastle,NEW,67,14,4,1,1,2,3,5,-2,4,4,LWDL,4,1,1,2,3,5,-2,2,WL,3,1,0,1,1,2,-1,2,LD,1,0,1,1,2,3,-1,12,4,1,2,1,7,8,-1,5,4,DWDL,5,1,2,1,7,8,-1,2,DD,2,0,2,0,4,4,0,2,WL,3,1,0,1,3,4,-1,0.39614292929292916,0.16691284271284276,0.4369442279942281,Away Win,0.4369442279942281
-19053416007008,560880,football-data.org,2027-05-01 14:00:00+00:00,1809180000,UTC,NS,TIMED,,39,Premier League,England,2026,Regular Season - 34,52,Crystal Palace,CRY,354,66,Aston Villa,AVL,58,16,4,1,0,3,6,11,-5,3,4,LLWL,3,1,0,3,6,11,-5,2,LL,0,0,0,2,3,7,-4,2,LW,3,1,0,1,3,4,-1,19,4,0,1,3,1,7,-6,1,4,LLDL,1,0,1,3,1,7,-6,2,LL,0,0,0,2,1,3,-2,2,LD,1,0,1,1,0,4,-4,0.22981575091575088,0.2897051282051281,0.4804791208791209,Away Win,0.4804791208791209
-19080877029784,560881,football-data.org,2027-05-01 14:00:00+00:00,1809180000,UTC,NS,TIMED,,39,Premier League,England,2026,Regular Season - 34,57,Ipswich,IPS,349,-156530674508954,Leeds,LEE,341,10,4,2,0,2,7,10,-3,6,4,WLLW,6,2,0,2,7,10,-3,2,WL,3,1,0,1,2,3,-1,2,LW,3,1,0,1,5,7,-2,3,4,2,2,0,7,3,4,8,4,WDDW,8,2,2,0,7,3,4,2,DW,4,1,1,0,5,2,3,2,WD,4,1,1,0,2,1,1,0.12211303696303705,0.2756646464646465,0.6022223165723161,Away Win,0.6022223165723161
-214419211159619,560873,football-data.org,2027-05-01 14:00:00+00:00,1809180000,UTC,NS,TIMED,,39,Premier League,England,2026,Regular Season - 34,51,Brighton,BHA,397,65,Nottingham Forest,NOT,351,5,4,2,1,1,13,5,8,7,4,WLDW,7,2,1,1,13,5,8,2,WD,4,1,1,0,5,1,4,2,LW,3,1,0,1,8,4,4,11,4,1,2,1,4,4,0,5,4,LDDW,5,1,2,1,4,4,0,2,LD,1,0,1,1,0,1,-1,2,DW,4,1,1,0,4,3,1,0.4047830447330445,0.26179797979797964,0.33341897546897564,Home Win,0.4047830447330445
-250337402524211,560876,football-data.org,2027-05-01 14:00:00+00:00,1809180000,UTC,NS,TIMED,,39,Premier League,England,2026,Regular Season - 34,50,Manchester City,MCI,65,55,Brentford,BRE,402,2,4,4,0,0,8,2,6,12,4,WWWW,12,4,0,0,8,2,6,2,WW,6,2,0,0,3,1,2,2,WW,6,2,0,0,5,1,4,7,4,1,3,0,7,4,3,6,4,WDDD,6,1,3,0,7,4,3,2,WD,4,1,1,0,4,1,3,2,DD,2,0,2,0,3,3,0,0.6191157287157288,0.1690536075036075,0.21183066378066404,Home Win,0.6191157287157288
-44459626931116,560877,football-data.org,2027-05-01 14:00:00+00:00,1809180000,UTC,NS,TIMED,,39,Premier League,England,2026,Regular Season - 34,36,Fulham,FUL,63,45,Everton,EVE,62,18,4,0,1,3,4,7,-3,1,4,LLLD,1,0,1,3,4,7,-3,2,LL,0,0,0,2,4,6,-2,2,LD,1,0,1,1,0,1,-1,9,4,1,3,0,5,3,2,6,4,WDDD,6,1,3,0,5,3,2,2,WD,4,1,1,0,4,2,2,2,DD,2,0,2,0,1,1,0,0.3580065656565658,0.18702279942279948,0.45497063492063466,Away Win,0.45497063492063466
-65258615754609,560874,football-data.org,2027-05-01 14:00:00+00:00,1809180000,UTC,NS,TIMED,,39,Premier League,England,2026,Regular Season - 34,-39195573837902,Coventry City,COV,1076,33,Manchester United,MUN,66,20,4,0,0,4,0,10,-10,0,4,LLLL,0,0,0,4,0,10,-10,2,LL,0,0,0,2,0,6,-6,2,LL,0,0,0,2,0,4,-4,13,4,1,1,2,7,7,0,4,4,LWDL,4,1,1,2,7,7,0,2,WL,3,1,0,1,5,3,2,2,LD,1,0,1,1,2,4,-2,0.22975634920634913,0.21717442002442008,0.5530692307692309,Away Win,0.5530692307692309
-139800423210112,560891,football-data.org,2027-05-08 14:00:00+00:00,1809784800,UTC,NS,TIMED,,39,Premier League,England,2026,Regular Season - 35,35,Bournemouth,BOU,1044,33,Manchester United,MUN,66,15,4,0,3,1,6,7,-1,3,4,LDDD,3,0,3,1,6,7,-1,2,DD,2,0,2,0,3,3,0,2,LD,1,0,1,1,3,4,-1,13,4,1,1,2,7,7,0,4,4,LWDL,4,1,1,2,7,7,0,2,WL,3,1,0,1,5,3,2,2,LD,1,0,1,1,2,4,-2,0.26807554112554105,0.24665238095238096,0.4852720779220777,Away Win,0.4852720779220777
-141523020890287,560882,football-data.org,2027-05-08 14:00:00+00:00,1809784800,UTC,NS,TIMED,,39,Premier League,England,2026,Regular Season - 35,50,Manchester City,MCI,65,40,Liverpool,LIV,64,2,4,4,0,0,8,2,6,12,4,WWWW,12,4,0,0,8,2,6,2,WW,6,2,0,0,3,1,2,2,WW,6,2,0,0,5,1,4,8,4,1,3,0,6,4,2,6,4,DDWD,6,1,3,0,6,4,2,2,DD,2,0,2,0,2,2,0,2,DW,4,1,1,0,4,2,2,0.5043461038961037,0.2310533910533909,0.2646005050505052,Home Win,0.5043461038961037
-227808844888460,560884,football-data.org,2027-05-08 14:00:00+00:00,1809784800,UTC,NS,TIMED,,39,Premier League,England,2026,Regular Season - 35,36,Fulham,FUL,63,57,Ipswich,IPS,349,18,4,0,1,3,4,7,-3,1,4,LLLD,1,0,1,3,4,7,-3,2,LL,0,0,0,2,4,6,-2,2,LD,1,0,1,1,0,1,-1,10,4,2,0,2,7,10,-3,6,4,WLLW,6,2,0,2,7,10,-3,2,WL,3,1,0,1,2,3,-1,2,LW,3,1,0,1,5,7,-2,0.5346974747474748,0.20779963924963923,0.2575028860028861,Home Win,0.5346974747474748
-237420757498491,560888,football-data.org,2027-05-08 14:00:00+00:00,1809784800,UTC,NS,TIMED,,39,Premier League,England,2026,Regular Season - 35,51,Brighton,BHA,397,-218557486738561,Sunderland,SUN,71,5,4,2,1,1,13,5,8,7,4,WLDW,7,2,1,1,13,5,8,2,WD,4,1,1,0,5,1,4,2,LW,3,1,0,1,8,4,4,14,4,1,1,2,3,5,-2,4,4,LWDL,4,1,1,2,3,5,-2,2,WL,3,1,0,1,1,2,-1,2,LD,1,0,1,1,2,3,-1,0.5271887445887445,0.2536440836940837,0.2191671717171718,Home Win,0.5271887445887445
-253792043228960,560890,football-data.org,2027-05-08 14:00:00+00:00,1809784800,UTC,NS,TIMED,,39,Premier League,England,2026,Regular Season - 35,45,Everton,EVE,62,-44103427291829,Hull City,HUL,322,9,4,1,3,0,5,3,2,6,4,WDDD,6,1,3,0,5,3,2,2,WD,4,1,1,0,4,2,2,2,DD,2,0,2,0,1,1,0,4,4,2,2,0,5,2,3,8,4,WWDD,8,2,2,0,5,2,3,2,WD,4,1,1,0,2,0,2,2,WD,4,1,1,0,3,2,1,0.2680845376845379,0.23514224664224656,0.49677321567321564,Away Win,0.49677321567321564
-266039564337596,560886,football-data.org,2027-05-08 14:00:00+00:00,1809784800,UTC,NS,TIMED,,39,Premier League,England,2026,Regular Season - 35,55,Brentford,BRE,402,66,Aston Villa,AVL,58,7,4,1,3,0,7,4,3,6,4,WDDD,6,1,3,0,7,4,3,2,WD,4,1,1,0,4,1,3,2,DD,2,0,2,0,3,3,0,19,4,0,1,3,1,7,-6,1,4,LLDL,1,0,1,3,1,7,-6,2,LL,0,0,0,2,1,3,-2,2,LD,1,0,1,1,0,4,-4,0.331011976911977,0.2565079365079364,0.41248008658008667,Away Win,0.41248008658008667
-277967741356231,560887,football-data.org,2027-05-08 14:00:00+00:00,1809784800,UTC,NS,TIMED,,39,Premier League,England,2026,Regular Season - 35,34,Newcastle,NEW,67,-39195573837902,Coventry City,COV,1076,12,4,1,2,1,7,8,-1,5,4,DWDL,5,1,2,1,7,8,-1,2,DD,2,0,2,0,4,4,0,2,WL,3,1,0,1,3,4,-1,20,4,0,0,4,0,10,-10,0,4,LLLL,0,0,0,4,0,10,-10,2,LL,0,0,0,2,0,6,-6,2,LL,0,0,0,2,0,4,-4,0.43793932178932166,0.36096717726717714,0.20109350094350098,Home Win,0.43793932178932166
-31199579239800,560889,football-data.org,2027-05-08 14:00:00+00:00,1809784800,UTC,NS,TIMED,,39,Premier League,England,2026,Regular Season - 35,47,Tottenham,TOT,73,49,Chelsea,CHE,61,17,4,0,2,2,0,5,-5,2,4,LLDD,2,0,2,2,0,5,-5,2,LD,1,0,1,1,0,2,-2,2,LD,1,0,1,1,0,3,-3,6,4,2,1,1,10,9,1,7,4,WWLD,7,2,1,1,10,9,1,2,WD,4,1,1,0,6,5,1,2,WL,3,1,0,1,4,4,0,0.30252784992785,0.1869468253968253,0.5105253246753244,Away Win,0.5105253246753244
-63820773350140,560885,football-data.org,2027-05-08 14:00:00+00:00,1809784800,UTC,NS,TIMED,,39,Premier League,England,2026,Regular Season - 35,65,Nottingham Forest,NOT,351,52,Crystal Palace,CRY,354,11,4,1,2,1,4,4,0,5,4,LDDW,5,1,2,1,4,4,0,2,LD,1,0,1,1,0,1,-1,2,DW,4,1,1,0,4,3,1,16,4,1,0,3,6,11,-5,3,4,LLWL,3,1,0,3,6,11,-5,2,LL,0,0,0,2,3,7,-4,2,LW,3,1,0,1,3,4,-1,0.4236380952380953,0.20947157287157292,0.36689033189033204,Home Win,0.4236380952380953
-86105572623145,560883,football-data.org,2027-05-08 14:00:00+00:00,1809784800,UTC,NS,TIMED,,39,Premier League,England,2026,Regular Season - 35,-156530674508954,Leeds,LEE,341,42,Arsenal,ARS,57,3,4,2,2,0,7,3,4,8,4,WDDW,8,2,2,0,7,3,4,2,DW,4,1,1,0,5,2,3,2,WD,4,1,1,0,2,1,1,1,4,4,0,0,8,1,7,12,4,WWWW,12,4,0,0,8,1,7,2,WW,6,2,0,0,5,1,4,2,WW,6,2,0,0,3,0,3,0.18111868686868682,0.18907893217893226,0.6298023809523811,Away Win,0.6298023809523811
-108002838857361,560900,football-data.org,2027-05-15 14:00:00+00:00,1810389600,UTC,NS,TIMED,,39,Premier League,England,2026,Regular Season - 36,49,Chelsea,CHE,61,45,Everton,EVE,62,6,4,2,1,1,10,9,1,7,4,WWLD,7,2,1,1,10,9,1,2,WD,4,1,1,0,6,5,1,2,WL,3,1,0,1,4,4,0,9,4,1,3,0,5,3,2,6,4,WDDD,6,1,3,0,5,3,2,2,WD,4,1,1,0,4,2,2,2,DD,2,0,2,0,1,1,0,0.4661599567099563,0.2696297979797979,0.26421024531024545,Home Win,0.4661599567099563
-123532442581665,560901,football-data.org,2027-05-15 14:00:00+00:00,1810389600,UTC,NS,TIMED,,39,Premier League,England,2026,Regular Season - 36,-39195573837902,Coventry City,COV,1076,47,Tottenham,TOT,73,20,4,0,0,4,0,10,-10,0,4,LLLL,0,0,0,4,0,10,-10,2,LL,0,0,0,2,0,6,-6,2,LL,0,0,0,2,0,4,-4,17,4,0,2,2,0,5,-5,2,4,LLDD,2,0,2,2,0,5,-5,2,LD,1,0,1,1,0,2,-2,2,LD,1,0,1,1,0,3,-3,0.2072767676767677,0.19561128871128874,0.5971119436119435,Away Win,0.5971119436119435
-134651800824528,560894,football-data.org,2027-05-15 14:00:00+00:00,1810389600,UTC,NS,TIMED,,39,Premier League,England,2026,Regular Season - 36,57,Ipswich,IPS,349,50,Manchester City,MCI,65,10,4,2,0,2,7,10,-3,6,4,WLLW,6,2,0,2,7,10,-3,2,WL,3,1,0,1,2,3,-1,2,LW,3,1,0,1,5,7,-2,2,4,4,0,0,8,2,6,12,4,WWWW,12,4,0,0,8,2,6,2,WW,6,2,0,0,3,1,2,2,WW,6,2,0,0,5,1,4,0.10282395382395391,0.1734709235209235,0.7237051226551227,Away Win,0.7237051226551227
-161682870647630,560899,football-data.org,2027-05-15 14:00:00+00:00,1810389600,UTC,NS,TIMED,,39,Premier League,England,2026,Regular Season - 36,66,Aston Villa,AVL,58,34,Newcastle,NEW,67,19,4,0,1,3,1,7,-6,1,4,LLDL,1,0,1,3,1,7,-6,2,LL,0,0,0,2,1,3,-2,2,LD,1,0,1,1,0,4,-4,12,4,1,2,1,7,8,-1,5,4,DWDL,5,1,2,1,7,8,-1,2,DD,2,0,2,0,4,4,0,2,WL,3,1,0,1,3,4,-1,0.3425310245310245,0.20773037518037518,0.44973860028860024,Away Win,0.44973860028860024
-184021763146209,560897,football-data.org,2027-05-15 14:00:00+00:00,1810389600,UTC,NS,TIMED,,39,Premier League,England,2026,Regular Season - 36,33,Manchester United,MUN,66,-156530674508954,Leeds,LEE,341,13,4,1,1,2,7,7,0,4,4,LWDL,4,1,1,2,7,7,0,2,WL,3,1,0,1,5,3,2,2,LD,1,0,1,1,2,4,-2,3,4,2,2,0,7,3,4,8,4,WDDW,8,2,2,0,7,3,4,2,DW,4,1,1,0,5,2,3,2,WD,4,1,1,0,2,1,1,0.43817972582972586,0.25592193362193355,0.3058983405483407,Home Win,0.43817972582972586
-204003137927142,560896,football-data.org,2027-05-15 14:00:00+00:00,1810389600,UTC,NS,TIMED,,39,Premier League,England,2026,Regular Season - 36,-44103427291829,Hull City,HUL,322,36,Fulham,FUL,63,4,4,2,2,0,5,2,3,8,4,WWDD,8,2,2,0,5,2,3,2,WD,4,1,1,0,2,0,2,2,WD,4,1,1,0,3,2,1,18,4,0,1,3,4,7,-3,1,4,LLLD,1,0,1,3,4,7,-3,2,LL,0,0,0,2,4,6,-2,2,LD,1,0,1,1,0,1,-1,0.4703585137085135,0.21617546897546897,0.3134660173160175,Home Win,0.4703585137085135
-238368449122428,560892,football-data.org,2027-05-15 14:00:00+00:00,1810389600,UTC,NS,TIMED,,39,Premier League,England,2026,Regular Season - 36,-218557486738561,Sunderland,SUN,71,35,Bournemouth,BOU,1044,14,4,1,1,2,3,5,-2,4,4,LWDL,4,1,1,2,3,5,-2,2,WL,3,1,0,1,1,2,-1,2,LD,1,0,1,1,2,3,-1,15,4,0,3,1,6,7,-1,3,4,LDDD,3,0,3,1,6,7,-1,2,DD,2,0,2,0,3,3,0,2,LD,1,0,1,1,3,4,-1,0.4256167388167387,0.15453888888888886,0.41984437229437227,Home Win,0.4256167388167387
-274673606845444,560893,football-data.org,2027-05-15 14:00:00+00:00,1810389600,UTC,NS,TIMED,,39,Premier League,England,2026,Regular Season - 36,40,Liverpool,LIV,64,55,Brentford,BRE,402,8,4,1,3,0,6,4,2,6,4,DDWD,6,1,3,0,6,4,2,2,DD,2,0,2,0,2,2,0,2,DW,4,1,1,0,4,2,2,7,4,1,3,0,7,4,3,6,4,WDDD,6,1,3,0,7,4,3,2,WD,4,1,1,0,4,1,3,2,DD,2,0,2,0,3,3,0,0.5295349927849926,0.18818679653679657,0.28227821067821085,Home Win,0.5295349927849926
-43508598139390,560895,football-data.org,2027-05-15 14:00:00+00:00,1810389600,UTC,NS,TIMED,,39,Premier League,England,2026,Regular Season - 36,42,Arsenal,ARS,57,65,Nottingham Forest,NOT,351,1,4,4,0,0,8,1,7,12,4,WWWW,12,4,0,0,8,1,7,2,WW,6,2,0,0,5,1,4,2,WW,6,2,0,0,3,0,3,11,4,1,2,1,4,4,0,5,4,LDDW,5,1,2,1,4,4,0,2,LD,1,0,1,1,0,1,-1,2,DW,4,1,1,0,4,3,1,0.6150629148629149,0.1899118326118325,0.19502525252525266,Home Win,0.6150629148629149
-71809996582546,560898,football-data.org,2027-05-15 14:00:00+00:00,1810389600,UTC,NS,TIMED,,39,Premier League,England,2026,Regular Season - 36,52,Crystal Palace,CRY,354,51,Brighton,BHA,397,16,4,1,0,3,6,11,-5,3,4,LLWL,3,1,0,3,6,11,-5,2,LL,0,0,0,2,3,7,-4,2,LW,3,1,0,1,3,4,-1,5,4,2,1,1,13,5,8,7,4,WLDW,7,2,1,1,13,5,8,2,WD,4,1,1,0,5,1,4,2,LW,3,1,0,1,8,4,4,0.22254927849927833,0.2420809523809524,0.5353697691197689,Away Win,0.5353697691197689
-112545802853557,560902,football-data.org,2027-05-23 14:00:00+00:00,1811080800,UTC,NS,TIMED,,39,Premier League,England,2026,Regular Season - 37,55,Brentford,BRE,402,-44103427291829,Hull City,HUL,322,7,4,1,3,0,7,4,3,6,4,WDDD,6,1,3,0,7,4,3,2,WD,4,1,1,0,4,1,3,2,DD,2,0,2,0,3,3,0,4,4,2,2,0,5,2,3,8,4,WWDD,8,2,2,0,5,2,3,2,WD,4,1,1,0,2,0,2,2,WD,4,1,1,0,3,2,1,0.36800375310963546,0.27480963742140213,0.3571866094689625,Home Win,0.36800375310963546
-117873929022917,560908,football-data.org,2027-05-23 14:00:00+00:00,1811080800,UTC,NS,TIMED,,39,Premier League,England,2026,Regular Season - 37,35,Bournemouth,BOU,1044,49,Chelsea,CHE,61,15,4,0,3,1,6,7,-1,3,4,LDDD,3,0,3,1,6,7,-1,2,DD,2,0,2,0,3,3,0,2,LD,1,0,1,1,3,4,-1,6,4,2,1,1,10,9,1,7,4,WWLD,7,2,1,1,10,9,1,2,WD,4,1,1,0,6,5,1,2,WL,3,1,0,1,4,4,0,0.29156594516594514,0.21439300144300152,0.49404105339105325,Away Win,0.49404105339105325
-146933852402355,560906,football-data.org,2027-05-23 14:00:00+00:00,1811080800,UTC,NS,TIMED,,39,Premier League,England,2026,Regular Season - 37,51,Brighton,BHA,397,40,Liverpool,LIV,64,5,4,2,1,1,13,5,8,7,4,WLDW,7,2,1,1,13,5,8,2,WD,4,1,1,0,5,1,4,2,LW,3,1,0,1,8,4,4,8,4,1,3,0,6,4,2,6,4,DDWD,6,1,3,0,6,4,2,2,DD,2,0,2,0,2,2,0,2,DW,4,1,1,0,4,2,2,0.3169059884559886,0.26142012987012964,0.4216738816738817,Away Win,0.4216738816738817
-171787224728051,560905,football-data.org,2027-05-23 14:00:00+00:00,1811080800,UTC,NS,TIMED,,39,Premier League,England,2026,Regular Season - 37,-156530674508954,Leeds,LEE,341,-218557486738561,Sunderland,SUN,71,3,4,2,2,0,7,3,4,8,4,WDDW,8,2,2,0,7,3,4,2,DW,4,1,1,0,5,2,3,2,WD,4,1,1,0,2,1,1,14,4,1,1,2,3,5,-2,4,4,LWDL,4,1,1,2,3,5,-2,2,WL,3,1,0,1,1,2,-1,2,LD,1,0,1,1,2,3,-1,0.5251176046176047,0.18177726717726722,0.2931051282051281,Home Win,0.5251176046176047
-191000423085573,560907,football-data.org,2027-05-23 14:00:00+00:00,1811080800,UTC,NS,TIMED,,39,Premier League,England,2026,Regular Season - 37,65,Nottingham Forest,NOT,351,57,Ipswich,IPS,349,11,4,1,2,1,4,4,0,5,4,LDDW,5,1,2,1,4,4,0,2,LD,1,0,1,1,0,1,-1,2,DW,4,1,1,0,4,3,1,10,4,2,0,2,7,10,-3,6,4,WLLW,6,2,0,2,7,10,-3,2,WL,3,1,0,1,2,3,-1,2,LW,3,1,0,1,5,7,-2,0.5286069985569987,0.2405368686868686,0.23085613275613281,Home Win,0.5286069985569987
-226801847885244,560903,football-data.org,2027-05-23 14:00:00+00:00,1811080800,UTC,NS,TIMED,,39,Premier League,England,2026,Regular Season - 37,34,Newcastle,NEW,67,52,Crystal Palace,CRY,354,12,4,1,2,1,7,8,-1,5,4,DWDL,5,1,2,1,7,8,-1,2,DD,2,0,2,0,4,4,0,2,WL,3,1,0,1,3,4,-1,16,4,1,0,3,6,11,-5,3,4,LLWL,3,1,0,3,6,11,-5,2,LL,0,0,0,2,3,7,-4,2,LW,3,1,0,1,3,4,-1,0.5186936507936507,0.21273997113997106,0.2685663780663781,Home Win,0.5186936507936507
-25769766987350,560904,football-data.org,2027-05-23 14:00:00+00:00,1811080800,UTC,NS,TIMED,,39,Premier League,England,2026,Regular Season - 37,47,Tottenham,TOT,73,33,Manchester United,MUN,66,17,4,0,2,2,0,5,-5,2,4,LLDD,2,0,2,2,0,5,-5,2,LD,1,0,1,1,0,2,-2,2,LD,1,0,1,1,0,3,-3,13,4,1,1,2,7,7,0,4,4,LWDL,4,1,1,2,7,7,0,2,WL,3,1,0,1,5,3,2,2,LD,1,0,1,1,2,4,-2,0.25611919191919197,0.22097380952380952,0.5229069985569982,Away Win,0.5229069985569982
-32243078505476,560910,football-data.org,2027-05-23 14:00:00+00:00,1811080800,UTC,NS,TIMED,,39,Premier League,England,2026,Regular Season - 37,45,Everton,EVE,62,42,Arsenal,ARS,57,9,4,1,3,0,5,3,2,6,4,WDDD,6,1,3,0,5,3,2,2,WD,4,1,1,0,4,2,2,2,DD,2,0,2,0,1,1,0,1,4,4,0,0,8,1,7,12,4,WWWW,12,4,0,0,8,1,7,2,WW,6,2,0,0,5,1,4,2,WW,6,2,0,0,3,0,3,0.18086212121212122,0.22295591630591635,0.5961819624819623,Away Win,0.5961819624819623
-59042014985751,560911,football-data.org,2027-05-23 14:00:00+00:00,1811080800,UTC,NS,TIMED,,39,Premier League,England,2026,Regular Season - 37,50,Manchester City,MCI,65,66,Aston Villa,AVL,58,2,4,4,0,0,8,2,6,12,4,WWWW,12,4,0,0,8,2,6,2,WW,6,2,0,0,3,1,2,2,WW,6,2,0,0,5,1,4,19,4,0,1,3,1,7,-6,1,4,LLDL,1,0,1,3,1,7,-6,2,LL,0,0,0,2,1,3,-2,2,LD,1,0,1,1,0,4,-4,0.5876704184704186,0.19988455988455983,0.21244502164502177,Home Win,0.5876704184704186
-8484985876742,560909,football-data.org,2027-05-23 14:00:00+00:00,1811080800,UTC,NS,TIMED,,39,Premier League,England,2026,Regular Season - 37,36,Fulham,FUL,63,-39195573837902,Coventry City,COV,1076,18,4,0,1,3,4,7,-3,1,4,LLLD,1,0,1,3,4,7,-3,2,LL,0,0,0,2,4,6,-2,2,LD,1,0,1,1,0,1,-1,20,4,0,0,4,0,10,-10,0,4,LLLL,0,0,0,4,0,10,-10,2,LL,0,0,0,2,0,6,-6,2,LL,0,0,0,2,0,4,-4,0.4023010822510821,0.3259422077922078,0.27175670995671,Home Win,0.4023010822510821
-134882313431518,560918,football-data.org,2027-05-30 15:00:00+00:00,1811689200,UTC,NS,TIMED,,39,Premier League,England,2026,Regular Season - 38,33,Manchester United,MUN,66,36,Fulham,FUL,63,13,4,1,1,2,7,7,0,4,4,LWDL,4,1,1,2,7,7,0,2,WL,3,1,0,1,5,3,2,2,LD,1,0,1,1,2,4,-2,18,4,0,1,3,4,7,-3,1,4,LLLD,1,0,1,3,4,7,-3,2,LL,0,0,0,2,4,6,-2,2,LD,1,0,1,1,0,1,-1,0.4549479797979798,0.24388621933621915,0.30116580086580086,Home Win,0.4549479797979798
-176571028069614,560916,football-data.org,2027-05-30 15:00:00+00:00,1811689200,UTC,NS,TIMED,,39,Premier League,England,2026,Regular Season - 38,66,Aston Villa,AVL,58,47,Tottenham,TOT,73,19,4,0,1,3,1,7,-6,1,4,LLDL,1,0,1,3,1,7,-6,2,LL,0,0,0,2,1,3,-2,2,LD,1,0,1,1,0,4,-4,17,4,0,2,2,0,5,-5,2,4,LLDD,2,0,2,2,0,5,-5,2,LD,1,0,1,1,0,2,-2,2,LD,1,0,1,1,0,3,-3,0.37934682539682535,0.2501787878787878,0.3704743867243868,Home Win,0.37934682539682535
-190015661832006,560913,football-data.org,2027-05-30 15:00:00+00:00,1811689200,UTC,NS,TIMED,,39,Premier League,England,2026,Regular Season - 38,42,Arsenal,ARS,57,51,Brighton,BHA,397,1,4,4,0,0,8,1,7,12,4,WWWW,12,4,0,0,8,1,7,2,WW,6,2,0,0,5,1,4,2,WW,6,2,0,0,3,0,3,5,4,2,1,1,13,5,8,7,4,WLDW,7,2,1,1,13,5,8,2,WD,4,1,1,0,5,1,4,2,LW,3,1,0,1,8,4,4,0.5937701298701302,0.18833802308802294,0.21789184704184716,Home Win,0.5937701298701302
-196424121537153,560915,football-data.org,2027-05-30 15:00:00+00:00,1811689200,UTC,NS,TIMED,,39,Premier League,England,2026,Regular Season - 38,-39195573837902,Coventry City,COV,1076,65,Nottingham Forest,NOT,351,20,4,0,0,4,0,10,-10,0,4,LLLL,0,0,0,4,0,10,-10,2,LL,0,0,0,2,0,6,-6,2,LL,0,0,0,2,0,4,-4,11,4,1,2,1,4,4,0,5,4,LDDW,5,1,2,1,4,4,0,2,LD,1,0,1,1,0,1,-1,2,DW,4,1,1,0,4,3,1,0.237147385620915,0.1997777346836171,0.563074879695468,Away Win,0.563074879695468
-199347865111926,560920,football-data.org,2027-05-30 15:00:00+00:00,1811689200,UTC,NS,TIMED,,39,Premier League,England,2026,Regular Season - 38,49,Chelsea,CHE,61,55,Brentford,BRE,402,6,4,2,1,1,10,9,1,7,4,WWLD,7,2,1,1,10,9,1,2,WD,4,1,1,0,6,5,1,2,WL,3,1,0,1,4,4,0,7,4,1,3,0,7,4,3,6,4,WDDD,6,1,3,0,7,4,3,2,WD,4,1,1,0,4,1,3,2,DD,2,0,2,0,3,3,0,0.436422727272727,0.2586384559884558,0.3049388167388169,Home Win,0.436422727272727
-203298945542770,560921,football-data.org,2027-05-30 15:00:00+00:00,1811689200,UTC,NS,TIMED,,39,Premier League,England,2026,Regular Season - 38,52,Crystal Palace,CRY,354,-156530674508954,Leeds,LEE,341,16,4,1,0,3,6,11,-5,3,4,LLWL,3,1,0,3,6,11,-5,2,LL,0,0,0,2,3,7,-4,2,LW,3,1,0,1,3,4,-1,3,4,2,2,0,7,3,4,8,4,WDDW,8,2,2,0,7,3,4,2,DW,4,1,1,0,5,2,3,2,WD,4,1,1,0,2,1,1,0.22420274170274163,0.23905548340548338,0.5367417748917748,Away Win,0.5367417748917748
-253147993640808,560914,football-data.org,2027-05-30 15:00:00+00:00,1811689200,UTC,NS,TIMED,,39,Premier League,England,2026,Regular Season - 38,40,Liverpool,LIV,64,35,Bournemouth,BOU,1044,8,4,1,3,0,6,4,2,6,4,DDWD,6,1,3,0,6,4,2,2,DD,2,0,2,0,2,2,0,2,DW,4,1,1,0,4,2,2,15,4,0,3,1,6,7,-1,3,4,LDDD,3,0,3,1,6,7,-1,2,DD,2,0,2,0,3,3,0,2,LD,1,0,1,1,3,4,-1,0.5100085137085134,0.20969502164502157,0.28029646464646474,Home Win,0.5100085137085134
-269556579766613,560917,football-data.org,2027-05-30 15:00:00+00:00,1811689200,UTC,NS,TIMED,,39,Premier League,England,2026,Regular Season - 38,-44103427291829,Hull City,HUL,322,34,Newcastle,NEW,67,4,4,2,2,0,5,2,3,8,4,WWDD,8,2,2,0,5,2,3,2,WD,4,1,1,0,2,0,2,2,WD,4,1,1,0,3,2,1,12,4,1,2,1,7,8,-1,5,4,DWDL,5,1,2,1,7,8,-1,2,DD,2,0,2,0,4,4,0,2,WL,3,1,0,1,3,4,-1,0.3975607836607834,0.22725119880119876,0.3751880175380175,Home Win,0.3975607836607834
-55374161130473,560912,football-data.org,2027-05-30 15:00:00+00:00,1811689200,UTC,NS,TIMED,,39,Premier League,England,2026,Regular Season - 38,57,Ipswich,IPS,349,45,Everton,EVE,62,10,4,2,0,2,7,10,-3,6,4,WLLW,6,2,0,2,7,10,-3,2,WL,3,1,0,1,2,3,-1,2,LW,3,1,0,1,5,7,-2,9,4,1,3,0,5,3,2,6,4,WDDD,6,1,3,0,5,3,2,2,WD,4,1,1,0,4,2,2,2,DD,2,0,2,0,1,1,0,0.16302866577866576,0.20038283383283376,0.6365885003885003,Away Win,0.6365885003885003
-56238871319486,560919,football-data.org,2027-05-30 15:00:00+00:00,1811689200,UTC,NS,TIMED,,39,Premier League,England,2026,Regular Season - 38,-218557486738561,Sunderland,SUN,71,50,Manchester City,MCI,65,14,4,1,1,2,3,5,-2,4,4,LWDL,4,1,1,2,3,5,-2,2,WL,3,1,0,1,1,2,-1,2,LD,1,0,1,1,2,3,-1,2,4,4,0,0,8,2,6,12,4,WWWW,12,4,0,0,8,2,6,2,WW,6,2,0,0,3,1,2,2,WW,6,2,0,0,5,1,4,0.27621190476190466,0.20120360750360758,0.5225844877344877,Away Win,0.5225844877344877
