fixture_id,provider_fixture_id,provider,date,timestamp,timezone,status_short,status_long,status_elapsed,league_id,league_name,country,season,round,home_team_id,home_team_name,home_team_code,provider_home_team_id,away_team_id,away_team_name,away_team_code,provider_away_team_id,home_team_position,home_team_played,home_team_won,home_team_drawn,home_team_lost,home_team_goals_for,home_team_goals_against,home_team_goal_difference,home_team_points,home_team_form_matches_available,home_team_recent_results,home_team_recent_points,home_team_recent_wins,home_team_recent_draws,home_team_recent_losses,home_team_recent_goals_for,home_team_recent_goals_against,home_team_recent_goal_difference,home_team_home_form_matches_available,home_team_home_recent_results,home_team_home_recent_points,home_team_home_recent_wins,home_team_home_recent_draws,home_team_home_recent_losses,home_team_home_recent_goals_for,home_team_home_recent_goals_against,home_team_home_recent_goal_difference,home_team_away_form_matches_available,home_team_away_recent_results,home_team_away_recent_points,home_team_away_recent_wins,home_team_away_recent_draws,home_team_away_recent_losses,home_team_away_recent_goals_for,home_team_away_recent_goals_against,home_team_away_recent_goal_difference,away_team_position,away_team_played,away_team_won,away_team_drawn,away_team_lost,away_team_goals_for,away_team_goals_against,away_team_goal_difference,away_team_points,away_team_form_matches_available,away_team_recent_results,away_team_recent_points,away_team_recent_wins,away_team_recent_draws,away_team_recent_losses,away_team_recent_goals_for,away_team_recent_goals_against,away_team_recent_goal_difference,away_team_home_form_matches_available,away_team_home_recent_results,away_team_home_recent_points,away_team_home_recent_wins,away_team_home_recent_draws,away_team_home_recent_losses,away_team_home_recent_goals_for,away_team_home_recent_goals_against,away_team_home_recent_goal_difference,away_team_away_form_matches_available,away_team_away_recent_results,away_team_away_recent_points,away_team_away_recent_wins,away_team_away_recent_draws,away_team_away_recent_losses,away_team_away_recent_goals_for,away_team_away_recent_goals_against,away_team_away_recent_goal_difference,stage7_prob_home_win,stage7_prob_draw,stage7_prob_away_win,stage7_predicted_label,stage7_confidence,stage9_top_probability,stage9_second_probability,stage9_probability_margin,stage9_entropy,stage9_normalized_entropy,stage9_confidence_band,stage9_uncertainty_band,stage9_league_position_gap,stage9_points_gap,stage9_goal_difference_gap,stage9_recent_points_gap,stage9_recent_goal_difference_gap,stage9_venue_form_points_gap,stage9_context_support_score,stage9_context_alignment,stage9_explanation_headline,stage9_explanation_summary
-23708102576785,560580,football-data.org,2026-09-13 15:30:00+00:00,1789313400,UTC,NS,TIMED,,39,Premier League,England,2026,Regular Season - 4,33,Manchester United,MUN,66,50,Manchester City,MCI,65,13,3,1,1,1,7,6,1,4,3,LWD,4,1,1,1,7,6,1,1,W,3,1,0,0,5,2,3,2,LD,1,0,1,1,2,4,-2,2,3,3,0,0,7,2,5,9,3,WWW,9,3,0,0,7,2,5,2,WW,6,2,0,0,3,1,2,1,W,3,1,0,0,4,1,3,0.29250483405483396,0.32140175380175373,0.3860934121434123,Away Win,0.3860934121434123,0.3860934121434123,0.32140175380175373,0.06469165834165857,1.091815780237,0.993813551422,VERY_LOW,VERY_HIGH,-11,-5,-4,-5,-4,0,-4,SUPPORTIVE,Model leans Manchester City; context supports the away side,"Stage 7 gives Manchester City the highest probability at 38.6%, 6.5 percentage points above the next outcome. The fixed context score is -4: 0 signals favor Manchester United, 4 favor Manchester City, and 1 are neutral or unavailable. Context alignment is supportive; confidence is very_low and uncertainty is very_high. This interprets the existing prediction and does not alter or replace it."
-211199180133122,560579,football-data.org,2026-09-14 19:00:00+00:00,1789412400,UTC,NS,TIMED,,39,Premier League,England,2026,Regular Season - 4,-156530674508954,Leeds,LEE,341,34,Newcastle,NEW,67,11,3,1,2,0,3,2,1,5,3,WDD,5,1,2,0,3,2,1,1,D,1,0,1,0,1,1,0,2,WD,4,1,1,0,2,1,1,10,3,1,2,0,6,4,2,5,3,DWD,5,1,2,0,6,4,2,2,DD,2,0,2,0,4,4,0,1,W,3,1,0,0,2,0,2,0.4173334054834053,0.15927712842712835,0.42338946608946615,Away Win,0.42338946608946615,0.42338946608946615,0.4173334054834053,0.00605606060606085,1.021192122872,0.929529128161,LOW,VERY_HIGH,-1,0,-1,0,-1,-2,-3,SUPPORTIVE,Model leans Newcastle; context supports the away side,"Stage 7 gives Newcastle the highest probability at 42.3%, 0.6 percentage points above the next outcome. The fixed context score is -3: 0 signals favor Leeds, 3 favor Newcastle, and 2 are neutral or unavailable. Context alignment is supportive; confidence is low and uncertainty is very_high. This interprets the existing prediction and does not alter or replace it."
-250369013814812,560591,football-data.org,2026-09-18 19:00:00+00:00,1789758000,UTC,NS,TIMED,,39,Premier League,England,2026,Regular Season - 5,55,Brentford,BRE,402,49,Chelsea,CHE,61,6,4,1,3,0,7,4,3,6,4,WDDD,6,1,3,0,7,4,3,2,WD,4,1,1,0,4,1,3,2,DD,2,0,2,0,3,3,0,5,4,2,1,1,10,9,1,7,4,WWLD,7,2,1,1,10,9,1,2,WD,4,1,1,0,6,5,1,2,WL,3,1,0,1,4,4,0,0.31505396825396825,0.21706522366522354,0.46788080808080784,Away Win,0.46788080808080784,0.46788080808080784,0.31505396825396825,0.15282683982683959,1.050845474752,0.956520772243,LOW,VERY_HIGH,-1,-1,2,-1,2,1,-1,MIXED,Model leans Chelsea; context is mixed,"Stage 7 gives Chelsea the highest probability at 46.8%, 15.3 percentage points above the next outcome. The fixed context score is -1: 2 signals favor Brentford, 3 favor Chelsea, and 0 are neutral or unavailable. Context alignment is mixed; confidence is low and uncertainty is very_high. This interprets the existing prediction and does not alter or replace it."
-277674714806938,560587,football-data.org,2026-09-19 11:30:00+00:00,1789817400,UTC,NS,TIMED,,39,Premier League,England,2026,Regular Season - 5,47,Tottenham,TOT,73,66,Aston Villa,AVL,58,17,4,0,2,2,0,5,-5,2,4,LLDD,2,0,2,2,0,5,-5,2,LD,1,0,1,1,0,2,-2,2,LD,1,0,1,1,0,3,-3,19,4,0,1,3,1,7,-6,1,4,LLDL,1,0,1,3,1,7,-6,2,LL,0,0,0,2,1,3,-2,2,LD,1,0,1,1,0,4,-4,0.3180111832611834,0.20323730158730155,0.4787515151515151,Away Win,0.4787515151515151,0.4787515151515151,0.3180111832611834,0.1607403318903317,1.040805639397,0.947382120274,LOW,VERY_HIGH,2,1,1,1,1,0,4,CONTRADICTORY,Model leans Aston Villa; context favors Tottenham,"Stage 7 gives Aston Villa the highest probability at 47.9%, 16.1 percentage points above the next outcome. The fixed context score is +4: 4 signals favor Tottenham, 0 favor Aston Villa, and 1 are neutral or unavailable. Context alignment is contradictory; confidence is low and uncertainty is very_high. This interprets the existing prediction and does not alter or replace it."
-131724000613464,560586,football-data.org,2026-09-19 14:00:00+00:00,1789826400,UTC,NS,TIMED,,39,Premier League,England,2026,Regular Season - 5,51,Brighton,BHA,397,42,Arsenal,ARS,57,4,4,2,1,1,13,5,8,7,4,WLDW,7,2,1,1,13,5,8,2,WD,4,1,1,0,5,1,4,2,LW,3,1,0,1,8,4,4,1,4,4,0,0,8,1,7,12,4,WWWW,12,4,0,0,8,1,7,2,WW,6,2,0,0,5,1,4,2,WW,6,2,0,0,3,0,3,0.19524834054834042,0.28408999333999335,0.5206616661116663,Away Win,0.5206616661116663,0.5206616661116663,0.28408999333999335,0.23657167277167295,1.016264290041,0.925043621415,MODERATE,VERY_HIGH,-3,-5,1,-5,1,-2,-3,SUPPORTIVE,Model leans Arsenal; context supports the away side,"Stage 7 gives Arsenal the highest probability at 52.1%, 23.7 percentage points above the next outcome. The fixed context score is -3: 1 signals favor Brighton, 4 favor Arsenal, and 0 are neutral or unavailable. Context alignment is supportive; confidence is moderate and uncertainty is very_high. This interprets the existing prediction and does not alter or replace it."
-277111303519939,560588,football-data.org,2026-09-19 14:00:00+00:00,1789826400,UTC,NS,TIMED,,39,Premier League,England,2026,Regular Season - 5,34,Newcastle,NEW,67,-44103427291829,Hull City,HUL,322,10,3,1,2,0,6,4,2,5,3,DWD,5,1,2,0,6,4,2,2,DD,2,0,2,0,4,4,0,1,W,3,1,0,0,2,0,2,3,4,2,2,0,5,2,3,8,4,WWDD,8,2,2,0,5,2,3,2,WD,4,1,1,0,2,0,2,2,WD,4,1,1,0,3,2,1,0.4184954600954597,0.2786921134421135,0.30281242646242673,Home Win,0.4184954600954597,0.4184954600954597,0.30281242646242673,0.11568303363303297,1.082369570733,0.985215240988,LOW,VERY_HIGH,-7,-3,-1,-3,-1,-2,-5,CONTRADICTORY,Model leans Newcastle; context favors Hull City,"Stage 7 gives Newcastle the highest probability at 41.8%, 11.6 percentage points above the next outcome. The fixed context score is -5: 0 signals favor Newcastle, 5 favor Hull City, and 0 are neutral or unavailable. Context alignment is contradictory; confidence is low and uncertainty is very_high. This interprets the existing prediction and does not alter or replace it."
-60051194095993,560584,football-data.org,2026-09-19 14:00:00+00:00,1789826400,UTC,NS,TIMED,,39,Premier League,England,2026,Regular Season - 5,45,Everton,EVE,62,57,Ipswich,IPS,349,8,4,1,3,0,5,3,2,6,4,WDDD,6,1,3,0,5,3,2,2,WD,4,1,1,0,4,2,2,2,DD,2,0,2,0,1,1,0,9,4,2,0,2,7,10,-3,6,4,WLLW,6,2,0,2,7,10,-3,2,WL,3,1,0,1,2,3,-1,2,LW,3,1,0,1,5,7,-2,0.525303701853702,0.19759048174048174,0.2771058164058165,Home Win,0.525303701853702,0.525303701853702,0.2771058164058165,0.2481978854478855,1.014209260934,0.923173053310,MODERATE,VERY_HIGH,1,0,5,0,5,1,3,SUPPORTIVE,Model leans Everton; context supports the home side,"Stage 7 gives Everton the highest probability at 52.5%, 24.8 percentage points above the next outcome. The fixed context score is +3: 3 signals favor Everton, 0 favor Ipswich, and 2 are neutral or unavailable. Context alignment is supportive; confidence is moderate and uncertainty is very_high. This interprets the existing prediction and does not alter or replace it."
-53742748545698,560589,football-data.org,2026-09-19 16:30:00+00:00,1789835400,UTC,NS,TIMED,,39,Premier League,England,2026,Regular Season - 5,65,Nottingham Forest,NOT,351,-39195573837902,Coventry City,COV,1076,12,4,1,2,1,4,4,0,5,4,LDDW,5,1,2,1,4,4,0,2,LD,1,0,1,1,0,1,-1,2,DW,4,1,1,0,4,3,1,20,4,0,0,4,0,10,-10,0,4,LLLL,0,0,0,4,0,10,-10,2,LL,0,0,0,2,0,6,-6,2,LL,0,0,0,2,0,4,-4,0.4201728715728714,0.33549516594516593,0.24433196248196254,Home Win,0.4201728715728714,0.4201728715728714,0.33549516594516593,0.08467770562770547,1.075056896671,0.978558958205,LOW,VERY_HIGH,8,5,10,5,10,1,5,SUPPORTIVE,Model leans Nottingham Forest; context supports the home side,"Stage 7 gives Nottingham Forest the highest probability at 42.0%, 8.5 percentage points above the next outcome. The fixed context score is +5: 5 signals favor Nottingham Forest, 0 favor Coventry City, and 0 are neutral or unavailable. Context alignment is supportive; confidence is low and uncertainty is very_high. This interprets the existing prediction and does not alter or replace it."
-114776644146662,560585,football-data.org,2026-09-20 13:00:00+00:00,1789909200,UTC,NS,TIMED,,39,Premier League,England,2026,Regular Season - 5,-156530674508954,Leeds,LEE,341,52,Crystal Palace,CRY,354,11,3,1,2,0,3,2,1,5,3,WDD,5,1,2,0,3,2,1,1,D,1,0,1,0,1,1,0,2,WD,4,1,1,0,2,1,1,16,4,1,0,3,6,11,-5,3,4,LLWL,3,1,0,3,6,11,-5,2,LL,0,0,0,2,3,7,-4,2,LW,3,1,0,1,3,4,-1,0.5220182539682541,0.1837880230880231,0.2941937229437231,Home Win,0.5220182539682541,0.5220182539682541,0.2941937229437231,0.2278245310245310,1.010622159739,0.919907933093,MODERATE,VERY_HIGH,5,2,6,2,6,-2,3,SUPPORTIVE,Model leans Leeds; context supports the home side,"Stage 7 gives Leeds the highest probability at 52.2%, 22.8 percentage points above the next outcome. The fixed context score is +3: 4 signals favor Leeds, 1 favor Crystal Palace, and 0 are neutral or unavailable. Context alignment is supportive; confidence is moderate and uncertainty is very_high. This interprets the existing prediction and does not alter or replace it."
-11921451952614,560590,football-data.org,2026-09-20 13:00:00+00:00,1789909200,UTC,NS,TIMED,,39,Premier League,England,2026,Regular Season - 5,50,Manchester City,MCI,65,-218557486738561,Sunderland,SUN,71,2,3,3,0,0,7,2,5,9,3,WWW,9,3,0,0,7,2,5,2,WW,6,2,0,0,3,1,2,1,W,3,1,0,0,4,1,3,14,4,1,1,2,3,5,-2,4,4,LWDL,4,1,1,2,3,5,-2,2,WL,3,1,0,1,1,2,-1,2,LD,1,0,1,1,2,3,-1,0.6323550727050727,0.19566796536796532,0.17197696192696194,Home Win,0.6323550727050727,0.6323550727050727,0.19566796536796532,0.43668710733710738,0.911758556601,0.829918403431,HIGH,VERY_HIGH,12,5,7,5,7,5,5,SUPPORTIVE,Model leans Manchester City; context supports the home side,"Stage 7 gives Manchester City the highest probability at 63.2%, 43.7 percentage points above the next outcome. The fixed context score is +5: 5 signals favor Manchester City, 0 favor Sunderland, and 0 are neutral or unavailable. Context alignment is supportive; confidence is high and uncertainty is very_high. This interprets the existing prediction and does not alter or replace it."
-259611284398170,560582,football-data.org,2026-09-20 13:00:00+00:00,1789909200,UTC,NS,TIMED,,39,Premier League,England,2026,Regular Season - 5,35,Bournemouth,BOU,1044,40,Liverpool,LIV,64,15,4,0,3,1,6,7,-1,3,4,LDDD,3,0,3,1,6,7,-1,2,DD,2,0,2,0,3,3,0,2,LD,1,0,1,1,3,4,-1,7,4,1,3,0,6,4,2,6,4,DDWD,6,1,3,0,6,4,2,2,DD,2,0,2,0,2,2,0,2,DW,4,1,1,0,4,2,2,0.269046681096681,0.2204741702741703,0.5104791486291486,Away Win,0.5104791486291486,0.5104791486291486,0.269046681096681,0.2414324675324676,1.029823773398,0.937385995060,MODERATE,VERY_HIGH,-8,-3,-3,-3,-3,-2,-5,SUPPORTIVE,Model leans Liverpool; context supports the away side,"Stage 7 gives Liverpool the highest probability at 51.0%, 24.1 percentage points above the next outcome. The fixed context score is -5: 0 signals favor Bournemouth, 5 favor Liverpool, and 0 are neutral or unavailable. Context alignment is supportive; confidence is moderate and uncertainty is very_high. This interprets the existing prediction and does not alter or replace it."
-13449313635505,560583,football-data.org,2026-09-20 15:30:00+00:00,1789918200,UTC,NS,TIMED,,39,Premier League,England,2026,Regular Season - 5,36,Fulham,FUL,63,33,Manchester United,MUN,66,18,4,0,1,3,4,7,-3,1,4,LLLD,1,0,1,3,4,7,-3,2,LL,0,0,0,2,4,6,-2,2,LD,1,0,1,1,0,1,-1,13,3,1,1,1,7,6,1,4,3,LWD,4,1,1,1,7,6,1,1,W,3,1,0,0,5,2,3,2,LD,1,0,1,1,2,4,-2,0.23161214896214888,0.21366515151515156,0.5547226995226991,Away Win,0.5547226995226991,0.5547226995226991,0.23161214896214888,0.32311055056055022,0.995426947192,0.906076654576,MODERATE,VERY_HIGH,-5,-3,-4,-3,-4,-1,-5,SUPPORTIVE,Model leans Manchester United; context supports the away side,"Stage 7 gives Manchester United the highest probability at 55.5%, 32.3 percentage points above the next outcome. The fixed context score is -5: 0 signals favor Fulham, 5 favor Manchester United, and 0 are neutral or unavailable. Context alignment is supportive; confidence is moderate and uncertainty is very_high. This interprets the existing prediction and does not alter or replace it."
-227247885952014,560593,football-data.org,2026-10-10 11:30:00+00:00,1791631800,UTC,NS,TIMED,,39,Premier League,England,2026,Regular Season - 6,42,Arsenal,ARS,57,-156530674508954,Leeds,LEE,341,1,4,4,0,0,8,1,7,12,4,WWWW,12,4,0,0,8,1,7,2,WW,6,2,0,0,5,1,4,2,WW,6,2,0,0,3,0,3,11,3,1,2,0,3,2,1,5,3,WDD,5,1,2,0,3,2,1,1,D,1,0,1,0,1,1,0,2,WD,4,1,1,0,2,1,1,0.6724478354978355,0.17426341991341981,0.1532887445887446,Home Win,0.6724478354978355,0.6724478354978355,0.17426341991341981,0.49818441558441569,0.858801394923,0.781714717540,HIGH,HIGH,10,7,6,7,6,2,5,SUPPORTIVE,Model leans Arsenal; context supports the home side,"Stage 7 gives Arsenal the highest probability at 67.2%, 49.8 percentage points above the next outcome. The fixed context score is +5: 5 signals favor Arsenal, 0 favor Leeds, and 0 are neutral or unavailable. Context alignment is supportive; confidence is high and uncertainty is high. This interprets the existing prediction and does not alter or replace it."
-149991075234860,560599,football-data.org,2026-10-10 14:00:00+00:00,1791640800,UTC,NS,TIMED,,39,Premier League,England,2026,Regular Season - 6,57,Ipswich,IPS,349,36,Fulham,FUL,63,9,4,2,0,2,7,10,-3,6,4,WLLW,6,2,0,2,7,10,-3,2,WL,3,1,0,1,2,3,-1,2,LW,3,1,0,1,5,7,-2,18,4,0,1,3,4,7,-3,1,4,LLLD,1,0,1,3,4,7,-3,2,LL,0,0,0,2,4,6,-2,2,LD,1,0,1,1,0,1,-1,0.13778754023754025,0.231888677988678,0.6303237817737813,Away Win,0.6303237817737813,0.6303237817737813,0.231888677988678,0.3984351037851033,0.902913618769,0.821867394060,HIGH,VERY_HIGH,9,5,0,5,0,2,4,CONTRADICTORY,Model leans Fulham; context favors Ipswich,"Stage 7 gives Fulham the highest probability at 63.0%, 39.8 percentage points above the next outcome. The fixed context score is +4: 4 signals favor Ipswich, 0 favor Fulham, and 1 are neutral or unavailable. Context alignment is contradictory; confidence is high and uncertainty is very_high. This interprets the existing prediction and does not alter or replace it."
-17522425198737,560595,football-data.org,2026-10-10 14:00:00+00:00,1791640800,UTC,NS,TIMED,,39,Premier League,England,2026,Regular Season - 6,49,Chelsea,CHE,61,35,Bournemouth,BOU,1044,5,4,2,1,1,10,9,1,7,4,WWLD,7,2,1,1,10,9,1,2,WD,4,1,1,0,6,5,1,2,WL,3,1,0,1,4,4,0,15,4,0,3,1,6,7,-1,3,4,LDDD,3,0,3,1,6,7,-1,2,DD,2,0,2,0,3,3,0,2,LD,1,0,1,1,3,4,-1,0.40573290043290017,0.2856060606060606,0.30866103896103914,Home Win,0.40573290043290017,0.40573290043290017,0.30866103896103914,0.09707186147186103,1.086735030065,0.989188853315,LOW,VERY_HIGH,10,4,2,4,2,3,5,SUPPORTIVE,Model leans Chelsea; context supports the home side,"Stage 7 gives Chelsea the highest probability at 40.6%, 9.7 percentage points above the next outcome. The fixed context score is +5: 5 signals favor Chelsea, 0 favor Bournemouth, and 0 are neutral or unavailable. Context alignment is supportive; confidence is low and uncertainty is very_high. This interprets the existing prediction and does not alter or replace it."
-181450800693931,560601,football-data.org,2026-10-10 14:00:00+00:00,1791640800,UTC,NS,TIMED,,39,Premier League,England,2026,Regular Season - 6,66,Aston Villa,AVL,58,55,Brentford,BRE,402,19,4,0,1,3,1,7,-6,1,4,LLDL,1,0,1,3,1,7,-6,2,LL,0,0,0,2,1,3,-2,2,LD,1,0,1,1,0,4,-4,6,4,1,3,0,7,4,3,6,4,WDDD,6,1,3,0,7,4,3,2,WD,4,1,1,0,4,1,3,2,DD,2,0,2,0,3,3,0,0.36709600399600384,0.20852745587745578,0.4243765401265402,Away Win,0.4243765401265402,0.4243765401265402,0.36709600399600384,0.05728053613053636,1.058531505671,0.963516899082,LOW,VERY_HIGH,-13,-5,-9,-5,-9,-2,-5,SUPPORTIVE,Model leans Brentford; context supports the away side,"Stage 7 gives Brentford the highest probability at 42.4%, 5.7 percentage points above the next outcome. The fixed context score is -5: 0 signals favor Aston Villa, 5 favor Brentford, and 0 are neutral or unavailable. Context alignment is supportive; confidence is low and uncertainty is very_high. This interprets the existing prediction and does not alter or replace it."
-197967374490861,560592,football-data.org,2026-10-10 14:00:00+00:00,1791640800,UTC,NS,TIMED,,39,Premier League,England,2026,Regular Season - 6,-218557486738561,Sunderland,SUN,71,51,Brighton,BHA,397,14,4,1,1,2,3,5,-2,4,4,LWDL,4,1,1,2,3,5,-2,2,WL,3,1,0,1,1,2,-1,2,LD,1,0,1,1,2,3,-1,4,4,2,1,1,13,5,8,7,4,WLDW,7,2,1,1,13,5,8,2,WD,4,1,1,0,5,1,4,2,LW,3,1,0,1,8,4,4,0.39875324675324647,0.163784126984127,0.4374626262626263,Away Win,0.4374626262626263,0.4374626262626263,0.39875324675324647,0.03870937950937983,1.024616292427,0.932645941608,LOW,VERY_HIGH,-10,-3,-10,-3,-10,0,-4,SUPPORTIVE,Model leans Brighton; context supports the away side,"Stage 7 gives Brighton the highest probability at 43.7%, 3.9 percentage points above the next outcome. The fixed context score is -4: 0 signals favor Sunderland, 4 favor Brighton, and 1 are neutral or unavailable. Context alignment is supportive; confidence is low and uncertainty is very_high. This interprets the existing prediction and does not alter or replace it."
-177035051442120,560600,football-data.org,2026-10-10 16:30:00+00:00,1791649800,UTC,NS,TIMED,,39,Premier League,England,2026,Regular Season - 6,33,Manchester United,MUN,66,47,Tottenham,TOT,73,13,3,1,1,1,7,6,1,4,3,LWD,4,1,1,1,7,6,1,1,W,3,1,0,0,5,2,3,2,LD,1,0,1,1,2,4,-2,17,4,0,2,2,0,5,-5,2,4,LLDD,2,0,2,2,0,5,-5,2,LD,1,0,1,1,0,2,-2,2,LD,1,0,1,1,0,3,-3,0.465684704184704,0.2579677489177488,0.2763475468975471,Home Win,0.465684704184704,0.465684704184704,0.2763475468975471,0.1893371572871569,1.060833206290,0.965611997274,LOW,VERY_HIGH,4,2,6,2,6,2,5,SUPPORTIVE,Model leans Manchester United; context supports the home side,"Stage 7 gives Manchester United the highest probability at 46.6%, 18.9 percentage points above the next outcome. The fixed context score is +5: 5 signals favor Manchester United, 0 favor Tottenham, and 0 are neutral or unavailable. Context alignment is supportive; confidence is low and uncertainty is very_high. This interprets the existing prediction and does not alter or replace it."
-142752360397207,560596,football-data.org,2026-10-11 13:00:00+00:00,1791723600,UTC,NS,TIMED,,39,Premier League,England,2026,Regular Season - 6,52,Crystal Palace,CRY,354,65,Nottingham Forest,NOT,351,16,4,1,0,3,6,11,-5,3,4,LLWL,3,1,0,3,6,11,-5,2,LL,0,0,0,2,3,7,-4,2,LW,3,1,0,1,3,4,-1,12,4,1,2,1,4,4,0,5,4,LDDW,5,1,2,1,4,4,0,2,LD,1,0,1,1,0,1,-1,2,DW,4,1,1,0,4,3,1,0.2355580086580085,0.21767611832611827,0.546765873015873,Away Win,0.546765873015873,0.546765873015873,0.2355580086580085,0.3112078643578645,1.002571796618,0.912580176791,MODERATE,VERY_HIGH,-4,-2,-5,-2,-5,-4,-5,SUPPORTIVE,Model leans Nottingham Forest; context supports the away side,"Stage 7 gives Nottingham Forest the highest probability at 54.7%, 31.1 percentage points above the next outcome. The fixed context score is -5: 0 signals favor Crystal Palace, 5 favor Nottingham Forest, and 0 are neutral or unavailable. Context alignment is supportive; confidence is moderate and uncertainty is very_high. This interprets the existing prediction and does not alter or replace it."
-96999140399044,560594,football-data.org,2026-10-11 13:00:00+00:00,1791723600,UTC,NS,TIMED,,39,Premier League,England,2026,Regular Season - 6,-44103427291829,Hull City,HUL,322,45,Everton,EVE,62,3,4,2,2,0,5,2,3,8,4,WWDD,8,2,2,0,5,2,3,2,WD,4,1,1,0,2,0,2,2,WD,4,1,1,0,3,2,1,8,4,1,3,0,5,3,2,6,4,WDDD,6,1,3,0,5,3,2,2,WD,4,1,1,0,4,2,2,2,DD,2,0,2,0,1,1,0,0.4652362193362193,0.21867012987012985,0.31609365079365087,Home Win,0.4652362193362193,0.4652362193362193,0.31609365079365087,0.14914256854256843,1.052474110602,0.958003220479,LOW,VERY_HIGH,5,2,1,2,1,2,5,SUPPORTIVE,Model leans Hull City; context supports the home side,"Stage 7 gives Hull City the highest probability at 46.5%, 14.9 percentage points above the next outcome. The fixed context score is +5: 5 signals favor Hull City, 0 favor Everton, and 0 are neutral or unavailable. Context alignment is supportive; confidence is low and uncertainty is very_high. This interprets the existing prediction and does not alter or replace it."
-69589236457951,560598,football-data.org,2026-10-11 15:30:00+00:00,1791732600,UTC,NS,TIMED,,39,Premier League,England,2026,Regular Season - 6,40,Liverpool,LIV,64,50,Manchester City,MCI,65,7,4,1,3,0,6,4,2,6,4,DDWD,6,1,3,0,6,4,2,2,DD,2,0,2,0,2,2,0,2,DW,4,1,1,0,4,2,2,2,3,3,0,0,7,2,5,9,3,WWW,9,3,0,0,7,2,5,2,WW,6,2,0,0,3,1,2,1,W,3,1,0,0,4,1,3,0.2884707070707071,0.2799024031524032,0.43162688977688973,Away Win,0.43162688977688973,0.43162688977688973,0.2884707070707071,0.14315618270618263,1.077669688848,0.980937224136,LOW,VERY_HIGH,-5,-3,-3,-3,-3,-1,-5,SUPPORTIVE,Model leans Manchester City; context supports the away side,"Stage 7 gives Manchester City the highest probability at 43.2%, 14.3 percentage points above the next outcome. The fixed context score is -5: 0 signals favor Liverpool, 5 favor Manchester City, and 0 are neutral or unavailable. Context alignment is supportive; confidence is low and uncertainty is very_high. This interprets the existing prediction and does not alter or replace it."
-113217788385093,560597,football-data.org,2026-10-12 19:00:00+00:00,1791831600,UTC,NS,TIMED,,39,Premier League,England,2026,Regular Season - 6,-39195573837902,Coventry City,COV,1076,34,Newcastle,NEW,67,20,4,0,0,4,0,10,-10,0,4,LLLL,0,0,0,4,0,10,-10,2,LL,0,0,0,2,0,6,-6,2,LL,0,0,0,2,0,4,-4,10,3,1,2,0,6,4,2,5,3,DWD,5,1,2,0,6,4,2,2,DD,2,0,2,0,4,4,0,1,W,3,1,0,0,2,0,2,0.22944047619047614,0.18976334776334775,0.5807961760461761,Away Win,0.5807961760461761,0.5807961760461761,0.22944047619047614,0.35135569985569996,0.968723153656,0.881769814200,MODERATE,VERY_HIGH,-10,-5,-12,-5,-12,-3,-5,SUPPORTIVE,Model leans Newcastle; context supports the away side,"Stage 7 gives Newcastle the highest probability at 58.1%, 35.1 percentage points above the next outcome. The fixed context score is -5: 0 signals favor Coventry City, 5 favor Newcastle, and 0 are neutral or unavailable. Context alignment is supportive; confidence is moderate and uncertainty is very_high. This interprets the existing prediction and does not alter or replace it."
-163600495496096,560603,football-data.org,2026-10-17 11:30:00+00:00,1792236600,UTC,NS,TIMED,,39,Premier League,England,2026,Regular Season - 7,45,Everton,EVE,62,49,Chelsea,CHE,61,8,4,1,3,0,5,3,2,6,4,WDDD,6,1,3,0,5,3,2,2,WD,4,1,1,0,4,2,2,2,DD,2,0,2,0,1,1,0,5,4,2,1,1,10,9,1,7,4,WWLD,7,2,1,1,10,9,1,2,WD,4,1,1,0,6,5,1,2,WL,3,1,0,1,4,4,0,0.2644972083472083,0.21636580641580644,0.519136985236985,Away Win,0.519136985236985,0.519136985236985,0.2644972083472083,0.2546397768897767,1.023310530452,0.931457385838,MODERATE,VERY_HIGH,-3,-1,1,-1,1,1,-1,MIXED,Model leans Chelsea; context is mixed,"Stage 7 gives Chelsea the highest probability at 51.9%, 25.5 percentage points above the next outcome. The fixed context score is -1: 2 signals favor Everton, 3 favor Chelsea, and 0 are neutral or unavailable. Context alignment is mixed; confidence is moderate and uncertainty is very_high. This interprets the existing prediction and does not alter or replace it."
-122241826061261,560602,football-data.org,2026-10-17 14:00:00+00:00,1792245600,UTC,NS,TIMED,,39,Premier League,England,2026,Regular Season - 7,36,Fulham,FUL,63,-44103427291829,Hull City,HUL,322,18,4,0,1,3,4,7,-3,1,4,LLLD,1,0,1,3,4,7,-3,2,LL,0,0,0,2,4,6,-2,2,LD,1,0,1,1,0,1,-1,3,4,2,2,0,5,2,3,8,4,WWDD,8,2,2,0,5,2,3,2,WD,4,1,1,0,2,0,2,2,WD,4,1,1,0,3,2,1,0.2616693362193363,0.23517215007215006,0.5031585137085136,Away Win,0.5031585137085136,0.5031585137085136,0.2616693362193363,0.2414891774891773,1.036804603839,0.943740220761,MODERATE,VERY_HIGH,-15,-7,-6,-7,-6,-4,-5,SUPPORTIVE,Model leans Hull City; context supports the away side,"Stage 7 gives Hull City the highest probability at 50.3%, 24.1 percentage points above the next outcome. The fixed context score is -5: 0 signals favor Fulham, 5 favor Hull City, and 0 are neutral or unavailable. Context alignment is supportive; confidence is moderate and uncertainty is very_high. This interprets the existing prediction and does not alter or replace it."
-179175824043621,560610,football-data.org,2026-10-17 14:00:00+00:00,1792245600,UTC,NS,TIMED,,39,Premier League,England,2026,Regular Season - 7,50,Manchester City,MCI,65,57,Ipswich,IPS,349,2,3,3,0,0,7,2,5,9,3,WWW,9,3,0,0,7,2,5,2,WW,6,2,0,0,3,1,2,1,W,3,1,0,0,4,1,3,9,4,2,0,2,7,10,-3,6,4,WLLW,6,2,0,2,7,10,-3,2,WL,3,1,0,1,2,3,-1,2,LW,3,1,0,1,5,7,-2,0.705031601731602,0.15220988455988455,0.14275851370851372,Home Win,0.705031601731602,0.705031601731602,0.15220988455988455,0.55282171717171745,0.810845630726,0.738063499826,VERY_HIGH,HIGH,7,3,8,3,8,3,5,SUPPORTIVE,Model leans Manchester City; context supports the home side,"Stage 7 gives Manchester City the highest probability at 70.5%, 55.3 percentage points above the next outcome. The fixed context score is +5: 5 signals favor Manchester City, 0 favor Ipswich, and 0 are neutral or unavailable. Context alignment is supportive; confidence is very_high and uncertainty is high. This interprets the existing prediction and does not alter or replace it."
-90277427412391,560611,football-data.org,2026-10-17 14:00:00+00:00,1792245600,UTC,NS,TIMED,,39,Premier League,England,2026,Regular Season - 7,55,Brentford,BRE,402,40,Liverpool,LIV,64,6,4,1,3,0,7,4,3,6,4,WDDD,6,1,3,0,7,4,3,2,WD,4,1,1,0,4,1,3,2,DD,2,0,2,0,3,3,0,7,4,1,3,0,6,4,2,6,4,DDWD,6,1,3,0,6,4,2,2,DD,2,0,2,0,2,2,0,2,DW,4,1,1,0,4,2,2,0.25694538239538234,0.2448165223665223,0.49823809523809515,Away Win,0.49823809523809515,0.49823809523809515,0.25694538239538234,0.24129271284271281,1.040789214568,0.947367169750,LOW,VERY_HIGH,1,0,1,0,1,0,2,CONTRADICTORY,Model leans Liverpool; context favors Brentford,"Stage 7 gives Liverpool the highest probability at 49.8%, 24.1 percentage points above the next outcome. The fixed context score is +2: 2 signals favor Brentford, 0 favor Liverpool, and 3 are neutral or unavailable. Context alignment is contradictory; confidence is low and uncertainty is very_high. This interprets the existing prediction and does not alter or replace it."
-204401903185593,560607,football-data.org,2026-10-17 16:30:00+00:00,1792254600,UTC,NS,TIMED,,39,Premier League,England,2026,Regular Season - 7,34,Newcastle,NEW,67,66,Aston Villa,AVL,58,10,3,1,2,0,6,4,2,5,3,DWD,5,1,2,0,6,4,2,2,DD,2,0,2,0,4,4,0,1,W,3,1,0,0,2,0,2,19,4,0,1,3,1,7,-6,1,4,LLDL,1,0,1,3,1,7,-6,2,LL,0,0,0,2,1,3,-2,2,LD,1,0,1,1,0,4,-4,0.45430468975468963,0.2578439393939392,0.28785137085137097,Home Win,0.45430468975468963,0.45430468975468963,0.28785137085137097,0.16645331890331866,1.066386929795,0.970667214261,LOW,VERY_HIGH,9,4,8,4,8,1,5,SUPPORTIVE,Model leans Newcastle; context supports the home side,"Stage 7 gives Newcastle the highest probability at 45.4%, 16.6 percentage points above the next outcome. The fixed context score is +5: 5 signals favor Newcastle, 0 favor Aston Villa, and 0 are neutral or unavailable. Context alignment is supportive; confidence is low and uncertainty is very_high. This interprets the existing prediction and does not alter or replace it."
-219544498395168,560604,football-data.org,2026-10-18 13:00:00+00:00,1792328400,UTC,NS,TIMED,,39,Premier League,England,2026,Regular Season - 7,35,Bournemouth,BOU,1044,-218557486738561,Sunderland,SUN,71,15,4,0,3,1,6,7,-1,3,4,LDDD,3,0,3,1,6,7,-1,2,DD,2,0,2,0,3,3,0,2,LD,1,0,1,1,3,4,-1,14,4,1,1,2,3,5,-2,4,4,LWDL,4,1,1,2,3,5,-2,2,WL,3,1,0,1,1,2,-1,2,LD,1,0,1,1,2,3,-1,0.43615483405483413,0.2457056998556999,0.31813946608946625,Home Win,0.43615483405483413,0.43615483405483413,0.31813946608946625,0.11801536796536788,1.071134712238,0.974988832081,LOW,VERY_HIGH,-1,-1,1,-1,1,1,-1,MIXED,Model leans Bournemouth; context is mixed,"Stage 7 gives Bournemouth the highest probability at 43.6%, 11.8 percentage points above the next outcome. The fixed context score is -1: 2 signals favor Bournemouth, 3 favor Sunderland, and 0 are neutral or unavailable. Context alignment is mixed; confidence is low and uncertainty is very_high. This interprets the existing prediction and does not alter or replace it."
-71006029987890,560605,football-data.org,2026-10-18 13:00:00+00:00,1792328400,UTC,NS,TIMED,,39,Premier League,England,2026,Regular Season - 7,-156530674508954,Leeds,LEE,341,33,Manchester United,MUN,66,11,3,1,2,0,3,2,1,5,3,WDD,5,1,2,0,3,2,1,1,D,1,0,1,0,1,1,0,2,WD,4,1,1,0,2,1,1,13,3,1,1,1,7,6,1,4,3,LWD,4,1,1,1,7,6,1,1,W,3,1,0,0,5,2,3,2,LD,1,0,1,1,2,4,-2,0.39921301476301435,0.1928261904761905,0.40796079476079455,Away Win,0.40796079476079455,0.40796079476079455,0.39921301476301435,0.00874777999778020,1.049737964652,0.955512673106,LOW,VERY_HIGH,2,1,0,1,0,0,3,CONTRADICTORY,Model leans Manchester United; context favors Leeds,"Stage 7 gives Manchester United the highest probability at 40.8%, 0.9 percentage points above the next outcome. The fixed context score is +3: 3 signals favor Leeds, 0 favor Manchester United, and 2 are neutral or unavailable. Context alignment is contradictory; confidence is low and uncertainty is very_high. This interprets the existing prediction and does not alter or replace it."
-96888145297993,560609,football-data.org,2026-10-18 13:00:00+00:00,1792328400,UTC,NS,TIMED,,39,Premier League,England,2026,Regular Season - 7,51,Brighton,BHA,397,52,Crystal Palace,CRY,354,4,4,2,1,1,13,5,8,7,4,WLDW,7,2,1,1,13,5,8,2,WD,4,1,1,0,5,1,4,2,LW,3,1,0,1,8,4,4,16,4,1,0,3,6,11,-5,3,4,LLWL,3,1,0,3,6,11,-5,2,LL,0,0,0,2,3,7,-4,2,LW,3,1,0,1,3,4,-1,0.48140512265512253,0.24514343434343408,0.27345144300144314,Home Win,0.48140512265512253,0.48140512265512253,0.27345144300144314,0.20795367965367939,1.051145064909,0.956793470955,LOW,VERY_HIGH,12,4,13,4,13,1,5,SUPPORTIVE,Model leans Brighton; context supports the home side,"Stage 7 gives Brighton the highest probability at 48.1%, 20.8 percentage points above the next outcome. The fixed context score is +5: 5 signals favor Brighton, 0 favor Crystal Palace, and 0 are neutral or unavailable. Context alignment is supportive; confidence is low and uncertainty is very_high. This interprets the existing prediction and does not alter or replace it."
-26396812838067,560608,football-data.org,2026-10-18 15:30:00+00:00,1792337400,UTC,NS,TIMED,,39,Premier League,England,2026,Regular Season - 7,65,Nottingham Forest,NOT,351,42,Arsenal,ARS,57,12,4,1,2,1,4,4,0,5,4,LDDW,5,1,2,1,4,4,0,2,LD,1,0,1,1,0,1,-1,2,DW,4,1,1,0,4,3,1,1,4,4,0,0,8,1,7,12,4,WWWW,12,4,0,0,8,1,7,2,WW,6,2,0,0,5,1,4,2,WW,6,2,0,0,3,0,3,0.15401180486180494,0.21477067377067394,0.6312175213675214,Away Win,0.6312175213675214,0.6312175213675214,0.21477067377067394,0.41644684759684746,0.908896983462,0.827313687310,HIGH,VERY_HIGH,-11,-7,-7,-7,-7,-5,-5,SUPPORTIVE,Model leans Arsenal; context supports the away side,"Stage 7 gives Arsenal the highest probability at 63.1%, 41.6 percentage points above the next outcome. The fixed context score is -5: 0 signals favor Nottingham Forest, 5 favor Arsenal, and 0 are neutral or unavailable. Context alignment is supportive; confidence is high and uncertainty is very_high. This interprets the existing prediction and does not alter or replace it."
-263012922133568,560606,football-data.org,2026-10-19 19:00:00+00:00,1792436400,UTC,NS,TIMED,,39,Premier League,England,2026,Regular Season - 7,47,Tottenham,TOT,73,-39195573837902,Coventry City,COV,1076,17,4,0,2,2,0,5,-5,2,4,LLDD,2,0,2,2,0,5,-5,2,LD,1,0,1,1,0,2,-2,2,LD,1,0,1,1,0,3,-3,20,4,0,0,4,0,10,-10,0,4,LLLL,0,0,0,4,0,10,-10,2,LL,0,0,0,2,0,6,-6,2,LL,0,0,0,2,0,4,-4,0.4158990981240981,0.33803506493506497,0.24606583694083714,Home Win,0.4158990981240981,0.4158990981240981,0.33803506493506497,0.07786403318903313,1.076530985878,0.979900732025,LOW,VERY_HIGH,3,2,5,2,5,1,5,SUPPORTIVE,Model leans Tottenham; context supports the home side,"Stage 7 gives Tottenham the highest probability at 41.6%, 7.8 percentage points above the next outcome. The fixed context score is +5: 5 signals favor Tottenham, 0 favor Coventry City, and 0 are neutral or unavailable. Context alignment is supportive; confidence is low and uncertainty is very_high. This interprets the existing prediction and does not alter or replace it."
-269972821554661,560620,football-data.org,2026-10-23 19:00:00+00:00,1792782000,UTC,NS,TIMED,,39,Premier League,England,2026,Regular Season - 8,57,Ipswich,IPS,349,65,Nottingham Forest,NOT,351,9,4,2,0,2,7,10,-3,6,4,WLLW,6,2,0,2,7,10,-3,2,WL,3,1,0,1,2,3,-1,2,LW,3,1,0,1,5,7,-2,12,4,1,2,1,4,4,0,5,4,LDDW,5,1,2,1,4,4,0,2,LD,1,0,1,1,0,1,-1,2,DW,4,1,1,0,4,3,1,0.14809215784215785,0.2533492118992118,0.5985586302586297,Away Win,0.5985586302586297,0.5985586302586297,0.2533492118992118,0.3452094183594179,0.937888009519,0.853702456447,MODERATE,VERY_HIGH,3,1,-3,1,-3,-1,1,MIXED,Model leans Nottingham Forest; context is mixed,"Stage 7 gives Nottingham Forest the highest probability at 59.9%, 34.5 percentage points above the next outcome. The fixed context score is +1: 3 signals favor Ipswich, 2 favor Nottingham Forest, and 0 are neutral or unavailable. Context alignment is mixed; confidence is moderate and uncertainty is very_high. This interprets the existing prediction and does not alter or replace it."
-166545821836103,560614,football-data.org,2026-10-24 11:30:00+00:00,1792841400,UTC,NS,TIMED,,39,Premier League,England,2026,Regular Season - 8,66,Aston Villa,AVL,58,50,Manchester City,MCI,65,19,4,0,1,3,1,7,-6,1,4,LLDL,1,0,1,3,1,7,-6,2,LL,0,0,0,2,1,3,-2,2,LD,1,0,1,1,0,4,-4,2,3,3,0,0,7,2,5,9,3,WWW,9,3,0,0,7,2,5,2,WW,6,2,0,0,3,1,2,1,W,3,1,0,0,4,1,3,0.22449971139971137,0.2549531968031967,0.5205470917970917,Away Win,0.5205470917970917,0.5205470917970917,0.2549531968031967,0.2655938949938950,1.023666197544,0.931781127976,MODERATE,VERY_HIGH,-17,-8,-11,-8,-11,-3,-5,SUPPORTIVE,Model leans Manchester City; context supports the away side,"Stage 7 gives Manchester City the highest probability at 52.1%, 26.6 percentage points above the next outcome. The fixed context score is -5: 0 signals favor Aston Villa, 5 favor Manchester City, and 0 are neutral or unavailable. Context alignment is supportive; confidence is moderate and uncertainty is very_high. This interprets the existing prediction and does not alter or replace it."
-167512696381910,560616,football-data.org,2026-10-24 14:00:00+00:00,1792850400,UTC,NS,TIMED,,39,Premier League,England,2026,Regular Season - 8,42,Arsenal,ARS,57,45,Everton,EVE,62,1,4,4,0,0,8,1,7,12,4,WWWW,12,4,0,0,8,1,7,2,WW,6,2,0,0,5,1,4,2,WW,6,2,0,0,3,0,3,8,4,1,3,0,5,3,2,6,4,WDDD,6,1,3,0,5,3,2,2,WD,4,1,1,0,4,2,2,2,DD,2,0,2,0,1,1,0,0.6593971861471863,0.15554819624819619,0.18505461760461767,Home Win,0.6593971861471863,0.6593971861471863,0.18505461760461767,0.47434256854256863,0.876242717445,0.797590493465,HIGH,HIGH,7,6,5,6,5,4,5,SUPPORTIVE,Model leans Arsenal; context supports the home side,"Stage 7 gives Arsenal the highest probability at 65.9%, 47.4 percentage points above the next outcome. The fixed context score is +5: 5 signals favor Arsenal, 0 favor Everton, and 0 are neutral or unavailable. Context alignment is supportive; confidence is high and uncertainty is high. This interprets the existing prediction and does not alter or replace it."
-90117532840559,560618,football-data.org,2026-10-24 14:00:00+00:00,1792850400,UTC,NS,TIMED,,39,Premier League,England,2026,Regular Season - 8,-39195573837902,Coventry City,COV,1076,36,Fulham,FUL,63,20,4,0,0,4,0,10,-10,0,4,LLLL,0,0,0,4,0,10,-10,2,LL,0,0,0,2,0,6,-6,2,LL,0,0,0,2,0,4,-4,18,4,0,1,3,4,7,-3,1,4,LLLD,1,0,1,3,4,7,-3,2,LL,0,0,0,2,4,6,-2,2,LD,1,0,1,1,0,1,-1,0.22694608691961635,0.17801864377452614,0.5950352693058573,Away Win,0.5950352693058573,0.5950352693058573,0.22694608691961635,0.36808918238624095,0.952710655974,0.867194610693,MODERATE,VERY_HIGH,-2,-1,-7,-1,-7,-1,-5,SUPPORTIVE,Model leans Fulham; context supports the away side,"Stage 7 gives Fulham the highest probability at 59.5%, 36.8 percentage points above the next outcome. The fixed context score is -5: 0 signals favor Coventry City, 5 favor Fulham, and 0 are neutral or unavailable. Context alignment is supportive; confidence is moderate and uncertainty is very_high. This interprets the existing prediction and does not alter or replace it."
-187923060337596,560617,football-data.org,2026-10-24 16:30:00+00:00,1792859400,UTC,NS,TIMED,,39,Premier League,England,2026,Regular Season - 8,49,Chelsea,CHE,61,47,Tottenham,TOT,73,5,4,2,1,1,10,9,1,7,4,WWLD,7,2,1,1,10,9,1,2,WD,4,1,1,0,6,5,1,2,WL,3,1,0,1,4,4,0,17,4,0,2,2,0,5,-5,2,4,LLDD,2,0,2,2,0,5,-5,2,LD,1,0,1,1,0,2,-2,2,LD,1,0,1,1,0,3,-3,0.4025774891774889,0.3183559163059162,0.27906659451659477,Home Win,0.4025774891774889,0.4025774891774889,0.3183559163059162,0.0842215728715727,1.086851788807,0.989295131702,LOW,VERY_HIGH,12,5,6,5,6,3,5,SUPPORTIVE,Model leans Chelsea; context supports the home side,"Stage 7 gives Chelsea the highest probability at 40.3%, 8.4 percentage points above the next outcome. The fixed context score is +5: 5 signals favor Chelsea, 0 favor Tottenham, and 0 are neutral or unavailable. Context alignment is supportive; confidence is low and uncertainty is very_high. This interprets the existing prediction and does not alter or replace it."
-19190512823776,560619,football-data.org,2026-10-25 14:00:00+00:00,1792936800,UTC,NS,TIMED,,39,Premier League,England,2026,Regular Season - 8,-44103427291829,Hull City,HUL,322,55,Brentford,BRE,402,3,4,2,2,0,5,2,3,8,4,WWDD,8,2,2,0,5,2,3,2,WD,4,1,1,0,2,0,2,2,WD,4,1,1,0,3,2,1,6,4,1,3,0,7,4,3,6,4,WDDD,6,1,3,0,7,4,3,2,WD,4,1,1,0,4,1,3,2,DD,2,0,2,0,3,3,0,0.4067097402597401,0.22192958152958162,0.37136067821067814,Home Win,0.4067097402597401,0.4067097402597401,0.37136067821067814,0.03534906204906196,1.067853398201,0.972002051329,LOW,VERY_HIGH,3,2,0,2,0,2,4,SUPPORTIVE,Model leans Hull City; context supports the home side,"Stage 7 gives Hull City the highest probability at 40.7%, 3.5 percentage points above the next outcome. The fixed context score is +4: 4 signals favor Hull City, 0 favor Brentford, and 1 are neutral or unavailable. Context alignment is supportive; confidence is low and uncertainty is very_high. This interprets the existing prediction and does not alter or replace it."
-205232173315694,560615,football-data.org,2026-10-25 14:00:00+00:00,1792936800,UTC,NS,TIMED,,39,Premier League,England,2026,Regular Season - 8,33,Manchester United,MUN,66,35,Bournemouth,BOU,1044,13,3,1,1,1,7,6,1,4,3,LWD,4,1,1,1,7,6,1,1,W,3,1,0,0,5,2,3,2,LD,1,0,1,1,2,4,-2,15,4,0,3,1,6,7,-1,3,4,LDDD,3,0,3,1,6,7,-1,2,DD,2,0,2,0,3,3,0,2,LD,1,0,1,1,3,4,-1,0.44650829725829727,0.23887272727272713,0.31461897546897566,Home Win,0.44650829725829727,0.44650829725829727,0.31461897546897566,0.13188932178932161,1.065865402617,0.970192499766,LOW,VERY_HIGH,2,1,2,1,2,2,5,SUPPORTIVE,Model leans Manchester United; context supports the home side,"Stage 7 gives Manchester United the highest probability at 44.7%, 13.2 percentage points above the next outcome. The fixed context score is +5: 5 signals favor Manchester United, 0 favor Bournemouth, and 0 are neutral or unavailable. Context alignment is supportive; confidence is low and uncertainty is very_high. This interprets the existing prediction and does not alter or replace it."
-48095247475065,560612,football-data.org,2026-10-25 14:00:00+00:00,1792936800,UTC,NS,TIMED,,39,Premier League,England,2026,Regular Season - 8,40,Liverpool,LIV,64,51,Brighton,BHA,397,7,4,1,3,0,6,4,2,6,4,DDWD,6,1,3,0,6,4,2,2,DD,2,0,2,0,2,2,0,2,DW,4,1,1,0,4,2,2,4,4,2,1,1,13,5,8,7,4,WLDW,7,2,1,1,13,5,8,2,WD,4,1,1,0,5,1,4,2,LW,3,1,0,1,8,4,4,0.5085093795093791,0.20852027417027405,0.2829703463203465,Home Win,0.5085093795093791,0.5085093795093791,0.2829703463203465,0.2255390331890326,1.028017149503,0.935741535123,MODERATE,VERY_HIGH,-3,-1,-6,-1,-6,-1,-5,CONTRADICTORY,Model leans Liverpool; context favors Brighton,"Stage 7 gives Liverpool the highest probability at 50.9%, 22.6 percentage points above the next outcome. The fixed context score is -5: 0 signals favor Liverpool, 5 favor Brighton, and 0 are neutral or unavailable. Context alignment is contradictory; confidence is moderate and uncertainty is very_high. This interprets the existing prediction and does not alter or replace it."
-49082722255702,560613,football-data.org,2026-10-25 14:00:00+00:00,1792936800,UTC,NS,TIMED,,39,Premier League,England,2026,Regular Season - 8,52,Crystal Palace,CRY,354,34,Newcastle,NEW,67,16,4,1,0,3,6,11,-5,3,4,LLWL,3,1,0,3,6,11,-5,2,LL,0,0,0,2,3,7,-4,2,LW,3,1,0,1,3,4,-1,10,3,1,2,0,6,4,2,5,3,DWD,5,1,2,0,6,4,2,2,DD,2,0,2,0,4,4,0,1,W,3,1,0,0,2,0,2,0.24156712731712715,0.2227857864357865,0.5356470862470862,Away Win,0.5356470862470862,0.5356470862470862,0.24156712731712715,0.29407995892995905,1.012088585485,0.921242731330,MODERATE,VERY_HIGH,-6,-2,-7,-2,-7,-3,-5,SUPPORTIVE,Model leans Newcastle; context supports the away side,"Stage 7 gives Newcastle the highest probability at 53.6%, 29.4 percentage points above the next outcome. The fixed context score is -5: 0 signals favor Crystal Palace, 5 favor Newcastle, and 0 are neutral or unavailable. Context alignment is supportive; confidence is moderate and uncertainty is very_high. This interprets the existing prediction and does not alter or replace it."
-17145216016788,560621,football-data.org,2026-10-25 16:30:00+00:00,1792945800,UTC,NS,TIMED,,39,Premier League,England,2026,Regular Season - 8,-218557486738561,Sunderland,SUN,71,-156530674508954,Leeds,LEE,341,14,4,1,1,2,3,5,-2,4,4,LWDL,4,1,1,2,3,5,-2,2,WL,3,1,0,1,1,2,-1,2,LD,1,0,1,1,2,3,-1,11,3,1,2,0,3,2,1,5,3,WDD,5,1,2,0,3,2,1,1,D,1,0,1,0,1,1,0,2,WD,4,1,1,0,2,1,1,0.38841904761904744,0.19017979242979247,0.42140115995115984,Away Win,0.42140115995115984,0.42140115995115984,0.38841904761904744,0.03298211233211240,1.047136325608,0.953144559195,LOW,VERY_HIGH,-3,-1,-3,-1,-3,-1,-5,SUPPORTIVE,Model leans Leeds; context supports the away side,"Stage 7 gives Leeds the highest probability at 42.1%, 3.3 percentage points above the next outcome. The fixed context score is -5: 0 signals favor Sunderland, 5 favor Leeds, and 0 are neutral or unavailable. Context alignment is supportive; confidence is low and uncertainty is very_high. This interprets the existing prediction and does not alter or replace it."
-259069717660793,560626,football-data.org,2026-10-31 12:30:00+00:00,1793449800,UTC,NS,TIMED,,39,Premier League,England,2026,Regular Season - 9,49,Chelsea,CHE,61,33,Manchester United,MUN,66,5,4,2,1,1,10,9,1,7,4,WWLD,7,2,1,1,10,9,1,2,WD,4,1,1,0,6,5,1,2,WL,3,1,0,1,4,4,0,13,3,1,1,1,7,6,1,4,3,LWD,4,1,1,1,7,6,1,1,W,3,1,0,0,5,2,3,2,LD,1,0,1,1,2,4,-2,0.38868629148629125,0.27047503607503603,0.34083867243867255,Home Win,0.38868629148629125,0.38868629148629125,0.34083867243867255,0.04784761904761870,1.087828694888,0.990184349937,VERY_LOW,VERY_HIGH,8,3,0,3,0,3,4,SUPPORTIVE,Model leans Chelsea; context supports the home side,"Stage 7 gives Chelsea the highest probability at 38.9%, 4.8 percentage points above the next outcome. The fixed context score is +4: 4 signals favor Chelsea, 0 favor Manchester United, and 1 are neutral or unavailable. Context alignment is supportive; confidence is very_low and uncertainty is very_high. This interprets the existing prediction and does not alter or replace it."
-129812077882142,560624,football-data.org,2026-10-31 15:00:00+00:00,1793458800,UTC,NS,TIMED,,39,Premier League,England,2026,Regular Season - 9,35,Bournemouth,BOU,1044,-156530674508954,Leeds,LEE,341,15,4,0,3,1,6,7,-1,3,4,LDDD,3,0,3,1,6,7,-1,2,DD,2,0,2,0,3,3,0,2,LD,1,0,1,1,3,4,-1,11,3,1,2,0,3,2,1,5,3,WDD,5,1,2,0,3,2,1,1,D,1,0,1,0,1,1,0,2,WD,4,1,1,0,2,1,1,0.30191796536796545,0.25657640137640136,0.441505633255633,Away Win,0.441505633255633,0.441505633255633,0.30191796536796545,0.13958766788766755,1.071564535841,0.975380074385,LOW,VERY_HIGH,-4,-2,-2,-2,-2,-2,-5,SUPPORTIVE,Model leans Leeds; context supports the away side,"Stage 7 gives Leeds the highest probability at 44.2%, 14.0 percentage points above the next outcome. The fixed context score is -5: 0 signals favor Bournemouth, 5 favor Leeds, and 0 are neutral or unavailable. Context alignment is supportive; confidence is low and uncertainty is very_high. This interprets the existing prediction and does not alter or replace it."
-158738535698344,560629,football-data.org,2026-10-31 15:00:00+00:00,1793458800,UTC,NS,TIMED,,39,Premier League,England,2026,Regular Season - 9,-44103427291829,Hull City,HUL,322,57,Ipswich,IPS,349,3,4,2,2,0,5,2,3,8,4,WWDD,8,2,2,0,5,2,3,2,WD,4,1,1,0,2,0,2,2,WD,4,1,1,0,3,2,1,9,4,2,0,2,7,10,-3,6,4,WLLW,6,2,0,2,7,10,-3,2,WL,3,1,0,1,2,3,-1,2,LW,3,1,0,1,5,7,-2,0.5193248196248197,0.2462885281385281,0.23438665223665225,Home Win,0.5193248196248197,0.5193248196248197,0.2462885281385281,0.2730362914862916,1.025431378511,0.933387864934,MODERATE,VERY_HIGH,6,2,6,2,6,1,5,SUPPORTIVE,Model leans Hull City; context supports the home side,"Stage 7 gives Hull City the highest probability at 51.9%, 27.3 percentage points above the next outcome. The fixed context score is +5: 5 signals favor Hull City, 0 favor Ipswich, and 0 are neutral or unavailable. Context alignment is supportive; confidence is moderate and uncertainty is very_high. This interprets the existing prediction and does not alter or replace it."
-22812761325840,560630,football-data.org,2026-10-31 15:00:00+00:00,1793458800,UTC,NS,TIMED,,39,Premier League,England,2026,Regular Season - 9,55,Brentford,BRE,402,65,Nottingham Forest,NOT,351,6,4,1,3,0,7,4,3,6,4,WDDD,6,1,3,0,7,4,3,2,WD,4,1,1,0,4,1,3,2,DD,2,0,2,0,3,3,0,12,4,1,2,1,4,4,0,5,4,LDDW,5,1,2,1,4,4,0,2,LD,1,0,1,1,0,1,-1,2,DW,4,1,1,0,4,3,1,0.3514804473304475,0.23828874458874447,0.4102308080808082,Away Win,0.4102308080808082,0.4102308080808082,0.3514804473304475,0.0587503607503607,1.074809424702,0.978333699512,LOW,VERY_HIGH,6,1,3,1,3,0,4,CONTRADICTORY,Model leans Nottingham Forest; context favors Brentford,"Stage 7 gives Nottingham Forest the highest probability at 41.0%, 5.9 percentage points above the next outcome. The fixed context score is +4: 4 signals favor Brentford, 0 favor Nottingham Forest, and 1 are neutral or unavailable. Context alignment is contradictory; confidence is low and uncertainty is very_high. This interprets the existing prediction and does not alter or replace it."
-47762837367933,560625,football-data.org,2026-10-31 15:00:00+00:00,1793458800,UTC,NS,TIMED,,39,Premier League,England,2026,Regular Season - 9,-39195573837902,Coventry City,COV,1076,-218557486738561,Sunderland,SUN,71,20,4,0,0,4,0,10,-10,0,4,LLLL,0,0,0,4,0,10,-10,2,LL,0,0,0,2,0,6,-6,2,LL,0,0,0,2,0,4,-4,14,4,1,1,2,3,5,-2,4,4,LWDL,4,1,1,2,3,5,-2,2,WL,3,1,0,1,1,2,-1,2,LD,1,0,1,1,2,3,-1,0.23500721500721505,0.21943250083250085,0.5455602841602841,Away Win,0.5455602841602841,0.5455602841602841,0.23500721500721505,0.31055306915306905,1.003716602000,0.913622223557,MODERATE,VERY_HIGH,-6,-4,-8,-4,-8,-1,-5,SUPPORTIVE,Model leans Sunderland; context supports the away side,"Stage 7 gives Sunderland the highest probability at 54.6%, 31.1 percentage points above the next outcome. The fixed context score is -5: 0 signals favor Coventry City, 5 favor Sunderland, and 0 are neutral or unavailable. Context alignment is supportive; confidence is moderate and uncertainty is very_high. This interprets the existing prediction and does not alter or replace it."
-72234812288657,560623,football-data.org,2026-10-31 15:00:00+00:00,1793458800,UTC,NS,TIMED,,39,Premier League,England,2026,Regular Season - 9,50,Manchester City,MCI,65,51,Brighton,BHA,397,2,3,3,0,0,7,2,5,9,3,WWW,9,3,0,0,7,2,5,2,WW,6,2,0,0,3,1,2,1,W,3,1,0,0,4,1,3,4,4,2,1,1,13,5,8,7,4,WLDW,7,2,1,1,13,5,8,2,WD,4,1,1,0,5,1,4,2,LW,3,1,0,1,8,4,4,0.610053246753247,0.17098203463203457,0.21896471861471872,Home Win,0.610053246753247,0.610053246753247,0.21896471861471872,0.39108852813852828,0.936055141936,0.852034108476,HIGH,VERY_HIGH,2,2,-3,2,-3,3,3,SUPPORTIVE,Model leans Manchester City; context supports the home side,"Stage 7 gives Manchester City the highest probability at 61.0%, 39.1 percentage points above the next outcome. The fixed context score is +3: 4 signals favor Manchester City, 1 favor Brighton, and 0 are neutral or unavailable. Context alignment is supportive; confidence is high and uncertainty is very_high. This interprets the existing prediction and does not alter or replace it."
-235581925488601,560627,football-data.org,2026-10-31 17:30:00+00:00,1793467800,UTC,NS,TIMED,,39,Premier League,England,2026,Regular Season - 9,47,Tottenham,TOT,73,52,Crystal Palace,CRY,354,17,4,0,2,2,0,5,-5,2,4,LLDD,2,0,2,2,0,5,-5,2,LD,1,0,1,1,0,2,-2,2,LD,1,0,1,1,0,3,-3,16,4,1,0,3,6,11,-5,3,4,LLWL,3,1,0,3,6,11,-5,2,LL,0,0,0,2,3,7,-4,2,LW,3,1,0,1,3,4,-1,0.43768419913419926,0.20868896103896092,0.3536268398268398,Home Win,0.43768419913419926,0.43768419913419926,0.3536268398268398,0.08405735930735946,1.056236520088,0.961427913180,LOW,VERY_HIGH,-1,-1,0,-1,0,-2,-4,CONTRADICTORY,Model leans Tottenham; context favors Crystal Palace,"Stage 7 gives Tottenham the highest probability at 43.8%, 8.4 percentage points above the next outcome. The fixed context score is -4: 0 signals favor Tottenham, 4 favor Crystal Palace, and 1 are neutral or unavailable. Context alignment is contradictory; confidence is low and uncertainty is very_high. This interprets the existing prediction and does not alter or replace it."
-105318097993102,560628,football-data.org,2026-10-31 20:00:00+00:00,1793476800,UTC,NS,TIMED,,39,Premier League,England,2026,Regular Season - 9,66,Aston Villa,AVL,58,36,Fulham,FUL,63,19,4,0,1,3,1,7,-6,1,4,LLDL,1,0,1,3,1,7,-6,2,LL,0,0,0,2,1,3,-2,2,LD,1,0,1,1,0,4,-4,18,4,0,1,3,4,7,-3,1,4,LLLD,1,0,1,3,4,7,-3,2,LL,0,0,0,2,4,6,-2,2,LD,1,0,1,1,0,1,-1,0.4453404761904762,0.21290425685425685,0.3417552669552669,Home Win,0.4453404761904762,0.4453404761904762,0.3417552669552669,0.1035852092352093,1.056516509595,0.961682770612,LOW,VERY_HIGH,-1,0,-3,0,-3,-1,-3,CONTRADICTORY,Model leans Aston Villa; context favors Fulham,"Stage 7 gives Aston Villa the highest probability at 44.5%, 10.4 percentage points above the next outcome. The fixed context score is -3: 0 signals favor Aston Villa, 3 favor Fulham, and 2 are neutral or unavailable. Context alignment is contradictory; confidence is low and uncertainty is very_high. This interprets the existing prediction and does not alter or replace it."
-130354414804694,560631,football-data.org,2026-11-01 16:30:00+00:00,1793550600,UTC,NS,TIMED,,39,Premier League,England,2026,Regular Season - 9,40,Liverpool,LIV,64,42,Arsenal,ARS,57,7,4,1,3,0,6,4,2,6,4,DDWD,6,1,3,0,6,4,2,2,DD,2,0,2,0,2,2,0,2,DW,4,1,1,0,4,2,2,1,4,4,0,0,8,1,7,12,4,WWWW,12,4,0,0,8,1,7,2,WW,6,2,0,0,5,1,4,2,WW,6,2,0,0,3,0,3,0.2311458874458875,0.3038865301365303,0.46496758241758257,Away Win,0.46496758241758257,0.46496758241758257,0.3038865301365303,0.16108105228105227,1.056586744596,0.961746701265,LOW,VERY_HIGH,-6,-6,-5,-6,-5,-4,-5,SUPPORTIVE,Model leans Arsenal; context supports the away side,"Stage 7 gives Arsenal the highest probability at 46.5%, 16.1 percentage points above the next outcome. The fixed context score is -5: 0 signals favor Liverpool, 5 favor Arsenal, and 0 are neutral or unavailable. Context alignment is supportive; confidence is low and uncertainty is very_high. This interprets the existing prediction and does not alter or replace it."
-242642438718423,560622,football-data.org,2026-11-02 20:00:00+00:00,1793649600,UTC,NS,TIMED,,39,Premier League,England,2026,Regular Season - 9,34,Newcastle,NEW,67,45,Everton,EVE,62,10,3,1,2,0,6,4,2,5,3,DWD,5,1,2,0,6,4,2,2,DD,2,0,2,0,4,4,0,1,W,3,1,0,0,2,0,2,8,4,1,3,0,5,3,2,6,4,WDDD,6,1,3,0,5,3,2,2,WD,4,1,1,0,4,2,2,2,DD,2,0,2,0,1,1,0,0.4965437229437226,0.2236763347763346,0.2797799422799424,Home Win,0.4965437229437226,0.4965437229437226,0.2797799422799424,0.2167637806637802,1.038960079316,0.945702219093,LOW,VERY_HIGH,-2,-1,0,-1,0,0,-3,CONTRADICTORY,Model leans Newcastle; context favors Everton,"Stage 7 gives Newcastle the highest probability at 49.7%, 21.7 percentage points above the next outcome. The fixed context score is -3: 0 signals favor Newcastle, 3 favor Everton, and 2 are neutral or unavailable. Context alignment is contradictory; confidence is low and uncertainty is very_high. This interprets the existing prediction and does not alter or replace it."
-112617599451663,560637,football-data.org,2026-11-07 15:00:00+00:00,1794063600,UTC,NS,TIMED,,39,Premier League,England,2026,Regular Season - 10,57,Ipswich,IPS,349,35,Bournemouth,BOU,1044,9,4,2,0,2,7,10,-3,6,4,WLLW,6,2,0,2,7,10,-3,2,WL,3,1,0,1,2,3,-1,2,LW,3,1,0,1,5,7,-2,15,4,0,3,1,6,7,-1,3,4,LDDD,3,0,3,1,6,7,-1,2,DD,2,0,2,0,3,3,0,2,LD,1,0,1,1,3,4,-1,0.14523104673104673,0.22616587856587855,0.6286030747030744,Away Win,0.6286030747030744,0.6286030747030744,0.22616587856587855,0.40243719613719585,0.908237876004,0.826713741847,HIGH,VERY_HIGH,6,3,-2,3,-2,2,3,CONTRADICTORY,Model leans Bournemouth; context favors Ipswich,"Stage 7 gives Bournemouth the highest probability at 62.9%, 40.2 percentage points above the next outcome. The fixed context score is +3: 4 signals favor Ipswich, 1 favor Bournemouth, and 0 are neutral or unavailable. Context alignment is contradictory; confidence is high and uncertainty is very_high. This interprets the existing prediction and does not alter or replace it."
-117139224787201,560638,football-data.org,2026-11-07 15:00:00+00:00,1794063600,UTC,NS,TIMED,,39,Premier League,England,2026,Regular Season - 10,51,Brighton,BHA,397,55,Brentford,BRE,402,4,4,2,1,1,13,5,8,7,4,WLDW,7,2,1,1,13,5,8,2,WD,4,1,1,0,5,1,4,2,LW,3,1,0,1,8,4,4,6,4,1,3,0,7,4,3,6,4,WDDD,6,1,3,0,7,4,3,2,WD,4,1,1,0,4,1,3,2,DD,2,0,2,0,3,3,0,0.4166035353535353,0.23665836940836935,0.34673809523809535,Home Win,0.4166035353535353,0.4166035353535353,0.34673809523809535,0.06986544011543995,1.073103766694,0.976781142685,LOW,VERY_HIGH,2,1,5,1,5,2,5,SUPPORTIVE,Model leans Brighton; context supports the home side,"Stage 7 gives Brighton the highest probability at 41.7%, 7.0 percentage points above the next outcome. The fixed context score is +5: 5 signals favor Brighton, 0 favor Brentford, and 0 are neutral or unavailable. Context alignment is supportive; confidence is low and uncertainty is very_high. This interprets the existing prediction and does not alter or replace it."
-13556169052151,560639,football-data.org,2026-11-07 15:00:00+00:00,1794063600,UTC,NS,TIMED,,39,Premier League,England,2026,Regular Season - 10,33,Manchester United,MUN,66,66,Aston Villa,AVL,58,13,3,1,1,1,7,6,1,4,3,LWD,4,1,1,1,7,6,1,1,W,3,1,0,0,5,2,3,2,LD,1,0,1,1,2,4,-2,19,4,0,1,3,1,7,-6,1,4,LLDL,1,0,1,3,1,7,-6,2,LL,0,0,0,2,1,3,-2,2,LD,1,0,1,1,0,4,-4,0.4083163059163057,0.2620511544011543,0.32963253968253997,Home Win,0.4083163059163057,0.4083163059163057,0.32963253968253997,0.07868376623376573,1.082495795361,0.985330135597,LOW,VERY_HIGH,6,3,7,3,7,2,5,SUPPORTIVE,Model leans Manchester United; context supports the home side,"Stage 7 gives Manchester United the highest probability at 40.8%, 7.9 percentage points above the next outcome. The fixed context score is +5: 5 signals favor Manchester United, 0 favor Aston Villa, and 0 are neutral or unavailable. Context alignment is supportive; confidence is low and uncertainty is very_high. This interprets the existing prediction and does not alter or replace it."
-152337234812419,560641,football-data.org,2026-11-07 15:00:00+00:00,1794063600,UTC,NS,TIMED,,39,Premier League,England,2026,Regular Season - 10,65,Nottingham Forest,NOT,351,50,Manchester City,MCI,65,12,4,1,2,1,4,4,0,5,4,LDDW,5,1,2,1,4,4,0,2,LD,1,0,1,1,0,1,-1,2,DW,4,1,1,0,4,3,1,2,3,3,0,0,7,2,5,9,3,WWW,9,3,0,0,7,2,5,2,WW,6,2,0,0,3,1,2,1,W,3,1,0,0,4,1,3,0.20721125541125535,0.24101572871572882,0.5517730158730159,Away Win,0.5517730158730159,0.5517730158730159,0.24101572871572882,0.31075728715728708,0.997187991987,0.907679626628,MODERATE,VERY_HIGH,-10,-4,-5,-4,-5,-2,-5,SUPPORTIVE,Model leans Manchester City; context supports the away side,"Stage 7 gives Manchester City the highest probability at 55.2%, 31.1 percentage points above the next outcome. The fixed context score is -5: 0 signals favor Nottingham Forest, 5 favor Manchester City, and 0 are neutral or unavailable. Context alignment is supportive; confidence is moderate and uncertainty is very_high. This interprets the existing prediction and does not alter or replace it."
-184897501634978,560640,football-data.org,2026-11-07 15:00:00+00:00,1794063600,UTC,NS,TIMED,,39,Premier League,England,2026,Regular Season - 10,42,Arsenal,ARS,57,-44103427291829,Hull City,HUL,322,1,4,4,0,0,8,1,7,12,4,WWWW,12,4,0,0,8,1,7,2,WW,6,2,0,0,5,1,4,2,WW,6,2,0,0,3,0,3,3,4,2,2,0,5,2,3,8,4,WWDD,8,2,2,0,5,2,3,2,WD,4,1,1,0,2,0,2,2,WD,4,1,1,0,3,2,1,0.5672000777000775,0.22918653013653015,0.20361339216339217,Home Win,0.5672000777000775,0.5672000777000775,0.22918653013653015,0.33801354756354735,0.983326167848,0.895062050544,MODERATE,VERY_HIGH,2,4,4,4,4,2,5,SUPPORTIVE,Model leans Arsenal; context supports the home side,"Stage 7 gives Arsenal the highest probability at 56.7%, 33.8 percentage points above the next outcome. The fixed context score is +5: 5 signals favor Arsenal, 0 favor Hull City, and 0 are neutral or unavailable. Context alignment is supportive; confidence is moderate and uncertainty is very_high. This interprets the existing prediction and does not alter or replace it."
-219575944997535,560634,football-data.org,2026-11-07 15:00:00+00:00,1794063600,UTC,NS,TIMED,,39,Premier League,England,2026,Regular Season - 10,45,Everton,EVE,62,-39195573837902,Coventry City,COV,1076,8,4,1,3,0,5,3,2,6,4,WDDD,6,1,3,0,5,3,2,2,WD,4,1,1,0,4,2,2,2,DD,2,0,2,0,1,1,0,20,4,0,0,4,0,10,-10,0,4,LLLL,0,0,0,4,0,10,-10,2,LL,0,0,0,2,0,6,-6,2,LL,0,0,0,2,0,4,-4,0.40285831945831935,0.32321270396270385,0.2739289765789765,Home Win,0.40285831945831935,0.40285831945831935,0.32321270396270385,0.07964561549561550,1.086024605431,0.988542196945,LOW,VERY_HIGH,12,6,12,6,12,4,5,SUPPORTIVE,Model leans Everton; context supports the home side,"Stage 7 gives Everton the highest probability at 40.3%, 8.0 percentage points above the next outcome. The fixed context score is +5: 5 signals favor Everton, 0 favor Coventry City, and 0 are neutral or unavailable. Context alignment is supportive; confidence is low and uncertainty is very_high. This interprets the existing prediction and does not alter or replace it."
-231692435320313,560636,football-data.org,2026-11-07 15:00:00+00:00,1794063600,UTC,NS,TIMED,,39,Premier League,England,2026,Regular Season - 10,-218557486738561,Sunderland,SUN,71,49,Chelsea,CHE,61,14,4,1,1,2,3,5,-2,4,4,LWDL,4,1,1,2,3,5,-2,2,WL,3,1,0,1,1,2,-1,2,LD,1,0,1,1,2,3,-1,5,4,2,1,1,10,9,1,7,4,WWLD,7,2,1,1,10,9,1,2,WD,4,1,1,0,6,5,1,2,WL,3,1,0,1,4,4,0,0.3780167388167387,0.17664617604617616,0.4453370851370853,Away Win,0.4453370851370853,0.4453370851370853,0.3780167388167387,0.0673203463203466,1.034219765368,0.941387399391,LOW,VERY_HIGH,-9,-3,-3,-3,-3,0,-4,SUPPORTIVE,Model leans Chelsea; context supports the away side,"Stage 7 gives Chelsea the highest probability at 44.5%, 6.7 percentage points above the next outcome. The fixed context score is -4: 0 signals favor Sunderland, 4 favor Chelsea, and 1 are neutral or unavailable. Context alignment is supportive; confidence is low and uncertainty is very_high. This interprets the existing prediction and does not alter or replace it."
-239677238080832,560633,football-data.org,2026-11-07 15:00:00+00:00,1794063600,UTC,NS,TIMED,,39,Premier League,England,2026,Regular Season - 10,36,Fulham,FUL,63,34,Newcastle,NEW,67,18,4,0,1,3,4,7,-3,1,4,LLLD,1,0,1,3,4,7,-3,2,LL,0,0,0,2,4,6,-2,2,LD,1,0,1,1,0,1,-1,10,3,1,2,0,6,4,2,5,3,DWD,5,1,2,0,6,4,2,2,DD,2,0,2,0,4,4,0,1,W,3,1,0,0,2,0,2,0.2497353812853811,0.19511911976911986,0.5551454989454986,Away Win,0.5551454989454986,0.5551454989454986,0.2497353812853811,0.3054101176601175,0.992041197129,0.902994812057,MODERATE,VERY_HIGH,-8,-4,-5,-4,-5,-3,-5,SUPPORTIVE,Model leans Newcastle; context supports the away side,"Stage 7 gives Newcastle the highest probability at 55.5%, 30.5 percentage points above the next outcome. The fixed context score is -5: 0 signals favor Fulham, 5 favor Newcastle, and 0 are neutral or unavailable. Context alignment is supportive; confidence is moderate and uncertainty is very_high. This interprets the existing prediction and does not alter or replace it."
-250533373073262,560635,football-data.org,2026-11-07 15:00:00+00:00,1794063600,UTC,NS,TIMED,,39,Premier League,England,2026,Regular Season - 10,52,Crystal Palace,CRY,354,40,Liverpool,LIV,64,16,4,1,0,3,6,11,-5,3,4,LLWL,3,1,0,3,6,11,-5,2,LL,0,0,0,2,3,7,-4,2,LW,3,1,0,1,3,4,-1,7,4,1,3,0,6,4,2,6,4,DDWD,6,1,3,0,6,4,2,2,DD,2,0,2,0,2,2,0,2,DW,4,1,1,0,4,2,2,0.20767135642135634,0.23534206349206355,0.55698658008658,Away Win,0.55698658008658,0.55698658008658,0.23534206349206355,0.32164451659451645,0.992846886187,0.903728181842,MODERATE,VERY_HIGH,-9,-3,-7,-3,-7,-4,-5,SUPPORTIVE,Model leans Liverpool; context supports the away side,"Stage 7 gives Liverpool the highest probability at 55.7%, 32.2 percentage points above the next outcome. The fixed context score is -5: 0 signals favor Crystal Palace, 5 favor Liverpool, and 0 are neutral or unavailable. Context alignment is supportive; confidence is moderate and uncertainty is very_high. This interprets the existing prediction and does not alter or replace it."
-280799069115072,560632,football-data.org,2026-11-07 15:00:00+00:00,1794063600,UTC,NS,TIMED,,39,Premier League,England,2026,Regular Season - 10,-156530674508954,Leeds,LEE,341,47,Tottenham,TOT,73,11,3,1,2,0,3,2,1,5,3,WDD,5,1,2,0,3,2,1,1,D,1,0,1,0,1,1,0,2,WD,4,1,1,0,2,1,1,17,4,0,2,2,0,5,-5,2,4,LLDD,2,0,2,2,0,5,-5,2,LD,1,0,1,1,0,2,-2,2,LD,1,0,1,1,0,3,-3,0.4697113275613274,0.20452597402597403,0.32576269841269845,Home Win,0.4697113275613274,0.4697113275613274,0.32576269841269845,0.14394862914862895,1.044897206167,0.951106424846,LOW,VERY_HIGH,6,3,6,3,6,0,4,SUPPORTIVE,Model leans Leeds; context supports the home side,"Stage 7 gives Leeds the highest probability at 47.0%, 14.4 percentage points above the next outcome. The fixed context score is +4: 4 signals favor Leeds, 0 favor Tottenham, and 1 are neutral or unavailable. Context alignment is supportive; confidence is low and uncertainty is very_high. This interprets the existing prediction and does not alter or replace it."
-153927690537635,560648,football-data.org,2026-11-21 15:00:00+00:00,1795273200,UTC,NS,TIMED,,39,Premier League,England,2026,Regular Season - 11,47,Tottenham,TOT,73,57,Ipswich,IPS,349,17,4,0,2,2,0,5,-5,2,4,LLDD,2,0,2,2,0,5,-5,2,LD,1,0,1,1,0,2,-2,2,LD,1,0,1,1,0,3,-3,9,4,2,0,2,7,10,-3,6,4,WLLW,6,2,0,2,7,10,-3,2,WL,3,1,0,1,2,3,-1,2,LW,3,1,0,1,5,7,-2,0.5421236652236654,0.20851392496392498,0.2493624098124099,Home Win,0.5421236652236654,0.5421236652236654,0.2493624098124099,0.2927612554112555,1.005145323697,0.914922702090,MODERATE,VERY_HIGH,-8,-4,-2,-4,-2,-2,-5,CONTRADICTORY,Model leans Tottenham; context favors Ipswich,"Stage 7 gives Tottenham the highest probability at 54.2%, 29.3 percentage points above the next outcome. The fixed context score is -5: 0 signals favor Tottenham, 5 favor Ipswich, and 0 are neutral or unavailable. Context alignment is contradictory; confidence is moderate and uncertainty is very_high. This interprets the existing prediction and does not alter or replace it."
-159566336176171,560643,football-data.org,2026-11-21 15:00:00+00:00,1795273200,UTC,NS,TIMED,,39,Premier League,England,2026,Regular Season - 11,50,Manchester City,MCI,65,36,Fulham,FUL,63,2,3,3,0,0,7,2,5,9,3,WWW,9,3,0,0,7,2,5,2,WW,6,2,0,0,3,1,2,1,W,3,1,0,0,4,1,3,18,4,0,1,3,4,7,-3,1,4,LLLD,1,0,1,3,4,7,-3,2,LL,0,0,0,2,4,6,-2,2,LD,1,0,1,1,0,1,-1,0.6247474747474747,0.1702909090909091,0.2049616161616163,Home Win,0.6247474747474747,0.6247474747474747,0.2049616161616163,0.4197858585858584,0.920193376456,0.837596107333,HIGH,VERY_HIGH,16,8,8,8,8,5,5,SUPPORTIVE,Model leans Manchester City; context supports the home side,"Stage 7 gives Manchester City the highest probability at 62.5%, 42.0 percentage points above the next outcome. The fixed context score is +5: 5 signals favor Manchester City, 0 favor Fulham, and 0 are neutral or unavailable. Context alignment is supportive; confidence is high and uncertainty is very_high. This interprets the existing prediction and does not alter or replace it."
-172408071138911,560645,football-data.org,2026-11-21 15:00:00+00:00,1795273200,UTC,NS,TIMED,,39,Premier League,England,2026,Regular Season - 11,40,Liverpool,LIV,64,33,Manchester United,MUN,66,7,4,1,3,0,6,4,2,6,4,DDWD,6,1,3,0,6,4,2,2,DD,2,0,2,0,2,2,0,2,DW,4,1,1,0,4,2,2,13,3,1,1,1,7,6,1,4,3,LWD,4,1,1,1,7,6,1,1,W,3,1,0,0,5,2,3,2,LD,1,0,1,1,2,4,-2,0.43764603174603145,0.23265043290043286,0.32970353535353536,Home Win,0.43764603174603145,0.43764603174603145,0.32970353535353536,0.10794249639249609,1.066727964015,0.970977636986,LOW,VERY_HIGH,6,2,1,2,1,1,5,SUPPORTIVE,Model leans Liverpool; context supports the home side,"Stage 7 gives Liverpool the highest probability at 43.8%, 10.8 percentage points above the next outcome. The fixed context score is +5: 5 signals favor Liverpool, 0 favor Manchester United, and 0 are neutral or unavailable. Context alignment is supportive; confidence is low and uncertainty is very_high. This interprets the existing prediction and does not alter or replace it."
-178447583326743,560646,football-data.org,2026-11-21 15:00:00+00:00,1795273200,UTC,NS,TIMED,,39,Premier League,England,2026,Regular Season - 11,-44103427291829,Hull City,HUL,322,51,Brighton,BHA,397,3,4,2,2,0,5,2,3,8,4,WWDD,8,2,2,0,5,2,3,2,WD,4,1,1,0,2,0,2,2,WD,4,1,1,0,3,2,1,4,4,2,1,1,13,5,8,7,4,WLDW,7,2,1,1,13,5,8,2,WD,4,1,1,0,5,1,4,2,LW,3,1,0,1,8,4,4,0.40677720057720035,0.2491637085137085,0.34405909090909087,Home Win,0.40677720057720035,0.40677720057720035,0.34405909090909087,0.06271810966810948,1.079232068549,0.982359363427,LOW,VERY_HIGH,1,1,-5,1,-5,1,3,SUPPORTIVE,Model leans Hull City; context supports the home side,"Stage 7 gives Hull City the highest probability at 40.7%, 6.3 percentage points above the next outcome. The fixed context score is +3: 4 signals favor Hull City, 1 favor Brighton, and 0 are neutral or unavailable. Context alignment is supportive; confidence is low and uncertainty is very_high. This interprets the existing prediction and does not alter or replace it."
-187759294288082,560650,football-data.org,2026-11-21 15:00:00+00:00,1795273200,UTC,NS,TIMED,,39,Premier League,England,2026,Regular Season - 11,-39195573837902,Coventry City,COV,1076,52,Crystal Palace,CRY,354,20,4,0,0,4,0,10,-10,0,4,LLLL,0,0,0,4,0,10,-10,2,LL,0,0,0,2,0,6,-6,2,LL,0,0,0,2,0,4,-4,16,4,1,0,3,6,11,-5,3,4,LLWL,3,1,0,3,6,11,-5,2,LL,0,0,0,2,3,7,-4,2,LW,3,1,0,1,3,4,-1,0.2513691027926322,0.18158213583801824,0.5670487613693493,Away Win,0.5670487613693493,0.5670487613693493,0.2513691027926322,0.3156796585767171,0.978578838761,0.890740845387,MODERATE,VERY_HIGH,-4,-3,-5,-3,-5,-3,-5,SUPPORTIVE,Model leans Crystal Palace; context supports the away side,"Stage 7 gives Crystal Palace the highest probability at 56.7%, 31.6 percentage points above the next outcome. The fixed context score is -5: 0 signals favor Coventry City, 5 favor Crystal Palace, and 0 are neutral or unavailable. Context alignment is supportive; confidence is moderate and uncertainty is very_high. This interprets the existing prediction and does not alter or replace it."
-18945091038504,560651,football-data.org,2026-11-21 15:00:00+00:00,1795273200,UTC,NS,TIMED,,39,Premier League,England,2026,Regular Season - 11,34,Newcastle,NEW,67,42,Arsenal,ARS,57,10,3,1,2,0,6,4,2,5,3,DWD,5,1,2,0,6,4,2,2,DD,2,0,2,0,4,4,0,1,W,3,1,0,0,2,0,2,1,4,4,0,0,8,1,7,12,4,WWWW,12,4,0,0,8,1,7,2,WW,6,2,0,0,5,1,4,2,WW,6,2,0,0,3,0,3,0.1728986291486291,0.2818696470196471,0.5452317238317239,Away Win,0.5452317238317239,0.5452317238317239,0.2818696470196471,0.2633620768120768,0.991087462676,0.902126685546,MODERATE,VERY_HIGH,-9,-7,-5,-7,-5,-4,-5,SUPPORTIVE,Model leans Arsenal; context supports the away side,"Stage 7 gives Arsenal the highest probability at 54.5%, 26.3 percentage points above the next outcome. The fixed context score is -5: 0 signals favor Newcastle, 5 favor Arsenal, and 0 are neutral or unavailable. Context alignment is supportive; confidence is moderate and uncertainty is very_high. This interprets the existing prediction and does not alter or replace it."
-211425666423756,560649,football-data.org,2026-11-21 15:00:00+00:00,1795273200,UTC,NS,TIMED,,39,Premier League,England,2026,Regular Season - 11,55,Brentford,BRE,402,45,Everton,EVE,62,6,4,1,3,0,7,4,3,6,4,WDDD,6,1,3,0,7,4,3,2,WD,4,1,1,0,4,1,3,2,DD,2,0,2,0,3,3,0,8,4,1,3,0,5,3,2,6,4,WDDD,6,1,3,0,5,3,2,2,WD,4,1,1,0,4,2,2,2,DD,2,0,2,0,1,1,0,0.4570611832611831,0.2192430014430013,0.3236958152958153,Home Win,0.4570611832611831,0.4570611832611831,0.3236958152958153,0.1333653679653678,1.055681213145,0.960922451018,LOW,VERY_HIGH,2,0,1,0,1,2,3,SUPPORTIVE,Model leans Brentford; context supports the home side,"Stage 7 gives Brentford the highest probability at 45.7%, 13.3 percentage points above the next outcome. The fixed context score is +3: 3 signals favor Brentford, 0 favor Everton, and 2 are neutral or unavailable. Context alignment is supportive; confidence is low and uncertainty is very_high. This interprets the existing prediction and does not alter or replace it."
-216440387586228,560644,football-data.org,2026-11-21 15:00:00+00:00,1795273200,UTC,NS,TIMED,,39,Premier League,England,2026,Regular Season - 11,66,Aston Villa,AVL,58,-218557486738561,Sunderland,SUN,71,19,4,0,1,3,1,7,-6,1,4,LLDL,1,0,1,3,1,7,-6,2,LL,0,0,0,2,1,3,-2,2,LD,1,0,1,1,0,4,-4,14,4,1,1,2,3,5,-2,4,4,LWDL,4,1,1,2,3,5,-2,2,WL,3,1,0,1,1,2,-1,2,LD,1,0,1,1,2,3,-1,0.454256349206349,0.23584711399711392,0.30989653679653684,Home Win,0.454256349206349,0.454256349206349,0.30989653679653684,0.14435981240981216,1.062197791898,0.966854096622,LOW,VERY_HIGH,-5,-3,-4,-3,-4,-1,-5,CONTRADICTORY,Model leans Aston Villa; context favors Sunderland,"Stage 7 gives Aston Villa the highest probability at 45.4%, 14.4 percentage points above the next outcome. The fixed context score is -5: 0 signals favor Aston Villa, 5 favor Sunderland, and 0 are neutral or unavailable. Context alignment is contradictory; confidence is low and uncertainty is very_high. This interprets the existing prediction and does not alter or replace it."
-246108435210500,560647,football-data.org,2026-11-21 15:00:00+00:00,1795273200,UTC,NS,TIMED,,39,Premier League,England,2026,Regular Season - 11,35,Bournemouth,BOU,1044,65,Nottingham Forest,NOT,351,15,4,0,3,1,6,7,-1,3,4,LDDD,3,0,3,1,6,7,-1,2,DD,2,0,2,0,3,3,0,2,LD,1,0,1,1,3,4,-1,12,4,1,2,1,4,4,0,5,4,LDDW,5,1,2,1,4,4,0,2,LD,1,0,1,1,0,1,-1,2,DW,4,1,1,0,4,3,1,0.3677850649350648,0.22030476190476186,0.4119101731601732,Away Win,0.4119101731601732,0.4119101731601732,0.3677850649350648,0.0441251082251084,1.066487725526,0.970758962490,LOW,VERY_HIGH,-3,-2,-1,-2,-1,-2,-5,SUPPORTIVE,Model leans Nottingham Forest; context supports the away side,"Stage 7 gives Nottingham Forest the highest probability at 41.2%, 4.4 percentage points above the next outcome. The fixed context score is -5: 0 signals favor Bournemouth, 5 favor Nottingham Forest, and 0 are neutral or unavailable. Context alignment is supportive; confidence is low and uncertainty is very_high. This interprets the existing prediction and does not alter or replace it."
-9142467357930,560642,football-data.org,2026-11-21 15:00:00+00:00,1795273200,UTC,NS,TIMED,,39,Premier League,England,2026,Regular Season - 11,49,Chelsea,CHE,61,-156530674508954,Leeds,LEE,341,5,4,2,1,1,10,9,1,7,4,WWLD,7,2,1,1,10,9,1,2,WD,4,1,1,0,6,5,1,2,WL,3,1,0,1,4,4,0,11,3,1,2,0,3,2,1,5,3,WDD,5,1,2,0,3,2,1,1,D,1,0,1,0,1,1,0,2,WD,4,1,1,0,2,1,1,0.45462496392496354,0.2891608225108226,0.25621421356421364,Home Win,0.45462496392496354,0.45462496392496354,0.2891608225108226,0.16546414141414094,1.066053116895,0.970363364666,LOW,VERY_HIGH,6,2,0,2,0,0,3,SUPPORTIVE,Model leans Chelsea; context supports the home side,"Stage 7 gives Chelsea the highest probability at 45.5%, 16.5 percentage points above the next outcome. The fixed context score is +3: 3 signals favor Chelsea, 0 favor Leeds, and 2 are neutral or unavailable. Context alignment is supportive; confidence is low and uncertainty is very_high. This interprets the existing prediction and does not alter or replace it."
-126725180859867,560654,football-data.org,2026-11-28 15:00:00+00:00,1795878000,UTC,NS,TIMED,,39,Premier League,England,2026,Regular Season - 12,42,Arsenal,ARS,57,50,Manchester City,MCI,65,1,4,4,0,0,8,1,7,12,4,WWWW,12,4,0,0,8,1,7,2,WW,6,2,0,0,5,1,4,2,WW,6,2,0,0,3,0,3,2,3,3,0,0,7,2,5,9,3,WWW,9,3,0,0,7,2,5,2,WW,6,2,0,0,3,1,2,1,W,3,1,0,0,4,1,3,0.44358059163059155,0.295423470973471,0.26099593739593746,Home Win,0.44358059163059155,0.44358059163059155,0.295423470973471,0.14815712065712055,1.071382092140,0.975214006972,LOW,VERY_HIGH,1,3,2,3,2,3,5,SUPPORTIVE,Model leans Arsenal; context supports the home side,"Stage 7 gives Arsenal the highest probability at 44.4%, 14.8 percentage points above the next outcome. The fixed context score is +5: 5 signals favor Arsenal, 0 favor Manchester City, and 0 are neutral or unavailable. Context alignment is supportive; confidence is low and uncertainty is very_high. This interprets the existing prediction and does not alter or replace it."
-132283821054273,560653,football-data.org,2026-11-28 15:00:00+00:00,1795878000,UTC,NS,TIMED,,39,Premier League,England,2026,Regular Season - 12,57,Ipswich,IPS,349,66,Aston Villa,AVL,58,9,4,2,0,2,7,10,-3,6,4,WLLW,6,2,0,2,7,10,-3,2,WL,3,1,0,1,2,3,-1,2,LW,3,1,0,1,5,7,-2,19,4,0,1,3,1,7,-6,1,4,LLDL,1,0,1,3,1,7,-6,2,LL,0,0,0,2,1,3,-2,2,LD,1,0,1,1,0,4,-4,0.1286882617382618,0.2573782883782883,0.6139334498834497,Away Win,0.6139334498834497,0.6139334498834497,0.2573782883782883,0.3565551615051614,0.912692470156,0.830768488183,HIGH,VERY_HIGH,10,5,3,5,3,2,5,CONTRADICTORY,Model leans Aston Villa; context favors Ipswich,"Stage 7 gives Aston Villa the highest probability at 61.4%, 35.7 percentage points above the next outcome. The fixed context score is +5: 5 signals favor Ipswich, 0 favor Aston Villa, and 0 are neutral or unavailable. Context alignment is contradictory; confidence is high and uncertainty is very_high. This interprets the existing prediction and does not alter or replace it."
-148533800000982,560658,football-data.org,2026-11-28 15:00:00+00:00,1795878000,UTC,NS,TIMED,,39,Premier League,England,2026,Regular Season - 12,65,Nottingham Forest,NOT,351,49,Chelsea,CHE,61,12,4,1,2,1,4,4,0,5,4,LDDW,5,1,2,1,4,4,0,2,LD,1,0,1,1,0,1,-1,2,DW,4,1,1,0,4,3,1,5,4,2,1,1,10,9,1,7,4,WWLD,7,2,1,1,10,9,1,2,WD,4,1,1,0,6,5,1,2,WL,3,1,0,1,4,4,0,0.33365952380952374,0.19294855699855706,0.473391919191919,Away Win,0.473391919191919,0.473391919191919,0.33365952380952374,0.13973239538239526,1.037717935373,0.944571570951,LOW,VERY_HIGH,-7,-2,-1,-2,-1,-2,-5,SUPPORTIVE,Model leans Chelsea; context supports the away side,"Stage 7 gives Chelsea the highest probability at 47.3%, 14.0 percentage points above the next outcome. The fixed context score is -5: 0 signals favor Nottingham Forest, 5 favor Chelsea, and 0 are neutral or unavailable. Context alignment is supportive; confidence is low and uncertainty is very_high. This interprets the existing prediction and does not alter or replace it."
-187698690595532,560657,football-data.org,2026-11-28 15:00:00+00:00,1795878000,UTC,NS,TIMED,,39,Premier League,England,2026,Regular Season - 12,36,Fulham,FUL,63,35,Bournemouth,BOU,1044,18,4,0,1,3,4,7,-3,1,4,LLLD,1,0,1,3,4,7,-3,2,LL,0,0,0,2,4,6,-2,2,LD,1,0,1,1,0,1,-1,15,4,0,3,1,6,7,-1,3,4,LDDD,3,0,3,1,6,7,-1,2,DD,2,0,2,0,3,3,0,2,LD,1,0,1,1,3,4,-1,0.2735961038961039,0.18662460317460325,0.5397792929292928,Away Win,0.5397792929292928,0.5397792929292928,0.2735961038961039,0.2661831890331889,1.000712267061,0.910887560046,MODERATE,VERY_HIGH,-3,-2,-2,-2,-2,-1,-5,SUPPORTIVE,Model leans Bournemouth; context supports the away side,"Stage 7 gives Bournemouth the highest probability at 54.0%, 26.6 percentage points above the next outcome. The fixed context score is -5: 0 signals favor Fulham, 5 favor Bournemouth, and 0 are neutral or unavailable. Context alignment is supportive; confidence is moderate and uncertainty is very_high. This interprets the existing prediction and does not alter or replace it."
-192755152480593,560660,football-data.org,2026-11-28 15:00:00+00:00,1795878000,UTC,NS,TIMED,,39,Premier League,England,2026,Regular Season - 12,-218557486738561,Sunderland,SUN,71,47,Tottenham,TOT,73,14,4,1,1,2,3,5,-2,4,4,LWDL,4,1,1,2,3,5,-2,2,WL,3,1,0,1,1,2,-1,2,LD,1,0,1,1,2,3,-1,17,4,0,2,2,0,5,-5,2,4,LLDD,2,0,2,2,0,5,-5,2,LD,1,0,1,1,0,2,-2,2,LD,1,0,1,1,0,3,-3,0.44640844155844145,0.21263989898989913,0.3409516594516596,Home Win,0.44640844155844145,0.44640844155844145,0.3409516594516596,0.10545678210678185,1.056106274713,0.961309358730,LOW,VERY_HIGH,3,2,3,2,3,2,5,SUPPORTIVE,Model leans Sunderland; context supports the home side,"Stage 7 gives Sunderland the highest probability at 44.6%, 10.5 percentage points above the next outcome. The fixed context score is +5: 5 signals favor Sunderland, 0 favor Tottenham, and 0 are neutral or unavailable. Context alignment is supportive; confidence is low and uncertainty is very_high. This interprets the existing prediction and does not alter or replace it."
-217291867816404,560652,football-data.org,2026-11-28 15:00:00+00:00,1795878000,UTC,NS,TIMED,,39,Premier League,England,2026,Regular Season - 12,-156530674508954,Leeds,LEE,341,-39195573837902,Coventry City,COV,1076,11,3,1,2,0,3,2,1,5,3,WDD,5,1,2,0,3,2,1,1,D,1,0,1,0,1,1,0,2,WD,4,1,1,0,2,1,1,20,4,0,0,4,0,10,-10,0,4,LLLL,0,0,0,4,0,10,-10,2,LL,0,0,0,2,0,6,-6,2,LL,0,0,0,2,0,4,-4,0.49644696969696955,0.3009864357864358,0.20256659451659462,Home Win,0.49644696969696955,0.49644696969696955,0.3009864357864358,0.19546053391053375,1.032477984970,0.939801962548,LOW,VERY_HIGH,9,5,11,5,11,1,5,SUPPORTIVE,Model leans Leeds; context supports the home side,"Stage 7 gives Leeds the highest probability at 49.6%, 19.5 percentage points above the next outcome. The fixed context score is +5: 5 signals favor Leeds, 0 favor Coventry City, and 0 are neutral or unavailable. Context alignment is supportive; confidence is low and uncertainty is very_high. This interprets the existing prediction and does not alter or replace it."
-219943835392655,560656,football-data.org,2026-11-28 15:00:00+00:00,1795878000,UTC,NS,TIMED,,39,Premier League,England,2026,Regular Season - 12,45,Everton,EVE,62,40,Liverpool,LIV,64,8,4,1,3,0,5,3,2,6,4,WDDD,6,1,3,0,5,3,2,2,WD,4,1,1,0,4,2,2,2,DD,2,0,2,0,1,1,0,7,4,1,3,0,6,4,2,6,4,DDWD,6,1,3,0,6,4,2,2,DD,2,0,2,0,2,2,0,2,DW,4,1,1,0,4,2,2,0.24321791541791546,0.203131462981463,0.5536506216006215,Away Win,0.5536506216006215,0.5536506216006215,0.24321791541791546,0.31043270618270604,0.994962615825,0.905654001951,MODERATE,VERY_HIGH,-1,0,0,0,0,0,-1,MIXED,Model leans Liverpool; context is mixed,"Stage 7 gives Liverpool the highest probability at 55.4%, 31.0 percentage points above the next outcome. The fixed context score is -1: 0 signals favor Everton, 1 favor Liverpool, and 4 are neutral or unavailable. Context alignment is mixed; confidence is moderate and uncertainty is very_high. This interprets the existing prediction and does not alter or replace it."
-266518450087100,560659,football-data.org,2026-11-28 15:00:00+00:00,1795878000,UTC,NS,TIMED,,39,Premier League,England,2026,Regular Season - 12,51,Brighton,BHA,397,34,Newcastle,NEW,67,4,4,2,1,1,13,5,8,7,4,WLDW,7,2,1,1,13,5,8,2,WD,4,1,1,0,5,1,4,2,LW,3,1,0,1,8,4,4,10,3,1,2,0,6,4,2,5,3,DWD,5,1,2,0,6,4,2,2,DD,2,0,2,0,4,4,0,1,W,3,1,0,0,2,0,2,0.36130750360750347,0.24945844155844146,0.38923405483405493,Away Win,0.38923405483405493,0.38923405483405493,0.36130750360750347,0.02792655122655146,1.081455491546,0.984383210256,VERY_LOW,VERY_HIGH,6,2,6,2,6,1,5,CONTRADICTORY,Model leans Newcastle; context favors Brighton,"Stage 7 gives Newcastle the highest probability at 38.9%, 2.8 percentage points above the next outcome. The fixed context score is +5: 5 signals favor Brighton, 0 favor Newcastle, and 0 are neutral or unavailable. Context alignment is contradictory; confidence is very_low and uncertainty is very_high. This interprets the existing prediction and does not alter or replace it."
-50637131336497,560655,football-data.org,2026-11-28 15:00:00+00:00,1795878000,UTC,NS,TIMED,,39,Premier League,England,2026,Regular Season - 12,33,Manchester United,MUN,66,55,Brentford,BRE,402,13,3,1,1,1,7,6,1,4,3,LWD,4,1,1,1,7,6,1,1,W,3,1,0,0,5,2,3,2,LD,1,0,1,1,2,4,-2,6,4,1,3,0,7,4,3,6,4,WDDD,6,1,3,0,7,4,3,2,WD,4,1,1,0,4,1,3,2,DD,2,0,2,0,3,3,0,0.4461743867243866,0.23182164502164496,0.3220039682539685,Home Win,0.4461743867243866,0.4461743867243866,0.3220039682539685,0.1241704184704181,1.063848979001,0.968357071894,LOW,VERY_HIGH,-7,-2,-2,-2,-2,1,-3,CONTRADICTORY,Model leans Manchester United; context favors Brentford,"Stage 7 gives Manchester United the highest probability at 44.6%, 12.4 percentage points above the next outcome. The fixed context score is -3: 1 signals favor Manchester United, 4 favor Brentford, and 0 are neutral or unavailable. Context alignment is contradictory; confidence is low and uncertainty is very_high. This interprets the existing prediction and does not alter or replace it."
-70626021915197,560661,football-data.org,2026-11-28 15:00:00+00:00,1795878000,UTC,NS,TIMED,,39,Premier League,England,2026,Regular Season - 12,52,Crystal Palace,CRY,354,-44103427291829,Hull City,HUL,322,16,4,1,0,3,6,11,-5,3,4,LLWL,3,1,0,3,6,11,-5,2,LL,0,0,0,2,3,7,-4,2,LW,3,1,0,1,3,4,-1,3,4,2,2,0,5,2,3,8,4,WWDD,8,2,2,0,5,2,3,2,WD,4,1,1,0,2,0,2,2,WD,4,1,1,0,3,2,1,0.24571536796536808,0.2494102453102453,0.5048743867243868,Away Win,0.5048743867243868,0.5048743867243868,0.2494102453102453,0.2554641414141415,1.036280796732,0.943263430986,MODERATE,VERY_HIGH,-13,-5,-8,-5,-8,-4,-5,SUPPORTIVE,Model leans Hull City; context supports the away side,"Stage 7 gives Hull City the highest probability at 50.5%, 25.5 percentage points above the next outcome. The fixed context score is -5: 0 signals favor Crystal Palace, 5 favor Hull City, and 0 are neutral or unavailable. Context alignment is supportive; confidence is moderate and uncertainty is very_high. This interprets the existing prediction and does not alter or replace it."
-101789790000134,560670,football-data.org,2026-12-02 20:00:00+00:00,1796241600,UTC,NS,TIMED,,39,Premier League,England,2026,Regular Season - 13,34,Newcastle,NEW,67,33,Manchester United,MUN,66,10,3,1,2,0,6,4,2,5,3,DWD,5,1,2,0,6,4,2,2,DD,2,0,2,0,4,4,0,1,W,3,1,0,0,2,0,2,13,3,1,1,1,7,6,1,4,3,LWD,4,1,1,1,7,6,1,1,W,3,1,0,0,5,2,3,2,LD,1,0,1,1,2,4,-2,0.450869841269841,0.236692352092352,0.31243780663780657,Home Win,0.450869841269841,0.450869841269841,0.31243780663780657,0.13843203463203443,1.063699108419,0.968220653811,LOW,VERY_HIGH,3,1,1,1,1,1,5,SUPPORTIVE,Model leans Newcastle; context supports the home side,"Stage 7 gives Newcastle the highest probability at 45.1%, 13.8 percentage points above the next outcome. The fixed context score is +5: 5 signals favor Newcastle, 0 favor Manchester United, and 0 are neutral or unavailable. Context alignment is supportive; confidence is low and uncertainty is very_high. This interprets the existing prediction and does not alter or replace it."
-11126507998679,560663,football-data.org,2026-12-02 20:00:00+00:00,1796241600,UTC,NS,TIMED,,39,Premier League,England,2026,Regular Season - 13,40,Liverpool,LIV,64,-218557486738561,Sunderland,SUN,71,7,4,1,3,0,6,4,2,6,4,DDWD,6,1,3,0,6,4,2,2,DD,2,0,2,0,2,2,0,2,DW,4,1,1,0,4,2,2,14,4,1,1,2,3,5,-2,4,4,LWDL,4,1,1,2,3,5,-2,2,WL,3,1,0,1,1,2,-1,2,LD,1,0,1,1,2,3,-1,0.5519225330225329,0.22220844155844152,0.22586902541902548,Home Win,0.5519225330225329,0.5519225330225329,0.22586902541902548,0.32605350760350742,0.998314228897,0.908704771642,MODERATE,VERY_HIGH,7,2,4,2,4,1,5,SUPPORTIVE,Model leans Liverpool; context supports the home side,"Stage 7 gives Liverpool the highest probability at 55.2%, 32.6 percentage points above the next outcome. The fixed context score is +5: 5 signals favor Liverpool, 0 favor Sunderland, and 0 are neutral or unavailable. Context alignment is supportive; confidence is moderate and uncertainty is very_high. This interprets the existing prediction and does not alter or replace it."
-113565359079680,560665,football-data.org,2026-12-02 20:00:00+00:00,1796241600,UTC,NS,TIMED,,39,Premier League,England,2026,Regular Season - 13,49,Chelsea,CHE,61,52,Crystal Palace,CRY,354,5,4,2,1,1,10,9,1,7,4,WWLD,7,2,1,1,10,9,1,2,WD,4,1,1,0,6,5,1,2,WL,3,1,0,1,4,4,0,16,4,1,0,3,6,11,-5,3,4,LLWL,3,1,0,3,6,11,-5,2,LL,0,0,0,2,3,7,-4,2,LW,3,1,0,1,3,4,-1,0.509201154401154,0.25441717171717154,0.23638167388167397,Home Win,0.509201154401154,0.509201154401154,0.25441717171717154,0.25478398268398246,1.032842232657,0.940133515081,MODERATE,VERY_HIGH,11,4,6,4,6,1,5,SUPPORTIVE,Model leans Chelsea; context supports the home side,"Stage 7 gives Chelsea the highest probability at 50.9%, 25.5 percentage points above the next outcome. The fixed context score is +5: 5 signals favor Chelsea, 0 favor Crystal Palace, and 0 are neutral or unavailable. Context alignment is supportive; confidence is moderate and uncertainty is very_high. This interprets the existing prediction and does not alter or replace it."
-131699530728687,560669,football-data.org,2026-12-02 20:00:00+00:00,1796241600,UTC,NS,TIMED,,39,Premier League,England,2026,Regular Season - 13,50,Manchester City,MCI,65,-156530674508954,Leeds,LEE,341,2,3,3,0,0,7,2,5,9,3,WWW,9,3,0,0,7,2,5,2,WW,6,2,0,0,3,1,2,1,W,3,1,0,0,4,1,3,11,3,1,2,0,3,2,1,5,3,WDD,5,1,2,0,3,2,1,1,D,1,0,1,0,1,1,0,2,WD,4,1,1,0,2,1,1,0.6272140692640693,0.20012582972582965,0.17266010101010107,Home Win,0.6272140692640693,0.6272140692640693,0.20012582972582965,0.42708823953823965,0.917804572709,0.835421724458,HIGH,VERY_HIGH,9,4,4,4,4,2,5,SUPPORTIVE,Model leans Manchester City; context supports the home side,"Stage 7 gives Manchester City the highest probability at 62.7%, 42.7 percentage points above the next outcome. The fixed context score is +5: 5 signals favor Manchester City, 0 favor Leeds, and 0 are neutral or unavailable. Context alignment is supportive; confidence is high and uncertainty is very_high. This interprets the existing prediction and does not alter or replace it."
-139293810185814,560662,football-data.org,2026-12-02 20:00:00+00:00,1796241600,UTC,NS,TIMED,,39,Premier League,England,2026,Regular Season - 13,47,Tottenham,TOT,73,36,Fulham,FUL,63,17,4,0,2,2,0,5,-5,2,4,LLDD,2,0,2,2,0,5,-5,2,LD,1,0,1,1,0,2,-2,2,LD,1,0,1,1,0,3,-3,18,4,0,1,3,4,7,-3,1,4,LLLD,1,0,1,3,4,7,-3,2,LL,0,0,0,2,4,6,-2,2,LD,1,0,1,1,0,1,-1,0.3931580808080809,0.19643665223665233,0.4104052669552668,Away Win,0.4104052669552668,0.4104052669552668,0.3931580808080809,0.0172471861471859,1.052225279868,0.957776724984,LOW,VERY_HIGH,1,1,-2,1,-2,0,2,CONTRADICTORY,Model leans Fulham; context favors Tottenham,"Stage 7 gives Fulham the highest probability at 41.0%, 1.7 percentage points above the next outcome. The fixed context score is +2: 3 signals favor Tottenham, 1 favor Fulham, and 1 are neutral or unavailable. Context alignment is contradictory; confidence is low and uncertainty is very_high. This interprets the existing prediction and does not alter or replace it."
-17118512069808,560666,football-data.org,2026-12-02 20:00:00+00:00,1796241600,UTC,NS,TIMED,,39,Premier League,England,2026,Regular Season - 13,66,Aston Villa,AVL,58,45,Everton,EVE,62,19,4,0,1,3,1,7,-6,1,4,LLDL,1,0,1,3,1,7,-6,2,LL,0,0,0,2,1,3,-2,2,LD,1,0,1,1,0,4,-4,8,4,1,3,0,5,3,2,6,4,WDDD,6,1,3,0,5,3,2,2,WD,4,1,1,0,4,2,2,2,DD,2,0,2,0,1,1,0,0.46346269841269816,0.2023090187590187,0.3342282828282829,Home Win,0.46346269841269816,0.46346269841269816,0.3342282828282829,0.12923441558441526,1.045989086483,0.952100297140,LOW,VERY_HIGH,-11,-5,-8,-5,-8,-2,-5,CONTRADICTORY,Model leans Aston Villa; context favors Everton,"Stage 7 gives Aston Villa the highest probability at 46.3%, 12.9 percentage points above the next outcome. The fixed context score is -5: 0 signals favor Aston Villa, 5 favor Everton, and 0 are neutral or unavailable. Context alignment is contradictory; confidence is low and uncertainty is very_high. This interprets the existing prediction and does not alter or replace it."
-239384752926460,560664,football-data.org,2026-12-02 20:00:00+00:00,1796241600,UTC,NS,TIMED,,39,Premier League,England,2026,Regular Season - 13,-44103427291829,Hull City,HUL,322,65,Nottingham Forest,NOT,351,3,4,2,2,0,5,2,3,8,4,WWDD,8,2,2,0,5,2,3,2,WD,4,1,1,0,2,0,2,2,WD,4,1,1,0,3,2,1,12,4,1,2,1,4,4,0,5,4,LDDW,5,1,2,1,4,4,0,2,LD,1,0,1,1,0,1,-1,2,DW,4,1,1,0,4,3,1,0.43586803751803743,0.23550562770562775,0.3286263347763348,Home Win,0.43586803751803743,0.43586803751803743,0.3286263347763348,0.10724170274170263,1.068204177514,0.972321344420,LOW,VERY_HIGH,9,3,3,3,3,0,4,SUPPORTIVE,Model leans Hull City; context supports the home side,"Stage 7 gives Hull City the highest probability at 43.6%, 10.7 percentage points above the next outcome. The fixed context score is +4: 4 signals favor Hull City, 0 favor Nottingham Forest, and 1 are neutral or unavailable. Context alignment is supportive; confidence is low and uncertainty is very_high. This interprets the existing prediction and does not alter or replace it."
-51590293010203,560671,football-data.org,2026-12-02 20:00:00+00:00,1796241600,UTC,NS,TIMED,,39,Premier League,England,2026,Regular Season - 13,35,Bournemouth,BOU,1044,51,Brighton,BHA,397,15,4,0,3,1,6,7,-1,3,4,LDDD,3,0,3,1,6,7,-1,2,DD,2,0,2,0,3,3,0,2,LD,1,0,1,1,3,4,-1,4,4,2,1,1,13,5,8,7,4,WLDW,7,2,1,1,13,5,8,2,WD,4,1,1,0,5,1,4,2,LW,3,1,0,1,8,4,4,0.3231612554112553,0.20831587301587298,0.4685228715728714,Away Win,0.4685228715728714,0.4685228715728714,0.3231612554112553,0.1453616161616161,1.047049402323,0.953065438211,LOW,VERY_HIGH,-11,-4,-9,-4,-9,-1,-5,SUPPORTIVE,Model leans Brighton; context supports the away side,"Stage 7 gives Brighton the highest probability at 46.9%, 14.5 percentage points above the next outcome. The fixed context score is -5: 0 signals favor Bournemouth, 5 favor Brighton, and 0 are neutral or unavailable. Context alignment is supportive; confidence is low and uncertainty is very_high. This interprets the existing prediction and does not alter or replace it."
-87543673659720,560667,football-data.org,2026-12-02 20:00:00+00:00,1796241600,UTC,NS,TIMED,,39,Premier League,England,2026,Regular Season - 13,55,Brentford,BRE,402,42,Arsenal,ARS,57,6,4,1,3,0,7,4,3,6,4,WDDD,6,1,3,0,7,4,3,2,WD,4,1,1,0,4,1,3,2,DD,2,0,2,0,3,3,0,1,4,4,0,0,8,1,7,12,4,WWWW,12,4,0,0,8,1,7,2,WW,6,2,0,0,5,1,4,2,WW,6,2,0,0,3,0,3,0.15052323232323236,0.23792736707736709,0.6115494005994004,Away Win,0.6115494005994004,0.6115494005994004,0.23792736707736709,0.37362203352203331,0.927385435502,0.844142601596,HIGH,VERY_HIGH,-5,-6,-4,-6,-4,-2,-5,SUPPORTIVE,Model leans Arsenal; context supports the away side,"Stage 7 gives Arsenal the highest probability at 61.2%, 37.4 percentage points above the next outcome. The fixed context score is -5: 0 signals favor Brentford, 5 favor Arsenal, and 0 are neutral or unavailable. Context alignment is supportive; confidence is high and uncertainty is very_high. This interprets the existing prediction and does not alter or replace it."
-9843989641758,560668,football-data.org,2026-12-02 20:00:00+00:00,1796241600,UTC,NS,TIMED,,39,Premier League,England,2026,Regular Season - 13,-39195573837902,Coventry City,COV,1076,57,Ipswich,IPS,349,20,4,0,0,4,0,10,-10,0,4,LLLL,0,0,0,4,0,10,-10,2,LL,0,0,0,2,0,6,-6,2,LL,0,0,0,2,0,4,-4,9,4,2,0,2,7,10,-3,6,4,WLLW,6,2,0,2,7,10,-3,2,WL,3,1,0,1,2,3,-1,2,LW,3,1,0,1,5,7,-2,0.33482119514472436,0.21974202039790303,0.4454367844573729,Away Win,0.4454367844573729,0.4454367844573729,0.33482119514472436,0.11061558931264854,1.059547518316,0.964441713646,LOW,VERY_HIGH,-11,-6,-7,-6,-7,-3,-5,SUPPORTIVE,Model leans Ipswich; context supports the away side,"Stage 7 gives Ipswich the highest probability at 44.5%, 11.1 percentage points above the next outcome. The fixed context score is -5: 0 signals favor Coventry City, 5 favor Ipswich, and 0 are neutral or unavailable. Context alignment is supportive; confidence is low and uncertainty is very_high. This interprets the existing prediction and does not alter or replace it."
-103532277590028,560674,football-data.org,2026-12-05 15:00:00+00:00,1796482800,UTC,NS,TIMED,,39,Premier League,England,2026,Regular Season - 14,-156530674508954,Leeds,LEE,341,57,Ipswich,IPS,349,11,3,1,2,0,3,2,1,5,3,WDD,5,1,2,0,3,2,1,1,D,1,0,1,0,1,1,0,2,WD,4,1,1,0,2,1,1,9,4,2,0,2,7,10,-3,6,4,WLLW,6,2,0,2,7,10,-3,2,WL,3,1,0,1,2,3,-1,2,LW,3,1,0,1,5,7,-2,0.5879696248196244,0.2222549062049061,0.18977546897546907,Home Win,0.5879696248196244,0.5879696248196244,0.2222549062049061,0.3657147186147183,0.961905239271,0.875563881082,MODERATE,VERY_HIGH,-2,-1,4,-1,4,-2,-3,CONTRADICTORY,Model leans Leeds; context favors Ipswich,"Stage 7 gives Leeds the highest probability at 58.8%, 36.6 percentage points above the next outcome. The fixed context score is -3: 1 signals favor Leeds, 4 favor Ipswich, and 0 are neutral or unavailable. Context alignment is contradictory; confidence is moderate and uncertainty is very_high. This interprets the existing prediction and does not alter or replace it."
-122208694735538,560675,football-data.org,2026-12-05 15:00:00+00:00,1796482800,UTC,NS,TIMED,,39,Premier League,England,2026,Regular Season - 14,34,Newcastle,NEW,67,-218557486738561,Sunderland,SUN,71,10,3,1,2,0,6,4,2,5,3,DWD,5,1,2,0,6,4,2,2,DD,2,0,2,0,4,4,0,1,W,3,1,0,0,2,0,2,14,4,1,1,2,3,5,-2,4,4,LWDL,4,1,1,2,3,5,-2,2,WL,3,1,0,1,1,2,-1,2,LD,1,0,1,1,2,3,-1,0.5360744588744589,0.2342827561327561,0.22964278499278507,Home Win,0.5360744588744589,0.5360744588744589,0.2342827561327561,0.3017917027417028,1.012087661605,0.921241890378,MODERATE,VERY_HIGH,4,1,4,1,4,1,5,SUPPORTIVE,Model leans Newcastle; context supports the home side,"Stage 7 gives Newcastle the highest probability at 53.6%, 30.2 percentage points above the next outcome. The fixed context score is +5: 5 signals favor Newcastle, 0 favor Sunderland, and 0 are neutral or unavailable. Context alignment is supportive; confidence is moderate and uncertainty is very_high. This interprets the existing prediction and does not alter or replace it."
-140517786454735,560681,football-data.org,2026-12-05 15:00:00+00:00,1796482800,UTC,NS,TIMED,,39,Premier League,England,2026,Regular Season - 14,45,Everton,EVE,62,36,Fulham,FUL,63,8,4,1,3,0,5,3,2,6,4,WDDD,6,1,3,0,5,3,2,2,WD,4,1,1,0,4,2,2,2,DD,2,0,2,0,1,1,0,18,4,0,1,3,4,7,-3,1,4,LLLD,1,0,1,3,4,7,-3,2,LL,0,0,0,2,4,6,-2,2,LD,1,0,1,1,0,1,-1,0.34333479853479865,0.18330685980685987,0.4733583416583416,Away Win,0.4733583416583416,0.4733583416583416,0.34333479853479865,0.13002354312354295,1.032064988727,0.939426037168,LOW,VERY_HIGH,10,5,5,5,5,3,5,CONTRADICTORY,Model leans Fulham; context favors Everton,"Stage 7 gives Fulham the highest probability at 47.3%, 13.0 percentage points above the next outcome. The fixed context score is +5: 5 signals favor Everton, 0 favor Fulham, and 0 are neutral or unavailable. Context alignment is contradictory; confidence is low and uncertainty is very_high. This interprets the existing prediction and does not alter or replace it."
-143004140523703,560673,football-data.org,2026-12-05 15:00:00+00:00,1796482800,UTC,NS,TIMED,,39,Premier League,England,2026,Regular Season - 14,33,Manchester United,MUN,66,-39195573837902,Coventry City,COV,1076,13,3,1,1,1,7,6,1,4,3,LWD,4,1,1,1,7,6,1,1,W,3,1,0,0,5,2,3,2,LD,1,0,1,1,2,4,-2,20,4,0,0,4,0,10,-10,0,4,LLLL,0,0,0,4,0,10,-10,2,LL,0,0,0,2,0,6,-6,2,LL,0,0,0,2,0,4,-4,0.5382010101010101,0.2707279276279276,0.19107106227106227,Home Win,0.5382010101010101,0.5382010101010101,0.2707279276279276,0.2674730824730825,1.003415781209,0.913348404673,MODERATE,VERY_HIGH,7,4,11,4,11,3,5,SUPPORTIVE,Model leans Manchester United; context supports the home side,"Stage 7 gives Manchester United the highest probability at 53.8%, 26.7 percentage points above the next outcome. The fixed context score is +5: 5 signals favor Manchester United, 0 favor Coventry City, and 0 are neutral or unavailable. Context alignment is supportive; confidence is moderate and uncertainty is very_high. This interprets the existing prediction and does not alter or replace it."
-168875293805726,560680,football-data.org,2026-12-05 15:00:00+00:00,1796482800,UTC,NS,TIMED,,39,Premier League,England,2026,Regular Season - 14,65,Nottingham Forest,NOT,351,51,Brighton,BHA,397,12,4,1,2,1,4,4,0,5,4,LDDW,5,1,2,1,4,4,0,2,LD,1,0,1,1,0,1,-1,2,DW,4,1,1,0,4,3,1,4,4,2,1,1,13,5,8,7,4,WLDW,7,2,1,1,13,5,8,2,WD,4,1,1,0,5,1,4,2,LW,3,1,0,1,8,4,4,0.3414215007215006,0.19237792207792218,0.4662005772005769,Away Win,0.4662005772005769,0.4662005772005769,0.3414215007215006,0.1247790764790763,1.039775612242,0.946444549153,LOW,VERY_HIGH,-8,-2,-8,-2,-8,-2,-5,SUPPORTIVE,Model leans Brighton; context supports the away side,"Stage 7 gives Brighton the highest probability at 46.6%, 12.5 percentage points above the next outcome. The fixed context score is -5: 0 signals favor Nottingham Forest, 5 favor Brighton, and 0 are neutral or unavailable. Context alignment is supportive; confidence is low and uncertainty is very_high. This interprets the existing prediction and does not alter or replace it."
-182169492424409,560676,football-data.org,2026-12-05 15:00:00+00:00,1796482800,UTC,NS,TIMED,,39,Premier League,England,2026,Regular Season - 14,49,Chelsea,CHE,61,40,Liverpool,LIV,64,5,4,2,1,1,10,9,1,7,4,WWLD,7,2,1,1,10,9,1,2,WD,4,1,1,0,6,5,1,2,WL,3,1,0,1,4,4,0,7,4,1,3,0,6,4,2,6,4,DDWD,6,1,3,0,6,4,2,2,DD,2,0,2,0,2,2,0,2,DW,4,1,1,0,4,2,2,0.2733417027417028,0.31464155844155844,0.4120167388167388,Away Win,0.4120167388167388,0.4120167388167388,0.31464155844155844,0.09737518037518036,1.083691464025,0.986418480116,LOW,VERY_HIGH,2,1,-1,1,-1,0,2,CONTRADICTORY,Model leans Liverpool; context favors Chelsea,"Stage 7 gives Liverpool the highest probability at 41.2%, 9.7 percentage points above the next outcome. The fixed context score is +2: 3 signals favor Chelsea, 1 favor Liverpool, and 1 are neutral or unavailable. Context alignment is contradictory; confidence is low and uncertainty is very_high. This interprets the existing prediction and does not alter or replace it."
-41242534055630,560672,football-data.org,2026-12-05 15:00:00+00:00,1796482800,UTC,NS,TIMED,,39,Premier League,England,2026,Regular Season - 14,47,Tottenham,TOT,73,42,Arsenal,ARS,57,17,4,0,2,2,0,5,-5,2,4,LLDD,2,0,2,2,0,5,-5,2,LD,1,0,1,1,0,2,-2,2,LD,1,0,1,1,0,3,-3,1,4,4,0,0,8,1,7,12,4,WWWW,12,4,0,0,8,1,7,2,WW,6,2,0,0,5,1,4,2,WW,6,2,0,0,3,0,3,0.1255613275613277,0.2002735209235209,0.6741651515151516,Away Win,0.6741651515151516,0.6741651515151516,0.2002735209235209,0.4738916305916307,0.848398892046,0.772245951367,HIGH,HIGH,-16,-10,-12,-10,-12,-5,-5,SUPPORTIVE,Model leans Arsenal; context supports the away side,"Stage 7 gives Arsenal the highest probability at 67.4%, 47.4 percentage points above the next outcome. The fixed context score is -5: 0 signals favor Tottenham, 5 favor Arsenal, and 0 are neutral or unavailable. Context alignment is supportive; confidence is high and uncertainty is high. This interprets the existing prediction and does not alter or replace it."
-52036841897414,560677,football-data.org,2026-12-05 15:00:00+00:00,1796482800,UTC,NS,TIMED,,39,Premier League,England,2026,Regular Season - 14,55,Brentford,BRE,402,50,Manchester City,MCI,65,6,4,1,3,0,7,4,3,6,4,WDDD,6,1,3,0,7,4,3,2,WD,4,1,1,0,4,1,3,2,DD,2,0,2,0,3,3,0,2,3,3,0,0,7,2,5,9,3,WWW,9,3,0,0,7,2,5,2,WW,6,2,0,0,3,1,2,1,W,3,1,0,0,4,1,3,0.21075714285714284,0.26084396159396156,0.5283988955488954,Away Win,0.5283988955488954,0.5283988955488954,0.26084396159396156,0.26755493395493384,1.015757512867,0.924582332953,MODERATE,VERY_HIGH,-4,-3,-2,-3,-2,1,-3,SUPPORTIVE,Model leans Manchester City; context supports the away side,"Stage 7 gives Manchester City the highest probability at 52.8%, 26.8 percentage points above the next outcome. The fixed context score is -3: 1 signals favor Brentford, 4 favor Manchester City, and 0 are neutral or unavailable. Context alignment is supportive; confidence is moderate and uncertainty is very_high. This interprets the existing prediction and does not alter or replace it."
-72424748791329,560679,football-data.org,2026-12-05 15:00:00+00:00,1796482800,UTC,NS,TIMED,,39,Premier League,England,2026,Regular Season - 14,66,Aston Villa,AVL,58,52,Crystal Palace,CRY,354,19,4,0,1,3,1,7,-6,1,4,LLDL,1,0,1,3,1,7,-6,2,LL,0,0,0,2,1,3,-2,2,LD,1,0,1,1,0,4,-4,16,4,1,0,3,6,11,-5,3,4,LLWL,3,1,0,3,6,11,-5,2,LL,0,0,0,2,3,7,-4,2,LW,3,1,0,1,3,4,-1,0.5033992063492063,0.19942965367965362,0.2971711399711401,Home Win,0.5033992063492063,0.5033992063492063,0.2971711399711401,0.2062280663780662,1.027659634773,0.935416111192,MODERATE,VERY_HIGH,-3,-2,-1,-2,-1,-3,-5,CONTRADICTORY,Model leans Aston Villa; context favors Crystal Palace,"Stage 7 gives Aston Villa the highest probability at 50.3%, 20.6 percentage points above the next outcome. The fixed context score is -5: 0 signals favor Aston Villa, 5 favor Crystal Palace, and 0 are neutral or unavailable. Context alignment is contradictory; confidence is moderate and uncertainty is very_high. This interprets the existing prediction and does not alter or replace it."
-72911541447850,560678,football-data.org,2026-12-05 15:00:00+00:00,1796482800,UTC,NS,TIMED,,39,Premier League,England,2026,Regular Season - 14,35,Bournemouth,BOU,1044,-44103427291829,Hull City,HUL,322,15,4,0,3,1,6,7,-1,3,4,LDDD,3,0,3,1,6,7,-1,2,DD,2,0,2,0,3,3,0,2,LD,1,0,1,1,3,4,-1,3,4,2,2,0,5,2,3,8,4,WWDD,8,2,2,0,5,2,3,2,WD,4,1,1,0,2,0,2,2,WD,4,1,1,0,3,2,1,0.3170076436635259,0.2566658867276514,0.4263264696088224,Away Win,0.4263264696088224,0.4263264696088224,0.3170076436635259,0.1093188259452965,1.076712769318,0.980066198443,LOW,VERY_HIGH,-12,-5,-4,-5,-4,-2,-5,SUPPORTIVE,Model leans Hull City; context supports the away side,"Stage 7 gives Hull City the highest probability at 42.6%, 10.9 percentage points above the next outcome. The fixed context score is -5: 0 signals favor Bournemouth, 5 favor Hull City, and 0 are neutral or unavailable. Context alignment is supportive; confidence is low and uncertainty is very_high. This interprets the existing prediction and does not alter or replace it."
-109006170508804,560689,football-data.org,2026-12-12 15:00:00+00:00,1797087600,UTC,NS,TIMED,,39,Premier League,England,2026,Regular Season - 15,50,Manchester City,MCI,65,49,Chelsea,CHE,61,2,3,3,0,0,7,2,5,9,3,WWW,9,3,0,0,7,2,5,2,WW,6,2,0,0,3,1,2,1,W,3,1,0,0,4,1,3,5,4,2,1,1,10,9,1,7,4,WWLD,7,2,1,1,10,9,1,2,WD,4,1,1,0,6,5,1,2,WL,3,1,0,1,4,4,0,0.5903816017316018,0.1771068542568542,0.23251154401154417,Home Win,0.5903816017316018,0.5903816017316018,0.23251154401154417,0.35787005772005763,0.956886684820,0.870995795960,MODERATE,VERY_HIGH,3,2,4,2,4,3,5,SUPPORTIVE,Model leans Manchester City; context supports the home side,"Stage 7 gives Manchester City the highest probability at 59.0%, 35.8 percentage points above the next outcome. The fixed context score is +5: 5 signals favor Manchester City, 0 favor Chelsea, and 0 are neutral or unavailable. Context alignment is supportive; confidence is moderate and uncertainty is very_high. This interprets the existing prediction and does not alter or replace it."
-11155441600708,560683,football-data.org,2026-12-12 15:00:00+00:00,1797087600,UTC,NS,TIMED,,39,Premier League,England,2026,Regular Season - 15,52,Crystal Palace,CRY,354,33,Manchester United,MUN,66,16,4,1,0,3,6,11,-5,3,4,LLWL,3,1,0,3,6,11,-5,2,LL,0,0,0,2,3,7,-4,2,LW,3,1,0,1,3,4,-1,13,3,1,1,1,7,6,1,4,3,LWD,4,1,1,1,7,6,1,1,W,3,1,0,0,5,2,3,2,LD,1,0,1,1,2,4,-2,0.2144139527139526,0.23596269841269846,0.5496233488733488,Away Win,0.5496233488733488,0.5496233488733488,0.23596269841269846,0.31366065046065034,0.999875707795,0.910126090986,MODERATE,VERY_HIGH,-3,-1,-6,-1,-6,-1,-5,SUPPORTIVE,Model leans Manchester United; context supports the away side,"Stage 7 gives Manchester United the highest probability at 55.0%, 31.4 percentage points above the next outcome. The fixed context score is -5: 0 signals favor Crystal Palace, 5 favor Manchester United, and 0 are neutral or unavailable. Context alignment is supportive; confidence is moderate and uncertainty is very_high. This interprets the existing prediction and does not alter or replace it."
-132070952517789,560684,football-data.org,2026-12-12 15:00:00+00:00,1797087600,UTC,NS,TIMED,,39,Premier League,England,2026,Regular Season - 15,-44103427291829,Hull City,HUL,322,47,Tottenham,TOT,73,3,4,2,2,0,5,2,3,8,4,WWDD,8,2,2,0,5,2,3,2,WD,4,1,1,0,2,0,2,2,WD,4,1,1,0,3,2,1,17,4,0,2,2,0,5,-5,2,4,LLDD,2,0,2,2,0,5,-5,2,LD,1,0,1,1,0,2,-2,2,LD,1,0,1,1,0,3,-3,0.39146176046176034,0.2617752525252526,0.3467629870129869,Home Win,0.39146176046176034,0.39146176046176034,0.3467629870129869,0.04469877344877344,1.085249938604,0.987837064812,VERY_LOW,VERY_HIGH,14,6,8,6,8,3,5,SUPPORTIVE,Model leans Hull City; context supports the home side,"Stage 7 gives Hull City the highest probability at 39.1%, 4.5 percentage points above the next outcome. The fixed context score is +5: 5 signals favor Hull City, 0 favor Tottenham, and 0 are neutral or unavailable. Context alignment is supportive; confidence is very_low and uncertainty is very_high. This interprets the existing prediction and does not alter or replace it."
-157278056675206,560682,football-data.org,2026-12-12 15:00:00+00:00,1797087600,UTC,NS,TIMED,,39,Premier League,England,2026,Regular Season - 15,-218557486738561,Sunderland,SUN,71,65,Nottingham Forest,NOT,351,14,4,1,1,2,3,5,-2,4,4,LWDL,4,1,1,2,3,5,-2,2,WL,3,1,0,1,1,2,-1,2,LD,1,0,1,1,2,3,-1,12,4,1,2,1,4,4,0,5,4,LDDW,5,1,2,1,4,4,0,2,LD,1,0,1,1,0,1,-1,2,DW,4,1,1,0,4,3,1,0.3845873737373737,0.16069126984126988,0.4547213564213563,Away Win,0.4547213564213563,0.4547213564213563,0.3845873737373737,0.0701339826839826,1.019645193063,0.928121051968,LOW,VERY_HIGH,-2,-1,-2,-1,-2,-1,-5,SUPPORTIVE,Model leans Nottingham Forest; context supports the away side,"Stage 7 gives Nottingham Forest the highest probability at 45.5%, 7.0 percentage points above the next outcome. The fixed context score is -5: 0 signals favor Sunderland, 5 favor Nottingham Forest, and 0 are neutral or unavailable. Context alignment is supportive; confidence is low and uncertainty is very_high. This interprets the existing prediction and does not alter or replace it."
-183967307093185,560690,football-data.org,2026-12-12 15:00:00+00:00,1797087600,UTC,NS,TIMED,,39,Premier League,England,2026,Regular Season - 15,40,Liverpool,LIV,64,-156530674508954,Leeds,LEE,341,7,4,1,3,0,6,4,2,6,4,DDWD,6,1,3,0,6,4,2,2,DD,2,0,2,0,2,2,0,2,DW,4,1,1,0,4,2,2,11,3,1,2,0,3,2,1,5,3,WDD,5,1,2,0,3,2,1,1,D,1,0,1,0,1,1,0,2,WD,4,1,1,0,2,1,1,0.5042466089466086,0.2393132034632034,0.2564401875901877,Home Win,0.5042466089466086,0.5042466089466086,0.2564401875901877,0.2478064213564209,1.036445272863,0.943413143612,MODERATE,VERY_HIGH,4,1,1,1,1,-2,3,SUPPORTIVE,Model leans Liverpool; context supports the home side,"Stage 7 gives Liverpool the highest probability at 50.4%, 24.8 percentage points above the next outcome. The fixed context score is +3: 4 signals favor Liverpool, 1 favor Leeds, and 0 are neutral or unavailable. Context alignment is supportive; confidence is moderate and uncertainty is very_high. This interprets the existing prediction and does not alter or replace it."
-213326411856770,560691,football-data.org,2026-12-12 15:00:00+00:00,1797087600,UTC,NS,TIMED,,39,Premier League,England,2026,Regular Season - 15,36,Fulham,FUL,63,55,Brentford,BRE,402,18,4,0,1,3,4,7,-3,1,4,LLLD,1,0,1,3,4,7,-3,2,LL,0,0,0,2,4,6,-2,2,LD,1,0,1,1,0,1,-1,6,4,1,3,0,7,4,3,6,4,WDDD,6,1,3,0,7,4,3,2,WD,4,1,1,0,4,1,3,2,DD,2,0,2,0,3,3,0,0.2748137085137085,0.17342063492063498,0.5517656565656563,Away Win,0.5517656565656563,0.5517656565656563,0.2748137085137085,0.2769519480519478,0.986902876679,0.898317711224,MODERATE,VERY_HIGH,-12,-5,-6,-5,-6,-2,-5,SUPPORTIVE,Model leans Brentford; context supports the away side,"Stage 7 gives Brentford the highest probability at 55.2%, 27.7 percentage points above the next outcome. The fixed context score is -5: 0 signals favor Fulham, 5 favor Brentford, and 0 are neutral or unavailable. Context alignment is supportive; confidence is moderate and uncertainty is very_high. This interprets the existing prediction and does not alter or replace it."
-30344426767048,560685,football-data.org,2026-12-12 15:00:00+00:00,1797087600,UTC,NS,TIMED,,39,Premier League,England,2026,Regular Season - 15,51,Brighton,BHA,397,45,Everton,EVE,62,4,4,2,1,1,13,5,8,7,4,WLDW,7,2,1,1,13,5,8,2,WD,4,1,1,0,5,1,4,2,LW,3,1,0,1,8,4,4,8,4,1,3,0,5,3,2,6,4,WDDD,6,1,3,0,5,3,2,2,WD,4,1,1,0,4,2,2,2,DD,2,0,2,0,1,1,0,0.4807105339105336,0.25570779220779205,0.263581673881674,Home Win,0.4807105339105336,0.4807105339105336,0.263581673881674,0.2171288600288596,1.052287160836,0.957833051469,LOW,VERY_HIGH,4,1,6,1,6,2,5,SUPPORTIVE,Model leans Brighton; context supports the home side,"Stage 7 gives Brighton the highest probability at 48.1%, 21.7 percentage points above the next outcome. The fixed context score is +5: 5 signals favor Brighton, 0 favor Everton, and 0 are neutral or unavailable. Context alignment is supportive; confidence is low and uncertainty is very_high. This interprets the existing prediction and does not alter or replace it."
-52609799580699,560688,football-data.org,2026-12-12 15:00:00+00:00,1797087600,UTC,NS,TIMED,,39,Premier League,England,2026,Regular Season - 15,42,Arsenal,ARS,57,35,Bournemouth,BOU,1044,1,4,4,0,0,8,1,7,12,4,WWWW,12,4,0,0,8,1,7,2,WW,6,2,0,0,5,1,4,2,WW,6,2,0,0,3,0,3,15,4,0,3,1,6,7,-1,3,4,LDDD,3,0,3,1,6,7,-1,2,DD,2,0,2,0,3,3,0,2,LD,1,0,1,1,3,4,-1,0.6261645743145745,0.16983564213564212,0.20399978354978376,Home Win,0.6261645743145745,0.6261645743145745,0.20399978354978376,0.42216479076479074,0.918525140820,0.836077613817,HIGH,VERY_HIGH,14,9,8,9,8,5,5,SUPPORTIVE,Model leans Arsenal; context supports the home side,"Stage 7 gives Arsenal the highest probability at 62.6%, 42.2 percentage points above the next outcome. The fixed context score is +5: 5 signals favor Arsenal, 0 favor Bournemouth, and 0 are neutral or unavailable. Context alignment is supportive; confidence is high and uncertainty is very_high. This interprets the existing prediction and does not alter or replace it."
-8881366517255,560686,football-data.org,2026-12-12 15:00:00+00:00,1797087600,UTC,NS,TIMED,,39,Premier League,England,2026,Regular Season - 15,57,Ipswich,IPS,349,34,Newcastle,NEW,67,9,4,2,0,2,7,10,-3,6,4,WLLW,6,2,0,2,7,10,-3,2,WL,3,1,0,1,2,3,-1,2,LW,3,1,0,1,5,7,-2,10,3,1,2,0,6,4,2,5,3,DWD,5,1,2,0,6,4,2,2,DD,2,0,2,0,4,4,0,1,W,3,1,0,0,2,0,2,0.12201291486291495,0.19209321789321782,0.6858938672438669,Away Win,0.6858938672438669,0.6858938672438669,0.19209321789321782,0.49380064935064908,0.832184520083,0.757486993971,HIGH,HIGH,1,1,-5,1,-5,0,2,CONTRADICTORY,Model leans Newcastle; context favors Ipswich,"Stage 7 gives Newcastle the highest probability at 68.6%, 49.4 percentage points above the next outcome. The fixed context score is +2: 3 signals favor Ipswich, 1 favor Newcastle, and 1 are neutral or unavailable. Context alignment is contradictory; confidence is high and uncertainty is high. This interprets the existing prediction and does not alter or replace it."
-92958922111708,560687,football-data.org,2026-12-12 15:00:00+00:00,1797087600,UTC,NS,TIMED,,39,Premier League,England,2026,Regular Season - 15,-39195573837902,Coventry City,COV,1076,66,Aston Villa,AVL,58,20,4,0,0,4,0,10,-10,0,4,LLLL,0,0,0,4,0,10,-10,2,LL,0,0,0,2,0,6,-6,2,LL,0,0,0,2,0,4,-4,19,4,0,1,3,1,7,-6,1,4,LLDL,1,0,1,3,1,7,-6,2,LL,0,0,0,2,1,3,-2,2,LD,1,0,1,1,0,4,-4,0.23309105339105338,0.19196006216006226,0.5749488844488845,Away Win,0.5749488844488845,0.5749488844488845,0.23309105339105338,0.34185783105783112,0.974499854798,0.887027994179,MODERATE,VERY_HIGH,-1,-1,-4,-1,-4,-1,-5,SUPPORTIVE,Model leans Aston Villa; context supports the away side,"Stage 7 gives Aston Villa the highest probability at 57.5%, 34.2 percentage points above the next outcome. The fixed context score is -5: 0 signals favor Coventry City, 5 favor Aston Villa, and 0 are neutral or unavailable. Context alignment is supportive; confidence is moderate and uncertainty is very_high. This interprets the existing prediction and does not alter or replace it."
-105447696562623,560694,football-data.org,2026-12-19 15:00:00+00:00,1797692400,UTC,NS,TIMED,,39,Premier League,England,2026,Regular Season - 16,65,Nottingham Forest,NOT,351,45,Everton,EVE,62,12,4,1,2,1,4,4,0,5,4,LDDW,5,1,2,1,4,4,0,2,LD,1,0,1,1,0,1,-1,2,DW,4,1,1,0,4,3,1,8,4,1,3,0,5,3,2,6,4,WDDD,6,1,3,0,5,3,2,2,WD,4,1,1,0,4,2,2,2,DD,2,0,2,0,1,1,0,0.40727554112554115,0.19680086580086587,0.3959235930735931,Home Win,0.40727554112554115,0.40727554112554115,0.3959235930735931,0.01135194805194805,1.052590361858,0.958109036932,LOW,VERY_HIGH,-4,-1,-2,-1,-2,-1,-5,CONTRADICTORY,Model leans Nottingham Forest; context favors Everton,"Stage 7 gives Nottingham Forest the highest probability at 40.7%, 1.1 percentage points above the next outcome. The fixed context score is -5: 0 signals favor Nottingham Forest, 5 favor Everton, and 0 are neutral or unavailable. Context alignment is contradictory; confidence is low and uncertainty is very_high. This interprets the existing prediction and does not alter or replace it."
-112557812247606,560698,football-data.org,2026-12-19 15:00:00+00:00,1797692400,UTC,NS,TIMED,,39,Premier League,England,2026,Regular Season - 16,35,Bournemouth,BOU,1044,-39195573837902,Coventry City,COV,1076,15,4,0,3,1,6,7,-1,3,4,LDDD,3,0,3,1,6,7,-1,2,DD,2,0,2,0,3,3,0,2,LD,1,0,1,1,3,4,-1,20,4,0,0,4,0,10,-10,0,4,LLLL,0,0,0,4,0,10,-10,2,LL,0,0,0,2,0,6,-6,2,LL,0,0,0,2,0,4,-4,0.4287696969696968,0.34396068376068367,0.22726961926961936,Home Win,0.4287696969696968,0.4287696969696968,0.34396068376068367,0.08480901320901313,1.066908585425,0.971142045679,LOW,VERY_HIGH,5,3,9,3,9,2,5,SUPPORTIVE,Model leans Bournemouth; context supports the home side,"Stage 7 gives Bournemouth the highest probability at 42.9%, 8.5 percentage points above the next outcome. The fixed context score is +5: 5 signals favor Bournemouth, 0 favor Coventry City, and 0 are neutral or unavailable. Context alignment is supportive; confidence is low and uncertainty is very_high. This interprets the existing prediction and does not alter or replace it."
-131525581818100,560697,football-data.org,2026-12-19 15:00:00+00:00,1797692400,UTC,NS,TIMED,,39,Premier League,England,2026,Regular Season - 16,-218557486738561,Sunderland,SUN,71,52,Crystal Palace,CRY,354,14,4,1,1,2,3,5,-2,4,4,LWDL,4,1,1,2,3,5,-2,2,WL,3,1,0,1,1,2,-1,2,LD,1,0,1,1,2,3,-1,16,4,1,0,3,6,11,-5,3,4,LLWL,3,1,0,3,6,11,-5,2,LL,0,0,0,2,3,7,-4,2,LW,3,1,0,1,3,4,-1,0.47174047619047627,0.19952539682539686,0.328734126984127,Home Win,0.47174047619047627,0.47174047619047627,0.328734126984127,0.14300634920634927,1.041747478327,0.948239419012,LOW,VERY_HIGH,2,1,3,1,3,0,4,SUPPORTIVE,Model leans Sunderland; context supports the home side,"Stage 7 gives Sunderland the highest probability at 47.2%, 14.3 percentage points above the next outcome. The fixed context score is +4: 4 signals favor Sunderland, 0 favor Crystal Palace, and 1 are neutral or unavailable. Context alignment is supportive; confidence is low and uncertainty is very_high. This interprets the existing prediction and does not alter or replace it."
-149568006759557,560692,football-data.org,2026-12-19 15:00:00+00:00,1797692400,UTC,NS,TIMED,,39,Premier League,England,2026,Regular Season - 16,-156530674508954,Leeds,LEE,341,36,Fulham,FUL,63,11,3,1,2,0,3,2,1,5,3,WDD,5,1,2,0,3,2,1,1,D,1,0,1,0,1,1,0,2,WD,4,1,1,0,2,1,1,18,4,0,1,3,4,7,-3,1,4,LLLD,1,0,1,3,4,7,-3,2,LL,0,0,0,2,4,6,-2,2,LD,1,0,1,1,0,1,-1,0.46595165945165923,0.18767142857142857,0.3463769119769119,Home Win,0.46595165945165923,0.46595165945165923,0.3463769119769119,0.11957474747474733,1.037059339001,0.943972090699,LOW,VERY_HIGH,7,4,4,4,4,0,4,SUPPORTIVE,Model leans Leeds; context supports the home side,"Stage 7 gives Leeds the highest probability at 46.6%, 12.0 percentage points above the next outcome. The fixed context score is +4: 4 signals favor Leeds, 0 favor Fulham, and 1 are neutral or unavailable. Context alignment is supportive; confidence is low and uncertainty is very_high. This interprets the existing prediction and does not alter or replace it."
-153882445424523,560696,football-data.org,2026-12-19 15:00:00+00:00,1797692400,UTC,NS,TIMED,,39,Premier League,England,2026,Regular Season - 16,50,Manchester City,MCI,65,-44103427291829,Hull City,HUL,322,2,3,3,0,0,7,2,5,9,3,WWW,9,3,0,0,7,2,5,2,WW,6,2,0,0,3,1,2,1,W,3,1,0,0,4,1,3,3,4,2,2,0,5,2,3,8,4,WWDD,8,2,2,0,5,2,3,2,WD,4,1,1,0,2,0,2,2,WD,4,1,1,0,3,2,1,0.5277608946608945,0.26541575091575104,0.20682335442335448,Home Win,0.5277608946608945,0.5277608946608945,0.26541575091575104,0.26234514374514346,1.015291989388,0.924158595221,MODERATE,VERY_HIGH,1,1,2,1,2,2,5,SUPPORTIVE,Model leans Manchester City; context supports the home side,"Stage 7 gives Manchester City the highest probability at 52.8%, 26.2 percentage points above the next outcome. The fixed context score is +5: 5 signals favor Manchester City, 0 favor Hull City, and 0 are neutral or unavailable. Context alignment is supportive; confidence is moderate and uncertainty is very_high. This interprets the existing prediction and does not alter or replace it."
-243372633430519,560695,football-data.org,2026-12-19 15:00:00+00:00,1797692400,UTC,NS,TIMED,,39,Premier League,England,2026,Regular Season - 16,55,Brentford,BRE,402,34,Newcastle,NEW,67,6,4,1,3,0,7,4,3,6,4,WDDD,6,1,3,0,7,4,3,2,WD,4,1,1,0,4,1,3,2,DD,2,0,2,0,3,3,0,10,3,1,2,0,6,4,2,5,3,DWD,5,1,2,0,6,4,2,2,DD,2,0,2,0,4,4,0,1,W,3,1,0,0,2,0,2,0.30179285714285714,0.22267561327561328,0.47553152958152944,Away Win,0.47553152958152944,0.47553152958152944,0.30179285714285714,0.17373867243867230,1.049492783164,0.955289499297,LOW,VERY_HIGH,4,1,1,1,1,1,5,CONTRADICTORY,Model leans Newcastle; context favors Brentford,"Stage 7 gives Newcastle the highest probability at 47.6%, 17.4 percentage points above the next outcome. The fixed context score is +5: 5 signals favor Brentford, 0 favor Newcastle, and 0 are neutral or unavailable. Context alignment is contradictory; confidence is low and uncertainty is very_high. This interprets the existing prediction and does not alter or replace it."
-243438834142152,560693,football-data.org,2026-12-19 15:00:00+00:00,1797692400,UTC,NS,TIMED,,39,Premier League,England,2026,Regular Season - 16,51,Brighton,BHA,397,57,Ipswich,IPS,349,4,4,2,1,1,13,5,8,7,4,WLDW,7,2,1,1,13,5,8,2,WD,4,1,1,0,5,1,4,2,LW,3,1,0,1,8,4,4,9,4,2,0,2,7,10,-3,6,4,WLLW,6,2,0,2,7,10,-3,2,WL,3,1,0,1,2,3,-1,2,LW,3,1,0,1,5,7,-2,0.5572736652236651,0.24973376623376614,0.1929925685425686,Home Win,0.5572736652236651,0.5572736652236651,0.24973376623376614,0.30753989898989896,0.989800637809,0.900955367074,MODERATE,VERY_HIGH,5,1,11,1,11,1,5,SUPPORTIVE,Model leans Brighton; context supports the home side,"Stage 7 gives Brighton the highest probability at 55.7%, 30.8 percentage points above the next outcome. The fixed context score is +5: 5 signals favor Brighton, 0 favor Ipswich, and 0 are neutral or unavailable. Context alignment is supportive; confidence is moderate and uncertainty is very_high. This interprets the existing prediction and does not alter or replace it."
-56523686801031,560701,football-data.org,2026-12-19 15:00:00+00:00,1797692400,UTC,NS,TIMED,,39,Premier League,England,2026,Regular Season - 16,49,Chelsea,CHE,61,66,Aston Villa,AVL,58,5,4,2,1,1,10,9,1,7,4,WWLD,7,2,1,1,10,9,1,2,WD,4,1,1,0,6,5,1,2,WL,3,1,0,1,4,4,0,19,4,0,1,3,1,7,-6,1,4,LLDL,1,0,1,3,1,7,-6,2,LL,0,0,0,2,1,3,-2,2,LD,1,0,1,1,0,4,-4,0.43604004329004303,0.28625923520923496,0.2777007215007217,Home Win,0.43604004329004303,0.43604004329004303,0.28625923520923496,0.14978080808080807,1.075785277930,0.979221959399,LOW,VERY_HIGH,14,6,7,6,7,3,5,SUPPORTIVE,Model leans Chelsea; context supports the home side,"Stage 7 gives Chelsea the highest probability at 43.6%, 15.0 percentage points above the next outcome. The fixed context score is +5: 5 signals favor Chelsea, 0 favor Aston Villa, and 0 are neutral or unavailable. Context alignment is supportive; confidence is low and uncertainty is very_high. This interprets the existing prediction and does not alter or replace it."
-6120737004971,560700,football-data.org,2026-12-19 15:00:00+00:00,1797692400,UTC,NS,TIMED,,39,Premier League,England,2026,Regular Season - 16,40,Liverpool,LIV,64,47,Tottenham,TOT,73,7,4,1,3,0,6,4,2,6,4,DDWD,6,1,3,0,6,4,2,2,DD,2,0,2,0,2,2,0,2,DW,4,1,1,0,4,2,2,17,4,0,2,2,0,5,-5,2,4,LLDD,2,0,2,2,0,5,-5,2,LD,1,0,1,1,0,2,-2,2,LD,1,0,1,1,0,3,-3,0.5034672438672434,0.2633361471861472,0.23319660894660904,Home Win,0.5034672438672434,0.5034672438672434,0.2633361471861472,0.2401310966810962,1.036378119241,0.943352017751,MODERATE,VERY_HIGH,10,4,7,4,7,1,5,SUPPORTIVE,Model leans Liverpool; context supports the home side,"Stage 7 gives Liverpool the highest probability at 50.3%, 24.0 percentage points above the next outcome. The fixed context score is +5: 5 signals favor Liverpool, 0 favor Tottenham, and 0 are neutral or unavailable. Context alignment is supportive; confidence is moderate and uncertainty is very_high. This interprets the existing prediction and does not alter or replace it."
-67688375487991,560699,football-data.org,2026-12-19 15:00:00+00:00,1797692400,UTC,NS,TIMED,,39,Premier League,England,2026,Regular Season - 16,42,Arsenal,ARS,57,33,Manchester United,MUN,66,1,4,4,0,0,8,1,7,12,4,WWWW,12,4,0,0,8,1,7,2,WW,6,2,0,0,5,1,4,2,WW,6,2,0,0,3,0,3,13,3,1,1,1,7,6,1,4,3,LWD,4,1,1,1,7,6,1,1,W,3,1,0,0,5,2,3,2,LD,1,0,1,1,2,4,-2,0.6093106060606064,0.19904199134199116,0.19164740259740268,Home Win,0.6093106060606064,0.6093106060606064,0.19904199134199116,0.41026861471861524,0.939790731437,0.855434388574,HIGH,VERY_HIGH,12,8,6,8,6,5,5,SUPPORTIVE,Model leans Arsenal; context supports the home side,"Stage 7 gives Arsenal the highest probability at 60.9%, 41.0 percentage points above the next outcome. The fixed context score is +5: 5 signals favor Arsenal, 0 favor Manchester United, and 0 are neutral or unavailable. Context alignment is supportive; confidence is high and uncertainty is very_high. This interprets the existing prediction and does not alter or replace it."
-150173229540830,560702,football-data.org,2026-12-26 12:30:00+00:00,1798288200,UTC,NS,TIMED,,39,Premier League,England,2026,Regular Season - 17,66,Aston Villa,AVL,58,-156530674508954,Leeds,LEE,341,19,4,0,1,3,1,7,-6,1,4,LLDL,1,0,1,3,1,7,-6,2,LL,0,0,0,2,1,3,-2,2,LD,1,0,1,1,0,4,-4,11,3,1,2,0,3,2,1,5,3,WDD,5,1,2,0,3,2,1,1,D,1,0,1,0,1,1,0,2,WD,4,1,1,0,2,1,1,0.38355584415584404,0.2523191919191917,0.36412496392496374,Home Win,0.38355584415584404,0.38355584415584404,0.36412496392496374,0.01943088023088030,1.082869052527,0.985669888910,VERY_LOW,VERY_HIGH,-8,-4,-7,-4,-7,-4,-5,CONTRADICTORY,Model leans Aston Villa; context favors Leeds,"Stage 7 gives Aston Villa the highest probability at 38.4%, 1.9 percentage points above the next outcome. The fixed context score is -5: 0 signals favor Aston Villa, 5 favor Leeds, and 0 are neutral or unavailable. Context alignment is contradictory; confidence is very_low and uncertainty is very_high. This interprets the existing prediction and does not alter or replace it."
-161199794240286,560708,football-data.org,2026-12-26 15:00:00+00:00,1798297200,UTC,NS,TIMED,,39,Premier League,England,2026,Regular Season - 17,36,Fulham,FUL,63,51,Brighton,BHA,397,18,4,0,1,3,4,7,-3,1,4,LLLD,1,0,1,3,4,7,-3,2,LL,0,0,0,2,4,6,-2,2,LD,1,0,1,1,0,1,-1,4,4,2,1,1,13,5,8,7,4,WLDW,7,2,1,1,13,5,8,2,WD,4,1,1,0,5,1,4,2,LW,3,1,0,1,8,4,4,0.23552705627705614,0.21249841269841271,0.5519745310245308,Away Win,0.5519745310245308,0.5519745310245308,0.23552705627705614,0.31644747474747466,0.997690194937,0.908136751452,MODERATE,VERY_HIGH,-14,-6,-11,-6,-11,-3,-5,SUPPORTIVE,Model leans Brighton; context supports the away side,"Stage 7 gives Brighton the highest probability at 55.2%, 31.6 percentage points above the next outcome. The fixed context score is -5: 0 signals favor Fulham, 5 favor Brighton, and 0 are neutral or unavailable. Context alignment is supportive; confidence is moderate and uncertainty is very_high. This interprets the existing prediction and does not alter or replace it."
-185187531298524,560705,football-data.org,2026-12-26 15:00:00+00:00,1798297200,UTC,NS,TIMED,,39,Premier League,England,2026,Regular Season - 17,45,Everton,EVE,62,-218557486738561,Sunderland,SUN,71,8,4,1,3,0,5,3,2,6,4,WDDD,6,1,3,0,5,3,2,2,WD,4,1,1,0,4,2,2,2,DD,2,0,2,0,1,1,0,14,4,1,1,2,3,5,-2,4,4,LWDL,4,1,1,2,3,5,-2,2,WL,3,1,0,1,1,2,-1,2,LD,1,0,1,1,2,3,-1,0.29358162393162407,0.2498248196248197,0.4565935564435562,Away Win,0.4565935564435562,0.4565935564435562,0.29358162393162407,0.16301193251193213,1.064271211722,0.968741404679,LOW,VERY_HIGH,6,2,4,2,4,3,5,CONTRADICTORY,Model leans Sunderland; context favors Everton,"Stage 7 gives Sunderland the highest probability at 45.7%, 16.3 percentage points above the next outcome. The fixed context score is +5: 5 signals favor Everton, 0 favor Sunderland, and 0 are neutral or unavailable. Context alignment is contradictory; confidence is low and uncertainty is very_high. This interprets the existing prediction and does not alter or replace it."
-202570097184697,560709,football-data.org,2026-12-26 15:00:00+00:00,1798297200,UTC,NS,TIMED,,39,Premier League,England,2026,Regular Season - 17,47,Tottenham,TOT,73,35,Bournemouth,BOU,1044,17,4,0,2,2,0,5,-5,2,4,LLDD,2,0,2,2,0,5,-5,2,LD,1,0,1,1,0,2,-2,2,LD,1,0,1,1,0,3,-3,15,4,0,3,1,6,7,-1,3,4,LDDD,3,0,3,1,6,7,-1,2,DD,2,0,2,0,3,3,0,2,LD,1,0,1,1,3,4,-1,0.2783580808080807,0.18353181818181824,0.5381101010101008,Away Win,0.5381101010101008,0.5381101010101008,0.2783580808080807,0.2597520202020201,1.000593782095,0.910779710382,MODERATE,VERY_HIGH,-2,-1,-4,-1,-4,0,-4,SUPPORTIVE,Model leans Bournemouth; context supports the away side,"Stage 7 gives Bournemouth the highest probability at 53.8%, 26.0 percentage points above the next outcome. The fixed context score is -4: 0 signals favor Tottenham, 4 favor Bournemouth, and 1 are neutral or unavailable. Context alignment is supportive; confidence is moderate and uncertainty is very_high. This interprets the existing prediction and does not alter or replace it."
-208590234542635,560711,football-data.org,2026-12-26 15:00:00+00:00,1798297200,UTC,NS,TIMED,,39,Premier League,England,2026,Regular Season - 17,57,Ipswich,IPS,349,55,Brentford,BRE,402,9,4,2,0,2,7,10,-3,6,4,WLLW,6,2,0,2,7,10,-3,2,WL,3,1,0,1,2,3,-1,2,LW,3,1,0,1,5,7,-2,6,4,1,3,0,7,4,3,6,4,WDDD,6,1,3,0,7,4,3,2,WD,4,1,1,0,4,1,3,2,DD,2,0,2,0,3,3,0,0.13901199911199913,0.21206688866688858,0.6489211122211125,Away Win,0.6489211122211125,0.6489211122211125,0.21206688866688858,0.43685422355422392,0.883804591326,0.804473607698,HIGH,VERY_HIGH,-3,0,-6,0,-6,1,-1,MIXED,Model leans Brentford; context is mixed,"Stage 7 gives Brentford the highest probability at 64.9%, 43.7 percentage points above the next outcome. The fixed context score is -1: 1 signals favor Ipswich, 2 favor Brentford, and 2 are neutral or unavailable. Context alignment is mixed; confidence is high and uncertainty is very_high. This interprets the existing prediction and does not alter or replace it."
-225060982988691,560710,football-data.org,2026-12-26 17:30:00+00:00,1798306200,UTC,NS,TIMED,,39,Premier League,England,2026,Regular Season - 17,-44103427291829,Hull City,HUL,322,40,Liverpool,LIV,64,3,4,2,2,0,5,2,3,8,4,WWDD,8,2,2,0,5,2,3,2,WD,4,1,1,0,2,0,2,2,WD,4,1,1,0,3,2,1,7,4,1,3,0,6,4,2,6,4,DDWD,6,1,3,0,6,4,2,2,DD,2,0,2,0,2,2,0,2,DW,4,1,1,0,4,2,2,0.3342599178599178,0.22959463314463316,0.436145448995449,Away Win,0.436145448995449,0.436145448995449,0.3342599178599178,0.1018855311355312,1.066033456197,0.970345468727,LOW,VERY_HIGH,4,2,1,2,1,0,4,CONTRADICTORY,Model leans Liverpool; context favors Hull City,"Stage 7 gives Liverpool the highest probability at 43.6%, 10.2 percentage points above the next outcome. The fixed context score is +4: 4 signals favor Hull City, 0 favor Liverpool, and 1 are neutral or unavailable. Context alignment is contradictory; confidence is low and uncertainty is very_high. This interprets the existing prediction and does not alter or replace it."
-135757504596199,560707,football-data.org,2026-12-26 20:00:00+00:00,1798315200,UTC,NS,TIMED,,39,Premier League,England,2026,Regular Season - 17,34,Newcastle,NEW,67,50,Manchester City,MCI,65,10,3,1,2,0,6,4,2,5,3,DWD,5,1,2,0,6,4,2,2,DD,2,0,2,0,4,4,0,1,W,3,1,0,0,2,0,2,2,3,3,0,0,7,2,5,9,3,WWW,9,3,0,0,7,2,5,2,WW,6,2,0,0,3,1,2,1,W,3,1,0,0,4,1,3,0.26092604617604614,0.29013147963147967,0.4489424741924741,Away Win,0.4489424741924741,0.4489424741924741,0.29013147963147967,0.15881099456099443,1.069114019578,0.973149518356,LOW,VERY_HIGH,-8,-4,-3,-4,-3,-1,-5,SUPPORTIVE,Model leans Manchester City; context supports the away side,"Stage 7 gives Manchester City the highest probability at 44.9%, 15.9 percentage points above the next outcome. The fixed context score is -5: 0 signals favor Newcastle, 5 favor Manchester City, and 0 are neutral or unavailable. Context alignment is supportive; confidence is low and uncertainty is very_high. This interprets the existing prediction and does not alter or replace it."
-33979042353135,560706,football-data.org,2026-12-27 14:00:00+00:00,1798380000,UTC,NS,TIMED,,39,Premier League,England,2026,Regular Season - 17,-39195573837902,Coventry City,COV,1076,49,Chelsea,CHE,61,20,4,0,0,4,0,10,-10,0,4,LLLL,0,0,0,4,0,10,-10,2,LL,0,0,0,2,0,6,-6,2,LL,0,0,0,2,0,4,-4,5,4,2,1,1,10,9,1,7,4,WWLD,7,2,1,1,10,9,1,2,WD,4,1,1,0,6,5,1,2,WL,3,1,0,1,4,4,0,0.23194841269841268,0.18856731601731605,0.5794842712842714,Away Win,0.5794842712842714,0.5794842712842714,0.23194841269841268,0.34753585858585872,0.969695590875,0.882654964702,MODERATE,VERY_HIGH,-15,-7,-11,-7,-11,-3,-5,SUPPORTIVE,Model leans Chelsea; context supports the away side,"Stage 7 gives Chelsea the highest probability at 57.9%, 34.8 percentage points above the next outcome. The fixed context score is -5: 0 signals favor Coventry City, 5 favor Chelsea, and 0 are neutral or unavailable. Context alignment is supportive; confidence is moderate and uncertainty is very_high. This interprets the existing prediction and does not alter or replace it."
-132909948668208,560703,football-data.org,2026-12-27 16:30:00+00:00,1798389000,UTC,NS,TIMED,,39,Premier League,England,2026,Regular Season - 17,33,Manchester United,MUN,66,65,Nottingham Forest,NOT,351,13,3,1,1,1,7,6,1,4,3,LWD,4,1,1,1,7,6,1,1,W,3,1,0,0,5,2,3,2,LD,1,0,1,1,2,4,-2,12,4,1,2,1,4,4,0,5,4,LDDW,5,1,2,1,4,4,0,2,LD,1,0,1,1,0,1,-1,2,DW,4,1,1,0,4,3,1,0.44417979797979784,0.262020274170274,0.2937999278499281,Home Win,0.44417979797979784,0.44417979797979784,0.2937999278499281,0.15037987012986974,1.071258571921,0.975101574023,LOW,VERY_HIGH,-1,-1,1,-1,1,-1,-3,CONTRADICTORY,Model leans Manchester United; context favors Nottingham Forest,"Stage 7 gives Manchester United the highest probability at 44.4%, 15.0 percentage points above the next outcome. The fixed context score is -3: 1 signals favor Manchester United, 4 favor Nottingham Forest, and 0 are neutral or unavailable. Context alignment is contradictory; confidence is low and uncertainty is very_high. This interprets the existing prediction and does not alter or replace it."
-263303153250960,560704,football-data.org,2026-12-27 19:00:00+00:00,1798398000,UTC,NS,TIMED,,39,Premier League,England,2026,Regular Season - 17,52,Crystal Palace,CRY,354,42,Arsenal,ARS,57,16,4,1,0,3,6,11,-5,3,4,LLWL,3,1,0,3,6,11,-5,2,LL,0,0,0,2,3,7,-4,2,LW,3,1,0,1,3,4,-1,1,4,4,0,0,8,1,7,12,4,WWWW,12,4,0,0,8,1,7,2,WW,6,2,0,0,5,1,4,2,WW,6,2,0,0,3,0,3,0.1265406926406928,0.21935606060606075,0.6541032467532466,Away Win,0.6541032467532466,0.6541032467532466,0.21935606060606075,0.43474718614718585,0.872020248157,0.793747036285,HIGH,HIGH,-15,-9,-12,-9,-12,-6,-5,SUPPORTIVE,Model leans Arsenal; context supports the away side,"Stage 7 gives Arsenal the highest probability at 65.4%, 43.5 percentage points above the next outcome. The fixed context score is -5: 0 signals favor Crystal Palace, 5 favor Arsenal, and 0 are neutral or unavailable. Context alignment is supportive; confidence is high and uncertainty is high. This interprets the existing prediction and does not alter or replace it."
-141625386904826,560719,football-data.org,2026-12-29 19:30:00+00:00,1798572600,UTC,NS,TIMED,,39,Premier League,England,2026,Regular Season - 18,47,Tottenham,TOT,73,51,Brighton,BHA,397,17,4,0,2,2,0,5,-5,2,4,LLDD,2,0,2,2,0,5,-5,2,LD,1,0,1,1,0,2,-2,2,LD,1,0,1,1,0,3,-3,4,4,2,1,1,13,5,8,7,4,WLDW,7,2,1,1,13,5,8,2,WD,4,1,1,0,5,1,4,2,LW,3,1,0,1,8,4,4,0.2919683982683982,0.19373571428571432,0.5142958874458872,Away Win,0.5142958874458872,0.5142958874458872,0.2919683982683982,0.2223274891774890,1.019400279867,0.927898122369,MODERATE,VERY_HIGH,-13,-5,-13,-5,-13,-2,-5,SUPPORTIVE,Model leans Brighton; context supports the away side,"Stage 7 gives Brighton the highest probability at 51.4%, 22.2 percentage points above the next outcome. The fixed context score is -5: 0 signals favor Tottenham, 5 favor Brighton, and 0 are neutral or unavailable. Context alignment is supportive; confidence is moderate and uncertainty is very_high. This interprets the existing prediction and does not alter or replace it."
-185595093031419,560716,football-data.org,2026-12-29 19:30:00+00:00,1798572600,UTC,NS,TIMED,,39,Premier League,England,2026,Regular Season - 18,-44103427291829,Hull City,HUL,322,-156530674508954,Leeds,LEE,341,3,4,2,2,0,5,2,3,8,4,WWDD,8,2,2,0,5,2,3,2,WD,4,1,1,0,2,0,2,2,WD,4,1,1,0,3,2,1,11,3,1,2,0,3,2,1,5,3,WDD,5,1,2,0,3,2,1,1,D,1,0,1,0,1,1,0,2,WD,4,1,1,0,2,1,1,0.4381051948051948,0.2440993506493508,0.31779545454545466,Home Win,0.4381051948051948,0.4381051948051948,0.31779545454545466,0.12030974025974014,1.070094547241,0.974042033098,LOW,VERY_HIGH,8,3,2,3,2,0,4,SUPPORTIVE,Model leans Hull City; context supports the home side,"Stage 7 gives Hull City the highest probability at 43.8%, 12.0 percentage points above the next outcome. The fixed context score is +4: 4 signals favor Hull City, 0 favor Leeds, and 1 are neutral or unavailable. Context alignment is supportive; confidence is low and uncertainty is very_high. This interprets the existing prediction and does not alter or replace it."
-221854891029213,560720,football-data.org,2026-12-29 20:15:00+00:00,1798575300,UTC,NS,TIMED,,39,Premier League,England,2026,Regular Season - 18,45,Everton,EVE,62,50,Manchester City,MCI,65,8,4,1,3,0,5,3,2,6,4,WDDD,6,1,3,0,5,3,2,2,WD,4,1,1,0,4,2,2,2,DD,2,0,2,0,1,1,0,2,3,3,0,0,7,2,5,9,3,WWW,9,3,0,0,7,2,5,2,WW,6,2,0,0,3,1,2,1,W,3,1,0,0,4,1,3,0.20783492063492062,0.20715519480519481,0.5850098845598842,Away Win,0.5850098845598842,0.5850098845598842,0.20783492063492062,0.37717496392496358,0.966272040360,0.879538714729,MODERATE,VERY_HIGH,-6,-3,-3,-3,-3,1,-3,SUPPORTIVE,Model leans Manchester City; context supports the away side,"Stage 7 gives Manchester City the highest probability at 58.5%, 37.7 percentage points above the next outcome. The fixed context score is -3: 1 signals favor Everton, 4 favor Manchester City, and 0 are neutral or unavailable. Context alignment is supportive; confidence is moderate and uncertainty is very_high. This interprets the existing prediction and does not alter or replace it."
-107637002179895,560713,football-data.org,2026-12-30 19:30:00+00:00,1798659000,UTC,NS,TIMED,,39,Premier League,England,2026,Regular Season - 18,-39195573837902,Coventry City,COV,1076,55,Brentford,BRE,402,20,4,0,0,4,0,10,-10,0,4,LLLL,0,0,0,4,0,10,-10,2,LL,0,0,0,2,0,6,-6,2,LL,0,0,0,2,0,4,-4,6,4,1,3,0,7,4,3,6,4,WDDD,6,1,3,0,7,4,3,2,WD,4,1,1,0,4,1,3,2,DD,2,0,2,0,3,3,0,0.2251396825396825,0.1967204517704518,0.5781398656898656,Away Win,0.5781398656898656,0.5781398656898656,0.2251396825396825,0.3530001831501831,0.972338488528,0.885060633817,MODERATE,VERY_HIGH,-14,-6,-13,-6,-13,-2,-5,SUPPORTIVE,Model leans Brentford; context supports the away side,"Stage 7 gives Brentford the highest probability at 57.8%, 35.3 percentage points above the next outcome. The fixed context score is -5: 0 signals favor Coventry City, 5 favor Brentford, and 0 are neutral or unavailable. Context alignment is supportive; confidence is moderate and uncertainty is very_high. This interprets the existing prediction and does not alter or replace it."
-145183159639614,560721,football-data.org,2026-12-30 19:30:00+00:00,1798659000,UTC,NS,TIMED,,39,Premier League,England,2026,Regular Season - 18,52,Crystal Palace,CRY,354,35,Bournemouth,BOU,1044,16,4,1,0,3,6,11,-5,3,4,LLWL,3,1,0,3,6,11,-5,2,LL,0,0,0,2,3,7,-4,2,LW,3,1,0,1,3,4,-1,15,4,0,3,1,6,7,-1,3,4,LDDD,3,0,3,1,6,7,-1,2,DD,2,0,2,0,3,3,0,2,LD,1,0,1,1,3,4,-1,0.2569293151293151,0.22238052503052497,0.5206901598401598,Away Win,0.5206901598401598,0.5206901598401598,0.2569293151293151,0.2637608447108447,1.023276811168,0.931426693223,MODERATE,VERY_HIGH,-1,0,-4,0,-4,-1,-3,SUPPORTIVE,Model leans Bournemouth; context supports the away side,"Stage 7 gives Bournemouth the highest probability at 52.1%, 26.4 percentage points above the next outcome. The fixed context score is -3: 0 signals favor Crystal Palace, 3 favor Bournemouth, and 2 are neutral or unavailable. Context alignment is supportive; confidence is moderate and uncertainty is very_high. This interprets the existing prediction and does not alter or replace it."
-148821705270039,560712,football-data.org,2026-12-30 19:30:00+00:00,1798659000,UTC,NS,TIMED,,39,Premier League,England,2026,Regular Season - 18,36,Fulham,FUL,63,42,Arsenal,ARS,57,18,4,0,1,3,4,7,-3,1,4,LLLD,1,0,1,3,4,7,-3,2,LL,0,0,0,2,4,6,-2,2,LD,1,0,1,1,0,1,-1,1,4,4,0,0,8,1,7,12,4,WWWW,12,4,0,0,8,1,7,2,WW,6,2,0,0,5,1,4,2,WW,6,2,0,0,3,0,3,0.13319148629148644,0.2012743145743146,0.6655341991341991,Away Win,0.6655341991341991,0.6655341991341991,0.2012743145743146,0.4642598845598845,0.862152247731,0.784764795209,HIGH,HIGH,-17,-11,-10,-11,-10,-6,-5,SUPPORTIVE,Model leans Arsenal; context supports the away side,"Stage 7 gives Arsenal the highest probability at 66.6%, 46.4 percentage points above the next outcome. The fixed context score is -5: 0 signals favor Fulham, 5 favor Arsenal, and 0 are neutral or unavailable. Context alignment is supportive; confidence is high and uncertainty is high. This interprets the existing prediction and does not alter or replace it."
-167099295039088,560717,football-data.org,2026-12-30 19:30:00+00:00,1798659000,UTC,NS,TIMED,,39,Premier League,England,2026,Regular Season - 18,33,Manchester United,MUN,66,-218557486738561,Sunderland,SUN,71,13,3,1,1,1,7,6,1,4,3,LWD,4,1,1,1,7,6,1,1,W,3,1,0,0,5,2,3,2,LD,1,0,1,1,2,4,-2,14,4,1,1,2,3,5,-2,4,4,LWDL,4,1,1,2,3,5,-2,2,WL,3,1,0,1,1,2,-1,2,LD,1,0,1,1,2,3,-1,0.5836031024531023,0.22408369408369405,0.1923132034632035,Home Win,0.5836031024531023,0.5836031024531023,0.22408369408369405,0.35951940836940825,0.966513481669,0.879758484079,MODERATE,VERY_HIGH,1,0,3,0,3,2,3,SUPPORTIVE,Model leans Manchester United; context supports the home side,"Stage 7 gives Manchester United the highest probability at 58.4%, 36.0 percentage points above the next outcome. The fixed context score is +3: 3 signals favor Manchester United, 0 favor Sunderland, and 2 are neutral or unavailable. Context alignment is supportive; confidence is moderate and uncertainty is very_high. This interprets the existing prediction and does not alter or replace it."
-220459577594395,560715,football-data.org,2026-12-30 19:30:00+00:00,1798659000,UTC,NS,TIMED,,39,Premier League,England,2026,Regular Season - 18,34,Newcastle,NEW,67,65,Nottingham Forest,NOT,351,10,3,1,2,0,6,4,2,5,3,DWD,5,1,2,0,6,4,2,2,DD,2,0,2,0,4,4,0,1,W,3,1,0,0,2,0,2,12,4,1,2,1,4,4,0,5,4,LDDW,5,1,2,1,4,4,0,2,LD,1,0,1,1,0,1,-1,2,DW,4,1,1,0,4,3,1,0.440880952380952,0.24289942279942267,0.3162196248196247,Home Win,0.440880952380952,0.440880952380952,0.3162196248196247,0.1246613275613273,1.068871164686,0.972928462307,LOW,VERY_HIGH,2,0,2,0,2,-2,1,MIXED,Model leans Newcastle; context is mixed,"Stage 7 gives Newcastle the highest probability at 44.1%, 12.5 percentage points above the next outcome. The fixed context score is +1: 2 signals favor Newcastle, 1 favor Nottingham Forest, and 2 are neutral or unavailable. Context alignment is mixed; confidence is low and uncertainty is very_high. This interprets the existing prediction and does not alter or replace it."
-123898868156804,560718,football-data.org,2026-12-30 20:15:00+00:00,1798661700,UTC,NS,TIMED,,39,Premier League,England,2026,Regular Season - 18,57,Ipswich,IPS,349,49,Chelsea,CHE,61,9,4,2,0,2,7,10,-3,6,4,WLLW,6,2,0,2,7,10,-3,2,WL,3,1,0,1,2,3,-1,2,LW,3,1,0,1,5,7,-2,5,4,2,1,1,10,9,1,7,4,WWLD,7,2,1,1,10,9,1,2,WD,4,1,1,0,6,5,1,2,WL,3,1,0,1,4,4,0,0.12791358641358652,0.19921335331335327,0.6728730602730602,Away Win,0.6728730602730602,0.6728730602730602,0.19921335331335327,0.47365970695970693,0.851039519139,0.774649553730,HIGH,HIGH,-4,-1,-4,-1,-4,0,-4,SUPPORTIVE,Model leans Chelsea; context supports the away side,"Stage 7 gives Chelsea the highest probability at 67.3%, 47.4 percentage points above the next outcome. The fixed context score is -4: 0 signals favor Ipswich, 4 favor Chelsea, and 1 are neutral or unavailable. Context alignment is supportive; confidence is high and uncertainty is high. This interprets the existing prediction and does not alter or replace it."
-251230946870793,560714,football-data.org,2026-12-30 20:15:00+00:00,1798661700,UTC,NS,TIMED,,39,Premier League,England,2026,Regular Season - 18,66,Aston Villa,AVL,58,40,Liverpool,LIV,64,19,4,0,1,3,1,7,-6,1,4,LLDL,1,0,1,3,1,7,-6,2,LL,0,0,0,2,1,3,-2,2,LD,1,0,1,1,0,4,-4,7,4,1,3,0,6,4,2,6,4,DDWD,6,1,3,0,6,4,2,2,DD,2,0,2,0,2,2,0,2,DW,4,1,1,0,4,2,2,0.2612669552669553,0.22868015873015865,0.510052886002886,Away Win,0.510052886002886,0.510052886002886,0.2612669552669553,0.2487859307359307,1.031466018510,0.938880830980,MODERATE,VERY_HIGH,-12,-5,-8,-5,-8,-4,-5,SUPPORTIVE,Model leans Liverpool; context supports the away side,"Stage 7 gives Liverpool the highest probability at 51.0%, 24.9 percentage points above the next outcome. The fixed context score is -5: 0 signals favor Aston Villa, 5 favor Liverpool, and 0 are neutral or unavailable. Context alignment is supportive; confidence is moderate and uncertainty is very_high. This interprets the existing prediction and does not alter or replace it."
-104248416792281,560724,football-data.org,2027-01-01 20:00:00+00:00,1798833600,UTC,NS,TIMED,,39,Premier League,England,2026,Regular Season - 19,-156530674508954,Leeds,LEE,341,45,Everton,EVE,62,11,3,1,2,0,3,2,1,5,3,WDD,5,1,2,0,3,2,1,1,D,1,0,1,0,1,1,0,2,WD,4,1,1,0,2,1,1,8,4,1,3,0,5,3,2,6,4,WDDD,6,1,3,0,5,3,2,2,WD,4,1,1,0,4,2,2,2,DD,2,0,2,0,1,1,0,0.4765660173160173,0.16889675324675324,0.3545372294372294,Home Win,0.4765660173160173,0.4765660173160173,0.3545372294372294,0.1220287878787879,1.021218367957,0.929553017466,LOW,VERY_HIGH,-3,-1,-1,-1,-1,-1,-5,CONTRADICTORY,Model leans Leeds; context favors Everton,"Stage 7 gives Leeds the highest probability at 47.7%, 12.2 percentage points above the next outcome. The fixed context score is -5: 0 signals favor Leeds, 5 favor Everton, and 0 are neutral or unavailable. Context alignment is contradictory; confidence is low and uncertainty is very_high. This interprets the existing prediction and does not alter or replace it."
-234265256464948,560730,football-data.org,2027-01-02 12:30:00+00:00,1798893000,UTC,NS,TIMED,,39,Premier League,England,2026,Regular Season - 19,51,Brighton,BHA,397,33,Manchester United,MUN,66,4,4,2,1,1,13,5,8,7,4,WLDW,7,2,1,1,13,5,8,2,WD,4,1,1,0,5,1,4,2,LW,3,1,0,1,8,4,4,13,3,1,1,1,7,6,1,4,3,LWD,4,1,1,1,7,6,1,1,W,3,1,0,0,5,2,3,2,LD,1,0,1,1,2,4,-2,0.3145132756132756,0.2668814574314574,0.4186052669552669,Away Win,0.4186052669552669,0.4186052669552669,0.3145132756132756,0.1040919913419913,1.080876593341,0.983856274401,LOW,VERY_HIGH,9,3,7,3,7,3,5,CONTRADICTORY,Model leans Manchester United; context favors Brighton,"Stage 7 gives Manchester United the highest probability at 41.9%, 10.4 percentage points above the next outcome. The fixed context score is +5: 5 signals favor Brighton, 0 favor Manchester United, and 0 are neutral or unavailable. Context alignment is contradictory; confidence is low and uncertainty is very_high. This interprets the existing prediction and does not alter or replace it."
-107340660371738,560726,football-data.org,2027-01-02 15:00:00+00:00,1798902000,UTC,NS,TIMED,,39,Premier League,England,2026,Regular Season - 19,-218557486738561,Sunderland,SUN,71,-44103427291829,Hull City,HUL,322,14,4,1,1,2,3,5,-2,4,4,LWDL,4,1,1,2,3,5,-2,2,WL,3,1,0,1,1,2,-1,2,LD,1,0,1,1,2,3,-1,3,4,2,2,0,5,2,3,8,4,WWDD,8,2,2,0,5,2,3,2,WD,4,1,1,0,2,0,2,2,WD,4,1,1,0,3,2,1,0.3502861971361971,0.20539773004773,0.4443160728160728,Away Win,0.4443160728160728,0.4443160728160728,0.3502861971361971,0.0940298756798757,1.052994539294,0.958476935089,LOW,VERY_HIGH,-11,-4,-5,-4,-5,-1,-5,SUPPORTIVE,Model leans Hull City; context supports the away side,"Stage 7 gives Hull City the highest probability at 44.4%, 9.4 percentage points above the next outcome. The fixed context score is -5: 0 signals favor Sunderland, 5 favor Hull City, and 0 are neutral or unavailable. Context alignment is supportive; confidence is low and uncertainty is very_high. This interprets the existing prediction and does not alter or replace it."
-149167000563240,560723,football-data.org,2027-01-02 15:00:00+00:00,1798902000,UTC,NS,TIMED,,39,Premier League,England,2026,Regular Season - 19,55,Brentford,BRE,402,52,Crystal Palace,CRY,354,6,4,1,3,0,7,4,3,6,4,WDDD,6,1,3,0,7,4,3,2,WD,4,1,1,0,4,1,3,2,DD,2,0,2,0,3,3,0,16,4,1,0,3,6,11,-5,3,4,LLWL,3,1,0,3,6,11,-5,2,LL,0,0,0,2,3,7,-4,2,LW,3,1,0,1,3,4,-1,0.4585699134199135,0.22698506493506482,0.31444502164502175,Home Win,0.4585699134199135,0.4585699134199135,0.31444502164502175,0.14412489177489175,1.057906103661,0.962947633641,LOW,VERY_HIGH,10,3,8,3,8,1,5,SUPPORTIVE,Model leans Brentford; context supports the home side,"Stage 7 gives Brentford the highest probability at 45.9%, 14.4 percentage points above the next outcome. The fixed context score is +5: 5 signals favor Brentford, 0 favor Crystal Palace, and 0 are neutral or unavailable. Context alignment is supportive; confidence is low and uncertainty is very_high. This interprets the existing prediction and does not alter or replace it."
-209371354427053,560729,football-data.org,2027-01-02 15:00:00+00:00,1798902000,UTC,NS,TIMED,,39,Premier League,England,2026,Regular Season - 19,65,Nottingham Forest,NOT,351,36,Fulham,FUL,63,12,4,1,2,1,4,4,0,5,4,LDDW,5,1,2,1,4,4,0,2,LD,1,0,1,1,0,1,-1,2,DW,4,1,1,0,4,3,1,18,4,0,1,3,4,7,-3,1,4,LLLD,1,0,1,3,4,7,-3,2,LL,0,0,0,2,4,6,-2,2,LD,1,0,1,1,0,1,-1,0.38285642135642145,0.2044795815295816,0.41266399711399704,Away Win,0.41266399711399704,0.41266399711399704,0.38285642135642145,0.02980757575757559,1.057404251025,0.962490827685,LOW,VERY_HIGH,6,4,3,4,3,0,4,CONTRADICTORY,Model leans Fulham; context favors Nottingham Forest,"Stage 7 gives Fulham the highest probability at 41.3%, 3.0 percentage points above the next outcome. The fixed context score is +4: 4 signals favor Nottingham Forest, 0 favor Fulham, and 1 are neutral or unavailable. Context alignment is contradictory; confidence is low and uncertainty is very_high. This interprets the existing prediction and does not alter or replace it."
-231140930238687,560727,football-data.org,2027-01-02 15:00:00+00:00,1798902000,UTC,NS,TIMED,,39,Premier League,England,2026,Regular Season - 19,40,Liverpool,LIV,64,-39195573837902,Coventry City,COV,1076,7,4,1,3,0,6,4,2,6,4,DDWD,6,1,3,0,6,4,2,2,DD,2,0,2,0,2,2,0,2,DW,4,1,1,0,4,2,2,20,4,0,0,4,0,10,-10,0,4,LLLL,0,0,0,4,0,10,-10,2,LL,0,0,0,2,0,6,-6,2,LL,0,0,0,2,0,4,-4,0.4864631313131313,0.33653701853701834,0.1769998501498501,Home Win,0.4864631313131313,0.4864631313131313,0.33653701853701834,0.14992611277611296,1.023541238031,0.931667384926,LOW,VERY_HIGH,13,6,12,6,12,2,5,SUPPORTIVE,Model leans Liverpool; context supports the home side,"Stage 7 gives Liverpool the highest probability at 48.6%, 15.0 percentage points above the next outcome. The fixed context score is +5: 5 signals favor Liverpool, 0 favor Coventry City, and 0 are neutral or unavailable. Context alignment is supportive; confidence is low and uncertainty is very_high. This interprets the existing prediction and does not alter or replace it."
-34053697320778,560725,football-data.org,2027-01-02 15:00:00+00:00,1798902000,UTC,NS,TIMED,,39,Premier League,England,2026,Regular Season - 19,42,Arsenal,ARS,57,57,Ipswich,IPS,349,1,4,4,0,0,8,1,7,12,4,WWWW,12,4,0,0,8,1,7,2,WW,6,2,0,0,5,1,4,2,WW,6,2,0,0,3,0,3,9,4,2,0,2,7,10,-3,6,4,WLLW,6,2,0,2,7,10,-3,2,WL,3,1,0,1,2,3,-1,2,LW,3,1,0,1,5,7,-2,0.7424427128427131,0.13750678210678216,0.12005050505050507,Home Win,0.7424427128427131,0.7424427128427131,0.13750678210678216,0.60493593073593094,0.748419471129,0.681240760593,VERY_HIGH,HIGH,8,6,10,6,10,3,5,SUPPORTIVE,Model leans Arsenal; context supports the home side,"Stage 7 gives Arsenal the highest probability at 74.2%, 60.5 percentage points above the next outcome. The fixed context score is +5: 5 signals favor Arsenal, 0 favor Ipswich, and 0 are neutral or unavailable. Context alignment is supportive; confidence is very_high and uncertainty is high. This interprets the existing prediction and does not alter or replace it."
-25322961083720,560722,football-data.org,2027-01-02 17:30:00+00:00,1798911000,UTC,NS,TIMED,,39,Premier League,England,2026,Regular Season - 19,35,Bournemouth,BOU,1044,66,Aston Villa,AVL,58,15,4,0,3,1,6,7,-1,3,4,LDDD,3,0,3,1,6,7,-1,2,DD,2,0,2,0,3,3,0,2,LD,1,0,1,1,3,4,-1,19,4,0,1,3,1,7,-6,1,4,LLDL,1,0,1,3,1,7,-6,2,LL,0,0,0,2,1,3,-2,2,LD,1,0,1,1,0,4,-4,0.3264334054834057,0.2333555555555555,0.440211038961039,Away Win,0.440211038961039,0.440211038961039,0.3264334054834057,0.1137776334776333,1.066222516734,0.970517559044,LOW,VERY_HIGH,4,2,5,2,5,1,5,CONTRADICTORY,Model leans Aston Villa; context favors Bournemouth,"Stage 7 gives Aston Villa the highest probability at 44.0%, 11.4 percentage points above the next outcome. The fixed context score is +5: 5 signals favor Bournemouth, 0 favor Aston Villa, and 0 are neutral or unavailable. Context alignment is contradictory; confidence is low and uncertainty is very_high. This interprets the existing prediction and does not alter or replace it."
-253023321098939,560728,football-data.org,2027-01-03 14:00:00+00:00,1798984800,UTC,NS,TIMED,,39,Premier League,England,2026,Regular Season - 19,49,Chelsea,CHE,61,34,Newcastle,NEW,67,5,4,2,1,1,10,9,1,7,4,WWLD,7,2,1,1,10,9,1,2,WD,4,1,1,0,6,5,1,2,WL,3,1,0,1,4,4,0,10,3,1,2,0,6,4,2,5,3,DWD,5,1,2,0,6,4,2,2,DD,2,0,2,0,4,4,0,1,W,3,1,0,0,2,0,2,0.36915988455988447,0.28114090909090905,0.34969920634920654,Home Win,0.36915988455988447,0.36915988455988447,0.34969920634920654,0.01946067821067793,1.092039340481,0.994017044726,VERY_LOW,VERY_HIGH,5,2,-1,2,-1,1,3,SUPPORTIVE,Model leans Chelsea; context supports the home side,"Stage 7 gives Chelsea the highest probability at 36.9%, 1.9 percentage points above the next outcome. The fixed context score is +3: 4 signals favor Chelsea, 1 favor Newcastle, and 0 are neutral or unavailable. Context alignment is supportive; confidence is very_low and uncertainty is very_high. This interprets the existing prediction and does not alter or replace it."
-240073706236767,560731,football-data.org,2027-01-03 16:30:00+00:00,1798993800,UTC,NS,TIMED,,39,Premier League,England,2026,Regular Season - 19,50,Manchester City,MCI,65,47,Tottenham,TOT,73,2,3,3,0,0,7,2,5,9,3,WWW,9,3,0,0,7,2,5,2,WW,6,2,0,0,3,1,2,1,W,3,1,0,0,4,1,3,17,4,0,2,2,0,5,-5,2,4,LLDD,2,0,2,2,0,5,-5,2,LD,1,0,1,1,0,2,-2,2,LD,1,0,1,1,0,3,-3,0.597627417027417,0.21280057720057716,0.18957200577200586,Home Win,0.597627417027417,0.597627417027417,0.21280057720057716,0.38482683982683984,0.952194514181,0.866724798186,MODERATE,VERY_HIGH,15,7,10,7,10,5,5,SUPPORTIVE,Model leans Manchester City; context supports the home side,"Stage 7 gives Manchester City the highest probability at 59.8%, 38.5 percentage points above the next outcome. The fixed context score is +5: 5 signals favor Manchester City, 0 favor Tottenham, and 0 are neutral or unavailable. Context alignment is supportive; confidence is moderate and uncertainty is very_high. This interprets the existing prediction and does not alter or replace it."
-177842502341192,560736,football-data.org,2027-01-05 19:30:00+00:00,1799177400,UTC,NS,TIMED,,39,Premier League,England,2026,Regular Season - 20,65,Nottingham Forest,NOT,351,-44103427291829,Hull City,HUL,322,12,4,1,2,1,4,4,0,5,4,LDDW,5,1,2,1,4,4,0,2,LD,1,0,1,1,0,1,-1,2,DW,4,1,1,0,4,3,1,3,4,2,2,0,5,2,3,8,4,WWDD,8,2,2,0,5,2,3,2,WD,4,1,1,0,2,0,2,2,WD,4,1,1,0,3,2,1,0.3070309967809967,0.24532796092796086,0.4476410422910421,Away Win,0.4476410422910421,0.4476410422910421,0.3070309967809967,0.1406100455100454,1.067066676948,0.971285946784,LOW,VERY_HIGH,-9,-3,-3,-3,-3,-3,-5,SUPPORTIVE,Model leans Hull City; context supports the away side,"Stage 7 gives Hull City the highest probability at 44.8%, 14.1 percentage points above the next outcome. The fixed context score is -5: 0 signals favor Nottingham Forest, 5 favor Hull City, and 0 are neutral or unavailable. Context alignment is supportive; confidence is low and uncertainty is very_high. This interprets the existing prediction and does not alter or replace it."
-233266986931788,560732,football-data.org,2027-01-05 19:30:00+00:00,1799177400,UTC,NS,TIMED,,39,Premier League,England,2026,Regular Season - 20,42,Arsenal,ARS,57,55,Brentford,BRE,402,1,4,4,0,0,8,1,7,12,4,WWWW,12,4,0,0,8,1,7,2,WW,6,2,0,0,5,1,4,2,WW,6,2,0,0,3,0,3,6,4,1,3,0,7,4,3,6,4,WDDD,6,1,3,0,7,4,3,2,WD,4,1,1,0,4,1,3,2,DD,2,0,2,0,3,3,0,0.6370962481962482,0.16005468975468973,0.20284906204906225,Home Win,0.6370962481962482,0.6370962481962482,0.20284906204906225,0.43424718614718595,0.904087263435,0.822935691472,HIGH,VERY_HIGH,5,6,4,6,4,4,5,SUPPORTIVE,Model leans Arsenal; context supports the home side,"Stage 7 gives Arsenal the highest probability at 63.7%, 43.4 percentage points above the next outcome. The fixed context score is +5: 5 signals favor Arsenal, 0 favor Brentford, and 0 are neutral or unavailable. Context alignment is supportive; confidence is high and uncertainty is very_high. This interprets the existing prediction and does not alter or replace it."
-234243913840301,560735,football-data.org,2027-01-05 19:30:00+00:00,1799177400,UTC,NS,TIMED,,39,Premier League,England,2026,Regular Season - 20,51,Brighton,BHA,397,35,Bournemouth,BOU,1044,4,4,2,1,1,13,5,8,7,4,WLDW,7,2,1,1,13,5,8,2,WD,4,1,1,0,5,1,4,2,LW,3,1,0,1,8,4,4,15,4,0,3,1,6,7,-1,3,4,LDDD,3,0,3,1,6,7,-1,2,DD,2,0,2,0,3,3,0,2,LD,1,0,1,1,3,4,-1,0.42834321789321783,0.26087914862914835,0.3107776334776336,Home Win,0.42834321789321783,0.42834321789321783,0.3107776334776336,0.11756558441558423,1.076904102407,0.980240357327,LOW,VERY_HIGH,11,4,9,4,9,3,5,SUPPORTIVE,Model leans Brighton; context supports the home side,"Stage 7 gives Brighton the highest probability at 42.8%, 11.8 percentage points above the next outcome. The fixed context score is +5: 5 signals favor Brighton, 0 favor Bournemouth, and 0 are neutral or unavailable. Context alignment is supportive; confidence is low and uncertainty is very_high. This interprets the existing prediction and does not alter or replace it."
-73501513231513,560738,football-data.org,2027-01-05 19:30:00+00:00,1799177400,UTC,NS,TIMED,,39,Premier League,England,2026,Regular Season - 20,45,Everton,EVE,62,66,Aston Villa,AVL,58,8,4,1,3,0,5,3,2,6,4,WDDD,6,1,3,0,5,3,2,2,WD,4,1,1,0,4,2,2,2,DD,2,0,2,0,1,1,0,19,4,0,1,3,1,7,-6,1,4,LLDL,1,0,1,3,1,7,-6,2,LL,0,0,0,2,1,3,-2,2,LD,1,0,1,1,0,4,-4,0.2585634421134421,0.2614296592296593,0.4800068986568988,Away Win,0.4800068986568988,0.4800068986568988,0.2614296592296593,0.2185772394272395,1.052771371912,0.958273799384,LOW,VERY_HIGH,11,5,8,5,8,3,5,CONTRADICTORY,Model leans Aston Villa; context favors Everton,"Stage 7 gives Aston Villa the highest probability at 48.0%, 21.9 percentage points above the next outcome. The fixed context score is +5: 5 signals favor Everton, 0 favor Aston Villa, and 0 are neutral or unavailable. Context alignment is contradictory; confidence is low and uncertainty is very_high. This interprets the existing prediction and does not alter or replace it."
-115720158347858,560739,football-data.org,2027-01-05 20:15:00+00:00,1799180100,UTC,NS,TIMED,,39,Premier League,England,2026,Regular Season - 20,-218557486738561,Sunderland,SUN,71,40,Liverpool,LIV,64,14,4,1,1,2,3,5,-2,4,4,LWDL,4,1,1,2,3,5,-2,2,WL,3,1,0,1,1,2,-1,2,LD,1,0,1,1,2,3,-1,7,4,1,3,0,6,4,2,6,4,DDWD,6,1,3,0,6,4,2,2,DD,2,0,2,0,2,2,0,2,DW,4,1,1,0,4,2,2,0.33800103785103797,0.18450714285714293,0.47749181929181933,Away Win,0.47749181929181933,0.47749181929181933,0.33800103785103797,0.13949078144078136,1.031427204569,0.938845501009,LOW,VERY_HIGH,-7,-2,-4,-2,-4,-1,-5,SUPPORTIVE,Model leans Liverpool; context supports the away side,"Stage 7 gives Liverpool the highest probability at 47.7%, 13.9 percentage points above the next outcome. The fixed context score is -5: 0 signals favor Sunderland, 5 favor Liverpool, and 0 are neutral or unavailable. Context alignment is supportive; confidence is low and uncertainty is very_high. This interprets the existing prediction and does not alter or replace it."
-19253167411683,560741,football-data.org,2027-01-06 19:30:00+00:00,1799263800,UTC,NS,TIMED,,39,Premier League,England,2026,Regular Season - 20,57,Ipswich,IPS,349,-39195573837902,Coventry City,COV,1076,9,4,2,0,2,7,10,-3,6,4,WLLW,6,2,0,2,7,10,-3,2,WL,3,1,0,1,2,3,-1,2,LW,3,1,0,1,5,7,-2,20,4,0,0,4,0,10,-10,0,4,LLLL,0,0,0,4,0,10,-10,2,LL,0,0,0,2,0,6,-6,2,LL,0,0,0,2,0,4,-4,0.321530919080919,0.32581167166167163,0.3526574092574094,Away Win,0.3526574092574094,0.3526574092574094,0.32581167166167163,0.02684573759573777,1.097765714711,0.999229415176,VERY_LOW,VERY_HIGH,11,6,7,6,7,3,5,CONTRADICTORY,Model leans Coventry City; context favors Ipswich,"Stage 7 gives Coventry City the highest probability at 35.3%, 2.7 percentage points above the next outcome. The fixed context score is +5: 5 signals favor Ipswich, 0 favor Coventry City, and 0 are neutral or unavailable. Context alignment is contradictory; confidence is very_low and uncertainty is very_high. This interprets the existing prediction and does not alter or replace it."
-233384039768567,560737,football-data.org,2027-01-06 19:30:00+00:00,1799263800,UTC,NS,TIMED,,39,Premier League,England,2026,Regular Season - 20,36,Fulham,FUL,63,47,Tottenham,TOT,73,18,4,0,1,3,4,7,-3,1,4,LLLD,1,0,1,3,4,7,-3,2,LL,0,0,0,2,4,6,-2,2,LD,1,0,1,1,0,1,-1,17,4,0,2,2,0,5,-5,2,4,LLDD,2,0,2,2,0,5,-5,2,LD,1,0,1,1,0,2,-2,2,LD,1,0,1,1,0,3,-3,0.2817012987012987,0.233915367965368,0.4843833333333332,Away Win,0.4843833333333332,0.4843833333333332,0.2817012987012987,0.2026820346320345,1.047840064493,0.953785129933,LOW,VERY_HIGH,-1,-1,2,-1,2,-1,-3,SUPPORTIVE,Model leans Tottenham; context supports the away side,"Stage 7 gives Tottenham the highest probability at 48.4%, 20.3 percentage points above the next outcome. The fixed context score is -3: 1 signals favor Fulham, 4 favor Tottenham, and 0 are neutral or unavailable. Context alignment is supportive; confidence is low and uncertainty is very_high. This interprets the existing prediction and does not alter or replace it."
-235401277779860,560740,football-data.org,2027-01-06 19:30:00+00:00,1799263800,UTC,NS,TIMED,,39,Premier League,England,2026,Regular Season - 20,52,Crystal Palace,CRY,354,49,Chelsea,CHE,61,16,4,1,0,3,6,11,-5,3,4,LLWL,3,1,0,3,6,11,-5,2,LL,0,0,0,2,3,7,-4,2,LW,3,1,0,1,3,4,-1,5,4,2,1,1,10,9,1,7,4,WWLD,7,2,1,1,10,9,1,2,WD,4,1,1,0,6,5,1,2,WL,3,1,0,1,4,4,0,0.22988181818181802,0.24317380952380954,0.526944372294372,Away Win,0.526944372294372,0.526944372294372,0.24317380952380954,0.28377056277056246,1.019404888361,0.927902317201,MODERATE,VERY_HIGH,-11,-4,-6,-4,-6,-3,-5,SUPPORTIVE,Model leans Chelsea; context supports the away side,"Stage 7 gives Chelsea the highest probability at 52.7%, 28.4 percentage points above the next outcome. The fixed context score is -5: 0 signals favor Crystal Palace, 5 favor Chelsea, and 0 are neutral or unavailable. Context alignment is supportive; confidence is moderate and uncertainty is very_high. This interprets the existing prediction and does not alter or replace it."
-164773048589020,560733,football-data.org,2027-01-06 20:15:00+00:00,1799266500,UTC,NS,TIMED,,39,Premier League,England,2026,Regular Season - 20,-156530674508954,Leeds,LEE,341,50,Manchester City,MCI,65,11,3,1,2,0,3,2,1,5,3,WDD,5,1,2,0,3,2,1,1,D,1,0,1,0,1,1,0,2,WD,4,1,1,0,2,1,1,2,3,3,0,0,7,2,5,9,3,WWW,9,3,0,0,7,2,5,2,WW,6,2,0,0,3,1,2,1,W,3,1,0,0,4,1,3,0.2866018759018756,0.1972535353535354,0.516144588744589,Away Win,0.516144588744589,0.516144588744589,0.2866018759018756,0.2295427128427134,1.019711778503,0.928181660647,MODERATE,VERY_HIGH,-9,-4,-4,-4,-4,-2,-5,SUPPORTIVE,Model leans Manchester City; context supports the away side,"Stage 7 gives Manchester City the highest probability at 51.6%, 23.0 percentage points above the next outcome. The fixed context score is -5: 0 signals favor Leeds, 5 favor Manchester City, and 0 are neutral or unavailable. Context alignment is supportive; confidence is moderate and uncertainty is very_high. This interprets the existing prediction and does not alter or replace it."
-30497666255753,560734,football-data.org,2027-01-07 20:00:00+00:00,1799352000,UTC,NS,TIMED,,39,Premier League,England,2026,Regular Season - 20,33,Manchester United,MUN,66,34,Newcastle,NEW,67,13,3,1,1,1,7,6,1,4,3,LWD,4,1,1,1,7,6,1,1,W,3,1,0,0,5,2,3,2,LD,1,0,1,1,2,4,-2,10,3,1,2,0,6,4,2,5,3,DWD,5,1,2,0,6,4,2,2,DD,2,0,2,0,4,4,0,1,W,3,1,0,0,2,0,2,0.41096630591630573,0.24334249639249628,0.3456911976911978,Home Win,0.41096630591630573,0.41096630591630573,0.3456911976911978,0.06527510822510793,1.076558171493,0.979925477439,LOW,VERY_HIGH,-3,-1,-1,-1,-1,0,-4,CONTRADICTORY,Model leans Manchester United; context favors Newcastle,"Stage 7 gives Manchester United the highest probability at 41.1%, 6.5 percentage points above the next outcome. The fixed context score is -4: 0 signals favor Manchester United, 4 favor Newcastle, and 1 are neutral or unavailable. Context alignment is contradictory; confidence is low and uncertainty is very_high. This interprets the existing prediction and does not alter or replace it."
-143042991281003,560742,football-data.org,2027-01-16 15:00:00+00:00,1800111600,UTC,NS,TIMED,,39,Premier League,England,2026,Regular Season - 21,35,Bournemouth,BOU,1044,57,Ipswich,IPS,349,15,4,0,3,1,6,7,-1,3,4,LDDD,3,0,3,1,6,7,-1,2,DD,2,0,2,0,3,3,0,2,LD,1,0,1,1,3,4,-1,9,4,2,0,2,7,10,-3,6,4,WLLW,6,2,0,2,7,10,-3,2,WL,3,1,0,1,2,3,-1,2,LW,3,1,0,1,5,7,-2,0.5383244588744589,0.2405487734487733,0.2211267676767677,Home Win,0.5383244588744589,0.5383244588744589,0.2405487734487733,0.2977756854256856,1.009807220707,0.919166143618,MODERATE,VERY_HIGH,-6,-3,2,-3,2,-1,-3,CONTRADICTORY,Model leans Bournemouth; context favors Ipswich,"Stage 7 gives Bournemouth the highest probability at 53.8%, 29.8 percentage points above the next outcome. The fixed context score is -3: 1 signals favor Bournemouth, 4 favor Ipswich, and 0 are neutral or unavailable. Context alignment is contradictory; confidence is moderate and uncertainty is very_high. This interprets the existing prediction and does not alter or replace it."
-183383230701361,560750,football-data.org,2027-01-16 15:00:00+00:00,1800111600,UTC,NS,TIMED,,39,Premier League,England,2026,Regular Season - 21,-44103427291829,Hull City,HUL,322,42,Arsenal,ARS,57,3,4,2,2,0,5,2,3,8,4,WWDD,8,2,2,0,5,2,3,2,WD,4,1,1,0,2,0,2,2,WD,4,1,1,0,3,2,1,1,4,4,0,0,8,1,7,12,4,WWWW,12,4,0,0,8,1,7,2,WW,6,2,0,0,5,1,4,2,WW,6,2,0,0,3,0,3,0.25419916749916743,0.2688155566655566,0.4769852758352761,Away Win,0.4769852758352761,0.4769852758352761,0.2688155566655566,0.2081697191697195,1.054409368085,0.959764767754,LOW,VERY_HIGH,-2,-4,-4,-4,-4,-2,-5,SUPPORTIVE,Model leans Arsenal; context supports the away side,"Stage 7 gives Arsenal the highest probability at 47.7%, 20.8 percentage points above the next outcome. The fixed context score is -5: 0 signals favor Hull City, 5 favor Arsenal, and 0 are neutral or unavailable. Context alignment is supportive; confidence is low and uncertainty is very_high. This interprets the existing prediction and does not alter or replace it."
-192898504667839,560749,football-data.org,2027-01-16 15:00:00+00:00,1800111600,UTC,NS,TIMED,,39,Premier League,England,2026,Regular Season - 21,40,Liverpool,LIV,64,52,Crystal Palace,CRY,354,7,4,1,3,0,6,4,2,6,4,DDWD,6,1,3,0,6,4,2,2,DD,2,0,2,0,2,2,0,2,DW,4,1,1,0,4,2,2,16,4,1,0,3,6,11,-5,3,4,LLWL,3,1,0,3,6,11,-5,2,LL,0,0,0,2,3,7,-4,2,LW,3,1,0,1,3,4,-1,0.5436831168831168,0.22021479076479067,0.2361020923520924,Home Win,0.5436831168831168,0.5436831168831168,0.2361020923520924,0.3075810245310244,1.005344017145,0.915103560660,MODERATE,VERY_HIGH,9,3,7,3,7,-1,3,SUPPORTIVE,Model leans Liverpool; context supports the home side,"Stage 7 gives Liverpool the highest probability at 54.4%, 30.8 percentage points above the next outcome. The fixed context score is +3: 4 signals favor Liverpool, 1 favor Crystal Palace, and 0 are neutral or unavailable. Context alignment is supportive; confidence is moderate and uncertainty is very_high. This interprets the existing prediction and does not alter or replace it."
-206979000257089,560748,football-data.org,2027-01-16 15:00:00+00:00,1800111600,UTC,NS,TIMED,,39,Premier League,England,2026,Regular Season - 21,-39195573837902,Coventry City,COV,1076,45,Everton,EVE,62,20,4,0,0,4,0,10,-10,0,4,LLLL,0,0,0,4,0,10,-10,2,LL,0,0,0,2,0,6,-6,2,LL,0,0,0,2,0,4,-4,8,4,1,3,0,5,3,2,6,4,WDDD,6,1,3,0,5,3,2,2,WD,4,1,1,0,4,2,2,2,DD,2,0,2,0,1,1,0,0.26045929038281973,0.17358011563599798,0.5659605939811824,Away Win,0.5659605939811824,0.5659605939811824,0.26045929038281973,0.30550130359836267,0.976519288580,0.888866162023,MODERATE,VERY_HIGH,-12,-6,-12,-6,-12,-2,-5,SUPPORTIVE,Model leans Everton; context supports the away side,"Stage 7 gives Everton the highest probability at 56.6%, 30.6 percentage points above the next outcome. The fixed context score is -5: 0 signals favor Coventry City, 5 favor Everton, and 0 are neutral or unavailable. Context alignment is supportive; confidence is moderate and uncertainty is very_high. This interprets the existing prediction and does not alter or replace it."
-219371824073340,560744,football-data.org,2027-01-16 15:00:00+00:00,1800111600,UTC,NS,TIMED,,39,Premier League,England,2026,Regular Season - 21,49,Chelsea,CHE,61,-218557486738561,Sunderland,SUN,71,5,4,2,1,1,10,9,1,7,4,WWLD,7,2,1,1,10,9,1,2,WD,4,1,1,0,6,5,1,2,WL,3,1,0,1,4,4,0,14,4,1,1,2,3,5,-2,4,4,LWDL,4,1,1,2,3,5,-2,2,WL,3,1,0,1,1,2,-1,2,LD,1,0,1,1,2,3,-1,0.5003038239538237,0.29564386724386715,0.2040523088023088,Home Win,0.5003038239538237,0.5003038239538237,0.29564386724386715,0.20465995670995655,1.031068231329,0.938518749484,MODERATE,VERY_HIGH,9,3,3,3,3,3,5,SUPPORTIVE,Model leans Chelsea; context supports the home side,"Stage 7 gives Chelsea the highest probability at 50.0%, 20.5 percentage points above the next outcome. The fixed context score is +5: 5 signals favor Chelsea, 0 favor Sunderland, and 0 are neutral or unavailable. Context alignment is supportive; confidence is moderate and uncertainty is very_high. This interprets the existing prediction and does not alter or replace it."
-256655244270091,560743,football-data.org,2027-01-16 15:00:00+00:00,1800111600,UTC,NS,TIMED,,39,Premier League,England,2026,Regular Season - 21,50,Manchester City,MCI,65,65,Nottingham Forest,NOT,351,2,3,3,0,0,7,2,5,9,3,WWW,9,3,0,0,7,2,5,2,WW,6,2,0,0,3,1,2,1,W,3,1,0,0,4,1,3,12,4,1,2,1,4,4,0,5,4,LDDW,5,1,2,1,4,4,0,2,LD,1,0,1,1,0,1,-1,2,DW,4,1,1,0,4,3,1,0.604516738816739,0.1915097402597403,0.20397352092352114,Home Win,0.604516738816739,0.604516738816739,0.20397352092352114,0.40054321789321786,0.945069405969,0.860239245198,HIGH,VERY_HIGH,10,4,5,4,5,2,5,SUPPORTIVE,Model leans Manchester City; context supports the home side,"Stage 7 gives Manchester City the highest probability at 60.5%, 40.1 percentage points above the next outcome. The fixed context score is +5: 5 signals favor Manchester City, 0 favor Nottingham Forest, and 0 are neutral or unavailable. Context alignment is supportive; confidence is high and uncertainty is very_high. This interprets the existing prediction and does not alter or replace it."
-43800326506521,560746,football-data.org,2027-01-16 15:00:00+00:00,1800111600,UTC,NS,TIMED,,39,Premier League,England,2026,Regular Season - 21,66,Aston Villa,AVL,58,33,Manchester United,MUN,66,19,4,0,1,3,1,7,-6,1,4,LLDL,1,0,1,3,1,7,-6,2,LL,0,0,0,2,1,3,-2,2,LD,1,0,1,1,0,4,-4,13,3,1,1,1,7,6,1,4,3,LWD,4,1,1,1,7,6,1,1,W,3,1,0,0,5,2,3,2,LD,1,0,1,1,2,4,-2,0.3468153679653679,0.2254906204906204,0.4276940115440113,Away Win,0.4276940115440113,0.4276940115440113,0.3468153679653679,0.0808786435786434,1.066388313732,0.970668473976,LOW,VERY_HIGH,-6,-3,-7,-3,-7,-1,-5,SUPPORTIVE,Model leans Manchester United; context supports the away side,"Stage 7 gives Manchester United the highest probability at 42.8%, 8.1 percentage points above the next outcome. The fixed context score is -5: 0 signals favor Aston Villa, 5 favor Manchester United, and 0 are neutral or unavailable. Context alignment is supportive; confidence is low and uncertainty is very_high. This interprets the existing prediction and does not alter or replace it."
-63977938125582,560747,football-data.org,2027-01-16 15:00:00+00:00,1800111600,UTC,NS,TIMED,,39,Premier League,England,2026,Regular Season - 21,47,Tottenham,TOT,73,-156530674508954,Leeds,LEE,341,17,4,0,2,2,0,5,-5,2,4,LLDD,2,0,2,2,0,5,-5,2,LD,1,0,1,1,0,2,-2,2,LD,1,0,1,1,0,3,-3,11,3,1,2,0,3,2,1,5,3,WDD,5,1,2,0,3,2,1,1,D,1,0,1,0,1,1,0,2,WD,4,1,1,0,2,1,1,0.27064321789321794,0.22190244755244753,0.5074543345543343,Away Win,0.5074543345543343,0.5074543345543343,0.27064321789321794,0.23681111666111636,1.032027113406,0.939391561565,MODERATE,VERY_HIGH,-6,-3,-6,-3,-6,-3,-5,SUPPORTIVE,Model leans Leeds; context supports the away side,"Stage 7 gives Leeds the highest probability at 50.7%, 23.7 percentage points above the next outcome. The fixed context score is -5: 0 signals favor Tottenham, 5 favor Leeds, and 0 are neutral or unavailable. Context alignment is supportive; confidence is moderate and uncertainty is very_high. This interprets the existing prediction and does not alter or replace it."
-64731772566135,560751,football-data.org,2027-01-16 15:00:00+00:00,1800111600,UTC,NS,TIMED,,39,Premier League,England,2026,Regular Season - 21,34,Newcastle,NEW,67,36,Fulham,FUL,63,10,3,1,2,0,6,4,2,5,3,DWD,5,1,2,0,6,4,2,2,DD,2,0,2,0,4,4,0,1,W,3,1,0,0,2,0,2,18,4,0,1,3,4,7,-3,1,4,LLLD,1,0,1,3,4,7,-3,2,LL,0,0,0,2,4,6,-2,2,LD,1,0,1,1,0,1,-1,0.5171156565656563,0.2209615440115439,0.2619227994227995,Home Win,0.5171156565656563,0.5171156565656563,0.2619227994227995,0.2551928571428568,1.025531712095,0.933479192499,MODERATE,VERY_HIGH,8,4,5,4,5,1,5,SUPPORTIVE,Model leans Newcastle; context supports the home side,"Stage 7 gives Newcastle the highest probability at 51.7%, 25.5 percentage points above the next outcome. The fixed context score is +5: 5 signals favor Newcastle, 0 favor Fulham, and 0 are neutral or unavailable. Context alignment is supportive; confidence is moderate and uncertainty is very_high. This interprets the existing prediction and does not alter or replace it."
-79358695521980,560745,football-data.org,2027-01-16 15:00:00+00:00,1800111600,UTC,NS,TIMED,,39,Premier League,England,2026,Regular Season - 21,55,Brentford,BRE,402,51,Brighton,BHA,397,6,4,1,3,0,7,4,3,6,4,WDDD,6,1,3,0,7,4,3,2,WD,4,1,1,0,4,1,3,2,DD,2,0,2,0,3,3,0,4,4,2,1,1,13,5,8,7,4,WLDW,7,2,1,1,13,5,8,2,WD,4,1,1,0,5,1,4,2,LW,3,1,0,1,8,4,4,0.3032643578643579,0.2261523809523808,0.4705832611832611,Away Win,0.4705832611832611,0.4705832611832611,0.3032643578643579,0.1673189033189032,1.052743327520,0.958248272278,LOW,VERY_HIGH,-2,-1,-5,-1,-5,1,-3,SUPPORTIVE,Model leans Brighton; context supports the away side,"Stage 7 gives Brighton the highest probability at 47.1%, 16.7 percentage points above the next outcome. The fixed context score is -3: 1 signals favor Brentford, 4 favor Brighton, and 0 are neutral or unavailable. Context alignment is supportive; confidence is low and uncertainty is very_high. This interprets the existing prediction and does not alter or replace it."
-104755692006227,560761,football-data.org,2027-01-23 15:00:00+00:00,1800716400,UTC,NS,TIMED,,39,Premier League,England,2026,Regular Season - 22,52,Crystal Palace,CRY,354,47,Tottenham,TOT,73,16,4,1,0,3,6,11,-5,3,4,LLWL,3,1,0,3,6,11,-5,2,LL,0,0,0,2,3,7,-4,2,LW,3,1,0,1,3,4,-1,17,4,0,2,2,0,5,-5,2,4,LLDD,2,0,2,2,0,5,-5,2,LD,1,0,1,1,0,2,-2,2,LD,1,0,1,1,0,3,-3,0.27024256854256856,0.2535725108225108,0.4761849206349206,Away Win,0.4761849206349206,0.4761849206349206,0.27024256854256856,0.20594235209235204,1.054828079263,0.960145895092,LOW,VERY_HIGH,1,1,0,1,0,-1,2,CONTRADICTORY,Model leans Tottenham; context favors Crystal Palace,"Stage 7 gives Tottenham the highest probability at 47.6%, 20.6 percentage points above the next outcome. The fixed context score is +2: 3 signals favor Crystal Palace, 1 favor Tottenham, and 1 are neutral or unavailable. Context alignment is contradictory; confidence is low and uncertainty is very_high. This interprets the existing prediction and does not alter or replace it."
-107535501244487,560756,football-data.org,2027-01-23 15:00:00+00:00,1800716400,UTC,NS,TIMED,,39,Premier League,England,2026,Regular Season - 22,42,Arsenal,ARS,57,34,Newcastle,NEW,67,1,4,4,0,0,8,1,7,12,4,WWWW,12,4,0,0,8,1,7,2,WW,6,2,0,0,5,1,4,2,WW,6,2,0,0,3,0,3,10,3,1,2,0,6,4,2,5,3,DWD,5,1,2,0,6,4,2,2,DD,2,0,2,0,4,4,0,1,W,3,1,0,0,2,0,2,0.594332972582973,0.18141248196248186,0.22425454545454562,Home Win,0.594332972582973,0.594332972582973,0.22425454545454562,0.37007842712842738,0.954163125612,0.868516705533,MODERATE,VERY_HIGH,9,7,5,7,5,3,5,SUPPORTIVE,Model leans Arsenal; context supports the home side,"Stage 7 gives Arsenal the highest probability at 59.4%, 37.0 percentage points above the next outcome. The fixed context score is +5: 5 signals favor Arsenal, 0 favor Newcastle, and 0 are neutral or unavailable. Context alignment is supportive; confidence is moderate and uncertainty is very_high. This interprets the existing prediction and does not alter or replace it."
-116078283589216,560755,football-data.org,2027-01-23 15:00:00+00:00,1800716400,UTC,NS,TIMED,,39,Premier League,England,2026,Regular Season - 22,65,Nottingham Forest,NOT,351,35,Bournemouth,BOU,1044,12,4,1,2,1,4,4,0,5,4,LDDW,5,1,2,1,4,4,0,2,LD,1,0,1,1,0,1,-1,2,DW,4,1,1,0,4,3,1,15,4,0,3,1,6,7,-1,3,4,LDDD,3,0,3,1,6,7,-1,2,DD,2,0,2,0,3,3,0,2,LD,1,0,1,1,3,4,-1,0.357623088023088,0.17947720057720062,0.46289971139971126,Away Win,0.46289971139971126,0.46289971139971126,0.357623088023088,0.10527662337662326,1.032570503561,0.939886176599,LOW,VERY_HIGH,3,2,1,2,1,0,4,CONTRADICTORY,Model leans Bournemouth; context favors Nottingham Forest,"Stage 7 gives Bournemouth the highest probability at 46.3%, 10.5 percentage points above the next outcome. The fixed context score is +4: 4 signals favor Nottingham Forest, 0 favor Bournemouth, and 1 are neutral or unavailable. Context alignment is contradictory; confidence is low and uncertainty is very_high. This interprets the existing prediction and does not alter or replace it."
-128144742512727,560759,football-data.org,2027-01-23 15:00:00+00:00,1800716400,UTC,NS,TIMED,,39,Premier League,England,2026,Regular Season - 22,33,Manchester United,MUN,66,40,Liverpool,LIV,64,13,3,1,1,1,7,6,1,4,3,LWD,4,1,1,1,7,6,1,1,W,3,1,0,0,5,2,3,2,LD,1,0,1,1,2,4,-2,7,4,1,3,0,6,4,2,6,4,DDWD,6,1,3,0,6,4,2,2,DD,2,0,2,0,2,2,0,2,DW,4,1,1,0,4,2,2,0.372589393939394,0.2623637085137084,0.3650468975468977,Home Win,0.372589393939394,0.372589393939394,0.3650468975468977,0.0075424963924963,1.086766743952,0.989217720539,VERY_LOW,VERY_HIGH,-6,-2,-1,-2,-1,-1,-5,CONTRADICTORY,Model leans Manchester United; context favors Liverpool,"Stage 7 gives Manchester United the highest probability at 37.3%, 0.8 percentage points above the next outcome. The fixed context score is -5: 0 signals favor Manchester United, 5 favor Liverpool, and 0 are neutral or unavailable. Context alignment is contradictory; confidence is very_low and uncertainty is very_high. This interprets the existing prediction and does not alter or replace it."
-141866511791367,560760,football-data.org,2027-01-23 15:00:00+00:00,1800716400,UTC,NS,TIMED,,39,Premier League,England,2026,Regular Season - 22,51,Brighton,BHA,397,50,Manchester City,MCI,65,4,4,2,1,1,13,5,8,7,4,WLDW,7,2,1,1,13,5,8,2,WD,4,1,1,0,5,1,4,2,LW,3,1,0,1,8,4,4,2,3,3,0,0,7,2,5,9,3,WWW,9,3,0,0,7,2,5,2,WW,6,2,0,0,3,1,2,1,W,3,1,0,0,4,1,3,0.2509173881673881,0.315350455100455,0.4337321567321568,Away Win,0.4337321567321568,0.4337321567321568,0.315350455100455,0.1183817016317018,1.073171664554,0.976842945981,LOW,VERY_HIGH,-2,-2,3,-2,3,1,-1,MIXED,Model leans Manchester City; context is mixed,"Stage 7 gives Manchester City the highest probability at 43.4%, 11.8 percentage points above the next outcome. The fixed context score is -1: 2 signals favor Brighton, 3 favor Manchester City, and 0 are neutral or unavailable. Context alignment is mixed; confidence is low and uncertainty is very_high. This interprets the existing prediction and does not alter or replace it."
-16551830532161,560754,football-data.org,2027-01-23 15:00:00+00:00,1800716400,UTC,NS,TIMED,,39,Premier League,England,2026,Regular Season - 22,-218557486738561,Sunderland,SUN,71,-39195573837902,Coventry City,COV,1076,14,4,1,1,2,3,5,-2,4,4,LWDL,4,1,1,2,3,5,-2,2,WL,3,1,0,1,1,2,-1,2,LD,1,0,1,1,2,3,-1,20,4,0,0,4,0,10,-10,0,4,LLLL,0,0,0,4,0,10,-10,2,LL,0,0,0,2,0,6,-6,2,LL,0,0,0,2,0,4,-4,0.46701854256854225,0.32496313131313126,0.2080183261183261,Home Win,0.46701854256854225,0.46701854256854225,0.32496313131313126,0.14205541125541099,1.047469864503,0.953448159380,LOW,VERY_HIGH,6,4,8,4,8,3,5,SUPPORTIVE,Model leans Sunderland; context supports the home side,"Stage 7 gives Sunderland the highest probability at 46.7%, 14.2 percentage points above the next outcome. The fixed context score is +5: 5 signals favor Sunderland, 0 favor Coventry City, and 0 are neutral or unavailable. Context alignment is supportive; confidence is low and uncertainty is very_high. This interprets the existing prediction and does not alter or replace it."
-200731176815464,560757,football-data.org,2027-01-23 15:00:00+00:00,1800716400,UTC,NS,TIMED,,39,Premier League,England,2026,Regular Season - 22,-156530674508954,Leeds,LEE,341,49,Chelsea,CHE,61,11,3,1,2,0,3,2,1,5,3,WDD,5,1,2,0,3,2,1,1,D,1,0,1,0,1,1,0,2,WD,4,1,1,0,2,1,1,5,4,2,1,1,10,9,1,7,4,WWLD,7,2,1,1,10,9,1,2,WD,4,1,1,0,6,5,1,2,WL,3,1,0,1,4,4,0,0.4171825396825395,0.17288665223665226,0.40993080808080823,Home Win,0.4171825396825395,0.4171825396825395,0.40993080808080823,0.00725173160173127,1.033713466134,0.940926545968,LOW,VERY_HIGH,-6,-2,0,-2,0,-2,-4,CONTRADICTORY,Model leans Leeds; context favors Chelsea,"Stage 7 gives Leeds the highest probability at 41.7%, 0.7 percentage points above the next outcome. The fixed context score is -4: 0 signals favor Leeds, 4 favor Chelsea, and 1 are neutral or unavailable. Context alignment is contradictory; confidence is low and uncertainty is very_high. This interprets the existing prediction and does not alter or replace it."
-277362237916628,560758,football-data.org,2027-01-23 15:00:00+00:00,1800716400,UTC,NS,TIMED,,39,Premier League,England,2026,Regular Season - 22,36,Fulham,FUL,63,66,Aston Villa,AVL,58,18,4,0,1,3,4,7,-3,1,4,LLLD,1,0,1,3,4,7,-3,2,LL,0,0,0,2,4,6,-2,2,LD,1,0,1,1,0,1,-1,19,4,0,1,3,1,7,-6,1,4,LLDL,1,0,1,3,1,7,-6,2,LL,0,0,0,2,1,3,-2,2,LD,1,0,1,1,0,4,-4,0.2603786435786436,0.26715620490620484,0.47246515151515145,Away Win,0.47246515151515145,0.47246515151515145,0.26715620490620484,0.20530894660894661,1.057245831390,0.962346627919,LOW,VERY_HIGH,1,0,3,0,3,-1,1,MIXED,Model leans Aston Villa; context is mixed,"Stage 7 gives Aston Villa the highest probability at 47.2%, 20.5 percentage points above the next outcome. The fixed context score is +1: 2 signals favor Fulham, 1 favor Aston Villa, and 2 are neutral or unavailable. Context alignment is mixed; confidence is low and uncertainty is very_high. This interprets the existing prediction and does not alter or replace it."
-81926624970383,560753,football-data.org,2027-01-23 15:00:00+00:00,1800716400,UTC,NS,TIMED,,39,Premier League,England,2026,Regular Season - 22,45,Everton,EVE,62,55,Brentford,BRE,402,8,4,1,3,0,5,3,2,6,4,WDDD,6,1,3,0,5,3,2,2,WD,4,1,1,0,4,2,2,2,DD,2,0,2,0,1,1,0,6,4,1,3,0,7,4,3,6,4,WDDD,6,1,3,0,7,4,3,2,WD,4,1,1,0,4,1,3,2,DD,2,0,2,0,3,3,0,0.3026379731379732,0.17432352647352653,0.5230385003885004,Away Win,0.5230385003885004,0.5230385003885004,0.3026379731379732,0.2204005272505272,1.005215430248,0.914986515823,MODERATE,VERY_HIGH,-2,0,-1,0,-1,2,-1,MIXED,Model leans Brentford; context is mixed,"Stage 7 gives Brentford the highest probability at 52.3%, 22.0 percentage points above the next outcome. The fixed context score is -1: 1 signals favor Everton, 2 favor Brentford, and 2 are neutral or unavailable. Context alignment is mixed; confidence is moderate and uncertainty is very_high. This interprets the existing prediction and does not alter or replace it."
-97818290273196,560752,football-data.org,2027-01-23 15:00:00+00:00,1800716400,UTC,NS,TIMED,,39,Premier League,England,2026,Regular Season - 22,57,Ipswich,IPS,349,-44103427291829,Hull City,HUL,322,9,4,2,0,2,7,10,-3,6,4,WLLW,6,2,0,2,7,10,-3,2,WL,3,1,0,1,2,3,-1,2,LW,3,1,0,1,5,7,-2,3,4,2,2,0,5,2,3,8,4,WWDD,8,2,2,0,5,2,3,2,WD,4,1,1,0,2,0,2,2,WD,4,1,1,0,3,2,1,0.2116083694083695,0.23006129981129986,0.5583303307803306,Away Win,0.5583303307803306,0.5583303307803306,0.23006129981129986,0.32826903096903074,0.992083298195,0.903033134099,MODERATE,VERY_HIGH,-6,-2,-6,-2,-6,-1,-5,SUPPORTIVE,Model leans Hull City; context supports the away side,"Stage 7 gives Hull City the highest probability at 55.8%, 32.8 percentage points above the next outcome. The fixed context score is -5: 0 signals favor Ipswich, 5 favor Hull City, and 0 are neutral or unavailable. Context alignment is supportive; confidence is moderate and uncertainty is very_high. This interprets the existing prediction and does not alter or replace it."
-134782197600873,560762,football-data.org,2027-01-30 15:00:00+00:00,1801321200,UTC,NS,TIMED,,39,Premier League,England,2026,Regular Season - 23,47,Tottenham,TOT,73,-218557486738561,Sunderland,SUN,71,17,4,0,2,2,0,5,-5,2,4,LLDD,2,0,2,2,0,5,-5,2,LD,1,0,1,1,0,2,-2,2,LD,1,0,1,1,0,3,-3,14,4,1,1,2,3,5,-2,4,4,LWDL,4,1,1,2,3,5,-2,2,WL,3,1,0,1,1,2,-1,2,LD,1,0,1,1,2,3,-1,0.39009610389610405,0.21650367410367408,0.39340022200022184,Away Win,0.39340022200022184,0.39340022200022184,0.39009610389610405,0.00330411810411779,1.065518326344,0.969876577328,VERY_LOW,VERY_HIGH,-3,-2,-3,-2,-3,0,-4,SUPPORTIVE,Model leans Sunderland; context supports the away side,"Stage 7 gives Sunderland the highest probability at 39.3%, 0.3 percentage points above the next outcome. The fixed context score is -4: 0 signals favor Tottenham, 4 favor Sunderland, and 1 are neutral or unavailable. Context alignment is supportive; confidence is very_low and uncertainty is very_high. This interprets the existing prediction and does not alter or replace it."
-187464809116920,560770,football-data.org,2027-01-30 15:00:00+00:00,1801321200,UTC,NS,TIMED,,39,Premier League,England,2026,Regular Season - 23,50,Manchester City,MCI,65,42,Arsenal,ARS,57,2,3,3,0,0,7,2,5,9,3,WWW,9,3,0,0,7,2,5,2,WW,6,2,0,0,3,1,2,1,W,3,1,0,0,4,1,3,1,4,4,0,0,8,1,7,12,4,WWWW,12,4,0,0,8,1,7,2,WW,6,2,0,0,5,1,4,2,WW,6,2,0,0,3,0,3,0.2981171717171718,0.3630271506271509,0.3388556776556777,Draw,0.3630271506271509,0.3630271506271509,0.3388556776556777,0.0241714729714732,1.095352347023,0.997032673238,VERY_LOW,VERY_HIGH,-1,-3,-2,-3,-2,0,-4,CONTRADICTORY,Model leans draw; context shows a clearer side advantage,"Stage 7 gives a draw the highest probability at 36.3%, 2.4 percentage points above the next outcome. The fixed context score is -4: 0 signals favor Manchester City, 4 favor Arsenal, and 1 are neutral or unavailable. Context alignment is contradictory; confidence is very_low and uncertainty is very_high. This interprets the existing prediction and does not alter or replace it."
-225009217510848,560771,football-data.org,2027-01-30 15:00:00+00:00,1801321200,UTC,NS,TIMED,,39,Premier League,England,2026,Regular Season - 23,66,Aston Villa,AVL,58,57,Ipswich,IPS,349,19,4,0,1,3,1,7,-6,1,4,LLDL,1,0,1,3,1,7,-6,2,LL,0,0,0,2,1,3,-2,2,LD,1,0,1,1,0,4,-4,9,4,2,0,2,7,10,-3,6,4,WLLW,6,2,0,2,7,10,-3,2,WL,3,1,0,1,2,3,-1,2,LW,3,1,0,1,5,7,-2,0.5710109668109667,0.2167901154401153,0.21219891774891778,Home Win,0.5710109668109667,0.5710109668109667,0.2167901154401153,0.3542208513708514,0.980355856075,0.892358356253,MODERATE,VERY_HIGH,-10,-5,-3,-5,-3,-3,-5,CONTRADICTORY,Model leans Aston Villa; context favors Ipswich,"Stage 7 gives Aston Villa the highest probability at 57.1%, 35.4 percentage points above the next outcome. The fixed context score is -5: 0 signals favor Aston Villa, 5 favor Ipswich, and 0 are neutral or unavailable. Context alignment is contradictory; confidence is moderate and uncertainty is very_high. This interprets the existing prediction and does not alter or replace it."
-249932268259079,560768,football-data.org,2027-01-30 15:00:00+00:00,1801321200,UTC,NS,TIMED,,39,Premier League,England,2026,Regular Season - 23,49,Chelsea,CHE,61,65,Nottingham Forest,NOT,351,5,4,2,1,1,10,9,1,7,4,WWLD,7,2,1,1,10,9,1,2,WD,4,1,1,0,6,5,1,2,WL,3,1,0,1,4,4,0,12,4,1,2,1,4,4,0,5,4,LDDW,5,1,2,1,4,4,0,2,LD,1,0,1,1,0,1,-1,2,DW,4,1,1,0,4,3,1,0.42792662337662296,0.2778559163059163,0.2942174603174604,Home Win,0.42792662337662296,0.42792662337662296,0.2942174603174604,0.13370916305916256,1.079018799410,0.982165237491,LOW,VERY_HIGH,7,2,1,2,1,0,4,SUPPORTIVE,Model leans Chelsea; context supports the home side,"Stage 7 gives Chelsea the highest probability at 42.8%, 13.4 percentage points above the next outcome. The fixed context score is +4: 4 signals favor Chelsea, 0 favor Nottingham Forest, and 1 are neutral or unavailable. Context alignment is supportive; confidence is low and uncertainty is very_high. This interprets the existing prediction and does not alter or replace it."
-260365141467960,560769,football-data.org,2027-01-30 15:00:00+00:00,1801321200,UTC,NS,TIMED,,39,Premier League,England,2026,Regular Season - 23,40,Liverpool,LIV,64,45,Everton,EVE,62,7,4,1,3,0,6,4,2,6,4,DDWD,6,1,3,0,6,4,2,2,DD,2,0,2,0,2,2,0,2,DW,4,1,1,0,4,2,2,8,4,1,3,0,5,3,2,6,4,WDDD,6,1,3,0,5,3,2,2,WD,4,1,1,0,4,2,2,2,DD,2,0,2,0,1,1,0,0.5164127705627704,0.21758037518037504,0.2660068542568543,Home Win,0.5164127705627704,0.5164127705627704,0.2660068542568543,0.2504059163059161,1.025376664952,0.933338062507,MODERATE,VERY_HIGH,1,0,0,0,0,0,1,MIXED,Model leans Liverpool; context is mixed,"Stage 7 gives Liverpool the highest probability at 51.6%, 25.0 percentage points above the next outcome. The fixed context score is +1: 1 signals favor Liverpool, 0 favor Everton, and 4 are neutral or unavailable. Context alignment is mixed; confidence is moderate and uncertainty is very_high. This interprets the existing prediction and does not alter or replace it."
-262329832938715,560767,football-data.org,2027-01-30 15:00:00+00:00,1801321200,UTC,NS,TIMED,,39,Premier League,England,2026,Regular Season - 23,35,Bournemouth,BOU,1044,36,Fulham,FUL,63,15,4,0,3,1,6,7,-1,3,4,LDDD,3,0,3,1,6,7,-1,2,DD,2,0,2,0,3,3,0,2,LD,1,0,1,1,3,4,-1,18,4,0,1,3,4,7,-3,1,4,LLLD,1,0,1,3,4,7,-3,2,LL,0,0,0,2,4,6,-2,2,LD,1,0,1,1,0,1,-1,0.4085968975468975,0.22385966810966815,0.3675434343434343,Home Win,0.4085968975468975,0.4085968975468975,0.3675434343434343,0.0410534632034632,1.068643014899,0.972720791422,LOW,VERY_HIGH,3,2,2,2,2,1,5,SUPPORTIVE,Model leans Bournemouth; context supports the home side,"Stage 7 gives Bournemouth the highest probability at 40.9%, 4.1 percentage points above the next outcome. The fixed context score is +5: 5 signals favor Bournemouth, 0 favor Fulham, and 0 are neutral or unavailable. Context alignment is supportive; confidence is low and uncertainty is very_high. This interprets the existing prediction and does not alter or replace it."
-27932183214989,560766,football-data.org,2027-01-30 15:00:00+00:00,1801321200,UTC,NS,TIMED,,39,Premier League,England,2026,Regular Season - 23,-39195573837902,Coventry City,COV,1076,-156530674508954,Leeds,LEE,341,20,4,0,0,4,0,10,-10,0,4,LLLL,0,0,0,4,0,10,-10,2,LL,0,0,0,2,0,6,-6,2,LL,0,0,0,2,0,4,-4,11,3,1,2,0,3,2,1,5,3,WDD,5,1,2,0,3,2,1,1,D,1,0,1,0,1,1,0,2,WD,4,1,1,0,2,1,1,0.22560714285714287,0.2179582584082584,0.5564345987345987,Away Win,0.5564345987345987,0.5564345987345987,0.22560714285714287,0.33082745587745583,0.994154013784,0.904917980655,MODERATE,VERY_HIGH,-9,-5,-11,-5,-11,-4,-5,SUPPORTIVE,Model leans Leeds; context supports the away side,"Stage 7 gives Leeds the highest probability at 55.6%, 33.1 percentage points above the next outcome. The fixed context score is -5: 0 signals favor Coventry City, 5 favor Leeds, and 0 are neutral or unavailable. Context alignment is supportive; confidence is moderate and uncertainty is very_high. This interprets the existing prediction and does not alter or replace it."
-64017113172680,560765,football-data.org,2027-01-30 15:00:00+00:00,1801321200,UTC,NS,TIMED,,39,Premier League,England,2026,Regular Season - 23,-44103427291829,Hull City,HUL,322,52,Crystal Palace,CRY,354,3,4,2,2,0,5,2,3,8,4,WWDD,8,2,2,0,5,2,3,2,WD,4,1,1,0,2,0,2,2,WD,4,1,1,0,3,2,1,16,4,1,0,3,6,11,-5,3,4,LLWL,3,1,0,3,6,11,-5,2,LL,0,0,0,2,3,7,-4,2,LW,3,1,0,1,3,4,-1,0.49944531024531025,0.21465851370851366,0.2858961760461761,Home Win,0.49944531024531025,0.49944531024531025,0.2858961760461761,0.21354913419913415,1.035018203988,0.942114169543,LOW,VERY_HIGH,13,5,8,5,8,1,5,SUPPORTIVE,Model leans Hull City; context supports the home side,"Stage 7 gives Hull City the highest probability at 49.9%, 21.4 percentage points above the next outcome. The fixed context score is +5: 5 signals favor Hull City, 0 favor Crystal Palace, and 0 are neutral or unavailable. Context alignment is supportive; confidence is low and uncertainty is very_high. This interprets the existing prediction and does not alter or replace it."
-77597243606619,560763,football-data.org,2027-01-30 15:00:00+00:00,1801321200,UTC,NS,TIMED,,39,Premier League,England,2026,Regular Season - 23,55,Brentford,BRE,402,33,Manchester United,MUN,66,6,4,1,3,0,7,4,3,6,4,WDDD,6,1,3,0,7,4,3,2,WD,4,1,1,0,4,1,3,2,DD,2,0,2,0,3,3,0,13,3,1,1,1,7,6,1,4,3,LWD,4,1,1,1,7,6,1,1,W,3,1,0,0,5,2,3,2,LD,1,0,1,1,2,4,-2,0.2687811688311688,0.23713015873015872,0.4940886724386721,Away Win,0.4940886724386721,0.4940886724386721,0.2687811688311688,0.2253075036075033,1.042757573719,0.949158847461,LOW,VERY_HIGH,7,2,2,2,2,3,5,CONTRADICTORY,Model leans Manchester United; context favors Brentford,"Stage 7 gives Manchester United the highest probability at 49.4%, 22.5 percentage points above the next outcome. The fixed context score is +5: 5 signals favor Brentford, 0 favor Manchester United, and 0 are neutral or unavailable. Context alignment is contradictory; confidence is low and uncertainty is very_high. This interprets the existing prediction and does not alter or replace it."
-94003276401034,560764,football-data.org,2027-01-30 15:00:00+00:00,1801321200,UTC,NS,TIMED,,39,Premier League,England,2026,Regular Season - 23,34,Newcastle,NEW,67,51,Brighton,BHA,397,10,3,1,2,0,6,4,2,5,3,DWD,5,1,2,0,6,4,2,2,DD,2,0,2,0,4,4,0,1,W,3,1,0,0,2,0,2,4,4,2,1,1,13,5,8,7,4,WLDW,7,2,1,1,13,5,8,2,WD,4,1,1,0,5,1,4,2,LW,3,1,0,1,8,4,4,0.4315411976911976,0.23811940836940826,0.3303393939393939,Home Win,0.4315411976911976,0.4315411976911976,0.3303393939393939,0.1012018037518037,1.070256576269,0.974189518276,LOW,VERY_HIGH,-6,-2,-6,-2,-6,-1,-5,CONTRADICTORY,Model leans Newcastle; context favors Brighton,"Stage 7 gives Newcastle the highest probability at 43.2%, 10.1 percentage points above the next outcome. The fixed context score is -5: 0 signals favor Newcastle, 5 favor Brighton, and 0 are neutral or unavailable. Context alignment is contradictory; confidence is low and uncertainty is very_high. This interprets the existing prediction and does not alter or replace it."
-138518028428194,560781,football-data.org,2027-02-06 15:00:00+00:00,1801926000,UTC,NS,TIMED,,39,Premier League,England,2026,Regular Season - 24,65,Nottingham Forest,NOT,351,55,Brentford,BRE,402,12,4,1,2,1,4,4,0,5,4,LDDW,5,1,2,1,4,4,0,2,LD,1,0,1,1,0,1,-1,2,DW,4,1,1,0,4,3,1,6,4,1,3,0,7,4,3,6,4,WDDD,6,1,3,0,7,4,3,2,WD,4,1,1,0,4,1,3,2,DD,2,0,2,0,3,3,0,0.3692545898545898,0.1738853202353203,0.45686008991008975,Away Win,0.45686008991008975,0.45686008991008975,0.3692545898545898,0.08760550005549995,1.029958953998,0.937509041744,LOW,VERY_HIGH,-6,-1,-3,-1,-3,-1,-5,SUPPORTIVE,Model leans Brentford; context supports the away side,"Stage 7 gives Brentford the highest probability at 45.7%, 8.8 percentage points above the next outcome. The fixed context score is -5: 0 signals favor Nottingham Forest, 5 favor Brentford, and 0 are neutral or unavailable. Context alignment is supportive; confidence is low and uncertainty is very_high. This interprets the existing prediction and does not alter or replace it."
-184675506947759,560772,football-data.org,2027-02-06 15:00:00+00:00,1801926000,UTC,NS,TIMED,,39,Premier League,England,2026,Regular Season - 24,42,Arsenal,ARS,57,40,Liverpool,LIV,64,1,4,4,0,0,8,1,7,12,4,WWWW,12,4,0,0,8,1,7,2,WW,6,2,0,0,5,1,4,2,WW,6,2,0,0,3,0,3,7,4,1,3,0,6,4,2,6,4,DDWD,6,1,3,0,6,4,2,2,DD,2,0,2,0,2,2,0,2,DW,4,1,1,0,4,2,2,0.528817893217893,0.2207132756132755,0.2504688311688314,Home Win,0.528817893217893,0.528817893217893,0.2504688311688314,0.2783490620490616,1.017143696709,0.925844091861,MODERATE,VERY_HIGH,6,6,5,6,5,2,5,SUPPORTIVE,Model leans Arsenal; context supports the home side,"Stage 7 gives Arsenal the highest probability at 52.9%, 27.8 percentage points above the next outcome. The fixed context score is +5: 5 signals favor Arsenal, 0 favor Liverpool, and 0 are neutral or unavailable. Context alignment is supportive; confidence is moderate and uncertainty is very_high. This interprets the existing prediction and does not alter or replace it."
-195571201404776,560774,football-data.org,2027-02-06 15:00:00+00:00,1801926000,UTC,NS,TIMED,,39,Premier League,England,2026,Regular Season - 24,-218557486738561,Sunderland,SUN,71,66,Aston Villa,AVL,58,14,4,1,1,2,3,5,-2,4,4,LWDL,4,1,1,2,3,5,-2,2,WL,3,1,0,1,1,2,-1,2,LD,1,0,1,1,2,3,-1,19,4,0,1,3,1,7,-6,1,4,LLDL,1,0,1,3,1,7,-6,2,LL,0,0,0,2,1,3,-2,2,LD,1,0,1,1,0,4,-4,0.40557142857142836,0.2161437950937951,0.37828477633477653,Home Win,0.40557142857142836,0.40557142857142836,0.37828477633477653,0.02728665223665183,1.064836468079,0.969255923188,LOW,VERY_HIGH,5,3,4,3,4,2,5,SUPPORTIVE,Model leans Sunderland; context supports the home side,"Stage 7 gives Sunderland the highest probability at 40.6%, 2.7 percentage points above the next outcome. The fixed context score is +5: 5 signals favor Sunderland, 0 favor Aston Villa, and 0 are neutral or unavailable. Context alignment is supportive; confidence is low and uncertainty is very_high. This interprets the existing prediction and does not alter or replace it."
-212187269838289,560773,football-data.org,2027-02-06 15:00:00+00:00,1801926000,UTC,NS,TIMED,,39,Premier League,England,2026,Regular Season - 24,51,Brighton,BHA,397,-44103427291829,Hull City,HUL,322,4,4,2,1,1,13,5,8,7,4,WLDW,7,2,1,1,13,5,8,2,WD,4,1,1,0,5,1,4,2,LW,3,1,0,1,8,4,4,3,4,2,2,0,5,2,3,8,4,WWDD,8,2,2,0,5,2,3,2,WD,4,1,1,0,2,0,2,2,WD,4,1,1,0,3,2,1,0.41274292929292916,0.27140632700632705,0.31585074370074384,Home Win,0.41274292929292916,0.41274292929292916,0.31585074370074384,0.09689218559218532,1.083213503941,0.985983422099,LOW,VERY_HIGH,-1,-1,5,-1,5,0,-2,CONTRADICTORY,Model leans Brighton; context favors Hull City,"Stage 7 gives Brighton the highest probability at 41.3%, 9.7 percentage points above the next outcome. The fixed context score is -2: 1 signals favor Brighton, 3 favor Hull City, and 1 are neutral or unavailable. Context alignment is contradictory; confidence is low and uncertainty is very_high. This interprets the existing prediction and does not alter or replace it."
-217664961451798,560778,football-data.org,2027-02-06 15:00:00+00:00,1801926000,UTC,NS,TIMED,,39,Premier League,England,2026,Regular Season - 24,36,Fulham,FUL,63,50,Manchester City,MCI,65,18,4,0,1,3,4,7,-3,1,4,LLLD,1,0,1,3,4,7,-3,2,LL,0,0,0,2,4,6,-2,2,LD,1,0,1,1,0,1,-1,2,3,3,0,0,7,2,5,9,3,WWW,9,3,0,0,7,2,5,2,WW,6,2,0,0,3,1,2,1,W,3,1,0,0,4,1,3,0.18607857142857137,0.23364487734487738,0.5802765512265509,Away Win,0.5802765512265509,0.5802765512265509,0.23364487734487738,0.34663167388167352,0.968431615014,0.881504444292,MODERATE,VERY_HIGH,-16,-8,-8,-8,-8,-3,-5,SUPPORTIVE,Model leans Manchester City; context supports the away side,"Stage 7 gives Manchester City the highest probability at 58.0%, 34.7 percentage points above the next outcome. The fixed context score is -5: 0 signals favor Fulham, 5 favor Manchester City, and 0 are neutral or unavailable. Context alignment is supportive; confidence is moderate and uncertainty is very_high. This interprets the existing prediction and does not alter or replace it."
-221119937895390,560776,football-data.org,2027-02-06 15:00:00+00:00,1801926000,UTC,NS,TIMED,,39,Premier League,England,2026,Regular Season - 24,57,Ipswich,IPS,349,47,Tottenham,TOT,73,9,4,2,0,2,7,10,-3,6,4,WLLW,6,2,0,2,7,10,-3,2,WL,3,1,0,1,2,3,-1,2,LW,3,1,0,1,5,7,-2,17,4,0,2,2,0,5,-5,2,4,LLDD,2,0,2,2,0,5,-5,2,LD,1,0,1,1,0,2,-2,2,LD,1,0,1,1,0,3,-3,0.13890932955932955,0.25857900987900984,0.6025116605616603,Away Win,0.6025116605616603,0.6025116605616603,0.25857900987900984,0.34393265068265046,0.929201384256,0.845795549386,HIGH,VERY_HIGH,8,4,2,4,2,2,5,CONTRADICTORY,Model leans Tottenham; context favors Ipswich,"Stage 7 gives Tottenham the highest probability at 60.3%, 34.4 percentage points above the next outcome. The fixed context score is +5: 5 signals favor Ipswich, 0 favor Tottenham, and 0 are neutral or unavailable. Context alignment is contradictory; confidence is high and uncertainty is very_high. This interprets the existing prediction and does not alter or replace it."
-23478421136913,560775,football-data.org,2027-02-06 15:00:00+00:00,1801926000,UTC,NS,TIMED,,39,Premier League,England,2026,Regular Season - 24,52,Crystal Palace,CRY,354,-39195573837902,Coventry City,COV,1076,16,4,1,0,3,6,11,-5,3,4,LLWL,3,1,0,3,6,11,-5,2,LL,0,0,0,2,3,7,-4,2,LW,3,1,0,1,3,4,-1,20,4,0,0,4,0,10,-10,0,4,LLLL,0,0,0,4,0,10,-10,2,LL,0,0,0,2,0,6,-6,2,LL,0,0,0,2,0,4,-4,0.3861629370629369,0.3336111943611943,0.2802258685758687,Home Win,0.3861629370629369,0.3861629370629369,0.3336111943611943,0.0525517427017426,1.090155777811,0.992302552097,VERY_LOW,VERY_HIGH,4,3,5,3,5,0,4,SUPPORTIVE,Model leans Crystal Palace; context supports the home side,"Stage 7 gives Crystal Palace the highest probability at 38.6%, 5.3 percentage points above the next outcome. The fixed context score is +4: 4 signals favor Crystal Palace, 0 favor Coventry City, and 1 are neutral or unavailable. Context alignment is supportive; confidence is very_low and uncertainty is very_high. This interprets the existing prediction and does not alter or replace it."
-237015430658382,560777,football-data.org,2027-02-06 15:00:00+00:00,1801926000,UTC,NS,TIMED,,39,Premier League,England,2026,Regular Season - 24,45,Everton,EVE,62,34,Newcastle,NEW,67,8,4,1,3,0,5,3,2,6,4,WDDD,6,1,3,0,5,3,2,2,WD,4,1,1,0,4,2,2,2,DD,2,0,2,0,1,1,0,10,3,1,2,0,6,4,2,5,3,DWD,5,1,2,0,6,4,2,2,DD,2,0,2,0,4,4,0,1,W,3,1,0,0,2,0,2,0.2670499555999556,0.18426551226551238,0.548684532134532,Away Win,0.548684532134532,0.548684532134532,0.2670499555999556,0.2816345765345764,0.993591635182,0.904406081591,MODERATE,VERY_HIGH,2,1,0,1,0,1,4,CONTRADICTORY,Model leans Newcastle; context favors Everton,"Stage 7 gives Newcastle the highest probability at 54.9%, 28.2 percentage points above the next outcome. The fixed context score is +4: 4 signals favor Everton, 0 favor Newcastle, and 1 are neutral or unavailable. Context alignment is contradictory; confidence is moderate and uncertainty is very_high. This interprets the existing prediction and does not alter or replace it."
-38873620303959,560780,football-data.org,2027-02-06 15:00:00+00:00,1801926000,UTC,NS,TIMED,,39,Premier League,England,2026,Regular Season - 24,33,Manchester United,MUN,66,49,Chelsea,CHE,61,13,3,1,1,1,7,6,1,4,3,LWD,4,1,1,1,7,6,1,1,W,3,1,0,0,5,2,3,2,LD,1,0,1,1,2,4,-2,5,4,2,1,1,10,9,1,7,4,WWLD,7,2,1,1,10,9,1,2,WD,4,1,1,0,6,5,1,2,WL,3,1,0,1,4,4,0,0.39800202020201997,0.24612020202020196,0.355877777777778,Home Win,0.39800202020201997,0.39800202020201997,0.355877777777778,0.04212424242424197,1.079404633780,0.982516439070,VERY_LOW,VERY_HIGH,-8,-3,0,-3,0,0,-3,CONTRADICTORY,Model leans Manchester United; context favors Chelsea,"Stage 7 gives Manchester United the highest probability at 39.8%, 4.2 percentage points above the next outcome. The fixed context score is -3: 0 signals favor Manchester United, 3 favor Chelsea, and 2 are neutral or unavailable. Context alignment is contradictory; confidence is very_low and uncertainty is very_high. This interprets the existing prediction and does not alter or replace it."
-53487131690343,560779,football-data.org,2027-02-06 15:00:00+00:00,1801926000,UTC,NS,TIMED,,39,Premier League,England,2026,Regular Season - 24,-156530674508954,Leeds,LEE,341,35,Bournemouth,BOU,1044,11,3,1,2,0,3,2,1,5,3,WDD,5,1,2,0,3,2,1,1,D,1,0,1,0,1,1,0,2,WD,4,1,1,0,2,1,1,15,4,0,3,1,6,7,-1,3,4,LDDD,3,0,3,1,6,7,-1,2,DD,2,0,2,0,3,3,0,2,LD,1,0,1,1,3,4,-1,0.43899134199134193,0.15886904761904758,0.40213961038961044,Home Win,0.43899134199134193,0.43899134199134193,0.40213961038961044,0.03685173160173149,1.020009748308,0.928452884452,LOW,VERY_HIGH,4,2,2,2,2,0,4,SUPPORTIVE,Model leans Leeds; context supports the home side,"Stage 7 gives Leeds the highest probability at 43.9%, 3.7 percentage points above the next outcome. The fixed context score is +4: 4 signals favor Leeds, 0 favor Bournemouth, and 1 are neutral or unavailable. Context alignment is supportive; confidence is low and uncertainty is very_high. This interprets the existing prediction and does not alter or replace it."
-105376980552553,560790,football-data.org,2027-02-10 20:00:00+00:00,1802289600,UTC,NS,TIMED,,39,Premier League,England,2026,Regular Season - 25,33,Manchester United,MUN,66,51,Brighton,BHA,397,13,3,1,1,1,7,6,1,4,3,LWD,4,1,1,1,7,6,1,1,W,3,1,0,0,5,2,3,2,LD,1,0,1,1,2,4,-2,4,4,2,1,1,13,5,8,7,4,WLDW,7,2,1,1,13,5,8,2,WD,4,1,1,0,5,1,4,2,LW,3,1,0,1,8,4,4,0.42168455988455955,0.23671399711399696,0.3416014430014432,Home Win,0.42168455988455955,0.42168455988455955,0.3416014430014432,0.08008311688311635,1.072123210859,0.975888602301,LOW,VERY_HIGH,-9,-3,-7,-3,-7,0,-4,CONTRADICTORY,Model leans Manchester United; context favors Brighton,"Stage 7 gives Manchester United the highest probability at 42.2%, 8.0 percentage points above the next outcome. The fixed context score is -4: 0 signals favor Manchester United, 4 favor Brighton, and 1 are neutral or unavailable. Context alignment is contradictory; confidence is low and uncertainty is very_high. This interprets the existing prediction and does not alter or replace it."
-113934933699635,560788,football-data.org,2027-02-10 20:00:00+00:00,1802289600,UTC,NS,TIMED,,39,Premier League,England,2026,Regular Season - 25,36,Fulham,FUL,63,65,Nottingham Forest,NOT,351,18,4,0,1,3,4,7,-3,1,4,LLLD,1,0,1,3,4,7,-3,2,LL,0,0,0,2,4,6,-2,2,LD,1,0,1,1,0,1,-1,12,4,1,2,1,4,4,0,5,4,LDDW,5,1,2,1,4,4,0,2,LD,1,0,1,1,0,1,-1,2,DW,4,1,1,0,4,3,1,0.2608897546897546,0.19073167388167403,0.548378571428571,Away Win,0.548378571428571,0.548378571428571,0.2608897546897546,0.2874888167388164,0.996027436855,0.906623243822,MODERATE,VERY_HIGH,-6,-4,-3,-4,-3,-4,-5,SUPPORTIVE,Model leans Nottingham Forest; context supports the away side,"Stage 7 gives Nottingham Forest the highest probability at 54.8%, 28.7 percentage points above the next outcome. The fixed context score is -5: 0 signals favor Fulham, 5 favor Nottingham Forest, and 0 are neutral or unavailable. Context alignment is supportive; confidence is moderate and uncertainty is very_high. This interprets the existing prediction and does not alter or replace it."
-131370314518941,560791,football-data.org,2027-02-10 20:00:00+00:00,1802289600,UTC,NS,TIMED,,39,Premier League,England,2026,Regular Season - 25,57,Ipswich,IPS,349,42,Arsenal,ARS,57,9,4,2,0,2,7,10,-3,6,4,WLLW,6,2,0,2,7,10,-3,2,WL,3,1,0,1,2,3,-1,2,LW,3,1,0,1,5,7,-2,1,4,4,0,0,8,1,7,12,4,WWWW,12,4,0,0,8,1,7,2,WW,6,2,0,0,5,1,4,2,WW,6,2,0,0,3,0,3,0.09984559884559895,0.16453369408369412,0.735620707070707,Away Win,0.735620707070707,0.735620707070707,0.16453369408369412,0.57108701298701288,0.752846789345,0.685270679302,VERY_HIGH,HIGH,-8,-6,-10,-6,-10,-3,-5,SUPPORTIVE,Model leans Arsenal; context supports the away side,"Stage 7 gives Arsenal the highest probability at 73.6%, 57.1 percentage points above the next outcome. The fixed context score is -5: 0 signals favor Ipswich, 5 favor Arsenal, and 0 are neutral or unavailable. Context alignment is supportive; confidence is very_high and uncertainty is high. This interprets the existing prediction and does not alter or replace it."
-183206862941482,560787,football-data.org,2027-02-10 20:00:00+00:00,1802289600,UTC,NS,TIMED,,39,Premier League,England,2026,Regular Season - 25,34,Newcastle,NEW,67,49,Chelsea,CHE,61,10,3,1,2,0,6,4,2,5,3,DWD,5,1,2,0,6,4,2,2,DD,2,0,2,0,4,4,0,1,W,3,1,0,0,2,0,2,5,4,2,1,1,10,9,1,7,4,WWLD,7,2,1,1,10,9,1,2,WD,4,1,1,0,6,5,1,2,WL,3,1,0,1,4,4,0,0.39602366522366517,0.2487606782106782,0.35521565656565673,Home Win,0.39602366522366517,0.39602366522366517,0.35521565656565673,0.04080800865800844,1.080580018036,0.983586319926,VERY_LOW,VERY_HIGH,-5,-2,1,-2,1,-1,-3,CONTRADICTORY,Model leans Newcastle; context favors Chelsea,"Stage 7 gives Newcastle the highest probability at 39.6%, 4.1 percentage points above the next outcome. The fixed context score is -3: 1 signals favor Newcastle, 4 favor Chelsea, and 0 are neutral or unavailable. Context alignment is contradictory; confidence is very_low and uncertainty is very_high. This interprets the existing prediction and does not alter or replace it."
-202011201270263,560786,football-data.org,2027-02-10 20:00:00+00:00,1802289600,UTC,NS,TIMED,,39,Premier League,England,2026,Regular Season - 25,52,Crystal Palace,CRY,354,55,Brentford,BRE,402,16,4,1,0,3,6,11,-5,3,4,LLWL,3,1,0,3,6,11,-5,2,LL,0,0,0,2,3,7,-4,2,LW,3,1,0,1,3,4,-1,6,4,1,3,0,7,4,3,6,4,WDDD,6,1,3,0,7,4,3,2,WD,4,1,1,0,4,1,3,2,DD,2,0,2,0,3,3,0,0.25917554112554103,0.20147077922077924,0.5393536796536798,Away Win,0.5393536796536798,0.5393536796536798,0.25917554112554103,0.28017813852813877,1.005718423349,0.915444359874,MODERATE,VERY_HIGH,-10,-3,-8,-3,-8,-2,-5,SUPPORTIVE,Model leans Brentford; context supports the away side,"Stage 7 gives Brentford the highest probability at 53.9%, 28.0 percentage points above the next outcome. The fixed context score is -5: 0 signals favor Crystal Palace, 5 favor Brentford, and 0 are neutral or unavailable. Context alignment is supportive; confidence is moderate and uncertainty is very_high. This interprets the existing prediction and does not alter or replace it."
-216803463440715,560783,football-data.org,2027-02-10 20:00:00+00:00,1802289600,UTC,NS,TIMED,,39,Premier League,England,2026,Regular Season - 25,-39195573837902,Coventry City,COV,1076,40,Liverpool,LIV,64,20,4,0,0,4,0,10,-10,0,4,LLLL,0,0,0,4,0,10,-10,2,LL,0,0,0,2,0,6,-6,2,LL,0,0,0,2,0,4,-4,7,4,1,3,0,6,4,2,6,4,DDWD,6,1,3,0,6,4,2,2,DD,2,0,2,0,2,2,0,2,DW,4,1,1,0,4,2,2,0.22382460317460312,0.16728477633477637,0.6088906204906204,Away Win,0.6088906204906204,0.6088906204906204,0.22382460317460312,0.38506601731601728,0.936236974032,0.852199619183,HIGH,VERY_HIGH,-13,-6,-12,-6,-12,-4,-5,SUPPORTIVE,Model leans Liverpool; context supports the away side,"Stage 7 gives Liverpool the highest probability at 60.9%, 38.5 percentage points above the next outcome. The fixed context score is -5: 0 signals favor Coventry City, 5 favor Liverpool, and 0 are neutral or unavailable. Context alignment is supportive; confidence is high and uncertainty is very_high. This interprets the existing prediction and does not alter or replace it."
-219899269654705,560789,football-data.org,2027-02-10 20:00:00+00:00,1802289600,UTC,NS,TIMED,,39,Premier League,England,2026,Regular Season - 25,47,Tottenham,TOT,73,50,Manchester City,MCI,65,17,4,0,2,2,0,5,-5,2,4,LLDD,2,0,2,2,0,5,-5,2,LD,1,0,1,1,0,2,-2,2,LD,1,0,1,1,0,3,-3,2,3,3,0,0,7,2,5,9,3,WWW,9,3,0,0,7,2,5,2,WW,6,2,0,0,3,1,2,1,W,3,1,0,0,4,1,3,0.14832539682539692,0.2083369408369408,0.6433376623376623,Away Win,0.6433376623376623,0.6433376623376623,0.2083369408369408,0.4350007215007215,0.893620280247,0.813408232790,HIGH,VERY_HIGH,-15,-7,-10,-7,-10,-2,-5,SUPPORTIVE,Model leans Manchester City; context supports the away side,"Stage 7 gives Manchester City the highest probability at 64.3%, 43.5 percentage points above the next outcome. The fixed context score is -5: 0 signals favor Tottenham, 5 favor Manchester City, and 0 are neutral or unavailable. Context alignment is supportive; confidence is high and uncertainty is very_high. This interprets the existing prediction and does not alter or replace it."
-37234006561921,560782,football-data.org,2027-02-10 20:00:00+00:00,1802289600,UTC,NS,TIMED,,39,Premier League,England,2026,Regular Season - 25,45,Everton,EVE,62,-156530674508954,Leeds,LEE,341,8,4,1,3,0,5,3,2,6,4,WDDD,6,1,3,0,5,3,2,2,WD,4,1,1,0,4,2,2,2,DD,2,0,2,0,1,1,0,11,3,1,2,0,3,2,1,5,3,WDD,5,1,2,0,3,2,1,1,D,1,0,1,0,1,1,0,2,WD,4,1,1,0,2,1,1,0.2758651515151516,0.21661399156399153,0.5075208569208568,Away Win,0.5075208569208568,0.5075208569208568,0.2758651515151516,0.2316557054057052,1.030821616817,0.938294271282,MODERATE,VERY_HIGH,3,1,1,1,1,0,4,CONTRADICTORY,Model leans Leeds; context favors Everton,"Stage 7 gives Leeds the highest probability at 50.8%, 23.2 percentage points above the next outcome. The fixed context score is +4: 4 signals favor Everton, 0 favor Leeds, and 1 are neutral or unavailable. Context alignment is contradictory; confidence is moderate and uncertainty is very_high. This interprets the existing prediction and does not alter or replace it."
-46175701381229,560785,football-data.org,2027-02-10 20:00:00+00:00,1802289600,UTC,NS,TIMED,,39,Premier League,England,2026,Regular Season - 25,66,Aston Villa,AVL,58,35,Bournemouth,BOU,1044,19,4,0,1,3,1,7,-6,1,4,LLDL,1,0,1,3,1,7,-6,2,LL,0,0,0,2,1,3,-2,2,LD,1,0,1,1,0,4,-4,15,4,0,3,1,6,7,-1,3,4,LDDD,3,0,3,1,6,7,-1,2,DD,2,0,2,0,3,3,0,2,LD,1,0,1,1,3,4,-1,0.3700040404040402,0.21063679653679648,0.4193591630591629,Away Win,0.4193591630591629,0.4193591630591629,0.3700040404040402,0.0493551226551227,1.060400058870,0.965217729501,LOW,VERY_HIGH,-4,-2,-5,-2,-5,-1,-5,SUPPORTIVE,Model leans Bournemouth; context supports the away side,"Stage 7 gives Bournemouth the highest probability at 41.9%, 4.9 percentage points above the next outcome. The fixed context score is -5: 0 signals favor Aston Villa, 5 favor Bournemouth, and 0 are neutral or unavailable. Context alignment is supportive; confidence is low and uncertainty is very_high. This interprets the existing prediction and does not alter or replace it."
-72689958730808,560784,football-data.org,2027-02-10 20:00:00+00:00,1802289600,UTC,NS,TIMED,,39,Premier League,England,2026,Regular Season - 25,-44103427291829,Hull City,HUL,322,-218557486738561,Sunderland,SUN,71,3,4,2,2,0,5,2,3,8,4,WWDD,8,2,2,0,5,2,3,2,WD,4,1,1,0,2,0,2,2,WD,4,1,1,0,3,2,1,14,4,1,1,2,3,5,-2,4,4,LWDL,4,1,1,2,3,5,-2,2,WL,3,1,0,1,1,2,-1,2,LD,1,0,1,1,2,3,-1,0.4209743867243866,0.24356111111111114,0.3354645021645021,Home Win,0.4209743867243866,0.4209743867243866,0.3354645021645021,0.0855098845598845,1.074630104706,0.978170475418,LOW,VERY_HIGH,11,4,5,4,5,3,5,SUPPORTIVE,Model leans Hull City; context supports the home side,"Stage 7 gives Hull City the highest probability at 42.1%, 8.6 percentage points above the next outcome. The fixed context score is +5: 5 signals favor Hull City, 0 favor Sunderland, and 0 are neutral or unavailable. Context alignment is supportive; confidence is low and uncertainty is very_high. This interprets the existing prediction and does not alter or replace it."
-10292605179168,560795,football-data.org,2027-02-20 15:00:00+00:00,1803135600,UTC,NS,TIMED,,39,Premier League,England,2026,Regular Season - 26,49,Chelsea,CHE,61,57,Ipswich,IPS,349,5,4,2,1,1,10,9,1,7,4,WWLD,7,2,1,1,10,9,1,2,WD,4,1,1,0,6,5,1,2,WL,3,1,0,1,4,4,0,9,4,2,0,2,7,10,-3,6,4,WLLW,6,2,0,2,7,10,-3,2,WL,3,1,0,1,2,3,-1,2,LW,3,1,0,1,5,7,-2,0.5646538239538238,0.2600384559884558,0.17530772005772008,Home Win,0.5646538239538238,0.5646538239538238,0.2600384559884558,0.3046153679653680,0.978224099608,0.890417947895,MODERATE,VERY_HIGH,4,1,4,1,4,1,5,SUPPORTIVE,Model leans Chelsea; context supports the home side,"Stage 7 gives Chelsea the highest probability at 56.5%, 30.5 percentage points above the next outcome. The fixed context score is +5: 5 signals favor Chelsea, 0 favor Ipswich, and 0 are neutral or unavailable. Context alignment is supportive; confidence is moderate and uncertainty is very_high. This interprets the existing prediction and does not alter or replace it."
-105670644124730,560800,football-data.org,2027-02-20 15:00:00+00:00,1803135600,UTC,NS,TIMED,,39,Premier League,England,2026,Regular Season - 26,-218557486738561,Sunderland,SUN,71,45,Everton,EVE,62,14,4,1,1,2,3,5,-2,4,4,LWDL,4,1,1,2,3,5,-2,2,WL,3,1,0,1,1,2,-1,2,LD,1,0,1,1,2,3,-1,8,4,1,3,0,5,3,2,6,4,WDDD,6,1,3,0,5,3,2,2,WD,4,1,1,0,4,2,2,2,DD,2,0,2,0,1,1,0,0.44795007215007204,0.1692214285714286,0.38282849927849927,Home Win,0.44795007215007204,0.44795007215007204,0.38282849927849927,0.06512157287157277,1.027946426347,0.935677160132,LOW,VERY_HIGH,-6,-2,-4,-2,-4,1,-3,CONTRADICTORY,Model leans Sunderland; context favors Everton,"Stage 7 gives Sunderland the highest probability at 44.8%, 6.5 percentage points above the next outcome. The fixed context score is -3: 1 signals favor Sunderland, 4 favor Everton, and 0 are neutral or unavailable. Context alignment is contradictory; confidence is low and uncertainty is very_high. This interprets the existing prediction and does not alter or replace it."
-136886771504251,560801,football-data.org,2027-02-20 15:00:00+00:00,1803135600,UTC,NS,TIMED,,39,Premier League,England,2026,Regular Season - 26,-156530674508954,Leeds,LEE,341,66,Aston Villa,AVL,58,11,3,1,2,0,3,2,1,5,3,WDD,5,1,2,0,3,2,1,1,D,1,0,1,0,1,1,0,2,WD,4,1,1,0,2,1,1,19,4,0,1,3,1,7,-6,1,4,LLDL,1,0,1,3,1,7,-6,2,LL,0,0,0,2,1,3,-2,2,LD,1,0,1,1,0,4,-4,0.4283468975468973,0.2009516594516594,0.3707014430014431,Home Win,0.4283468975468973,0.4283468975468973,0.3707014430014431,0.0576454545454542,1.053495826232,0.958933226124,LOW,VERY_HIGH,8,4,7,4,7,0,4,SUPPORTIVE,Model leans Leeds; context supports the home side,"Stage 7 gives Leeds the highest probability at 42.8%, 5.8 percentage points above the next outcome. The fixed context score is +4: 4 signals favor Leeds, 0 favor Aston Villa, and 1 are neutral or unavailable. Context alignment is supportive; confidence is low and uncertainty is very_high. This interprets the existing prediction and does not alter or replace it."
-19311191437156,560792,football-data.org,2027-02-20 15:00:00+00:00,1803135600,UTC,NS,TIMED,,39,Premier League,England,2026,Regular Season - 26,50,Manchester City,MCI,65,34,Newcastle,NEW,67,2,3,3,0,0,7,2,5,9,3,WWW,9,3,0,0,7,2,5,2,WW,6,2,0,0,3,1,2,1,W,3,1,0,0,4,1,3,10,3,1,2,0,6,4,2,5,3,DWD,5,1,2,0,6,4,2,2,DD,2,0,2,0,4,4,0,1,W,3,1,0,0,2,0,2,0.5956577922077924,0.17317510822510815,0.23116709956709977,Home Win,0.5956577922077924,0.5956577922077924,0.23116709956709977,0.36449069264069263,0.950828637918,0.865481524033,MODERATE,VERY_HIGH,8,4,3,4,3,3,5,SUPPORTIVE,Model leans Manchester City; context supports the home side,"Stage 7 gives Manchester City the highest probability at 59.6%, 36.4 percentage points above the next outcome. The fixed context score is +5: 5 signals favor Manchester City, 0 favor Newcastle, and 0 are neutral or unavailable. Context alignment is supportive; confidence is moderate and uncertainty is very_high. This interprets the existing prediction and does not alter or replace it."
-200980920383646,560798,football-data.org,2027-02-20 15:00:00+00:00,1803135600,UTC,NS,TIMED,,39,Premier League,England,2026,Regular Season - 26,65,Nottingham Forest,NOT,351,33,Manchester United,MUN,66,12,4,1,2,1,4,4,0,5,4,LDDW,5,1,2,1,4,4,0,2,LD,1,0,1,1,0,1,-1,2,DW,4,1,1,0,4,3,1,13,3,1,1,1,7,6,1,4,3,LWD,4,1,1,1,7,6,1,1,W,3,1,0,0,5,2,3,2,LD,1,0,1,1,2,4,-2,0.2549083971583971,0.23386998556998573,0.5112216172716171,Away Win,0.5112216172716171,0.5112216172716171,0.2549083971583971,0.2563132201132200,1.031237751487,0.938673053382,MODERATE,VERY_HIGH,1,1,-1,1,-1,0,2,CONTRADICTORY,Model leans Manchester United; context favors Nottingham Forest,"Stage 7 gives Manchester United the highest probability at 51.1%, 25.6 percentage points above the next outcome. The fixed context score is +2: 3 signals favor Nottingham Forest, 1 favor Manchester United, and 1 are neutral or unavailable. Context alignment is contradictory; confidence is moderate and uncertainty is very_high. This interprets the existing prediction and does not alter or replace it."
-22940673923505,560793,football-data.org,2027-02-20 15:00:00+00:00,1803135600,UTC,NS,TIMED,,39,Premier League,England,2026,Regular Season - 26,35,Bournemouth,BOU,1044,52,Crystal Palace,CRY,354,15,4,0,3,1,6,7,-1,3,4,LDDD,3,0,3,1,6,7,-1,2,DD,2,0,2,0,3,3,0,2,LD,1,0,1,1,3,4,-1,16,4,1,0,3,6,11,-5,3,4,LLWL,3,1,0,3,6,11,-5,2,LL,0,0,0,2,3,7,-4,2,LW,3,1,0,1,3,4,-1,0.4580660173160173,0.20670959595959587,0.3352243867243868,Home Win,0.4580660173160173,0.4580660173160173,0.3352243867243868,0.1228416305916305,1.049881940519,0.955643725587,LOW,VERY_HIGH,1,0,4,0,4,-1,1,MIXED,Model leans Bournemouth; context is mixed,"Stage 7 gives Bournemouth the highest probability at 45.8%, 12.3 percentage points above the next outcome. The fixed context score is +1: 2 signals favor Bournemouth, 1 favor Crystal Palace, and 2 are neutral or unavailable. Context alignment is mixed; confidence is low and uncertainty is very_high. This interprets the existing prediction and does not alter or replace it."
-236450187007821,560797,football-data.org,2027-02-20 15:00:00+00:00,1803135600,UTC,NS,TIMED,,39,Premier League,England,2026,Regular Season - 26,42,Arsenal,ARS,57,36,Fulham,FUL,63,1,4,4,0,0,8,1,7,12,4,WWWW,12,4,0,0,8,1,7,2,WW,6,2,0,0,5,1,4,2,WW,6,2,0,0,3,0,3,18,4,0,1,3,4,7,-3,1,4,LLLD,1,0,1,3,4,7,-3,2,LL,0,0,0,2,4,6,-2,2,LD,1,0,1,1,0,1,-1,0.6603182539682538,0.1644310966810967,0.1752506493506495,Home Win,0.6603182539682538,0.6603182539682538,0.1752506493506495,0.4850676046176043,0.876101259200,0.797461732621,HIGH,HIGH,17,11,10,11,10,5,5,SUPPORTIVE,Model leans Arsenal; context supports the home side,"Stage 7 gives Arsenal the highest probability at 66.0%, 48.5 percentage points above the next outcome. The fixed context score is +5: 5 signals favor Arsenal, 0 favor Fulham, and 0 are neutral or unavailable. Context alignment is supportive; confidence is high and uncertainty is high. This interprets the existing prediction and does not alter or replace it."
-246623880980765,560799,football-data.org,2027-02-20 15:00:00+00:00,1803135600,UTC,NS,TIMED,,39,Premier League,England,2026,Regular Season - 26,51,Brighton,BHA,397,47,Tottenham,TOT,73,4,4,2,1,1,13,5,8,7,4,WLDW,7,2,1,1,13,5,8,2,WD,4,1,1,0,5,1,4,2,LW,3,1,0,1,8,4,4,17,4,0,2,2,0,5,-5,2,4,LLDD,2,0,2,2,0,5,-5,2,LD,1,0,1,1,0,2,-2,2,LD,1,0,1,1,0,3,-3,0.417360678210678,0.2744020923520922,0.3082372294372296,Home Win,0.417360678210678,0.417360678210678,0.3082372294372296,0.1091234487734484,1.082297601050,0.985149731360,LOW,VERY_HIGH,13,5,13,5,13,3,5,SUPPORTIVE,Model leans Brighton; context supports the home side,"Stage 7 gives Brighton the highest probability at 41.7%, 10.9 percentage points above the next outcome. The fixed context score is +5: 5 signals favor Brighton, 0 favor Tottenham, and 0 are neutral or unavailable. Context alignment is supportive; confidence is low and uncertainty is very_high. This interprets the existing prediction and does not alter or replace it."
-249775793382844,560794,football-data.org,2027-02-20 15:00:00+00:00,1803135600,UTC,NS,TIMED,,39,Premier League,England,2026,Regular Season - 26,55,Brentford,BRE,402,-39195573837902,Coventry City,COV,1076,6,4,1,3,0,7,4,3,6,4,WDDD,6,1,3,0,7,4,3,2,WD,4,1,1,0,4,1,3,2,DD,2,0,2,0,3,3,0,20,4,0,0,4,0,10,-10,0,4,LLLL,0,0,0,4,0,10,-10,2,LL,0,0,0,2,0,6,-6,2,LL,0,0,0,2,0,4,-4,0.4328435064935063,0.35295678765678756,0.21419970584970593,Home Win,0.4328435064935063,0.4328435064935063,0.35295678765678756,0.07988671883671874,1.060075545428,0.964922344637,LOW,VERY_HIGH,14,6,13,6,13,4,5,SUPPORTIVE,Model leans Brentford; context supports the home side,"Stage 7 gives Brentford the highest probability at 43.3%, 8.0 percentage points above the next outcome. The fixed context score is +5: 5 signals favor Brentford, 0 favor Coventry City, and 0 are neutral or unavailable. Context alignment is supportive; confidence is low and uncertainty is very_high. This interprets the existing prediction and does not alter or replace it."
-37189891936264,560796,football-data.org,2027-02-20 15:00:00+00:00,1803135600,UTC,NS,TIMED,,39,Premier League,England,2026,Regular Season - 26,40,Liverpool,LIV,64,-44103427291829,Hull City,HUL,322,7,4,1,3,0,6,4,2,6,4,DDWD,6,1,3,0,6,4,2,2,DD,2,0,2,0,2,2,0,2,DW,4,1,1,0,4,2,2,3,4,2,2,0,5,2,3,8,4,WWDD,8,2,2,0,5,2,3,2,WD,4,1,1,0,2,0,2,2,WD,4,1,1,0,3,2,1,0.42226226681814893,0.31321468792645263,0.2645230452553983,Home Win,0.42226226681814893,0.42226226681814893,0.31321468792645263,0.10904757889169630,1.079414683223,0.982525586466,LOW,VERY_HIGH,-4,-2,-1,-2,-1,-2,-5,CONTRADICTORY,Model leans Liverpool; context favors Hull City,"Stage 7 gives Liverpool the highest probability at 42.2%, 10.9 percentage points above the next outcome. The fixed context score is -5: 0 signals favor Liverpool, 5 favor Hull City, and 0 are neutral or unavailable. Context alignment is contradictory; confidence is low and uncertainty is very_high. This interprets the existing prediction and does not alter or replace it."
-100183754498761,560803,football-data.org,2027-02-27 15:00:00+00:00,1803740400,UTC,NS,TIMED,,39,Premier League,England,2026,Regular Season - 27,33,Manchester United,MUN,66,42,Arsenal,ARS,57,13,3,1,1,1,7,6,1,4,3,LWD,4,1,1,1,7,6,1,1,W,3,1,0,0,5,2,3,2,LD,1,0,1,1,2,4,-2,1,4,4,0,0,8,1,7,12,4,WWWW,12,4,0,0,8,1,7,2,WW,6,2,0,0,5,1,4,2,WW,6,2,0,0,3,0,3,0.22005216450216436,0.2985134421134421,0.4814343933843936,Away Win,0.4814343933843936,0.4814343933843936,0.2985134421134421,0.1829209512709515,1.045941319042,0.952056817341,LOW,VERY_HIGH,-12,-8,-6,-8,-6,-3,-5,SUPPORTIVE,Model leans Arsenal; context supports the away side,"Stage 7 gives Arsenal the highest probability at 48.1%, 18.3 percentage points above the next outcome. The fixed context score is -5: 0 signals favor Manchester United, 5 favor Arsenal, and 0 are neutral or unavailable. Context alignment is supportive; confidence is low and uncertainty is very_high. This interprets the existing prediction and does not alter or replace it."
-118191500006341,560802,football-data.org,2027-02-27 15:00:00+00:00,1803740400,UTC,NS,TIMED,,39,Premier League,England,2026,Regular Season - 27,52,Crystal Palace,CRY,354,-218557486738561,Sunderland,SUN,71,16,4,1,0,3,6,11,-5,3,4,LLWL,3,1,0,3,6,11,-5,2,LL,0,0,0,2,3,7,-4,2,LW,3,1,0,1,3,4,-1,14,4,1,1,2,3,5,-2,4,4,LWDL,4,1,1,2,3,5,-2,2,WL,3,1,0,1,1,2,-1,2,LD,1,0,1,1,2,3,-1,0.25740714285714283,0.30264855699855703,0.4399443001443002,Away Win,0.4399443001443002,0.4399443001443002,0.30264855699855703,0.13729574314574317,1.072288092692,0.976038684213,LOW,VERY_HIGH,-2,-1,-3,-1,-3,-1,-5,SUPPORTIVE,Model leans Sunderland; context supports the away side,"Stage 7 gives Sunderland the highest probability at 44.0%, 13.7 percentage points above the next outcome. The fixed context score is -5: 0 signals favor Crystal Palace, 5 favor Sunderland, and 0 are neutral or unavailable. Context alignment is supportive; confidence is low and uncertainty is very_high. This interprets the existing prediction and does not alter or replace it."
-159988560142955,560810,football-data.org,2027-02-27 15:00:00+00:00,1803740400,UTC,NS,TIMED,,39,Premier League,England,2026,Regular Season - 27,34,Newcastle,NEW,67,55,Brentford,BRE,402,10,3,1,2,0,6,4,2,5,3,DWD,5,1,2,0,6,4,2,2,DD,2,0,2,0,4,4,0,1,W,3,1,0,0,2,0,2,6,4,1,3,0,7,4,3,6,4,WDDD,6,1,3,0,7,4,3,2,WD,4,1,1,0,4,1,3,2,DD,2,0,2,0,3,3,0,0.4584132756132754,0.21927979797979788,0.32230692640692643,Home Win,0.4584132756132754,0.4584132756132754,0.32230692640692643,0.13610634920634897,1.055224075506,0.960506346406,LOW,VERY_HIGH,-4,-1,-1,-1,-1,0,-4,CONTRADICTORY,Model leans Newcastle; context favors Brentford,"Stage 7 gives Newcastle the highest probability at 45.8%, 13.6 percentage points above the next outcome. The fixed context score is -4: 0 signals favor Newcastle, 4 favor Brentford, and 1 are neutral or unavailable. Context alignment is contradictory; confidence is low and uncertainty is very_high. This interprets the existing prediction and does not alter or replace it."
-182844877198693,560808,football-data.org,2027-02-27 15:00:00+00:00,1803740400,UTC,NS,TIMED,,39,Premier League,England,2026,Regular Season - 27,66,Aston Villa,AVL,58,49,Chelsea,CHE,61,19,4,0,1,3,1,7,-6,1,4,LLDL,1,0,1,3,1,7,-6,2,LL,0,0,0,2,1,3,-2,2,LD,1,0,1,1,0,4,-4,5,4,2,1,1,10,9,1,7,4,WWLD,7,2,1,1,10,9,1,2,WD,4,1,1,0,6,5,1,2,WL,3,1,0,1,4,4,0,0.3206905483405484,0.2179906204906204,0.4613188311688311,Away Win,0.4613188311688311,0.4613188311688311,0.3206905483405484,0.1406282828282827,1.053686964799,0.959107207946,LOW,VERY_HIGH,-14,-6,-7,-6,-7,-3,-5,SUPPORTIVE,Model leans Chelsea; context supports the away side,"Stage 7 gives Chelsea the highest probability at 46.1%, 14.1 percentage points above the next outcome. The fixed context score is -5: 0 signals favor Aston Villa, 5 favor Chelsea, and 0 are neutral or unavailable. Context alignment is supportive; confidence is low and uncertainty is very_high. This interprets the existing prediction and does not alter or replace it."
-207995991906644,560805,football-data.org,2027-02-27 15:00:00+00:00,1803740400,UTC,NS,TIMED,,39,Premier League,England,2026,Regular Season - 27,-39195573837902,Coventry City,COV,1076,35,Bournemouth,BOU,1044,20,4,0,0,4,0,10,-10,0,4,LLLL,0,0,0,4,0,10,-10,2,LL,0,0,0,2,0,6,-6,2,LL,0,0,0,2,0,4,-4,15,4,0,3,1,6,7,-1,3,4,LDDD,3,0,3,1,6,7,-1,2,DD,2,0,2,0,3,3,0,2,LD,1,0,1,1,3,4,-1,0.2284277777777778,0.18266727716727726,0.5889049450549448,Away Win,0.5889049450549448,0.5889049450549448,0.2284277777777778,0.3604771672771670,0.959651838595,0.873512747394,MODERATE,VERY_HIGH,-5,-3,-9,-3,-9,-1,-5,SUPPORTIVE,Model leans Bournemouth; context supports the away side,"Stage 7 gives Bournemouth the highest probability at 58.9%, 36.0 percentage points above the next outcome. The fixed context score is -5: 0 signals favor Coventry City, 5 favor Bournemouth, and 0 are neutral or unavailable. Context alignment is supportive; confidence is moderate and uncertainty is very_high. This interprets the existing prediction and does not alter or replace it."
-210228867815316,560809,football-data.org,2027-02-27 15:00:00+00:00,1803740400,UTC,NS,TIMED,,39,Premier League,England,2026,Regular Season - 27,47,Tottenham,TOT,73,40,Liverpool,LIV,64,17,4,0,2,2,0,5,-5,2,4,LLDD,2,0,2,2,0,5,-5,2,LD,1,0,1,1,0,2,-2,2,LD,1,0,1,1,0,3,-3,7,4,1,3,0,6,4,2,6,4,DDWD,6,1,3,0,6,4,2,2,DD,2,0,2,0,2,2,0,2,DW,4,1,1,0,4,2,2,0.2519532467532467,0.1982761904761904,0.5497705627705627,Away Win,0.5497705627705627,0.5497705627705627,0.2519532467532467,0.2978173160173160,0.997052659028,0.907556441260,MODERATE,VERY_HIGH,-10,-4,-7,-4,-7,-3,-5,SUPPORTIVE,Model leans Liverpool; context supports the away side,"Stage 7 gives Liverpool the highest probability at 55.0%, 29.8 percentage points above the next outcome. The fixed context score is -5: 0 signals favor Tottenham, 5 favor Liverpool, and 0 are neutral or unavailable. Context alignment is supportive; confidence is moderate and uncertainty is very_high. This interprets the existing prediction and does not alter or replace it."
-211401219026700,560811,football-data.org,2027-02-27 15:00:00+00:00,1803740400,UTC,NS,TIMED,,39,Premier League,England,2026,Regular Season - 27,-44103427291829,Hull City,HUL,322,50,Manchester City,MCI,65,3,4,2,2,0,5,2,3,8,4,WWDD,8,2,2,0,5,2,3,2,WD,4,1,1,0,2,0,2,2,WD,4,1,1,0,3,2,1,2,3,3,0,0,7,2,5,9,3,WWW,9,3,0,0,7,2,5,2,WW,6,2,0,0,3,1,2,1,W,3,1,0,0,4,1,3,0.30799029304029296,0.256583016983017,0.4354266899766901,Away Win,0.4354266899766901,0.4354266899766901,0.30799029304029296,0.12743639693639714,1.073773123748,0.977390417733,LOW,VERY_HIGH,-1,-1,-2,-1,-2,1,-3,SUPPORTIVE,Model leans Manchester City; context supports the away side,"Stage 7 gives Manchester City the highest probability at 43.5%, 12.7 percentage points above the next outcome. The fixed context score is -3: 1 signals favor Hull City, 4 favor Manchester City, and 0 are neutral or unavailable. Context alignment is supportive; confidence is low and uncertainty is very_high. This interprets the existing prediction and does not alter or replace it."
-241788162846460,560806,football-data.org,2027-02-27 15:00:00+00:00,1803740400,UTC,NS,TIMED,,39,Premier League,England,2026,Regular Season - 27,45,Everton,EVE,62,65,Nottingham Forest,NOT,351,8,4,1,3,0,5,3,2,6,4,WDDD,6,1,3,0,5,3,2,2,WD,4,1,1,0,4,2,2,2,DD,2,0,2,0,1,1,0,12,4,1,2,1,4,4,0,5,4,LDDW,5,1,2,1,4,4,0,2,LD,1,0,1,1,0,1,-1,2,DW,4,1,1,0,4,3,1,0.29755153735153733,0.17278687423687436,0.5296615884115883,Away Win,0.5296615884115883,0.5296615884115883,0.29755153735153733,0.23211005106005097,1.000652630782,0.910833276765,MODERATE,VERY_HIGH,4,1,2,1,2,0,4,CONTRADICTORY,Model leans Nottingham Forest; context favors Everton,"Stage 7 gives Nottingham Forest the highest probability at 53.0%, 23.2 percentage points above the next outcome. The fixed context score is +4: 4 signals favor Everton, 0 favor Nottingham Forest, and 1 are neutral or unavailable. Context alignment is contradictory; confidence is moderate and uncertainty is very_high. This interprets the existing prediction and does not alter or replace it."
-275041355817050,560807,football-data.org,2027-02-27 15:00:00+00:00,1803740400,UTC,NS,TIMED,,39,Premier League,England,2026,Regular Season - 27,36,Fulham,FUL,63,-156530674508954,Leeds,LEE,341,18,4,0,1,3,4,7,-3,1,4,LLLD,1,0,1,3,4,7,-3,2,LL,0,0,0,2,4,6,-2,2,LD,1,0,1,1,0,1,-1,11,3,1,2,0,3,2,1,5,3,WDD,5,1,2,0,3,2,1,1,D,1,0,1,0,1,1,0,2,WD,4,1,1,0,2,1,1,0.23833686868686862,0.23091853701853704,0.5307445942945941,Away Win,0.5307445942945941,0.5307445942945941,0.23833686868686862,0.29240772560772548,1.016459949104,0.925221717970,MODERATE,VERY_HIGH,-7,-4,-4,-4,-4,-4,-5,SUPPORTIVE,Model leans Leeds; context supports the away side,"Stage 7 gives Leeds the highest probability at 53.1%, 29.2 percentage points above the next outcome. The fixed context score is -5: 0 signals favor Fulham, 5 favor Leeds, and 0 are neutral or unavailable. Context alignment is supportive; confidence is moderate and uncertainty is very_high. This interprets the existing prediction and does not alter or replace it."
-61313362632325,560804,football-data.org,2027-02-27 15:00:00+00:00,1803740400,UTC,NS,TIMED,,39,Premier League,England,2026,Regular Season - 27,57,Ipswich,IPS,349,51,Brighton,BHA,397,9,4,2,0,2,7,10,-3,6,4,WLLW,6,2,0,2,7,10,-3,2,WL,3,1,0,1,2,3,-1,2,LW,3,1,0,1,5,7,-2,4,4,2,1,1,13,5,8,7,4,WLDW,7,2,1,1,13,5,8,2,WD,4,1,1,0,5,1,4,2,LW,3,1,0,1,8,4,4,0.13941914196914207,0.2499157342657342,0.6106651237651232,Away Win,0.6106651237651232,0.6106651237651232,0.2499157342657342,0.3607493894993890,0.922418481814,0.839621485512,HIGH,VERY_HIGH,-5,-1,-11,-1,-11,0,-4,SUPPORTIVE,Model leans Brighton; context supports the away side,"Stage 7 gives Brighton the highest probability at 61.1%, 36.1 percentage points above the next outcome. The fixed context score is -4: 0 signals favor Ipswich, 4 favor Brighton, and 1 are neutral or unavailable. Context alignment is supportive; confidence is high and uncertainty is very_high. This interprets the existing prediction and does not alter or replace it."
-157583227192001,560817,football-data.org,2027-03-03 20:00:00+00:00,1804104000,UTC,NS,TIMED,,39,Premier League,England,2026,Regular Season - 28,-218557486738561,Sunderland,SUN,71,33,Manchester United,MUN,66,14,4,1,1,2,3,5,-2,4,4,LWDL,4,1,1,2,3,5,-2,2,WL,3,1,0,1,1,2,-1,2,LD,1,0,1,1,2,3,-1,13,3,1,1,1,7,6,1,4,3,LWD,4,1,1,1,7,6,1,1,W,3,1,0,0,5,2,3,2,LD,1,0,1,1,2,4,-2,0.35460522255522237,0.17100158730158738,0.47439319014319004,Away Win,0.47439319014319004,0.47439319014319004,0.35460522255522237,0.11978796758796767,1.023403834741,0.931542315062,LOW,VERY_HIGH,-1,0,-3,0,-3,2,-1,MIXED,Model leans Manchester United; context is mixed,"Stage 7 gives Manchester United the highest probability at 47.4%, 12.0 percentage points above the next outcome. The fixed context score is -1: 1 signals favor Sunderland, 2 favor Manchester United, and 2 are neutral or unavailable. Context alignment is mixed; confidence is low and uncertainty is very_high. This interprets the existing prediction and does not alter or replace it."
-186384423446399,560818,football-data.org,2027-03-03 20:00:00+00:00,1804104000,UTC,NS,TIMED,,39,Premier League,England,2026,Regular Season - 28,40,Liverpool,LIV,64,66,Aston Villa,AVL,58,7,4,1,3,0,6,4,2,6,4,DDWD,6,1,3,0,6,4,2,2,DD,2,0,2,0,2,2,0,2,DW,4,1,1,0,4,2,2,19,4,0,1,3,1,7,-6,1,4,LLDL,1,0,1,3,1,7,-6,2,LL,0,0,0,2,1,3,-2,2,LD,1,0,1,1,0,4,-4,0.5326191197691194,0.22127720057720043,0.24610367965367974,Home Win,0.5326191197691194,0.5326191197691194,0.24610367965367974,0.28651544011543966,1.014321713293,0.923275411859,MODERATE,VERY_HIGH,12,5,8,5,8,1,5,SUPPORTIVE,Model leans Liverpool; context supports the home side,"Stage 7 gives Liverpool the highest probability at 53.3%, 28.7 percentage points above the next outcome. The fixed context score is +5: 5 signals favor Liverpool, 0 favor Aston Villa, and 0 are neutral or unavailable. Context alignment is supportive; confidence is moderate and uncertainty is very_high. This interprets the existing prediction and does not alter or replace it."
-191409132995350,560814,football-data.org,2027-03-03 20:00:00+00:00,1804104000,UTC,NS,TIMED,,39,Premier League,England,2026,Regular Season - 28,50,Manchester City,MCI,65,45,Everton,EVE,62,2,3,3,0,0,7,2,5,9,3,WWW,9,3,0,0,7,2,5,2,WW,6,2,0,0,3,1,2,1,W,3,1,0,0,4,1,3,8,4,1,3,0,5,3,2,6,4,WDDD,6,1,3,0,5,3,2,2,WD,4,1,1,0,4,2,2,2,DD,2,0,2,0,1,1,0,0.6018822732822734,0.1832417027417027,0.2148760239760241,Home Win,0.6018822732822734,0.6018822732822734,0.2148760239760241,0.3870062493062493,0.946937112642,0.861939305076,HIGH,VERY_HIGH,6,3,3,3,3,4,5,SUPPORTIVE,Model leans Manchester City; context supports the home side,"Stage 7 gives Manchester City the highest probability at 60.2%, 38.7 percentage points above the next outcome. The fixed context score is +5: 5 signals favor Manchester City, 0 favor Everton, and 0 are neutral or unavailable. Context alignment is supportive; confidence is high and uncertainty is very_high. This interprets the existing prediction and does not alter or replace it."
-199683948361974,560812,football-data.org,2027-03-03 20:00:00+00:00,1804104000,UTC,NS,TIMED,,39,Premier League,England,2026,Regular Season - 28,65,Nottingham Forest,NOT,351,34,Newcastle,NEW,67,12,4,1,2,1,4,4,0,5,4,LDDW,5,1,2,1,4,4,0,2,LD,1,0,1,1,0,1,-1,2,DW,4,1,1,0,4,3,1,10,3,1,2,0,6,4,2,5,3,DWD,5,1,2,0,6,4,2,2,DD,2,0,2,0,4,4,0,1,W,3,1,0,0,2,0,2,0.32958975468975465,0.18683513708513722,0.483575108225108,Away Win,0.483575108225108,0.483575108225108,0.32958975468975465,0.15398535353535335,1.030575965858,0.938070670143,LOW,VERY_HIGH,-2,0,-2,0,-2,-2,-3,SUPPORTIVE,Model leans Newcastle; context supports the away side,"Stage 7 gives Newcastle the highest probability at 48.4%, 15.4 percentage points above the next outcome. The fixed context score is -3: 0 signals favor Nottingham Forest, 3 favor Newcastle, and 2 are neutral or unavailable. Context alignment is supportive; confidence is low and uncertainty is very_high. This interprets the existing prediction and does not alter or replace it."
-218786637374675,560815,football-data.org,2027-03-03 20:00:00+00:00,1804104000,UTC,NS,TIMED,,39,Premier League,England,2026,Regular Season - 28,42,Arsenal,ARS,57,52,Crystal Palace,CRY,354,1,4,4,0,0,8,1,7,12,4,WWWW,12,4,0,0,8,1,7,2,WW,6,2,0,0,5,1,4,2,WW,6,2,0,0,3,0,3,16,4,1,0,3,6,11,-5,3,4,LLWL,3,1,0,3,6,11,-5,2,LL,0,0,0,2,3,7,-4,2,LW,3,1,0,1,3,4,-1,0.6770396825396825,0.1427334776334777,0.18022683982683987,Home Win,0.6770396825396825,0.6770396825396825,0.18022683982683987,0.49681284271284263,0.850758521284,0.774393778460,HIGH,HIGH,15,9,12,9,12,3,5,SUPPORTIVE,Model leans Arsenal; context supports the home side,"Stage 7 gives Arsenal the highest probability at 67.7%, 49.7 percentage points above the next outcome. The fixed context score is +5: 5 signals favor Arsenal, 0 favor Crystal Palace, and 0 are neutral or unavailable. Context alignment is supportive; confidence is high and uncertainty is high. This interprets the existing prediction and does not alter or replace it."
-237344731233137,560813,football-data.org,2027-03-03 20:00:00+00:00,1804104000,UTC,NS,TIMED,,39,Premier League,England,2026,Regular Season - 28,35,Bournemouth,BOU,1044,47,Tottenham,TOT,73,15,4,0,3,1,6,7,-1,3,4,LDDD,3,0,3,1,6,7,-1,2,DD,2,0,2,0,3,3,0,2,LD,1,0,1,1,3,4,-1,17,4,0,2,2,0,5,-5,2,4,LLDD,2,0,2,2,0,5,-5,2,LD,1,0,1,1,0,2,-2,2,LD,1,0,1,1,0,3,-3,0.35596911976911977,0.23207943722943727,0.4119514430014429,Away Win,0.4119514430014429,0.4119514430014429,0.35596911976911977,0.05598232323232313,1.072016339154,0.975791323483,LOW,VERY_HIGH,2,1,4,1,4,1,5,CONTRADICTORY,Model leans Tottenham; context favors Bournemouth,"Stage 7 gives Tottenham the highest probability at 41.2%, 5.6 percentage points above the next outcome. The fixed context score is +5: 5 signals favor Bournemouth, 0 favor Tottenham, and 0 are neutral or unavailable. Context alignment is contradictory; confidence is low and uncertainty is very_high. This interprets the existing prediction and does not alter or replace it."
-65168597361904,560820,football-data.org,2027-03-03 20:00:00+00:00,1804104000,UTC,NS,TIMED,,39,Premier League,England,2026,Regular Season - 28,55,Brentford,BRE,402,57,Ipswich,IPS,349,6,4,1,3,0,7,4,3,6,4,WDDD,6,1,3,0,7,4,3,2,WD,4,1,1,0,4,1,3,2,DD,2,0,2,0,3,3,0,9,4,2,0,2,7,10,-3,6,4,WLLW,6,2,0,2,7,10,-3,2,WL,3,1,0,1,2,3,-1,2,LW,3,1,0,1,5,7,-2,0.5486268398268398,0.23274963924963915,0.21862352092352097,Home Win,0.5486268398268398,0.5486268398268398,0.23274963924963915,0.31587720057720065,1.001057510825,0.911201814463,MODERATE,VERY_HIGH,3,0,6,0,6,1,3,SUPPORTIVE,Model leans Brentford; context supports the home side,"Stage 7 gives Brentford the highest probability at 54.9%, 31.6 percentage points above the next outcome. The fixed context score is +3: 3 signals favor Brentford, 0 favor Ipswich, and 2 are neutral or unavailable. Context alignment is supportive; confidence is moderate and uncertainty is very_high. This interprets the existing prediction and does not alter or replace it."
-81265596709463,560819,football-data.org,2027-03-03 20:00:00+00:00,1804104000,UTC,NS,TIMED,,39,Premier League,England,2026,Regular Season - 28,51,Brighton,BHA,397,36,Fulham,FUL,63,4,4,2,1,1,13,5,8,7,4,WLDW,7,2,1,1,13,5,8,2,WD,4,1,1,0,5,1,4,2,LW,3,1,0,1,8,4,4,18,4,0,1,3,4,7,-3,1,4,LLLD,1,0,1,3,4,7,-3,2,LL,0,0,0,2,4,6,-2,2,LD,1,0,1,1,0,1,-1,0.4636489177489176,0.2571432900432899,0.2792077922077924,Home Win,0.4636489177489176,0.4636489177489176,0.2792077922077924,0.1844411255411252,1.061818310858,0.966508678094,LOW,VERY_HIGH,14,6,11,6,11,3,5,SUPPORTIVE,Model leans Brighton; context supports the home side,"Stage 7 gives Brighton the highest probability at 46.4%, 18.4 percentage points above the next outcome. The fixed context score is +5: 5 signals favor Brighton, 0 favor Fulham, and 0 are neutral or unavailable. Context alignment is supportive; confidence is low and uncertainty is very_high. This interprets the existing prediction and does not alter or replace it."
-81860367058413,560821,football-data.org,2027-03-03 20:00:00+00:00,1804104000,UTC,NS,TIMED,,39,Premier League,England,2026,Regular Season - 28,49,Chelsea,CHE,61,-39195573837902,Coventry City,COV,1076,5,4,2,1,1,10,9,1,7,4,WWLD,7,2,1,1,10,9,1,2,WD,4,1,1,0,6,5,1,2,WL,3,1,0,1,4,4,0,20,4,0,0,4,0,10,-10,0,4,LLLL,0,0,0,4,0,10,-10,2,LL,0,0,0,2,0,6,-6,2,LL,0,0,0,2,0,4,-4,0.470413131313131,0.34346400266400257,0.1861228660228661,Home Win,0.470413131313131,0.470413131313131,0.34346400266400257,0.12694912864912843,1.034747276260,0.941867560497,LOW,VERY_HIGH,15,7,11,7,11,4,5,SUPPORTIVE,Model leans Chelsea; context supports the home side,"Stage 7 gives Chelsea the highest probability at 47.0%, 12.7 percentage points above the next outcome. The fixed context score is +5: 5 signals favor Chelsea, 0 favor Coventry City, and 0 are neutral or unavailable. Context alignment is supportive; confidence is low and uncertainty is very_high. This interprets the existing prediction and does not alter or replace it."
-96443906534986,560816,football-data.org,2027-03-03 20:00:00+00:00,1804104000,UTC,NS,TIMED,,39,Premier League,England,2026,Regular Season - 28,-156530674508954,Leeds,LEE,341,-44103427291829,Hull City,HUL,322,11,3,1,2,0,3,2,1,5,3,WDD,5,1,2,0,3,2,1,1,D,1,0,1,0,1,1,0,2,WD,4,1,1,0,2,1,1,3,4,2,2,0,5,2,3,8,4,WWDD,8,2,2,0,5,2,3,2,WD,4,1,1,0,2,0,2,2,WD,4,1,1,0,3,2,1,0.36417133422133396,0.21156980796980793,0.4242588578088578,Away Win,0.4242588578088578,0.4242588578088578,0.36417133422133396,0.06008752358752384,1.060235395536,0.965067846475,LOW,VERY_HIGH,-8,-3,-2,-3,-2,-3,-5,SUPPORTIVE,Model leans Hull City; context supports the away side,"Stage 7 gives Hull City the highest probability at 42.4%, 6.0 percentage points above the next outcome. The fixed context score is -5: 0 signals favor Leeds, 5 favor Hull City, and 0 are neutral or unavailable. Context alignment is supportive; confidence is low and uncertainty is very_high. This interprets the existing prediction and does not alter or replace it."
-149747078571044,560828,football-data.org,2027-03-13 15:00:00+00:00,1804950000,UTC,NS,TIMED,,39,Premier League,England,2026,Regular Season - 29,49,Chelsea,CHE,61,42,Arsenal,ARS,57,5,4,2,1,1,10,9,1,7,4,WWLD,7,2,1,1,10,9,1,2,WD,4,1,1,0,6,5,1,2,WL,3,1,0,1,4,4,0,1,4,4,0,0,8,1,7,12,4,WWWW,12,4,0,0,8,1,7,2,WW,6,2,0,0,5,1,4,2,WW,6,2,0,0,3,0,3,0.18284898989898976,0.2936144522144522,0.5235365578865578,Away Win,0.5235365578865578,0.5235365578865578,0.2936144522144522,0.2299221056721056,1.009304514156,0.918708560397,MODERATE,VERY_HIGH,-4,-5,-6,-5,-6,-2,-5,SUPPORTIVE,Model leans Arsenal; context supports the away side,"Stage 7 gives Arsenal the highest probability at 52.4%, 23.0 percentage points above the next outcome. The fixed context score is -5: 0 signals favor Chelsea, 5 favor Arsenal, and 0 are neutral or unavailable. Context alignment is supportive; confidence is moderate and uncertainty is very_high. This interprets the existing prediction and does not alter or replace it."
-175209301961520,560824,football-data.org,2027-03-13 15:00:00+00:00,1804950000,UTC,NS,TIMED,,39,Premier League,England,2026,Regular Season - 29,52,Crystal Palace,CRY,354,36,Fulham,FUL,63,16,4,1,0,3,6,11,-5,3,4,LLWL,3,1,0,3,6,11,-5,2,LL,0,0,0,2,3,7,-4,2,LW,3,1,0,1,3,4,-1,18,4,0,1,3,4,7,-3,1,4,LLLD,1,0,1,3,4,7,-3,2,LL,0,0,0,2,4,6,-2,2,LD,1,0,1,1,0,1,-1,0.2823625763125761,0.22253297813297818,0.49510444555444566,Away Win,0.49510444555444566,0.49510444555444566,0.2823625763125761,0.21274186924186956,1.039512961207,0.946205473877,LOW,VERY_HIGH,2,2,-2,2,-2,-1,1,MIXED,Model leans Fulham; context is mixed,"Stage 7 gives Fulham the highest probability at 49.5%, 21.3 percentage points above the next outcome. The fixed context score is +1: 3 signals favor Crystal Palace, 2 favor Fulham, and 0 are neutral or unavailable. Context alignment is mixed; confidence is low and uncertainty is very_high. This interprets the existing prediction and does not alter or replace it."
-203260236662031,560826,football-data.org,2027-03-13 15:00:00+00:00,1804950000,UTC,NS,TIMED,,39,Premier League,England,2026,Regular Season - 29,-39195573837902,Coventry City,COV,1076,50,Manchester City,MCI,65,20,4,0,0,4,0,10,-10,0,4,LLLL,0,0,0,4,0,10,-10,2,LL,0,0,0,2,0,6,-6,2,LL,0,0,0,2,0,4,-4,2,3,3,0,0,7,2,5,9,3,WWW,9,3,0,0,7,2,5,2,WW,6,2,0,0,3,1,2,1,W,3,1,0,0,4,1,3,0.1939428571428571,0.1554443001443001,0.6506128427128428,Away Win,0.6506128427128428,0.6506128427128428,0.1939428571428571,0.4566699855699857,0.887117794363,0.807489415067,HIGH,VERY_HIGH,-18,-9,-15,-9,-15,-3,-5,SUPPORTIVE,Model leans Manchester City; context supports the away side,"Stage 7 gives Manchester City the highest probability at 65.1%, 45.7 percentage points above the next outcome. The fixed context score is -5: 0 signals favor Coventry City, 5 favor Manchester City, and 0 are neutral or unavailable. Context alignment is supportive; confidence is high and uncertainty is very_high. This interprets the existing prediction and does not alter or replace it."
-215237533565519,560830,football-data.org,2027-03-13 15:00:00+00:00,1804950000,UTC,NS,TIMED,,39,Premier League,England,2026,Regular Season - 29,33,Manchester United,MUN,66,45,Everton,EVE,62,13,3,1,1,1,7,6,1,4,3,LWD,4,1,1,1,7,6,1,1,W,3,1,0,0,5,2,3,2,LD,1,0,1,1,2,4,-2,8,4,1,3,0,5,3,2,6,4,WDDD,6,1,3,0,5,3,2,2,WD,4,1,1,0,4,2,2,2,DD,2,0,2,0,1,1,0,0.5354931457431455,0.22308073593073574,0.24142611832611846,Home Win,0.5354931457431455,0.5354931457431455,0.24142611832611846,0.29406702741702704,1.012234786428,0.921375809163,MODERATE,VERY_HIGH,-5,-2,-1,-2,-1,1,-3,CONTRADICTORY,Model leans Manchester United; context favors Everton,"Stage 7 gives Manchester United the highest probability at 53.5%, 29.4 percentage points above the next outcome. The fixed context score is -3: 1 signals favor Manchester United, 4 favor Everton, and 0 are neutral or unavailable. Context alignment is contradictory; confidence is moderate and uncertainty is very_high. This interprets the existing prediction and does not alter or replace it."
-234979921296614,560825,football-data.org,2027-03-13 15:00:00+00:00,1804950000,UTC,NS,TIMED,,39,Premier League,England,2026,Regular Season - 29,40,Liverpool,LIV,64,57,Ipswich,IPS,349,7,4,1,3,0,6,4,2,6,4,DDWD,6,1,3,0,6,4,2,2,DD,2,0,2,0,2,2,0,2,DW,4,1,1,0,4,2,2,9,4,2,0,2,7,10,-3,6,4,WLLW,6,2,0,2,7,10,-3,2,WL,3,1,0,1,2,3,-1,2,LW,3,1,0,1,5,7,-2,0.6398895382395381,0.19960757575757576,0.16050288600288598,Home Win,0.6398895382395381,0.6398895382395381,0.19960757575757576,0.44028196248196234,0.900963877578,0.820092663145,HIGH,VERY_HIGH,2,0,5,0,5,-1,1,MIXED,Model leans Liverpool; context is mixed,"Stage 7 gives Liverpool the highest probability at 64.0%, 44.0 percentage points above the next outcome. The fixed context score is +1: 2 signals favor Liverpool, 1 favor Ipswich, and 2 are neutral or unavailable. Context alignment is mixed; confidence is high and uncertainty is very_high. This interprets the existing prediction and does not alter or replace it."
-255950026865779,560822,football-data.org,2027-03-13 15:00:00+00:00,1804950000,UTC,NS,TIMED,,39,Premier League,England,2026,Regular Season - 29,-156530674508954,Leeds,LEE,341,51,Brighton,BHA,397,11,3,1,2,0,3,2,1,5,3,WDD,5,1,2,0,3,2,1,1,D,1,0,1,0,1,1,0,2,WD,4,1,1,0,2,1,1,4,4,2,1,1,13,5,8,7,4,WLDW,7,2,1,1,13,5,8,2,WD,4,1,1,0,5,1,4,2,LW,3,1,0,1,8,4,4,0.43125562770562714,0.16810173160173159,0.4006426406926407,Home Win,0.43125562770562714,0.43125562770562714,0.4006426406926407,0.03061298701298644,1.028928008937,0.936570635110,LOW,VERY_HIGH,-7,-2,-7,-2,-7,-2,-5,CONTRADICTORY,Model leans Leeds; context favors Brighton,"Stage 7 gives Leeds the highest probability at 43.1%, 3.1 percentage points above the next outcome. The fixed context score is -5: 0 signals favor Leeds, 5 favor Brighton, and 0 are neutral or unavailable. Context alignment is contradictory; confidence is low and uncertainty is very_high. This interprets the existing prediction and does not alter or replace it."
-32438770652528,560831,football-data.org,2027-03-13 15:00:00+00:00,1804950000,UTC,NS,TIMED,,39,Premier League,England,2026,Regular Season - 29,-218557486738561,Sunderland,SUN,71,55,Brentford,BRE,402,14,4,1,1,2,3,5,-2,4,4,LWDL,4,1,1,2,3,5,-2,2,WL,3,1,0,1,1,2,-1,2,LD,1,0,1,1,2,3,-1,6,4,1,3,0,7,4,3,6,4,WDDD,6,1,3,0,7,4,3,2,WD,4,1,1,0,4,1,3,2,DD,2,0,2,0,3,3,0,0.44674610389610375,0.14359538239538244,0.409658513708514,Home Win,0.44674610389610375,0.44674610389610375,0.409658513708514,0.03708759018758975,1.004247978216,0.914105903033,LOW,VERY_HIGH,-8,-2,-5,-2,-5,1,-3,CONTRADICTORY,Model leans Sunderland; context favors Brentford,"Stage 7 gives Sunderland the highest probability at 44.7%, 3.7 percentage points above the next outcome. The fixed context score is -3: 1 signals favor Sunderland, 4 favor Brentford, and 0 are neutral or unavailable. Context alignment is contradictory; confidence is low and uncertainty is very_high. This interprets the existing prediction and does not alter or replace it."
-68589279622630,560827,football-data.org,2027-03-13 15:00:00+00:00,1804950000,UTC,NS,TIMED,,39,Premier League,England,2026,Regular Season - 29,35,Bournemouth,BOU,1044,34,Newcastle,NEW,67,15,4,0,3,1,6,7,-1,3,4,LDDD,3,0,3,1,6,7,-1,2,DD,2,0,2,0,3,3,0,2,LD,1,0,1,1,3,4,-1,10,3,1,2,0,6,4,2,5,3,DWD,5,1,2,0,6,4,2,2,DD,2,0,2,0,4,4,0,1,W,3,1,0,0,2,0,2,0.29409624819624824,0.21707005772005783,0.48883369408369376,Away Win,0.48883369408369376,0.48883369408369376,0.29409624819624824,0.19473744588744552,1.041385677844,0.947910094021,LOW,VERY_HIGH,-5,-2,-3,-2,-3,-1,-5,SUPPORTIVE,Model leans Newcastle; context supports the away side,"Stage 7 gives Newcastle the highest probability at 48.9%, 19.5 percentage points above the next outcome. The fixed context score is -5: 0 signals favor Bournemouth, 5 favor Newcastle, and 0 are neutral or unavailable. Context alignment is supportive; confidence is low and uncertainty is very_high. This interprets the existing prediction and does not alter or replace it."
-85142141902909,560829,football-data.org,2027-03-13 15:00:00+00:00,1804950000,UTC,NS,TIMED,,39,Premier League,England,2026,Regular Season - 29,66,Aston Villa,AVL,58,-44103427291829,Hull City,HUL,322,19,4,0,1,3,1,7,-6,1,4,LLDL,1,0,1,3,1,7,-6,2,LL,0,0,0,2,1,3,-2,2,LD,1,0,1,1,0,4,-4,3,4,2,2,0,5,2,3,8,4,WWDD,8,2,2,0,5,2,3,2,WD,4,1,1,0,2,0,2,2,WD,4,1,1,0,3,2,1,0.3617183940242764,0.2890226244343892,0.3492589815413346,Home Win,0.3617183940242764,0.3617183940242764,0.3492589815413346,0.0124594124829418,1.093977021041,0.995780797580,VERY_LOW,VERY_HIGH,-16,-7,-9,-7,-9,-4,-5,CONTRADICTORY,Model leans Aston Villa; context favors Hull City,"Stage 7 gives Aston Villa the highest probability at 36.2%, 1.2 percentage points above the next outcome. The fixed context score is -5: 0 signals favor Aston Villa, 5 favor Hull City, and 0 are neutral or unavailable. Context alignment is contradictory; confidence is very_low and uncertainty is very_high. This interprets the existing prediction and does not alter or replace it."
-89392085170315,560823,football-data.org,2027-03-13 15:00:00+00:00,1804950000,UTC,NS,TIMED,,39,Premier League,England,2026,Regular Season - 29,47,Tottenham,TOT,73,65,Nottingham Forest,NOT,351,17,4,0,2,2,0,5,-5,2,4,LLDD,2,0,2,2,0,5,-5,2,LD,1,0,1,1,0,2,-2,2,LD,1,0,1,1,0,3,-3,12,4,1,2,1,4,4,0,5,4,LDDW,5,1,2,1,4,4,0,2,LD,1,0,1,1,0,1,-1,2,DW,4,1,1,0,4,3,1,0.2844589466089466,0.19607611832611838,0.5194649350649349,Away Win,0.5194649350649349,0.5194649350649349,0.2844589466089466,0.2350059884559883,1.017296345012,0.925983038334,MODERATE,VERY_HIGH,-5,-3,-5,-3,-5,-3,-5,SUPPORTIVE,Model leans Nottingham Forest; context supports the away side,"Stage 7 gives Nottingham Forest the highest probability at 51.9%, 23.5 percentage points above the next outcome. The fixed context score is -5: 0 signals favor Tottenham, 5 favor Nottingham Forest, and 0 are neutral or unavailable. Context alignment is supportive; confidence is moderate and uncertainty is very_high. This interprets the existing prediction and does not alter or replace it."
-164895206000017,560841,football-data.org,2027-03-20 15:00:00+00:00,1805554800,UTC,NS,TIMED,,39,Premier League,England,2026,Regular Season - 30,34,Newcastle,NEW,67,-156530674508954,Leeds,LEE,341,10,3,1,2,0,6,4,2,5,3,DWD,5,1,2,0,6,4,2,2,DD,2,0,2,0,4,4,0,1,W,3,1,0,0,2,0,2,11,3,1,2,0,3,2,1,5,3,WDD,5,1,2,0,3,2,1,1,D,1,0,1,0,1,1,0,2,WD,4,1,1,0,2,1,1,0.47572619047619014,0.2568184704184704,0.2674553391053392,Home Win,0.47572619047619014,0.47572619047619014,0.2674553391053392,0.20827085137085094,1.055259282600,0.960538393285,LOW,VERY_HIGH,1,0,1,0,1,-2,1,MIXED,Model leans Newcastle; context is mixed,"Stage 7 gives Newcastle the highest probability at 47.6%, 20.8 percentage points above the next outcome. The fixed context score is +1: 2 signals favor Newcastle, 1 favor Leeds, and 2 are neutral or unavailable. Context alignment is mixed; confidence is low and uncertainty is very_high. This interprets the existing prediction and does not alter or replace it."
-192154474172460,560837,football-data.org,2027-03-20 15:00:00+00:00,1805554800,UTC,NS,TIMED,,39,Premier League,England,2026,Regular Season - 30,36,Fulham,FUL,63,40,Liverpool,LIV,64,18,4,0,1,3,4,7,-3,1,4,LLLD,1,0,1,3,4,7,-3,2,LL,0,0,0,2,4,6,-2,2,LD,1,0,1,1,0,1,-1,7,4,1,3,0,6,4,2,6,4,DDWD,6,1,3,0,6,4,2,2,DD,2,0,2,0,2,2,0,2,DW,4,1,1,0,4,2,2,0.22241738816738799,0.19663982683982684,0.5809427849927851,Away Win,0.5809427849927851,0.5809427849927851,0.22241738816738799,0.35852539682539711,0.969660865352,0.882623356168,MODERATE,VERY_HIGH,-11,-5,-5,-5,-5,-4,-5,SUPPORTIVE,Model leans Liverpool; context supports the away side,"Stage 7 gives Liverpool the highest probability at 58.1%, 35.9 percentage points above the next outcome. The fixed context score is -5: 0 signals favor Fulham, 5 favor Liverpool, and 0 are neutral or unavailable. Context alignment is supportive; confidence is moderate and uncertainty is very_high. This interprets the existing prediction and does not alter or replace it."
-194911469689232,560834,football-data.org,2027-03-20 15:00:00+00:00,1805554800,UTC,NS,TIMED,,39,Premier League,England,2026,Regular Season - 30,50,Manchester City,MCI,65,33,Manchester United,MUN,66,2,3,3,0,0,7,2,5,9,3,WWW,9,3,0,0,7,2,5,2,WW,6,2,0,0,3,1,2,1,W,3,1,0,0,4,1,3,13,3,1,1,1,7,6,1,4,3,LWD,4,1,1,1,7,6,1,1,W,3,1,0,0,5,2,3,2,LD,1,0,1,1,2,4,-2,0.603021500721501,0.17241139971139977,0.22456709956709972,Home Win,0.603021500721501,0.603021500721501,0.22456709956709972,0.37845440115440128,0.943495968761,0.858807040931,HIGH,VERY_HIGH,11,5,4,5,4,5,5,SUPPORTIVE,Model leans Manchester City; context supports the home side,"Stage 7 gives Manchester City the highest probability at 60.3%, 37.8 percentage points above the next outcome. The fixed context score is +5: 5 signals favor Manchester City, 0 favor Manchester United, and 0 are neutral or unavailable. Context alignment is supportive; confidence is high and uncertainty is very_high. This interprets the existing prediction and does not alter or replace it."
-198270768985708,560832,football-data.org,2027-03-20 15:00:00+00:00,1805554800,UTC,NS,TIMED,,39,Premier League,England,2026,Regular Season - 30,55,Brentford,BRE,402,35,Bournemouth,BOU,1044,6,4,1,3,0,7,4,3,6,4,WDDD,6,1,3,0,7,4,3,2,WD,4,1,1,0,4,1,3,2,DD,2,0,2,0,3,3,0,15,4,0,3,1,6,7,-1,3,4,LDDD,3,0,3,1,6,7,-1,2,DD,2,0,2,0,3,3,0,2,LD,1,0,1,1,3,4,-1,0.3015761904761905,0.23573744588744583,0.46268636363636345,Away Win,0.46268636363636345,0.46268636363636345,0.3015761904761905,0.16111017316017295,1.058753537098,0.963719000796,LOW,VERY_HIGH,9,3,4,3,4,3,5,CONTRADICTORY,Model leans Bournemouth; context favors Brentford,"Stage 7 gives Bournemouth the highest probability at 46.3%, 16.1 percentage points above the next outcome. The fixed context score is +5: 5 signals favor Brentford, 0 favor Bournemouth, and 0 are neutral or unavailable. Context alignment is contradictory; confidence is low and uncertainty is very_high. This interprets the existing prediction and does not alter or replace it."
-22796805836261,560839,football-data.org,2027-03-20 15:00:00+00:00,1805554800,UTC,NS,TIMED,,39,Premier League,England,2026,Regular Season - 30,65,Nottingham Forest,NOT,351,66,Aston Villa,AVL,58,12,4,1,2,1,4,4,0,5,4,LDDW,5,1,2,1,4,4,0,2,LD,1,0,1,1,0,1,-1,2,DW,4,1,1,0,4,3,1,19,4,0,1,3,1,7,-6,1,4,LLDL,1,0,1,3,1,7,-6,2,LL,0,0,0,2,1,3,-2,2,LD,1,0,1,1,0,4,-4,0.33849292929292923,0.23197698412698406,0.42953008658008657,Away Win,0.42953008658008657,0.42953008658008657,0.33849292929292923,0.09103715728715734,1.068598904648,0.972680640541,LOW,VERY_HIGH,7,4,6,4,6,0,4,CONTRADICTORY,Model leans Aston Villa; context favors Nottingham Forest,"Stage 7 gives Aston Villa the highest probability at 43.0%, 9.1 percentage points above the next outcome. The fixed context score is +4: 4 signals favor Nottingham Forest, 0 favor Aston Villa, and 1 are neutral or unavailable. Context alignment is contradictory; confidence is low and uncertainty is very_high. This interprets the existing prediction and does not alter or replace it."
-274628946570700,560833,football-data.org,2027-03-20 15:00:00+00:00,1805554800,UTC,NS,TIMED,,39,Premier League,England,2026,Regular Season - 30,51,Brighton,BHA,397,-39195573837902,Coventry City,COV,1076,4,4,2,1,1,13,5,8,7,4,WLDW,7,2,1,1,13,5,8,2,WD,4,1,1,0,5,1,4,2,LW,3,1,0,1,8,4,4,20,4,0,0,4,0,10,-10,0,4,LLLL,0,0,0,4,0,10,-10,2,LL,0,0,0,2,0,6,-6,2,LL,0,0,0,2,0,4,-4,0.4681530303030299,0.3178060661560661,0.2140409035409035,Home Win,0.4681530303030299,0.4681530303030299,0.3178060661560661,0.1503469641469638,1.049577888868,0.955366965848,LOW,VERY_HIGH,16,7,18,7,18,4,5,SUPPORTIVE,Model leans Brighton; context supports the home side,"Stage 7 gives Brighton the highest probability at 46.8%, 15.0 percentage points above the next outcome. The fixed context score is +5: 5 signals favor Brighton, 0 favor Coventry City, and 0 are neutral or unavailable. Context alignment is supportive; confidence is low and uncertainty is very_high. This interprets the existing prediction and does not alter or replace it."
-30252731897965,560835,football-data.org,2027-03-20 15:00:00+00:00,1805554800,UTC,NS,TIMED,,39,Premier League,England,2026,Regular Season - 30,57,Ipswich,IPS,349,52,Crystal Palace,CRY,354,9,4,2,0,2,7,10,-3,6,4,WLLW,6,2,0,2,7,10,-3,2,WL,3,1,0,1,2,3,-1,2,LW,3,1,0,1,5,7,-2,16,4,1,0,3,6,11,-5,3,4,LLWL,3,1,0,3,6,11,-5,2,LL,0,0,0,2,3,7,-4,2,LW,3,1,0,1,3,4,-1,0.19692881007881005,0.2161482739482739,0.5869229159729156,Away Win,0.5869229159729156,0.5869229159729156,0.2161482739482739,0.3707746420246417,0.963834880006,0.877320315773,MODERATE,VERY_HIGH,7,3,2,3,2,0,4,CONTRADICTORY,Model leans Crystal Palace; context favors Ipswich,"Stage 7 gives Crystal Palace the highest probability at 58.7%, 37.1 percentage points above the next outcome. The fixed context score is +4: 4 signals favor Ipswich, 0 favor Crystal Palace, and 1 are neutral or unavailable. Context alignment is contradictory; confidence is moderate and uncertainty is very_high. This interprets the existing prediction and does not alter or replace it."
-36926561275880,560836,football-data.org,2027-03-20 15:00:00+00:00,1805554800,UTC,NS,TIMED,,39,Premier League,England,2026,Regular Season - 30,42,Arsenal,ARS,57,-218557486738561,Sunderland,SUN,71,1,4,4,0,0,8,1,7,12,4,WWWW,12,4,0,0,8,1,7,2,WW,6,2,0,0,5,1,4,2,WW,6,2,0,0,3,0,3,14,4,1,1,2,3,5,-2,4,4,LWDL,4,1,1,2,3,5,-2,2,WL,3,1,0,1,1,2,-1,2,LD,1,0,1,1,2,3,-1,0.6930646464646462,0.15999343434343433,0.1469419191919192,Home Win,0.6930646464646462,0.6930646464646462,0.15999343434343433,0.53307121212121187,0.829100389965,0.754679697758,HIGH,HIGH,13,8,9,8,9,5,5,SUPPORTIVE,Model leans Arsenal; context supports the home side,"Stage 7 gives Arsenal the highest probability at 69.3%, 53.3 percentage points above the next outcome. The fixed context score is +5: 5 signals favor Arsenal, 0 favor Sunderland, and 0 are neutral or unavailable. Context alignment is supportive; confidence is high and uncertainty is high. This interprets the existing prediction and does not alter or replace it."
-50908756533264,560838,football-data.org,2027-03-20 15:00:00+00:00,1805554800,UTC,NS,TIMED,,39,Premier League,England,2026,Regular Season - 30,-44103427291829,Hull City,HUL,322,49,Chelsea,CHE,61,3,4,2,2,0,5,2,3,8,4,WWDD,8,2,2,0,5,2,3,2,WD,4,1,1,0,2,0,2,2,WD,4,1,1,0,3,2,1,5,4,2,1,1,10,9,1,7,4,WWLD,7,2,1,1,10,9,1,2,WD,4,1,1,0,6,5,1,2,WL,3,1,0,1,4,4,0,0.3839512598512595,0.23440278610278603,0.381645954045954,Home Win,0.3839512598512595,0.3839512598512595,0.381645954045954,0.0023053058053055,1.075209871417,0.978698201820,VERY_LOW,VERY_HIGH,2,1,2,1,2,1,5,SUPPORTIVE,Model leans Hull City; context supports the home side,"Stage 7 gives Hull City the highest probability at 38.4%, 0.2 percentage points above the next outcome. The fixed context score is +5: 5 signals favor Hull City, 0 favor Chelsea, and 0 are neutral or unavailable. Context alignment is supportive; confidence is very_low and uncertainty is very_high. This interprets the existing prediction and does not alter or replace it."
-94374463490034,560840,football-data.org,2027-03-20 15:00:00+00:00,1805554800,UTC,NS,TIMED,,39,Premier League,England,2026,Regular Season - 30,45,Everton,EVE,62,47,Tottenham,TOT,73,8,4,1,3,0,5,3,2,6,4,WDDD,6,1,3,0,5,3,2,2,WD,4,1,1,0,4,2,2,2,DD,2,0,2,0,1,1,0,17,4,0,2,2,0,5,-5,2,4,LLDD,2,0,2,2,0,5,-5,2,LD,1,0,1,1,0,2,-2,2,LD,1,0,1,1,0,3,-3,0.2993544233544234,0.23529264624264626,0.46535293040293035,Away Win,0.46535293040293035,0.46535293040293035,0.2993544233544234,0.16599850704850695,1.057486325840,0.962565535401,LOW,VERY_HIGH,9,4,7,4,7,3,5,CONTRADICTORY,Model leans Tottenham; context favors Everton,"Stage 7 gives Tottenham the highest probability at 46.5%, 16.6 percentage points above the next outcome. The fixed context score is +5: 5 signals favor Everton, 0 favor Tottenham, and 0 are neutral or unavailable. Context alignment is contradictory; confidence is low and uncertainty is very_high. This interprets the existing prediction and does not alter or replace it."
-125359324923706,560842,football-data.org,2027-04-10 14:00:00+00:00,1807365600,UTC,NS,TIMED,,39,Premier League,England,2026,Regular Season - 31,-218557486738561,Sunderland,SUN,71,57,Ipswich,IPS,349,14,4,1,1,2,3,5,-2,4,4,LWDL,4,1,1,2,3,5,-2,2,WL,3,1,0,1,1,2,-1,2,LD,1,0,1,1,2,3,-1,9,4,2,0,2,7,10,-3,6,4,WLLW,6,2,0,2,7,10,-3,2,WL,3,1,0,1,2,3,-1,2,LW,3,1,0,1,5,7,-2,0.6078108946608948,0.20077085137085143,0.191418253968254,Home Win,0.6078108946608948,0.6078108946608948,0.20077085137085143,0.40704004329004337,0.941450480915,0.856945157656,HIGH,VERY_HIGH,-5,-2,1,-2,1,0,-2,CONTRADICTORY,Model leans Sunderland; context favors Ipswich,"Stage 7 gives Sunderland the highest probability at 60.8%, 40.7 percentage points above the next outcome. The fixed context score is -2: 1 signals favor Sunderland, 3 favor Ipswich, and 1 are neutral or unavailable. Context alignment is contradictory; confidence is high and uncertainty is very_high. This interprets the existing prediction and does not alter or replace it."
-128931505788226,560843,football-data.org,2027-04-10 14:00:00+00:00,1807365600,UTC,NS,TIMED,,39,Premier League,England,2026,Regular Season - 31,-156530674508954,Leeds,LEE,341,65,Nottingham Forest,NOT,351,11,3,1,2,0,3,2,1,5,3,WDD,5,1,2,0,3,2,1,1,D,1,0,1,0,1,1,0,2,WD,4,1,1,0,2,1,1,12,4,1,2,1,4,4,0,5,4,LDDW,5,1,2,1,4,4,0,2,LD,1,0,1,1,0,1,-1,2,DW,4,1,1,0,4,3,1,0.42197229437229405,0.17503571428571427,0.4029919913419914,Home Win,0.42197229437229405,0.42197229437229405,0.4029919913419914,0.01898030303030265,1.035385119381,0.942448150326,LOW,VERY_HIGH,1,0,1,0,1,-3,1,MIXED,Model leans Leeds; context is mixed,"Stage 7 gives Leeds the highest probability at 42.2%, 1.9 percentage points above the next outcome. The fixed context score is +1: 2 signals favor Leeds, 1 favor Nottingham Forest, and 2 are neutral or unavailable. Context alignment is mixed; confidence is low and uncertainty is very_high. This interprets the existing prediction and does not alter or replace it."
-138776006818771,560846,football-data.org,2027-04-10 14:00:00+00:00,1807365600,UTC,NS,TIMED,,39,Premier League,England,2026,Regular Season - 31,40,Liverpool,LIV,64,34,Newcastle,NEW,67,7,4,1,3,0,6,4,2,6,4,DDWD,6,1,3,0,6,4,2,2,DD,2,0,2,0,2,2,0,2,DW,4,1,1,0,4,2,2,10,3,1,2,0,6,4,2,5,3,DWD,5,1,2,0,6,4,2,2,DD,2,0,2,0,4,4,0,1,W,3,1,0,0,2,0,2,0.477171645021645,0.21685173160173152,0.3059766233766234,Home Win,0.477171645021645,0.477171645021645,0.3059766233766234,0.1711950216450216,1.046867906831,0.952900233894,LOW,VERY_HIGH,3,1,0,1,0,-1,2,SUPPORTIVE,Model leans Liverpool; context supports the home side,"Stage 7 gives Liverpool the highest probability at 47.7%, 17.1 percentage points above the next outcome. The fixed context score is +2: 3 signals favor Liverpool, 1 favor Newcastle, and 1 are neutral or unavailable. Context alignment is supportive; confidence is low and uncertainty is very_high. This interprets the existing prediction and does not alter or replace it."
-154560891142975,560850,football-data.org,2027-04-10 14:00:00+00:00,1807365600,UTC,NS,TIMED,,39,Premier League,England,2026,Regular Season - 31,47,Tottenham,TOT,73,55,Brentford,BRE,402,17,4,0,2,2,0,5,-5,2,4,LLDD,2,0,2,2,0,5,-5,2,LD,1,0,1,1,0,2,-2,2,LD,1,0,1,1,0,3,-3,6,4,1,3,0,7,4,3,6,4,WDDD,6,1,3,0,7,4,3,2,WD,4,1,1,0,4,1,3,2,DD,2,0,2,0,3,3,0,0.32991522366522386,0.15667943722943733,0.5134053391053389,Away Win,0.5134053391053389,0.5134053391053389,0.32991522366522386,0.18349011544011504,0.998545146684,0.908914962070,MODERATE,VERY_HIGH,-11,-4,-8,-4,-8,-1,-5,SUPPORTIVE,Model leans Brentford; context supports the away side,"Stage 7 gives Brentford the highest probability at 51.3%, 18.3 percentage points above the next outcome. The fixed context score is -5: 0 signals favor Tottenham, 5 favor Brentford, and 0 are neutral or unavailable. Context alignment is supportive; confidence is moderate and uncertainty is very_high. This interprets the existing prediction and does not alter or replace it."
-172089816815537,560847,football-data.org,2027-04-10 14:00:00+00:00,1807365600,UTC,NS,TIMED,,39,Premier League,England,2026,Regular Season - 31,-39195573837902,Coventry City,COV,1076,42,Arsenal,ARS,57,20,4,0,0,4,0,10,-10,0,4,LLLL,0,0,0,4,0,10,-10,2,LL,0,0,0,2,0,6,-6,2,LL,0,0,0,2,0,4,-4,1,4,4,0,0,8,1,7,12,4,WWWW,12,4,0,0,8,1,7,2,WW,6,2,0,0,5,1,4,2,WW,6,2,0,0,3,0,3,0.20222301587301586,0.14171111111111112,0.6560658730158733,Away Win,0.6560658730158733,0.6560658730158733,0.20222301587301586,0.45384285714285744,0.876656456393,0.797967094884,HIGH,HIGH,-19,-12,-17,-12,-17,-6,-5,SUPPORTIVE,Model leans Arsenal; context supports the away side,"Stage 7 gives Arsenal the highest probability at 65.6%, 45.4 percentage points above the next outcome. The fixed context score is -5: 0 signals favor Coventry City, 5 favor Arsenal, and 0 are neutral or unavailable. Context alignment is supportive; confidence is high and uncertainty is high. This interprets the existing prediction and does not alter or replace it."
-187936821650405,560844,football-data.org,2027-04-10 14:00:00+00:00,1807365600,UTC,NS,TIMED,,39,Premier League,England,2026,Regular Season - 31,33,Manchester United,MUN,66,-44103427291829,Hull City,HUL,322,13,3,1,1,1,7,6,1,4,3,LWD,4,1,1,1,7,6,1,1,W,3,1,0,0,5,2,3,2,LD,1,0,1,1,2,4,-2,3,4,2,2,0,5,2,3,8,4,WWDD,8,2,2,0,5,2,3,2,WD,4,1,1,0,2,0,2,2,WD,4,1,1,0,3,2,1,0.41613621933621914,0.2548537296037296,0.32901005106005116,Home Win,0.41613621933621914,0.41613621933621914,0.32901005106005116,0.08712616827616798,1.078995712631,0.982144222998,LOW,VERY_HIGH,-10,-4,-2,-4,-2,-1,-5,CONTRADICTORY,Model leans Manchester United; context favors Hull City,"Stage 7 gives Manchester United the highest probability at 41.6%, 8.7 percentage points above the next outcome. The fixed context score is -5: 0 signals favor Manchester United, 5 favor Hull City, and 0 are neutral or unavailable. Context alignment is contradictory; confidence is low and uncertainty is very_high. This interprets the existing prediction and does not alter or replace it."
-230749230641489,560848,football-data.org,2027-04-10 14:00:00+00:00,1807365600,UTC,NS,TIMED,,39,Premier League,England,2026,Regular Season - 31,35,Bournemouth,BOU,1044,50,Manchester City,MCI,65,15,4,0,3,1,6,7,-1,3,4,LDDD,3,0,3,1,6,7,-1,2,DD,2,0,2,0,3,3,0,2,LD,1,0,1,1,3,4,-1,2,3,3,0,0,7,2,5,9,3,WWW,9,3,0,0,7,2,5,2,WW,6,2,0,0,3,1,2,1,W,3,1,0,0,4,1,3,0.2120284992784992,0.266411854811855,0.5215596459096458,Away Win,0.5215596459096458,0.5215596459096458,0.266411854811855,0.2551477910977908,1.020749324208,0.929126075447,MODERATE,VERY_HIGH,-13,-6,-6,-6,-6,-1,-5,SUPPORTIVE,Model leans Manchester City; context supports the away side,"Stage 7 gives Manchester City the highest probability at 52.2%, 25.5 percentage points above the next outcome. The fixed context score is -5: 0 signals favor Bournemouth, 5 favor Manchester City, and 0 are neutral or unavailable. Context alignment is supportive; confidence is moderate and uncertainty is very_high. This interprets the existing prediction and does not alter or replace it."
-240788442481882,560849,football-data.org,2027-04-10 14:00:00+00:00,1807365600,UTC,NS,TIMED,,39,Premier League,England,2026,Regular Season - 31,52,Crystal Palace,CRY,354,45,Everton,EVE,62,16,4,1,0,3,6,11,-5,3,4,LLWL,3,1,0,3,6,11,-5,2,LL,0,0,0,2,3,7,-4,2,LW,3,1,0,1,3,4,-1,8,4,1,3,0,5,3,2,6,4,WDDD,6,1,3,0,5,3,2,2,WD,4,1,1,0,4,2,2,2,DD,2,0,2,0,1,1,0,0.26540515040515034,0.21853564213564214,0.5160592074592075,Away Win,0.5160592074592075,0.5160592074592075,0.26540515040515034,0.25065405705405716,1.025800281605,0.933723655002,MODERATE,VERY_HIGH,-8,-3,-7,-3,-7,-2,-5,SUPPORTIVE,Model leans Everton; context supports the away side,"Stage 7 gives Everton the highest probability at 51.6%, 25.1 percentage points above the next outcome. The fixed context score is -5: 0 signals favor Crystal Palace, 5 favor Everton, and 0 are neutral or unavailable. Context alignment is supportive; confidence is moderate and uncertainty is very_high. This interprets the existing prediction and does not alter or replace it."
-30626770954549,560845,football-data.org,2027-04-10 14:00:00+00:00,1807365600,UTC,NS,TIMED,,39,Premier League,England,2026,Regular Season - 31,49,Chelsea,CHE,61,36,Fulham,FUL,63,5,4,2,1,1,10,9,1,7,4,WWLD,7,2,1,1,10,9,1,2,WD,4,1,1,0,6,5,1,2,WL,3,1,0,1,4,4,0,18,4,0,1,3,4,7,-3,1,4,LLLD,1,0,1,3,4,7,-3,2,LL,0,0,0,2,4,6,-2,2,LD,1,0,1,1,0,1,-1,0.49940490620490585,0.26450230880230874,0.23609278499278513,Home Win,0.49940490620490585,0.49940490620490585,0.26450230880230874,0.23490259740259711,1.039325975283,0.946035271955,LOW,VERY_HIGH,13,6,4,6,4,3,5,SUPPORTIVE,Model leans Chelsea; context supports the home side,"Stage 7 gives Chelsea the highest probability at 49.9%, 23.5 percentage points above the next outcome. The fixed context score is +5: 5 signals favor Chelsea, 0 favor Fulham, and 0 are neutral or unavailable. Context alignment is supportive; confidence is low and uncertainty is very_high. This interprets the existing prediction and does not alter or replace it."
-3447089155881,560851,football-data.org,2027-04-10 14:00:00+00:00,1807365600,UTC,NS,TIMED,,39,Premier League,England,2026,Regular Season - 31,66,Aston Villa,AVL,58,51,Brighton,BHA,397,19,4,0,1,3,1,7,-6,1,4,LLDL,1,0,1,3,1,7,-6,2,LL,0,0,0,2,1,3,-2,2,LD,1,0,1,1,0,4,-4,4,4,2,1,1,13,5,8,7,4,WLDW,7,2,1,1,13,5,8,2,WD,4,1,1,0,5,1,4,2,LW,3,1,0,1,8,4,4,0.3184279220779219,0.2235533189033189,0.45801875901875894,Away Win,0.45801875901875894,0.45801875901875894,0.3184279220779219,0.13959083694083704,1.056944040419,0.962071925939,LOW,VERY_HIGH,-15,-6,-14,-6,-14,-3,-5,SUPPORTIVE,Model leans Brighton; context supports the away side,"Stage 7 gives Brighton the highest probability at 45.8%, 14.0 percentage points above the next outcome. The fixed context score is -5: 0 signals favor Aston Villa, 5 favor Brighton, and 0 are neutral or unavailable. Context alignment is supportive; confidence is low and uncertainty is very_high. This interprets the existing prediction and does not alter or replace it."
-108217047020693,560852,football-data.org,2027-04-17 14:00:00+00:00,1807970400,UTC,NS,TIMED,,39,Premier League,England,2026,Regular Season - 32,51,Brighton,BHA,397,49,Chelsea,CHE,61,4,4,2,1,1,13,5,8,7,4,WLDW,7,2,1,1,13,5,8,2,WD,4,1,1,0,5,1,4,2,LW,3,1,0,1,8,4,4,5,4,2,1,1,10,9,1,7,4,WWLD,7,2,1,1,10,9,1,2,WD,4,1,1,0,6,5,1,2,WL,3,1,0,1,4,4,0,0.3638884559884559,0.2405456709956709,0.39556587301587326,Away Win,0.39556587301587326,0.39556587301587326,0.3638884559884559,0.03167741702741736,1.077460886718,0.980747164247,VERY_LOW,VERY_HIGH,1,0,7,0,7,1,3,CONTRADICTORY,Model leans Chelsea; context favors Brighton,"Stage 7 gives Chelsea the highest probability at 39.6%, 3.2 percentage points above the next outcome. The fixed context score is +3: 3 signals favor Brighton, 0 favor Chelsea, and 2 are neutral or unavailable. Context alignment is contradictory; confidence is very_low and uncertainty is very_high. This interprets the existing prediction and does not alter or replace it."
-153841978545026,560855,football-data.org,2027-04-17 14:00:00+00:00,1807970400,UTC,NS,TIMED,,39,Premier League,England,2026,Regular Season - 32,65,Nottingham Forest,NOT,351,40,Liverpool,LIV,64,12,4,1,2,1,4,4,0,5,4,LDDW,5,1,2,1,4,4,0,2,LD,1,0,1,1,0,1,-1,2,DW,4,1,1,0,4,3,1,7,4,1,3,0,6,4,2,6,4,DDWD,6,1,3,0,6,4,2,2,DD,2,0,2,0,2,2,0,2,DW,4,1,1,0,4,2,2,0.2948732767232768,0.2033600677100677,0.5017666555666556,Away Win,0.5017666555666556,0.5017666555666556,0.2948732767232768,0.2068933788433788,1.030037708388,0.937580727079,MODERATE,VERY_HIGH,-5,-1,-2,-1,-2,-3,-5,SUPPORTIVE,Model leans Liverpool; context supports the away side,"Stage 7 gives Liverpool the highest probability at 50.2%, 20.7 percentage points above the next outcome. The fixed context score is -5: 0 signals favor Nottingham Forest, 5 favor Liverpool, and 0 are neutral or unavailable. Context alignment is supportive; confidence is moderate and uncertainty is very_high. This interprets the existing prediction and does not alter or replace it."
-166450496199058,560854,football-data.org,2027-04-17 14:00:00+00:00,1807970400,UTC,NS,TIMED,,39,Premier League,England,2026,Regular Season - 32,55,Brentford,BRE,402,-156530674508954,Leeds,LEE,341,6,4,1,3,0,7,4,3,6,4,WDDD,6,1,3,0,7,4,3,2,WD,4,1,1,0,4,1,3,2,DD,2,0,2,0,3,3,0,11,3,1,2,0,3,2,1,5,3,WDD,5,1,2,0,3,2,1,1,D,1,0,1,0,1,1,0,2,WD,4,1,1,0,2,1,1,0.3842762626262626,0.25624906204906206,0.3594746753246752,Home Win,0.3842762626262626,0.3842762626262626,0.3594746753246752,0.0248015873015874,1.084212140031,0.986892419841,VERY_LOW,VERY_HIGH,5,1,2,1,2,0,4,SUPPORTIVE,Model leans Brentford; context supports the home side,"Stage 7 gives Brentford the highest probability at 38.4%, 2.5 percentage points above the next outcome. The fixed context score is +4: 4 signals favor Brentford, 0 favor Leeds, and 1 are neutral or unavailable. Context alignment is supportive; confidence is very_low and uncertainty is very_high. This interprets the existing prediction and does not alter or replace it."
-220145664365316,560858,football-data.org,2027-04-17 14:00:00+00:00,1807970400,UTC,NS,TIMED,,39,Premier League,England,2026,Regular Season - 32,57,Ipswich,IPS,349,33,Manchester United,MUN,66,9,4,2,0,2,7,10,-3,6,4,WLLW,6,2,0,2,7,10,-3,2,WL,3,1,0,1,2,3,-1,2,LW,3,1,0,1,5,7,-2,13,3,1,1,1,7,6,1,4,3,LWD,4,1,1,1,7,6,1,1,W,3,1,0,0,5,2,3,2,LD,1,0,1,1,2,4,-2,0.12176681096681101,0.2640652958152957,0.6141678932178929,Away Win,0.6141678932178929,0.6141678932178929,0.2640652958152957,0.3501025974025972,0.907415293659,0.825964995129,HIGH,VERY_HIGH,4,2,-4,2,-4,2,3,CONTRADICTORY,Model leans Manchester United; context favors Ipswich,"Stage 7 gives Manchester United the highest probability at 61.4%, 35.0 percentage points above the next outcome. The fixed context score is +3: 4 signals favor Ipswich, 1 favor Manchester United, and 0 are neutral or unavailable. Context alignment is contradictory; confidence is high and uncertainty is very_high. This interprets the existing prediction and does not alter or replace it."
-231900715348996,560859,football-data.org,2027-04-17 14:00:00+00:00,1807970400,UTC,NS,TIMED,,39,Premier League,England,2026,Regular Season - 32,50,Manchester City,MCI,65,52,Crystal Palace,CRY,354,2,3,3,0,0,7,2,5,9,3,WWW,9,3,0,0,7,2,5,2,WW,6,2,0,0,3,1,2,1,W,3,1,0,0,4,1,3,16,4,1,0,3,6,11,-5,3,4,LLWL,3,1,0,3,6,11,-5,2,LL,0,0,0,2,3,7,-4,2,LW,3,1,0,1,3,4,-1,0.6341180375180376,0.16380836940836946,0.20207359307359313,Home Win,0.6341180375180376,0.6341180375180376,0.20207359307359313,0.43204444444444447,0.908332991278,0.826800319501,HIGH,VERY_HIGH,14,6,10,6,10,3,5,SUPPORTIVE,Model leans Manchester City; context supports the home side,"Stage 7 gives Manchester City the highest probability at 63.4%, 43.2 percentage points above the next outcome. The fixed context score is +5: 5 signals favor Manchester City, 0 favor Crystal Palace, and 0 are neutral or unavailable. Context alignment is supportive; confidence is high and uncertainty is very_high. This interprets the existing prediction and does not alter or replace it."
-244156649499732,560857,football-data.org,2027-04-17 14:00:00+00:00,1807970400,UTC,NS,TIMED,,39,Premier League,England,2026,Regular Season - 32,42,Arsenal,ARS,57,66,Aston Villa,AVL,58,1,4,4,0,0,8,1,7,12,4,WWWW,12,4,0,0,8,1,7,2,WW,6,2,0,0,5,1,4,2,WW,6,2,0,0,3,0,3,19,4,0,1,3,1,7,-6,1,4,LLDL,1,0,1,3,1,7,-6,2,LL,0,0,0,2,1,3,-2,2,LD,1,0,1,1,0,4,-4,0.610558152958153,0.18806976911976905,0.20137207792207804,Home Win,0.610558152958153,0.610558152958153,0.20137207792207804,0.40918607503607496,0.938211051479,0.853996501911,HIGH,VERY_HIGH,18,11,13,11,13,5,5,SUPPORTIVE,Model leans Arsenal; context supports the home side,"Stage 7 gives Arsenal the highest probability at 61.1%, 40.9 percentage points above the next outcome. The fixed context score is +5: 5 signals favor Arsenal, 0 favor Aston Villa, and 0 are neutral or unavailable. Context alignment is supportive; confidence is high and uncertainty is very_high. This interprets the existing prediction and does not alter or replace it."
-248597668307382,560860,football-data.org,2027-04-17 14:00:00+00:00,1807970400,UTC,NS,TIMED,,39,Premier League,England,2026,Regular Season - 32,34,Newcastle,NEW,67,47,Tottenham,TOT,73,10,3,1,2,0,6,4,2,5,3,DWD,5,1,2,0,6,4,2,2,DD,2,0,2,0,4,4,0,1,W,3,1,0,0,2,0,2,17,4,0,2,2,0,5,-5,2,4,LLDD,2,0,2,2,0,5,-5,2,LD,1,0,1,1,0,2,-2,2,LD,1,0,1,1,0,3,-3,0.4424619769119767,0.27648109668109655,0.2810569264069266,Home Win,0.4424619769119767,0.4424619769119767,0.2810569264069266,0.1614050505050501,1.072948371911,0.976639696259,LOW,VERY_HIGH,7,3,7,3,7,1,5,SUPPORTIVE,Model leans Newcastle; context supports the home side,"Stage 7 gives Newcastle the highest probability at 44.2%, 16.1 percentage points above the next outcome. The fixed context score is +5: 5 signals favor Newcastle, 0 favor Tottenham, and 0 are neutral or unavailable. Context alignment is supportive; confidence is low and uncertainty is very_high. This interprets the existing prediction and does not alter or replace it."
-369000058770,560853,football-data.org,2027-04-17 14:00:00+00:00,1807970400,UTC,NS,TIMED,,39,Premier League,England,2026,Regular Season - 32,36,Fulham,FUL,63,-218557486738561,Sunderland,SUN,71,18,4,0,1,3,4,7,-3,1,4,LLLD,1,0,1,3,4,7,-3,2,LL,0,0,0,2,4,6,-2,2,LD,1,0,1,1,0,1,-1,14,4,1,1,2,3,5,-2,4,4,LWDL,4,1,1,2,3,5,-2,2,WL,3,1,0,1,1,2,-1,2,LD,1,0,1,1,2,3,-1,0.28057784992785,0.26234645909645926,0.4570756909756908,Away Win,0.4570756909756908,0.4570756909756908,0.28057784992785,0.1764978410478408,1.065477939740,0.969839815856,LOW,VERY_HIGH,-4,-3,-1,-3,-1,-1,-5,SUPPORTIVE,Model leans Sunderland; context supports the away side,"Stage 7 gives Sunderland the highest probability at 45.7%, 17.6 percentage points above the next outcome. The fixed context score is -5: 0 signals favor Fulham, 5 favor Sunderland, and 0 are neutral or unavailable. Context alignment is supportive; confidence is low and uncertainty is very_high. This interprets the existing prediction and does not alter or replace it."
-44496624982340,560856,football-data.org,2027-04-17 14:00:00+00:00,1807970400,UTC,NS,TIMED,,39,Premier League,England,2026,Regular Season - 32,-44103427291829,Hull City,HUL,322,-39195573837902,Coventry City,COV,1076,3,4,2,2,0,5,2,3,8,4,WWDD,8,2,2,0,5,2,3,2,WD,4,1,1,0,2,0,2,2,WD,4,1,1,0,3,2,1,20,4,0,0,4,0,10,-10,0,4,LLLL,0,0,0,4,0,10,-10,2,LL,0,0,0,2,0,6,-6,2,LL,0,0,0,2,0,4,-4,0.4877248707432919,0.3707263081947293,0.14154882106197894,Home Win,0.4877248707432919,0.4877248707432919,0.3707263081947293,0.1169985625485626,0.994800375128,0.905506324104,LOW,VERY_HIGH,17,8,13,8,13,4,5,SUPPORTIVE,Model leans Hull City; context supports the home side,"Stage 7 gives Hull City the highest probability at 48.8%, 11.7 percentage points above the next outcome. The fixed context score is +5: 5 signals favor Hull City, 0 favor Coventry City, and 0 are neutral or unavailable. Context alignment is supportive; confidence is low and uncertainty is very_high. This interprets the existing prediction and does not alter or replace it."
-58564648024767,560861,football-data.org,2027-04-17 14:00:00+00:00,1807970400,UTC,NS,TIMED,,39,Premier League,England,2026,Regular Season - 32,45,Everton,EVE,62,35,Bournemouth,BOU,1044,8,4,1,3,0,5,3,2,6,4,WDDD,6,1,3,0,5,3,2,2,WD,4,1,1,0,4,2,2,2,DD,2,0,2,0,1,1,0,15,4,0,3,1,6,7,-1,3,4,LDDD,3,0,3,1,6,7,-1,2,DD,2,0,2,0,3,3,0,2,LD,1,0,1,1,3,4,-1,0.286788838938839,0.19375512820512822,0.5194560328560329,Away Win,0.5194560328560329,0.5194560328560329,0.286788838938839,0.2326671939171939,1.016414790806,0.925180613115,MODERATE,VERY_HIGH,7,3,3,3,3,3,5,CONTRADICTORY,Model leans Bournemouth; context favors Everton,"Stage 7 gives Bournemouth the highest probability at 51.9%, 23.3 percentage points above the next outcome. The fixed context score is +5: 5 signals favor Everton, 0 favor Bournemouth, and 0 are neutral or unavailable. Context alignment is contradictory; confidence is moderate and uncertainty is very_high. This interprets the existing prediction and does not alter or replace it."
-105823417444685,560863,football-data.org,2027-04-24 14:00:00+00:00,1808575200,UTC,NS,TIMED,,39,Premier League,England,2026,Regular Season - 33,35,Bournemouth,BOU,1044,42,Arsenal,ARS,57,15,4,0,3,1,6,7,-1,3,4,LDDD,3,0,3,1,6,7,-1,2,DD,2,0,2,0,3,3,0,2,LD,1,0,1,1,3,4,-1,1,4,4,0,0,8,1,7,12,4,WWWW,12,4,0,0,8,1,7,2,WW,6,2,0,0,5,1,4,2,WW,6,2,0,0,3,0,3,0.15551176046176043,0.23262217227217238,0.6118660672660675,Away Win,0.6118660672660675,0.6118660672660675,0.23262217227217238,0.37924389499389512,0.929229042618,0.845820725112,HIGH,VERY_HIGH,-14,-9,-8,-9,-8,-4,-5,SUPPORTIVE,Model leans Arsenal; context supports the away side,"Stage 7 gives Arsenal the highest probability at 61.2%, 37.9 percentage points above the next outcome. The fixed context score is -5: 0 signals favor Bournemouth, 5 favor Arsenal, and 0 are neutral or unavailable. Context alignment is supportive; confidence is high and uncertainty is very_high. This interprets the existing prediction and does not alter or replace it."
-126107896820952,560868,football-data.org,2027-04-24 14:00:00+00:00,1808575200,UTC,NS,TIMED,,39,Premier League,England,2026,Regular Season - 33,34,Newcastle,NEW,67,57,Ipswich,IPS,349,10,3,1,2,0,6,4,2,5,3,DWD,5,1,2,0,6,4,2,2,DD,2,0,2,0,4,4,0,1,W,3,1,0,0,2,0,2,9,4,2,0,2,7,10,-3,6,4,WLLW,6,2,0,2,7,10,-3,2,WL,3,1,0,1,2,3,-1,2,LW,3,1,0,1,5,7,-2,0.5947522366522364,0.21608845598845594,0.18915930735930742,Home Win,0.5947522366522364,0.5947522366522364,0.21608845598845594,0.37866378066378046,0.955083110875,0.869354112207,MODERATE,VERY_HIGH,-1,-1,5,-1,5,-1,-3,CONTRADICTORY,Model leans Newcastle; context favors Ipswich,"Stage 7 gives Newcastle the highest probability at 59.5%, 37.9 percentage points above the next outcome. The fixed context score is -3: 1 signals favor Newcastle, 4 favor Ipswich, and 0 are neutral or unavailable. Context alignment is contradictory; confidence is moderate and uncertainty is very_high. This interprets the existing prediction and does not alter or replace it."
-185449550834605,560865,football-data.org,2027-04-24 14:00:00+00:00,1808575200,UTC,NS,TIMED,,39,Premier League,England,2026,Regular Season - 33,33,Manchester United,MUN,66,52,Crystal Palace,CRY,354,13,3,1,1,1,7,6,1,4,3,LWD,4,1,1,1,7,6,1,1,W,3,1,0,0,5,2,3,2,LD,1,0,1,1,2,4,-2,16,4,1,0,3,6,11,-5,3,4,LLWL,3,1,0,3,6,11,-5,2,LL,0,0,0,2,3,7,-4,2,LW,3,1,0,1,3,4,-1,0.5234172438672435,0.21136702741702726,0.2652157287157288,Home Win,0.5234172438672435,0.5234172438672435,0.2652157287157288,0.2582015151515147,1.019343371424,0.927846322072,MODERATE,VERY_HIGH,3,1,6,1,6,0,4,SUPPORTIVE,Model leans Manchester United; context supports the home side,"Stage 7 gives Manchester United the highest probability at 52.3%, 25.8 percentage points above the next outcome. The fixed context score is +4: 4 signals favor Manchester United, 0 favor Crystal Palace, and 1 are neutral or unavailable. Context alignment is supportive; confidence is moderate and uncertainty is very_high. This interprets the existing prediction and does not alter or replace it."
-23138703719842,560871,football-data.org,2027-04-24 14:00:00+00:00,1808575200,UTC,NS,TIMED,,39,Premier League,England,2026,Regular Season - 33,-156530674508954,Leeds,LEE,341,40,Liverpool,LIV,64,11,3,1,2,0,3,2,1,5,3,WDD,5,1,2,0,3,2,1,1,D,1,0,1,0,1,1,0,2,WD,4,1,1,0,2,1,1,7,4,1,3,0,6,4,2,6,4,DDWD,6,1,3,0,6,4,2,2,DD,2,0,2,0,2,2,0,2,DW,4,1,1,0,4,2,2,0.36145959595959604,0.1785055555555555,0.46003484848484844,Away Win,0.46003484848484844,0.46003484848484844,0.36145959595959604,0.09857525252525240,1.032607819962,0.939920143451,LOW,VERY_HIGH,-4,-1,-1,-1,-1,-3,-5,SUPPORTIVE,Model leans Liverpool; context supports the away side,"Stage 7 gives Liverpool the highest probability at 46.0%, 9.9 percentage points above the next outcome. The fixed context score is -5: 0 signals favor Leeds, 5 favor Liverpool, and 0 are neutral or unavailable. Context alignment is supportive; confidence is low and uncertainty is very_high. This interprets the existing prediction and does not alter or replace it."
-29528544477397,560864,football-data.org,2027-04-24 14:00:00+00:00,1808575200,UTC,NS,TIMED,,39,Premier League,England,2026,Regular Season - 33,47,Tottenham,TOT,73,-44103427291829,Hull City,HUL,322,17,4,0,2,2,0,5,-5,2,4,LLDD,2,0,2,2,0,5,-5,2,LD,1,0,1,1,0,2,-2,2,LD,1,0,1,1,0,3,-3,3,4,2,2,0,5,2,3,8,4,WWDD,8,2,2,0,5,2,3,2,WD,4,1,1,0,2,0,2,2,WD,4,1,1,0,3,2,1,0.309750933706816,0.23669879271055744,0.4535502735826264,Away Win,0.4535502735826264,0.4535502735826264,0.309750933706816,0.1437993398758104,1.062698247322,0.967309630780,LOW,VERY_HIGH,-14,-6,-8,-6,-8,-3,-5,SUPPORTIVE,Model leans Hull City; context supports the away side,"Stage 7 gives Hull City the highest probability at 45.4%, 14.4 percentage points above the next outcome. The fixed context score is -5: 0 signals favor Tottenham, 5 favor Hull City, and 0 are neutral or unavailable. Context alignment is supportive; confidence is low and uncertainty is very_high. This interprets the existing prediction and does not alter or replace it."
-40342862192471,560866,football-data.org,2027-04-24 14:00:00+00:00,1808575200,UTC,NS,TIMED,,39,Premier League,England,2026,Regular Season - 33,45,Everton,EVE,62,51,Brighton,BHA,397,8,4,1,3,0,5,3,2,6,4,WDDD,6,1,3,0,5,3,2,2,WD,4,1,1,0,4,2,2,2,DD,2,0,2,0,1,1,0,4,4,2,1,1,13,5,8,7,4,WLDW,7,2,1,1,13,5,8,2,WD,4,1,1,0,5,1,4,2,LW,3,1,0,1,8,4,4,0.26884677544677543,0.2113440170940171,0.5198092074592073,Away Win,0.5198092074592073,0.5198092074592073,0.26884677544677543,0.25096243201243187,1.021753811098,0.930040398817,MODERATE,VERY_HIGH,-4,-1,-6,-1,-6,1,-3,SUPPORTIVE,Model leans Brighton; context supports the away side,"Stage 7 gives Brighton the highest probability at 52.0%, 25.1 percentage points above the next outcome. The fixed context score is -3: 1 signals favor Everton, 4 favor Brighton, and 0 are neutral or unavailable. Context alignment is supportive; confidence is moderate and uncertainty is very_high. This interprets the existing prediction and does not alter or replace it."
-42653010854138,560869,football-data.org,2027-04-24 14:00:00+00:00,1808575200,UTC,NS,TIMED,,39,Premier League,England,2026,Regular Season - 33,66,Aston Villa,AVL,58,-39195573837902,Coventry City,COV,1076,19,4,0,1,3,1,7,-6,1,4,LLDL,1,0,1,3,1,7,-6,2,LL,0,0,0,2,1,3,-2,2,LD,1,0,1,1,0,4,-4,20,4,0,0,4,0,10,-10,0,4,LLLL,0,0,0,4,0,10,-10,2,LL,0,0,0,2,0,6,-6,2,LL,0,0,0,2,0,4,-4,0.421173665223665,0.3611790098790099,0.21764732489732497,Home Win,0.421173665223665,0.421173665223665,0.3611790098790099,0.0599946553446551,1.063897038573,0.968400817601,LOW,VERY_HIGH,1,1,4,1,4,0,4,SUPPORTIVE,Model leans Aston Villa; context supports the home side,"Stage 7 gives Aston Villa the highest probability at 42.1%, 6.0 percentage points above the next outcome. The fixed context score is +4: 4 signals favor Aston Villa, 0 favor Coventry City, and 1 are neutral or unavailable. Context alignment is supportive; confidence is low and uncertainty is very_high. This interprets the existing prediction and does not alter or replace it."
-46590802759360,560867,football-data.org,2027-04-24 14:00:00+00:00,1808575200,UTC,NS,TIMED,,39,Premier League,England,2026,Regular Season - 33,65,Nottingham Forest,NOT,351,-218557486738561,Sunderland,SUN,71,12,4,1,2,1,4,4,0,5,4,LDDW,5,1,2,1,4,4,0,2,LD,1,0,1,1,0,1,-1,2,DW,4,1,1,0,4,3,1,14,4,1,1,2,3,5,-2,4,4,LWDL,4,1,1,2,3,5,-2,2,WL,3,1,0,1,1,2,-1,2,LD,1,0,1,1,2,3,-1,0.3852793650793654,0.23538238983238982,0.3793382450882449,Home Win,0.3852793650793654,0.3852793650793654,0.3793382450882449,0.0059411199911205,1.075668053821,0.979115257418,VERY_LOW,VERY_HIGH,2,1,2,1,2,0,4,SUPPORTIVE,Model leans Nottingham Forest; context supports the home side,"Stage 7 gives Nottingham Forest the highest probability at 38.5%, 0.6 percentage points above the next outcome. The fixed context score is +4: 4 signals favor Nottingham Forest, 0 favor Sunderland, and 1 are neutral or unavailable. Context alignment is supportive; confidence is very_low and uncertainty is very_high. This interprets the existing prediction and does not alter or replace it."
-65343216776832,560862,football-data.org,2027-04-24 14:00:00+00:00,1808575200,UTC,NS,TIMED,,39,Premier League,England,2026,Regular Season - 33,49,Chelsea,CHE,61,50,Manchester City,MCI,65,5,4,2,1,1,10,9,1,7,4,WWLD,7,2,1,1,10,9,1,2,WD,4,1,1,0,6,5,1,2,WL,3,1,0,1,4,4,0,2,3,3,0,0,7,2,5,9,3,WWW,9,3,0,0,7,2,5,2,WW,6,2,0,0,3,1,2,1,W,3,1,0,0,4,1,3,0.24579487734487743,0.3153880452880453,0.4388170773670774,Away Win,0.4388170773670774,0.4388170773670774,0.3153880452880453,0.1234290320790321,1.070297737166,0.974226984539,LOW,VERY_HIGH,-3,-2,-4,-2,-4,1,-3,SUPPORTIVE,Model leans Manchester City; context supports the away side,"Stage 7 gives Manchester City the highest probability at 43.9%, 12.3 percentage points above the next outcome. The fixed context score is -3: 1 signals favor Chelsea, 4 favor Manchester City, and 0 are neutral or unavailable. Context alignment is supportive; confidence is low and uncertainty is very_high. This interprets the existing prediction and does not alter or replace it."
-6980652466662,560870,football-data.org,2027-04-24 14:00:00+00:00,1808575200,UTC,NS,TIMED,,39,Premier League,England,2026,Regular Season - 33,55,Brentford,BRE,402,36,Fulham,FUL,63,6,4,1,3,0,7,4,3,6,4,WDDD,6,1,3,0,7,4,3,2,WD,4,1,1,0,4,1,3,2,DD,2,0,2,0,3,3,0,18,4,0,1,3,4,7,-3,1,4,LLLD,1,0,1,3,4,7,-3,2,LL,0,0,0,2,4,6,-2,2,LD,1,0,1,1,0,1,-1,0.4209160894660895,0.24007619047619042,0.33900772005772006,Home Win,0.4209160894660895,0.4209160894660895,0.33900772005772006,0.08190836940836944,1.073483948455,0.977127199038,LOW,VERY_HIGH,12,5,6,5,6,3,5,SUPPORTIVE,Model leans Brentford; context supports the home side,"Stage 7 gives Brentford the highest probability at 42.1%, 8.2 percentage points above the next outcome. The fixed context score is +5: 5 signals favor Brentford, 0 favor Fulham, and 0 are neutral or unavailable. Context alignment is supportive; confidence is low and uncertainty is very_high. This interprets the existing prediction and does not alter or replace it."
-115243113433139,560879,football-data.org,2027-05-01 14:00:00+00:00,1809180000,UTC,NS,TIMED,,39,Premier League,England,2026,Regular Season - 34,42,Arsenal,ARS,57,47,Tottenham,TOT,73,1,4,4,0,0,8,1,7,12,4,WWWW,12,4,0,0,8,1,7,2,WW,6,2,0,0,5,1,4,2,WW,6,2,0,0,3,0,3,17,4,0,2,2,0,5,-5,2,4,LLDD,2,0,2,2,0,5,-5,2,LD,1,0,1,1,0,2,-2,2,LD,1,0,1,1,0,3,-3,0.6358071428571427,0.19609379509379501,0.16809906204906214,Home Win,0.6358071428571427,0.6358071428571427,0.19609379509379501,0.43971334776334769,0.907154769587,0.825727855900,HIGH,VERY_HIGH,16,10,12,10,12,5,5,SUPPORTIVE,Model leans Arsenal; context supports the home side,"Stage 7 gives Arsenal the highest probability at 63.6%, 44.0 percentage points above the next outcome. The fixed context score is +5: 5 signals favor Arsenal, 0 favor Tottenham, and 0 are neutral or unavailable. Context alignment is supportive; confidence is high and uncertainty is very_high. This interprets the existing prediction and does not alter or replace it."
-12709329284050,560875,football-data.org,2027-05-01 14:00:00+00:00,1809180000,UTC,NS,TIMED,,39,Premier League,England,2026,Regular Season - 34,-44103427291829,Hull City,HUL,322,35,Bournemouth,BOU,1044,3,4,2,2,0,5,2,3,8,4,WWDD,8,2,2,0,5,2,3,2,WD,4,1,1,0,2,0,2,2,WD,4,1,1,0,3,2,1,15,4,0,3,1,6,7,-1,3,4,LDDD,3,0,3,1,6,7,-1,2,DD,2,0,2,0,3,3,0,2,LD,1,0,1,1,3,4,-1,0.4103497835497834,0.22290548340548344,0.36674473304473293,Home Win,0.4103497835497834,0.4103497835497834,0.36674473304473293,0.04360505050505047,1.067977640635,0.972115141667,LOW,VERY_HIGH,12,5,4,5,4,3,5,SUPPORTIVE,Model leans Hull City; context supports the home side,"Stage 7 gives Hull City the highest probability at 41.0%, 4.4 percentage points above the next outcome. The fixed context score is +5: 5 signals favor Hull City, 0 favor Bournemouth, and 0 are neutral or unavailable. Context alignment is supportive; confidence is low and uncertainty is very_high. This interprets the existing prediction and does not alter or replace it."
-151796621148369,560878,football-data.org,2027-05-01 14:00:00+00:00,1809180000,UTC,NS,TIMED,,39,Premier League,England,2026,Regular Season - 34,40,Liverpool,LIV,64,49,Chelsea,CHE,61,7,4,1,3,0,6,4,2,6,4,DDWD,6,1,3,0,6,4,2,2,DD,2,0,2,0,2,2,0,2,DW,4,1,1,0,4,2,2,5,4,2,1,1,10,9,1,7,4,WWLD,7,2,1,1,10,9,1,2,WD,4,1,1,0,6,5,1,2,WL,3,1,0,1,4,4,0,0.495609595959596,0.20490505050505045,0.29948535353535355,Home Win,0.495609595959596,0.495609595959596,0.29948535353535355,0.19612424242424245,1.033805134755,0.941009986343,LOW,VERY_HIGH,-2,-1,1,-1,1,-1,-3,CONTRADICTORY,Model leans Liverpool; context favors Chelsea,"Stage 7 gives Liverpool the highest probability at 49.6%, 19.6 percentage points above the next outcome. The fixed context score is -3: 1 signals favor Liverpool, 4 favor Chelsea, and 0 are neutral or unavailable. Context alignment is contradictory; confidence is low and uncertainty is very_high. This interprets the existing prediction and does not alter or replace it."
-17827669111541,560872,football-data.org,2027-05-01 14:00:00+00:00,1809180000,UTC,NS,TIMED,,39,Premier League,England,2026,Regular Season - 34,-218557486738561,Sunderland,SUN,71,34,Newcastle,NEW,67,14,4,1,1,2,3,5,-2,4,4,LWDL,4,1,1,2,3,5,-2,2,WL,3,1,0,1,1,2,-1,2,LD,1,0,1,1,2,3,-1,10,3,1,2,0,6,4,2,5,3,DWD,5,1,2,0,6,4,2,2,DD,2,0,2,0,4,4,0,1,W,3,1,0,0,2,0,2,0.3800209512709511,0.16452395382395385,0.45545509490509506,Away Win,0.45545509490509506,0.45545509490509506,0.3800209512709511,0.07543414363414396,1.022793854154,0.930987086804,LOW,VERY_HIGH,-4,-1,-4,-1,-4,0,-4,SUPPORTIVE,Model leans Newcastle; context supports the away side,"Stage 7 gives Newcastle the highest probability at 45.5%, 7.5 percentage points above the next outcome. The fixed context score is -4: 0 signals favor Sunderland, 4 favor Newcastle, and 1 are neutral or unavailable. Context alignment is supportive; confidence is low and uncertainty is very_high. This interprets the existing prediction and does not alter or replace it."
-19053416007008,560880,football-data.org,2027-05-01 14:00:00+00:00,1809180000,UTC,NS,TIMED,,39,Premier League,England,2026,Regular Season - 34,52,Crystal Palace,CRY,354,66,Aston Villa,AVL,58,16,4,1,0,3,6,11,-5,3,4,LLWL,3,1,0,3,6,11,-5,2,LL,0,0,0,2,3,7,-4,2,LW,3,1,0,1,3,4,-1,19,4,0,1,3,1,7,-6,1,4,LLDL,1,0,1,3,1,7,-6,2,LL,0,0,0,2,1,3,-2,2,LD,1,0,1,1,0,4,-4,0.22981575091575088,0.28970512820512817,0.4804791208791209,Away Win,0.4804791208791209,0.4804791208791209,0.28970512820512817,0.19077399267399273,1.049029636839,0.954867925345,LOW,VERY_HIGH,3,2,1,2,1,-1,3,CONTRADICTORY,Model leans Aston Villa; context favors Crystal Palace,"Stage 7 gives Aston Villa the highest probability at 48.0%, 19.1 percentage points above the next outcome. The fixed context score is +3: 4 signals favor Crystal Palace, 1 favor Aston Villa, and 0 are neutral or unavailable. Context alignment is contradictory; confidence is low and uncertainty is very_high. This interprets the existing prediction and does not alter or replace it."
-19080877029784,560881,football-data.org,2027-05-01 14:00:00+00:00,1809180000,UTC,NS,TIMED,,39,Premier League,England,2026,Regular Season - 34,57,Ipswich,IPS,349,-156530674508954,Leeds,LEE,341,9,4,2,0,2,7,10,-3,6,4,WLLW,6,2,0,2,7,10,-3,2,WL,3,1,0,1,2,3,-1,2,LW,3,1,0,1,5,7,-2,11,3,1,2,0,3,2,1,5,3,WDD,5,1,2,0,3,2,1,1,D,1,0,1,0,1,1,0,2,WD,4,1,1,0,2,1,1,0.13021390276390288,0.2963555555555556,0.5734305416805414,Away Win,0.5734305416805414,0.5734305416805414,0.2963555555555556,0.2770749861249858,0.944772596213,0.859969077315,MODERATE,VERY_HIGH,2,1,-4,1,-4,-1,1,MIXED,Model leans Leeds; context is mixed,"Stage 7 gives Leeds the highest probability at 57.3%, 27.7 percentage points above the next outcome. The fixed context score is +1: 3 signals favor Ipswich, 2 favor Leeds, and 0 are neutral or unavailable. Context alignment is mixed; confidence is moderate and uncertainty is very_high. This interprets the existing prediction and does not alter or replace it."
-214419211159619,560873,football-data.org,2027-05-01 14:00:00+00:00,1809180000,UTC,NS,TIMED,,39,Premier League,England,2026,Regular Season - 34,51,Brighton,BHA,397,65,Nottingham Forest,NOT,351,4,4,2,1,1,13,5,8,7,4,WLDW,7,2,1,1,13,5,8,2,WD,4,1,1,0,5,1,4,2,LW,3,1,0,1,8,4,4,12,4,1,2,1,4,4,0,5,4,LDDW,5,1,2,1,4,4,0,2,LD,1,0,1,1,0,1,-1,2,DW,4,1,1,0,4,3,1,0.4047830447330445,0.26179797979797964,0.33341897546897564,Home Win,0.4047830447330445,0.4047830447330445,0.33341897546897564,0.07136406926406886,1.083156931944,0.985931928048,LOW,VERY_HIGH,8,2,8,2,8,0,4,SUPPORTIVE,Model leans Brighton; context supports the home side,"Stage 7 gives Brighton the highest probability at 40.5%, 7.1 percentage points above the next outcome. The fixed context score is +4: 4 signals favor Brighton, 0 favor Nottingham Forest, and 1 are neutral or unavailable. Context alignment is supportive; confidence is low and uncertainty is very_high. This interprets the existing prediction and does not alter or replace it."
-250337402524211,560876,football-data.org,2027-05-01 14:00:00+00:00,1809180000,UTC,NS,TIMED,,39,Premier League,England,2026,Regular Season - 34,50,Manchester City,MCI,65,55,Brentford,BRE,402,2,3,3,0,0,7,2,5,9,3,WWW,9,3,0,0,7,2,5,2,WW,6,2,0,0,3,1,2,1,W,3,1,0,0,4,1,3,6,4,1,3,0,7,4,3,6,4,WDDD,6,1,3,0,7,4,3,2,WD,4,1,1,0,4,1,3,2,DD,2,0,2,0,3,3,0,0.6208577922077924,0.1682647186147186,0.2108774891774894,Home Win,0.6208577922077924,0.6208577922077924,0.2108774891774894,0.4099803030303030,0.924044239381,0.841101313823,HIGH,VERY_HIGH,4,3,2,3,2,4,5,SUPPORTIVE,Model leans Manchester City; context supports the home side,"Stage 7 gives Manchester City the highest probability at 62.1%, 41.0 percentage points above the next outcome. The fixed context score is +5: 5 signals favor Manchester City, 0 favor Brentford, and 0 are neutral or unavailable. Context alignment is supportive; confidence is high and uncertainty is very_high. This interprets the existing prediction and does not alter or replace it."
-44459626931116,560877,football-data.org,2027-05-01 14:00:00+00:00,1809180000,UTC,NS,TIMED,,39,Premier League,England,2026,Regular Season - 34,36,Fulham,FUL,63,45,Everton,EVE,62,18,4,0,1,3,4,7,-3,1,4,LLLD,1,0,1,3,4,7,-3,2,LL,0,0,0,2,4,6,-2,2,LD,1,0,1,1,0,1,-1,8,4,1,3,0,5,3,2,6,4,WDDD,6,1,3,0,5,3,2,2,WD,4,1,1,0,4,2,2,2,DD,2,0,2,0,1,1,0,0.35800656565656586,0.18702279942279948,0.45497063492063466,Away Win,0.45497063492063466,0.45497063492063466,0.35800656565656586,0.09696406926406880,1.039593677681,0.946278945178,LOW,VERY_HIGH,-10,-5,-5,-5,-5,-2,-5,SUPPORTIVE,Model leans Everton; context supports the away side,"Stage 7 gives Everton the highest probability at 45.5%, 9.7 percentage points above the next outcome. The fixed context score is -5: 0 signals favor Fulham, 5 favor Everton, and 0 are neutral or unavailable. Context alignment is supportive; confidence is low and uncertainty is very_high. This interprets the existing prediction and does not alter or replace it."
-65258615754609,560874,football-data.org,2027-05-01 14:00:00+00:00,1809180000,UTC,NS,TIMED,,39,Premier League,England,2026,Regular Season - 34,-39195573837902,Coventry City,COV,1076,33,Manchester United,MUN,66,20,4,0,0,4,0,10,-10,0,4,LLLL,0,0,0,4,0,10,-10,2,LL,0,0,0,2,0,6,-6,2,LL,0,0,0,2,0,4,-4,13,3,1,1,1,7,6,1,4,3,LWD,4,1,1,1,7,6,1,1,W,3,1,0,0,5,2,3,2,LD,1,0,1,1,2,4,-2,0.24446587301587294,0.21616251526251526,0.5393716117216117,Away Win,0.5393716117216117,0.5393716117216117,0.24446587301587294,0.29490573870573876,1.008456890416,0.917937020018,MODERATE,VERY_HIGH,-7,-4,-11,-4,-11,-1,-5,SUPPORTIVE,Model leans Manchester United; context supports the away side,"Stage 7 gives Manchester United the highest probability at 53.9%, 29.5 percentage points above the next outcome. The fixed context score is -5: 0 signals favor Coventry City, 5 favor Manchester United, and 0 are neutral or unavailable. Context alignment is supportive; confidence is moderate and uncertainty is very_high. This interprets the existing prediction and does not alter or replace it."
-139800423210112,560891,football-data.org,2027-05-08 14:00:00+00:00,1809784800,UTC,NS,TIMED,,39,Premier League,England,2026,Regular Season - 35,35,Bournemouth,BOU,1044,33,Manchester United,MUN,66,15,4,0,3,1,6,7,-1,3,4,LDDD,3,0,3,1,6,7,-1,2,DD,2,0,2,0,3,3,0,2,LD,1,0,1,1,3,4,-1,13,3,1,1,1,7,6,1,4,3,LWD,4,1,1,1,7,6,1,1,W,3,1,0,0,5,2,3,2,LD,1,0,1,1,2,4,-2,0.2749399711399711,0.2292904761904762,0.4957695526695524,Away Win,0.4957695526695524,0.4957695526695524,0.2749399711399711,0.2208295815295813,1.040548074761,0.947147674839,LOW,VERY_HIGH,-2,-1,-2,-1,-2,1,-3,SUPPORTIVE,Model leans Manchester United; context supports the away side,"Stage 7 gives Manchester United the highest probability at 49.6%, 22.1 percentage points above the next outcome. The fixed context score is -3: 1 signals favor Bournemouth, 4 favor Manchester United, and 0 are neutral or unavailable. Context alignment is supportive; confidence is low and uncertainty is very_high. This interprets the existing prediction and does not alter or replace it."
-141523020890287,560882,football-data.org,2027-05-08 14:00:00+00:00,1809784800,UTC,NS,TIMED,,39,Premier League,England,2026,Regular Season - 35,50,Manchester City,MCI,65,40,Liverpool,LIV,64,2,3,3,0,0,7,2,5,9,3,WWW,9,3,0,0,7,2,5,2,WW,6,2,0,0,3,1,2,1,W,3,1,0,0,4,1,3,7,4,1,3,0,6,4,2,6,4,DDWD,6,1,3,0,6,4,2,2,DD,2,0,2,0,2,2,0,2,DW,4,1,1,0,4,2,2,0.504481818181818,0.23238672438672428,0.2631314574314576,Home Win,0.504481818181818,0.504481818181818,0.2631314574314576,0.2413503607503604,1.035619636354,0.942661616874,MODERATE,VERY_HIGH,5,3,3,3,3,2,5,SUPPORTIVE,Model leans Manchester City; context supports the home side,"Stage 7 gives Manchester City the highest probability at 50.4%, 24.1 percentage points above the next outcome. The fixed context score is +5: 5 signals favor Manchester City, 0 favor Liverpool, and 0 are neutral or unavailable. Context alignment is supportive; confidence is moderate and uncertainty is very_high. This interprets the existing prediction and does not alter or replace it."
-227808844888460,560884,football-data.org,2027-05-08 14:00:00+00:00,1809784800,UTC,NS,TIMED,,39,Premier League,England,2026,Regular Season - 35,36,Fulham,FUL,63,57,Ipswich,IPS,349,18,4,0,1,3,4,7,-3,1,4,LLLD,1,0,1,3,4,7,-3,2,LL,0,0,0,2,4,6,-2,2,LD,1,0,1,1,0,1,-1,9,4,2,0,2,7,10,-3,6,4,WLLW,6,2,0,2,7,10,-3,2,WL,3,1,0,1,2,3,-1,2,LW,3,1,0,1,5,7,-2,0.5346974747474748,0.20779963924963923,0.2575028860028862,Home Win,0.5346974747474748,0.5346974747474748,0.2575028860028862,0.2771945887445886,1.010600846000,0.919888532491,MODERATE,VERY_HIGH,-9,-5,0,-5,0,-3,-4,CONTRADICTORY,Model leans Fulham; context favors Ipswich,"Stage 7 gives Fulham the highest probability at 53.5%, 27.7 percentage points above the next outcome. The fixed context score is -4: 0 signals favor Fulham, 4 favor Ipswich, and 1 are neutral or unavailable. Context alignment is contradictory; confidence is moderate and uncertainty is very_high. This interprets the existing prediction and does not alter or replace it."
-237420757498491,560888,football-data.org,2027-05-08 14:00:00+00:00,1809784800,UTC,NS,TIMED,,39,Premier League,England,2026,Regular Season - 35,51,Brighton,BHA,397,-218557486738561,Sunderland,SUN,71,4,4,2,1,1,13,5,8,7,4,WLDW,7,2,1,1,13,5,8,2,WD,4,1,1,0,5,1,4,2,LW,3,1,0,1,8,4,4,14,4,1,1,2,3,5,-2,4,4,LWDL,4,1,1,2,3,5,-2,2,WL,3,1,0,1,1,2,-1,2,LD,1,0,1,1,2,3,-1,0.5271887445887445,0.2536440836940837,0.2191671717171718,Home Win,0.5271887445887445,0.5271887445887445,0.2536440836940837,0.2735446608946608,1.018137657177,0.926748833668,MODERATE,VERY_HIGH,10,3,10,3,10,3,5,SUPPORTIVE,Model leans Brighton; context supports the home side,"Stage 7 gives Brighton the highest probability at 52.7%, 27.4 percentage points above the next outcome. The fixed context score is +5: 5 signals favor Brighton, 0 favor Sunderland, and 0 are neutral or unavailable. Context alignment is supportive; confidence is moderate and uncertainty is very_high. This interprets the existing prediction and does not alter or replace it."
-253792043228960,560890,football-data.org,2027-05-08 14:00:00+00:00,1809784800,UTC,NS,TIMED,,39,Premier League,England,2026,Regular Season - 35,45,Everton,EVE,62,-44103427291829,Hull City,HUL,322,8,4,1,3,0,5,3,2,6,4,WDDD,6,1,3,0,5,3,2,2,WD,4,1,1,0,4,2,2,2,DD,2,0,2,0,1,1,0,3,4,2,2,0,5,2,3,8,4,WWDD,8,2,2,0,5,2,3,2,WD,4,1,1,0,2,0,2,2,WD,4,1,1,0,3,2,1,0.2680845376845379,0.23514224664224656,0.4967732156732157,Away Win,0.4967732156732157,0.4967732156732157,0.2680845376845379,0.2286886779886778,1.040857575396,0.947429394457,LOW,VERY_HIGH,-5,-2,-1,-2,-1,0,-4,SUPPORTIVE,Model leans Hull City; context supports the away side,"Stage 7 gives Hull City the highest probability at 49.7%, 22.9 percentage points above the next outcome. The fixed context score is -4: 0 signals favor Everton, 4 favor Hull City, and 1 are neutral or unavailable. Context alignment is supportive; confidence is low and uncertainty is very_high. This interprets the existing prediction and does not alter or replace it."
-266039564337596,560886,football-data.org,2027-05-08 14:00:00+00:00,1809784800,UTC,NS,TIMED,,39,Premier League,England,2026,Regular Season - 35,55,Brentford,BRE,402,66,Aston Villa,AVL,58,6,4,1,3,0,7,4,3,6,4,WDDD,6,1,3,0,7,4,3,2,WD,4,1,1,0,4,1,3,2,DD,2,0,2,0,3,3,0,19,4,0,1,3,1,7,-6,1,4,LLDL,1,0,1,3,1,7,-6,2,LL,0,0,0,2,1,3,-2,2,LD,1,0,1,1,0,4,-4,0.33101197691197703,0.2565079365079364,0.41248008658008667,Away Win,0.41248008658008667,0.41248008658008667,0.33101197691197703,0.08146810966810964,1.080249565584,0.983285529141,LOW,VERY_HIGH,13,5,9,5,9,3,5,CONTRADICTORY,Model leans Aston Villa; context favors Brentford,"Stage 7 gives Aston Villa the highest probability at 41.2%, 8.1 percentage points above the next outcome. The fixed context score is +5: 5 signals favor Brentford, 0 favor Aston Villa, and 0 are neutral or unavailable. Context alignment is contradictory; confidence is low and uncertainty is very_high. This interprets the existing prediction and does not alter or replace it."
-277967741356231,560887,football-data.org,2027-05-08 14:00:00+00:00,1809784800,UTC,NS,TIMED,,39,Premier League,England,2026,Regular Season - 35,34,Newcastle,NEW,67,-39195573837902,Coventry City,COV,1076,10,3,1,2,0,6,4,2,5,3,DWD,5,1,2,0,6,4,2,2,DD,2,0,2,0,4,4,0,1,W,3,1,0,0,2,0,2,20,4,0,0,4,0,10,-10,0,4,LLLL,0,0,0,4,0,10,-10,2,LL,0,0,0,2,0,6,-6,2,LL,0,0,0,2,0,4,-4,0.49130873015873,0.31513348318348305,0.1935577866577867,Home Win,0.49130873015873,0.49130873015873,0.31513348318348305,0.17617524697524695,1.030924334717,0.938387769144,LOW,VERY_HIGH,10,5,12,5,12,2,5,SUPPORTIVE,Model leans Newcastle; context supports the home side,"Stage 7 gives Newcastle the highest probability at 49.1%, 17.6 percentage points above the next outcome. The fixed context score is +5: 5 signals favor Newcastle, 0 favor Coventry City, and 0 are neutral or unavailable. Context alignment is supportive; confidence is low and uncertainty is very_high. This interprets the existing prediction and does not alter or replace it."
-31199579239800,560889,football-data.org,2027-05-08 14:00:00+00:00,1809784800,UTC,NS,TIMED,,39,Premier League,England,2026,Regular Season - 35,47,Tottenham,TOT,73,49,Chelsea,CHE,61,17,4,0,2,2,0,5,-5,2,4,LLDD,2,0,2,2,0,5,-5,2,LD,1,0,1,1,0,2,-2,2,LD,1,0,1,1,0,3,-3,5,4,2,1,1,10,9,1,7,4,WWLD,7,2,1,1,10,9,1,2,WD,4,1,1,0,6,5,1,2,WL,3,1,0,1,4,4,0,0.30252784992785,0.1869468253968253,0.5105253246753244,Away Win,0.5105253246753244,0.5105253246753244,0.30252784992785,0.2079974747474744,1.018427623057,0.927012771987,MODERATE,VERY_HIGH,-12,-5,-6,-5,-6,-2,-5,SUPPORTIVE,Model leans Chelsea; context supports the away side,"Stage 7 gives Chelsea the highest probability at 51.1%, 20.8 percentage points above the next outcome. The fixed context score is -5: 0 signals favor Tottenham, 5 favor Chelsea, and 0 are neutral or unavailable. Context alignment is supportive; confidence is moderate and uncertainty is very_high. This interprets the existing prediction and does not alter or replace it."
-63820773350140,560885,football-data.org,2027-05-08 14:00:00+00:00,1809784800,UTC,NS,TIMED,,39,Premier League,England,2026,Regular Season - 35,65,Nottingham Forest,NOT,351,52,Crystal Palace,CRY,354,12,4,1,2,1,4,4,0,5,4,LDDW,5,1,2,1,4,4,0,2,LD,1,0,1,1,0,1,-1,2,DW,4,1,1,0,4,3,1,16,4,1,0,3,6,11,-5,3,4,LLWL,3,1,0,3,6,11,-5,2,LL,0,0,0,2,3,7,-4,2,LW,3,1,0,1,3,4,-1,0.42363809523809526,0.20947157287157292,0.36689033189033204,Home Win,0.42363809523809526,0.42363809523809526,0.36689033189033204,0.05674776334776322,1.059169691884,0.964097801207,LOW,VERY_HIGH,4,2,5,2,5,-2,3,SUPPORTIVE,Model leans Nottingham Forest; context supports the home side,"Stage 7 gives Nottingham Forest the highest probability at 42.4%, 5.7 percentage points above the next outcome. The fixed context score is +3: 4 signals favor Nottingham Forest, 1 favor Crystal Palace, and 0 are neutral or unavailable. Context alignment is supportive; confidence is low and uncertainty is very_high. This interprets the existing prediction and does not alter or replace it."
-86105572623145,560883,football-data.org,2027-05-08 14:00:00+00:00,1809784800,UTC,NS,TIMED,,39,Premier League,England,2026,Regular Season - 35,-156530674508954,Leeds,LEE,341,42,Arsenal,ARS,57,11,3,1,2,0,3,2,1,5,3,WDD,5,1,2,0,3,2,1,1,D,1,0,1,0,1,1,0,2,WD,4,1,1,0,2,1,1,1,4,4,0,0,8,1,7,12,4,WWWW,12,4,0,0,8,1,7,2,WW,6,2,0,0,5,1,4,2,WW,6,2,0,0,3,0,3,0.18557027417027414,0.17994797979797986,0.6344817460317463,Away Win,0.6344817460317463,0.6344817460317463,0.18557027417027414,0.44891147186147216,0.909841968116,0.828173849411,HIGH,VERY_HIGH,-10,-7,-6,-7,-6,-5,-5,SUPPORTIVE,Model leans Arsenal; context supports the away side,"Stage 7 gives Arsenal the highest probability at 63.4%, 44.9 percentage points above the next outcome. The fixed context score is -5: 0 signals favor Leeds, 5 favor Arsenal, and 0 are neutral or unavailable. Context alignment is supportive; confidence is high and uncertainty is very_high. This interprets the existing prediction and does not alter or replace it."
-108002838857361,560900,football-data.org,2027-05-15 14:00:00+00:00,1810389600,UTC,NS,TIMED,,39,Premier League,England,2026,Regular Season - 36,49,Chelsea,CHE,61,45,Everton,EVE,62,5,4,2,1,1,10,9,1,7,4,WWLD,7,2,1,1,10,9,1,2,WD,4,1,1,0,6,5,1,2,WL,3,1,0,1,4,4,0,8,4,1,3,0,5,3,2,6,4,WDDD,6,1,3,0,5,3,2,2,WD,4,1,1,0,4,2,2,2,DD,2,0,2,0,1,1,0,0.4661599567099563,0.26962979797979797,0.26421024531024545,Home Win,0.4661599567099563,0.4661599567099563,0.26962979797979797,0.19653015873015833,1.060857342513,0.965633967010,LOW,VERY_HIGH,3,1,-1,1,-1,2,3,SUPPORTIVE,Model leans Chelsea; context supports the home side,"Stage 7 gives Chelsea the highest probability at 46.6%, 19.7 percentage points above the next outcome. The fixed context score is +3: 4 signals favor Chelsea, 1 favor Everton, and 0 are neutral or unavailable. Context alignment is supportive; confidence is low and uncertainty is very_high. This interprets the existing prediction and does not alter or replace it."
-123532442581665,560901,football-data.org,2027-05-15 14:00:00+00:00,1810389600,UTC,NS,TIMED,,39,Premier League,England,2026,Regular Season - 36,-39195573837902,Coventry City,COV,1076,47,Tottenham,TOT,73,20,4,0,0,4,0,10,-10,0,4,LLLL,0,0,0,4,0,10,-10,2,LL,0,0,0,2,0,6,-6,2,LL,0,0,0,2,0,4,-4,17,4,0,2,2,0,5,-5,2,4,LLDD,2,0,2,2,0,5,-5,2,LD,1,0,1,1,0,2,-2,2,LD,1,0,1,1,0,3,-3,0.20727676767676773,0.19561128871128874,0.5971119436119434,Away Win,0.5971119436119434,0.5971119436119434,0.20727676767676773,0.38983517593517567,0.953257122000,0.867692025506,MODERATE,VERY_HIGH,-3,-2,-5,-2,-5,-1,-5,SUPPORTIVE,Model leans Tottenham; context supports the away side,"Stage 7 gives Tottenham the highest probability at 59.7%, 39.0 percentage points above the next outcome. The fixed context score is -5: 0 signals favor Coventry City, 5 favor Tottenham, and 0 are neutral or unavailable. Context alignment is supportive; confidence is moderate and uncertainty is very_high. This interprets the existing prediction and does not alter or replace it."
-134651800824528,560894,football-data.org,2027-05-15 14:00:00+00:00,1810389600,UTC,NS,TIMED,,39,Premier League,England,2026,Regular Season - 36,57,Ipswich,IPS,349,50,Manchester City,MCI,65,9,4,2,0,2,7,10,-3,6,4,WLLW,6,2,0,2,7,10,-3,2,WL,3,1,0,1,2,3,-1,2,LW,3,1,0,1,5,7,-2,2,3,3,0,0,7,2,5,9,3,WWW,9,3,0,0,7,2,5,2,WW,6,2,0,0,3,1,2,1,W,3,1,0,0,4,1,3,0.10583585858585869,0.17554473304473303,0.7186194083694083,Away Win,0.7186194083694083,0.7186194083694083,0.17554473304473303,0.54307467532467527,0.780565311413,0.710501165392,VERY_HIGH,HIGH,-7,-3,-8,-3,-8,0,-4,SUPPORTIVE,Model leans Manchester City; context supports the away side,"Stage 7 gives Manchester City the highest probability at 71.9%, 54.3 percentage points above the next outcome. The fixed context score is -4: 0 signals favor Ipswich, 4 favor Manchester City, and 1 are neutral or unavailable. Context alignment is supportive; confidence is very_high and uncertainty is high. This interprets the existing prediction and does not alter or replace it."
-161682870647630,560899,football-data.org,2027-05-15 14:00:00+00:00,1810389600,UTC,NS,TIMED,,39,Premier League,England,2026,Regular Season - 36,66,Aston Villa,AVL,58,34,Newcastle,NEW,67,19,4,0,1,3,1,7,-6,1,4,LLDL,1,0,1,3,1,7,-6,2,LL,0,0,0,2,1,3,-2,2,LD,1,0,1,1,0,4,-4,10,3,1,2,0,6,4,2,5,3,DWD,5,1,2,0,6,4,2,2,DD,2,0,2,0,4,4,0,1,W,3,1,0,0,2,0,2,0.31230259740259747,0.2188343434343434,0.46886305916305904,Away Win,0.46886305916305904,0.46886305916305904,0.31230259740259747,0.15656046176046157,1.051095833757,0.956748658830,LOW,VERY_HIGH,-9,-4,-8,-4,-8,-3,-5,SUPPORTIVE,Model leans Newcastle; context supports the away side,"Stage 7 gives Newcastle the highest probability at 46.9%, 15.7 percentage points above the next outcome. The fixed context score is -5: 0 signals favor Aston Villa, 5 favor Newcastle, and 0 are neutral or unavailable. Context alignment is supportive; confidence is low and uncertainty is very_high. This interprets the existing prediction and does not alter or replace it."
-184021763146209,560897,football-data.org,2027-05-15 14:00:00+00:00,1810389600,UTC,NS,TIMED,,39,Premier League,England,2026,Regular Season - 36,33,Manchester United,MUN,66,-156530674508954,Leeds,LEE,341,13,3,1,1,1,7,6,1,4,3,LWD,4,1,1,1,7,6,1,1,W,3,1,0,0,5,2,3,2,LD,1,0,1,1,2,4,-2,11,3,1,2,0,3,2,1,5,3,WDD,5,1,2,0,3,2,1,1,D,1,0,1,0,1,1,0,2,WD,4,1,1,0,2,1,1,0.48063059163059135,0.2713742424242425,0.24799516594516602,Home Win,0.48063059163059135,0.48063059163059135,0.2713742424242425,0.20925634920634885,1.051869711074,0.957453072321,LOW,VERY_HIGH,-2,-1,0,-1,0,-1,-4,CONTRADICTORY,Model leans Manchester United; context favors Leeds,"Stage 7 gives Manchester United the highest probability at 48.1%, 20.9 percentage points above the next outcome. The fixed context score is -4: 0 signals favor Manchester United, 4 favor Leeds, and 1 are neutral or unavailable. Context alignment is contradictory; confidence is low and uncertainty is very_high. This interprets the existing prediction and does not alter or replace it."
-204003137927142,560896,football-data.org,2027-05-15 14:00:00+00:00,1810389600,UTC,NS,TIMED,,39,Premier League,England,2026,Regular Season - 36,-44103427291829,Hull City,HUL,322,36,Fulham,FUL,63,3,4,2,2,0,5,2,3,8,4,WWDD,8,2,2,0,5,2,3,2,WD,4,1,1,0,2,0,2,2,WD,4,1,1,0,3,2,1,18,4,0,1,3,4,7,-3,1,4,LLLD,1,0,1,3,4,7,-3,2,LL,0,0,0,2,4,6,-2,2,LD,1,0,1,1,0,1,-1,0.4703585137085135,0.21617546897546897,0.3134660173160174,Home Win,0.4703585137085135,0.4703585137085135,0.3134660173160174,0.1568924963924961,1.049521759271,0.955315874487,LOW,VERY_HIGH,15,7,6,7,6,3,5,SUPPORTIVE,Model leans Hull City; context supports the home side,"Stage 7 gives Hull City the highest probability at 47.0%, 15.7 percentage points above the next outcome. The fixed context score is +5: 5 signals favor Hull City, 0 favor Fulham, and 0 are neutral or unavailable. Context alignment is supportive; confidence is low and uncertainty is very_high. This interprets the existing prediction and does not alter or replace it."
-238368449122428,560892,football-data.org,2027-05-15 14:00:00+00:00,1810389600,UTC,NS,TIMED,,39,Premier League,England,2026,Regular Season - 36,-218557486738561,Sunderland,SUN,71,35,Bournemouth,BOU,1044,14,4,1,1,2,3,5,-2,4,4,LWDL,4,1,1,2,3,5,-2,2,WL,3,1,0,1,1,2,-1,2,LD,1,0,1,1,2,3,-1,15,4,0,3,1,6,7,-1,3,4,LDDD,3,0,3,1,6,7,-1,2,DD,2,0,2,0,3,3,0,2,LD,1,0,1,1,3,4,-1,0.4256167388167388,0.1545388888888889,0.4198443722943723,Home Win,0.4256167388167388,0.4256167388167388,0.4198443722943723,0.0057723665223665,1.016511399685,0.925268550306,LOW,VERY_HIGH,1,1,-1,1,-1,2,3,SUPPORTIVE,Model leans Sunderland; context supports the home side,"Stage 7 gives Sunderland the highest probability at 42.6%, 0.6 percentage points above the next outcome. The fixed context score is +3: 4 signals favor Sunderland, 1 favor Bournemouth, and 0 are neutral or unavailable. Context alignment is supportive; confidence is low and uncertainty is very_high. This interprets the existing prediction and does not alter or replace it."
-274673606845444,560893,football-data.org,2027-05-15 14:00:00+00:00,1810389600,UTC,NS,TIMED,,39,Premier League,England,2026,Regular Season - 36,40,Liverpool,LIV,64,55,Brentford,BRE,402,7,4,1,3,0,6,4,2,6,4,DDWD,6,1,3,0,6,4,2,2,DD,2,0,2,0,2,2,0,2,DW,4,1,1,0,4,2,2,6,4,1,3,0,7,4,3,6,4,WDDD,6,1,3,0,7,4,3,2,WD,4,1,1,0,4,1,3,2,DD,2,0,2,0,3,3,0,0.5295349927849925,0.18818679653679657,0.2822782106782108,Home Win,0.5295349927849925,0.5295349927849925,0.2822782106782108,0.2472567821067817,1.008030293534,0.917548714803,MODERATE,VERY_HIGH,-1,0,-1,0,-1,0,-2,CONTRADICTORY,Model leans Liverpool; context favors Brentford,"Stage 7 gives Liverpool the highest probability at 53.0%, 24.7 percentage points above the next outcome. The fixed context score is -2: 0 signals favor Liverpool, 2 favor Brentford, and 3 are neutral or unavailable. Context alignment is contradictory; confidence is moderate and uncertainty is very_high. This interprets the existing prediction and does not alter or replace it."
-43508598139390,560895,football-data.org,2027-05-15 14:00:00+00:00,1810389600,UTC,NS,TIMED,,39,Premier League,England,2026,Regular Season - 36,42,Arsenal,ARS,57,65,Nottingham Forest,NOT,351,1,4,4,0,0,8,1,7,12,4,WWWW,12,4,0,0,8,1,7,2,WW,6,2,0,0,5,1,4,2,WW,6,2,0,0,3,0,3,12,4,1,2,1,4,4,0,5,4,LDDW,5,1,2,1,4,4,0,2,LD,1,0,1,1,0,1,-1,2,DW,4,1,1,0,4,3,1,0.6150629148629149,0.18991183261183248,0.19502525252525263,Home Win,0.6150629148629149,0.6150629148629149,0.19502525252525263,0.42003766233766227,0.933213515707,0.849447548815,HIGH,VERY_HIGH,11,7,7,7,7,2,5,SUPPORTIVE,Model leans Arsenal; context supports the home side,"Stage 7 gives Arsenal the highest probability at 61.5%, 42.0 percentage points above the next outcome. The fixed context score is +5: 5 signals favor Arsenal, 0 favor Nottingham Forest, and 0 are neutral or unavailable. Context alignment is supportive; confidence is high and uncertainty is very_high. This interprets the existing prediction and does not alter or replace it."
-71809996582546,560898,football-data.org,2027-05-15 14:00:00+00:00,1810389600,UTC,NS,TIMED,,39,Premier League,England,2026,Regular Season - 36,52,Crystal Palace,CRY,354,51,Brighton,BHA,397,16,4,1,0,3,6,11,-5,3,4,LLWL,3,1,0,3,6,11,-5,2,LL,0,0,0,2,3,7,-4,2,LW,3,1,0,1,3,4,-1,4,4,2,1,1,13,5,8,7,4,WLDW,7,2,1,1,13,5,8,2,WD,4,1,1,0,5,1,4,2,LW,3,1,0,1,8,4,4,0.22254927849927833,0.2420809523809524,0.535369769119769,Away Win,0.535369769119769,0.535369769119769,0.2420809523809524,0.2932888167388166,1.012289535286,0.921425643722,MODERATE,VERY_HIGH,-12,-4,-13,-4,-13,-3,-5,SUPPORTIVE,Model leans Brighton; context supports the away side,"Stage 7 gives Brighton the highest probability at 53.5%, 29.3 percentage points above the next outcome. The fixed context score is -5: 0 signals favor Crystal Palace, 5 favor Brighton, and 0 are neutral or unavailable. Context alignment is supportive; confidence is moderate and uncertainty is very_high. This interprets the existing prediction and does not alter or replace it."
-112545802853557,560902,football-data.org,2027-05-23 14:00:00+00:00,1811080800,UTC,NS,TIMED,,39,Premier League,England,2026,Regular Season - 37,55,Brentford,BRE,402,-44103427291829,Hull City,HUL,322,6,4,1,3,0,7,4,3,6,4,WDDD,6,1,3,0,7,4,3,2,WD,4,1,1,0,4,1,3,2,DD,2,0,2,0,3,3,0,3,4,2,2,0,5,2,3,8,4,WWDD,8,2,2,0,5,2,3,2,WD,4,1,1,0,2,0,2,2,WD,4,1,1,0,3,2,1,0.36800375310963546,0.27480963742140213,0.3571866094689626,Home Win,0.36800375310963546,0.36800375310963546,0.3571866094689626,0.01081714364067286,1.090567125291,0.992676976710,VERY_LOW,VERY_HIGH,-3,-2,0,-2,0,0,-3,CONTRADICTORY,Model leans Brentford; context favors Hull City,"Stage 7 gives Brentford the highest probability at 36.8%, 1.1 percentage points above the next outcome. The fixed context score is -3: 0 signals favor Brentford, 3 favor Hull City, and 2 are neutral or unavailable. Context alignment is contradictory; confidence is very_low and uncertainty is very_high. This interprets the existing prediction and does not alter or replace it."
-117873929022917,560908,football-data.org,2027-05-23 14:00:00+00:00,1811080800,UTC,NS,TIMED,,39,Premier League,England,2026,Regular Season - 37,35,Bournemouth,BOU,1044,49,Chelsea,CHE,61,15,4,0,3,1,6,7,-1,3,4,LDDD,3,0,3,1,6,7,-1,2,DD,2,0,2,0,3,3,0,2,LD,1,0,1,1,3,4,-1,5,4,2,1,1,10,9,1,7,4,WWLD,7,2,1,1,10,9,1,2,WD,4,1,1,0,6,5,1,2,WL,3,1,0,1,4,4,0,0.2915659451659451,0.2143930014430015,0.49404105339105325,Away Win,0.49404105339105325,0.49404105339105325,0.2915659451659451,0.20247510822510815,1.037871621892,0.944711462449,LOW,VERY_HIGH,-10,-4,-2,-4,-2,-1,-5,SUPPORTIVE,Model leans Chelsea; context supports the away side,"Stage 7 gives Chelsea the highest probability at 49.4%, 20.2 percentage points above the next outcome. The fixed context score is -5: 0 signals favor Bournemouth, 5 favor Chelsea, and 0 are neutral or unavailable. Context alignment is supportive; confidence is low and uncertainty is very_high. This interprets the existing prediction and does not alter or replace it."
-146933852402355,560906,football-data.org,2027-05-23 14:00:00+00:00,1811080800,UTC,NS,TIMED,,39,Premier League,England,2026,Regular Season - 37,51,Brighton,BHA,397,40,Liverpool,LIV,64,4,4,2,1,1,13,5,8,7,4,WLDW,7,2,1,1,13,5,8,2,WD,4,1,1,0,5,1,4,2,LW,3,1,0,1,8,4,4,7,4,1,3,0,6,4,2,6,4,DDWD,6,1,3,0,6,4,2,2,DD,2,0,2,0,2,2,0,2,DW,4,1,1,0,4,2,2,0.31690598845598855,0.26142012987012964,0.42167388167388176,Away Win,0.42167388167388176,0.42167388167388176,0.31690598845598855,0.10476789321789321,1.079025838911,0.982171645120,LOW,VERY_HIGH,3,1,6,1,6,0,4,CONTRADICTORY,Model leans Liverpool; context favors Brighton,"Stage 7 gives Liverpool the highest probability at 42.2%, 10.5 percentage points above the next outcome. The fixed context score is +4: 4 signals favor Brighton, 0 favor Liverpool, and 1 are neutral or unavailable. Context alignment is contradictory; confidence is low and uncertainty is very_high. This interprets the existing prediction and does not alter or replace it."
-171787224728051,560905,football-data.org,2027-05-23 14:00:00+00:00,1811080800,UTC,NS,TIMED,,39,Premier League,England,2026,Regular Season - 37,-156530674508954,Leeds,LEE,341,-218557486738561,Sunderland,SUN,71,11,3,1,2,0,3,2,1,5,3,WDD,5,1,2,0,3,2,1,1,D,1,0,1,0,1,1,0,2,WD,4,1,1,0,2,1,1,14,4,1,1,2,3,5,-2,4,4,LWDL,4,1,1,2,3,5,-2,2,WL,3,1,0,1,1,2,-1,2,LD,1,0,1,1,2,3,-1,0.49296291486291477,0.17907957597957594,0.3279575091575091,Home Win,0.49296291486291477,0.49296291486291477,0.3279575091575091,0.16500540570540567,1.022317017005,0.930553050926,LOW,VERY_HIGH,3,1,3,1,3,0,4,SUPPORTIVE,Model leans Leeds; context supports the home side,"Stage 7 gives Leeds the highest probability at 49.3%, 16.5 percentage points above the next outcome. The fixed context score is +4: 4 signals favor Leeds, 0 favor Sunderland, and 1 are neutral or unavailable. Context alignment is supportive; confidence is low and uncertainty is very_high. This interprets the existing prediction and does not alter or replace it."
-191000423085573,560907,football-data.org,2027-05-23 14:00:00+00:00,1811080800,UTC,NS,TIMED,,39,Premier League,England,2026,Regular Season - 37,65,Nottingham Forest,NOT,351,57,Ipswich,IPS,349,12,4,1,2,1,4,4,0,5,4,LDDW,5,1,2,1,4,4,0,2,LD,1,0,1,1,0,1,-1,2,DW,4,1,1,0,4,3,1,9,4,2,0,2,7,10,-3,6,4,WLLW,6,2,0,2,7,10,-3,2,WL,3,1,0,1,2,3,-1,2,LW,3,1,0,1,5,7,-2,0.5286069985569987,0.24053686868686858,0.23085613275613281,Home Win,0.5286069985569987,0.5286069985569987,0.24053686868686858,0.28807012987013012,1.018154884657,0.926764514796,MODERATE,VERY_HIGH,-3,-1,3,-1,3,-2,-3,CONTRADICTORY,Model leans Nottingham Forest; context favors Ipswich,"Stage 7 gives Nottingham Forest the highest probability at 52.9%, 28.8 percentage points above the next outcome. The fixed context score is -3: 1 signals favor Nottingham Forest, 4 favor Ipswich, and 0 are neutral or unavailable. Context alignment is contradictory; confidence is moderate and uncertainty is very_high. This interprets the existing prediction and does not alter or replace it."
-226801847885244,560903,football-data.org,2027-05-23 14:00:00+00:00,1811080800,UTC,NS,TIMED,,39,Premier League,England,2026,Regular Season - 37,34,Newcastle,NEW,67,52,Crystal Palace,CRY,354,10,3,1,2,0,6,4,2,5,3,DWD,5,1,2,0,6,4,2,2,DD,2,0,2,0,4,4,0,1,W,3,1,0,0,2,0,2,16,4,1,0,3,6,11,-5,3,4,LLWL,3,1,0,3,6,11,-5,2,LL,0,0,0,2,3,7,-4,2,LW,3,1,0,1,3,4,-1,0.5472206349206348,0.2097938672438671,0.24298549783549794,Home Win,0.5472206349206348,0.5472206349206348,0.24298549783549794,0.30423513708513686,1.001306019482,0.911428016790,MODERATE,VERY_HIGH,6,2,7,2,7,-1,3,SUPPORTIVE,Model leans Newcastle; context supports the home side,"Stage 7 gives Newcastle the highest probability at 54.7%, 30.4 percentage points above the next outcome. The fixed context score is +3: 4 signals favor Newcastle, 1 favor Crystal Palace, and 0 are neutral or unavailable. Context alignment is supportive; confidence is moderate and uncertainty is very_high. This interprets the existing prediction and does not alter or replace it."
-25769766987350,560904,football-data.org,2027-05-23 14:00:00+00:00,1811080800,UTC,NS,TIMED,,39,Premier League,England,2026,Regular Season - 37,47,Tottenham,TOT,73,33,Manchester United,MUN,66,17,4,0,2,2,0,5,-5,2,4,LLDD,2,0,2,2,0,5,-5,2,LD,1,0,1,1,0,2,-2,2,LD,1,0,1,1,0,3,-3,13,3,1,1,1,7,6,1,4,3,LWD,4,1,1,1,7,6,1,1,W,3,1,0,0,5,2,3,2,LD,1,0,1,1,2,4,-2,0.23695212010212,0.21336904761904768,0.549678832278832,Away Win,0.549678832278832,0.549678832278832,0.23695212010212,0.312726712176712,0.999724103188,0.909988094526,MODERATE,VERY_HIGH,-4,-2,-6,-2,-6,0,-4,SUPPORTIVE,Model leans Manchester United; context supports the away side,"Stage 7 gives Manchester United the highest probability at 55.0%, 31.3 percentage points above the next outcome. The fixed context score is -4: 0 signals favor Tottenham, 4 favor Manchester United, and 1 are neutral or unavailable. Context alignment is supportive; confidence is moderate and uncertainty is very_high. This interprets the existing prediction and does not alter or replace it."
-32243078505476,560910,football-data.org,2027-05-23 14:00:00+00:00,1811080800,UTC,NS,TIMED,,39,Premier League,England,2026,Regular Season - 37,45,Everton,EVE,62,42,Arsenal,ARS,57,8,4,1,3,0,5,3,2,6,4,WDDD,6,1,3,0,5,3,2,2,WD,4,1,1,0,4,2,2,2,DD,2,0,2,0,1,1,0,1,4,4,0,0,8,1,7,12,4,WWWW,12,4,0,0,8,1,7,2,WW,6,2,0,0,5,1,4,2,WW,6,2,0,0,3,0,3,0.1808621212121212,0.22295591630591638,0.5961819624819623,Away Win,0.5961819624819623,0.5961819624819623,0.22295591630591638,0.37322604617604592,0.952236835579,0.866763320783,MODERATE,VERY_HIGH,-7,-6,-5,-6,-5,-2,-5,SUPPORTIVE,Model leans Arsenal; context supports the away side,"Stage 7 gives Arsenal the highest probability at 59.6%, 37.3 percentage points above the next outcome. The fixed context score is -5: 0 signals favor Everton, 5 favor Arsenal, and 0 are neutral or unavailable. Context alignment is supportive; confidence is moderate and uncertainty is very_high. This interprets the existing prediction and does not alter or replace it."
-59042014985751,560911,football-data.org,2027-05-23 14:00:00+00:00,1811080800,UTC,NS,TIMED,,39,Premier League,England,2026,Regular Season - 37,50,Manchester City,MCI,65,66,Aston Villa,AVL,58,2,3,3,0,0,7,2,5,9,3,WWW,9,3,0,0,7,2,5,2,WW,6,2,0,0,3,1,2,1,W,3,1,0,0,4,1,3,19,4,0,1,3,1,7,-6,1,4,LLDL,1,0,1,3,1,7,-6,2,LL,0,0,0,2,1,3,-2,2,LD,1,0,1,1,0,4,-4,0.5900632756132755,0.2000702741702741,0.20986645021645034,Home Win,0.5900632756132755,0.5900632756132755,0.20986645021645034,0.38019682539682516,0.960864933269,0.874616953752,MODERATE,VERY_HIGH,17,8,11,8,11,5,5,SUPPORTIVE,Model leans Manchester City; context supports the home side,"Stage 7 gives Manchester City the highest probability at 59.0%, 38.0 percentage points above the next outcome. The fixed context score is +5: 5 signals favor Manchester City, 0 favor Aston Villa, and 0 are neutral or unavailable. Context alignment is supportive; confidence is moderate and uncertainty is very_high. This interprets the existing prediction and does not alter or replace it."
-8484985876742,560909,football-data.org,2027-05-23 14:00:00+00:00,1811080800,UTC,NS,TIMED,,39,Premier League,England,2026,Regular Season - 37,36,Fulham,FUL,63,-39195573837902,Coventry City,COV,1076,18,4,0,1,3,4,7,-3,1,4,LLLD,1,0,1,3,4,7,-3,2,LL,0,0,0,2,4,6,-2,2,LD,1,0,1,1,0,1,-1,20,4,0,0,4,0,10,-10,0,4,LLLL,0,0,0,4,0,10,-10,2,LL,0,0,0,2,0,6,-6,2,LL,0,0,0,2,0,4,-4,0.402301082251082,0.3259422077922078,0.27175670995671,Home Win,0.402301082251082,0.402301082251082,0.3259422077922078,0.0763588744588742,1.085767452427,0.988308126194,LOW,VERY_HIGH,2,1,7,1,7,0,4,SUPPORTIVE,Model leans Fulham; context supports the home side,"Stage 7 gives Fulham the highest probability at 40.2%, 7.6 percentage points above the next outcome. The fixed context score is +4: 4 signals favor Fulham, 0 favor Coventry City, and 1 are neutral or unavailable. Context alignment is supportive; confidence is low and uncertainty is very_high. This interprets the existing prediction and does not alter or replace it."
-134882313431518,560918,football-data.org,2027-05-30 15:00:00+00:00,1811689200,UTC,NS,TIMED,,39,Premier League,England,2026,Regular Season - 38,33,Manchester United,MUN,66,36,Fulham,FUL,63,13,3,1,1,1,7,6,1,4,3,LWD,4,1,1,1,7,6,1,1,W,3,1,0,0,5,2,3,2,LD,1,0,1,1,2,4,-2,18,4,0,1,3,4,7,-3,1,4,LLLD,1,0,1,3,4,7,-3,2,LL,0,0,0,2,4,6,-2,2,LD,1,0,1,1,0,1,-1,0.4972059884559882,0.22121002886002875,0.2815839826839829,Home Win,0.4972059884559882,0.4972059884559882,0.2815839826839829,0.2156220057720053,1.038008298713,0.944835871053,LOW,VERY_HIGH,5,3,4,3,4,2,5,SUPPORTIVE,Model leans Manchester United; context supports the home side,"Stage 7 gives Manchester United the highest probability at 49.7%, 21.6 percentage points above the next outcome. The fixed context score is +5: 5 signals favor Manchester United, 0 favor Fulham, and 0 are neutral or unavailable. Context alignment is supportive; confidence is low and uncertainty is very_high. This interprets the existing prediction and does not alter or replace it."
-176571028069614,560916,football-data.org,2027-05-30 15:00:00+00:00,1811689200,UTC,NS,TIMED,,39,Premier League,England,2026,Regular Season - 38,66,Aston Villa,AVL,58,47,Tottenham,TOT,73,19,4,0,1,3,1,7,-6,1,4,LLDL,1,0,1,3,1,7,-6,2,LL,0,0,0,2,1,3,-2,2,LD,1,0,1,1,0,4,-4,17,4,0,2,2,0,5,-5,2,4,LLDD,2,0,2,2,0,5,-5,2,LD,1,0,1,1,0,2,-2,2,LD,1,0,1,1,0,3,-3,0.37934682539682535,0.25017878787878783,0.3704743867243869,Home Win,0.37934682539682535,0.37934682539682535,0.3704743867243869,0.00887243867243845,1.082215443208,0.985074948069,VERY_LOW,VERY_HIGH,-2,-1,-1,-1,-1,-1,-5,CONTRADICTORY,Model leans Aston Villa; context favors Tottenham,"Stage 7 gives Aston Villa the highest probability at 37.9%, 0.9 percentage points above the next outcome. The fixed context score is -5: 0 signals favor Aston Villa, 5 favor Tottenham, and 0 are neutral or unavailable. Context alignment is contradictory; confidence is very_low and uncertainty is very_high. This interprets the existing prediction and does not alter or replace it."
-190015661832006,560913,football-data.org,2027-05-30 15:00:00+00:00,1811689200,UTC,NS,TIMED,,39,Premier League,England,2026,Regular Season - 38,42,Arsenal,ARS,57,51,Brighton,BHA,397,1,4,4,0,0,8,1,7,12,4,WWWW,12,4,0,0,8,1,7,2,WW,6,2,0,0,5,1,4,2,WW,6,2,0,0,3,0,3,4,4,2,1,1,13,5,8,7,4,WLDW,7,2,1,1,13,5,8,2,WD,4,1,1,0,5,1,4,2,LW,3,1,0,1,8,4,4,0.5937701298701302,0.1883380230880229,0.21789184704184716,Home Win,0.5937701298701302,0.5937701298701302,0.21789184704184716,0.37587828282828304,0.955958039129,0.870150506225,MODERATE,VERY_HIGH,3,5,-1,5,-1,3,3,SUPPORTIVE,Model leans Arsenal; context supports the home side,"Stage 7 gives Arsenal the highest probability at 59.4%, 37.6 percentage points above the next outcome. The fixed context score is +3: 4 signals favor Arsenal, 1 favor Brighton, and 0 are neutral or unavailable. Context alignment is supportive; confidence is moderate and uncertainty is very_high. This interprets the existing prediction and does not alter or replace it."
-196424121537153,560915,football-data.org,2027-05-30 15:00:00+00:00,1811689200,UTC,NS,TIMED,,39,Premier League,England,2026,Regular Season - 38,-39195573837902,Coventry City,COV,1076,65,Nottingham Forest,NOT,351,20,4,0,0,4,0,10,-10,0,4,LLLL,0,0,0,4,0,10,-10,2,LL,0,0,0,2,0,6,-6,2,LL,0,0,0,2,0,4,-4,12,4,1,2,1,4,4,0,5,4,LDDW,5,1,2,1,4,4,0,2,LD,1,0,1,1,0,1,-1,2,DW,4,1,1,0,4,3,1,0.23714738562091503,0.1997777346836171,0.563074879695468,Away Win,0.563074879695468,0.563074879695468,0.23714738562091503,0.32592749407455297,0.986422431929,0.897880391567,MODERATE,VERY_HIGH,-8,-5,-10,-5,-10,-4,-5,SUPPORTIVE,Model leans Nottingham Forest; context supports the away side,"Stage 7 gives Nottingham Forest the highest probability at 56.3%, 32.6 percentage points above the next outcome. The fixed context score is -5: 0 signals favor Coventry City, 5 favor Nottingham Forest, and 0 are neutral or unavailable. Context alignment is supportive; confidence is moderate and uncertainty is very_high. This interprets the existing prediction and does not alter or replace it."
-199347865111926,560920,football-data.org,2027-05-30 15:00:00+00:00,1811689200,UTC,NS,TIMED,,39,Premier League,England,2026,Regular Season - 38,49,Chelsea,CHE,61,55,Brentford,BRE,402,5,4,2,1,1,10,9,1,7,4,WWLD,7,2,1,1,10,9,1,2,WD,4,1,1,0,6,5,1,2,WL,3,1,0,1,4,4,0,6,4,1,3,0,7,4,3,6,4,WDDD,6,1,3,0,7,4,3,2,WD,4,1,1,0,4,1,3,2,DD,2,0,2,0,3,3,0,0.43642272727272696,0.25863845598845586,0.3049388167388169,Home Win,0.43642272727272696,0.43642272727272696,0.3049388167388169,0.13148391053391006,1.073779077683,0.977395837238,LOW,VERY_HIGH,1,1,-2,1,-2,2,3,SUPPORTIVE,Model leans Chelsea; context supports the home side,"Stage 7 gives Chelsea the highest probability at 43.6%, 13.1 percentage points above the next outcome. The fixed context score is +3: 4 signals favor Chelsea, 1 favor Brentford, and 0 are neutral or unavailable. Context alignment is supportive; confidence is low and uncertainty is very_high. This interprets the existing prediction and does not alter or replace it."
-203298945542770,560921,football-data.org,2027-05-30 15:00:00+00:00,1811689200,UTC,NS,TIMED,,39,Premier League,England,2026,Regular Season - 38,52,Crystal Palace,CRY,354,-156530674508954,Leeds,LEE,341,16,4,1,0,3,6,11,-5,3,4,LLWL,3,1,0,3,6,11,-5,2,LL,0,0,0,2,3,7,-4,2,LW,3,1,0,1,3,4,-1,11,3,1,2,0,3,2,1,5,3,WDD,5,1,2,0,3,2,1,1,D,1,0,1,0,1,1,0,2,WD,4,1,1,0,2,1,1,0.23633131313131314,0.2509681096681096,0.5127005772005772,Away Win,0.5127005772005772,0.5127005772005772,0.2509681096681096,0.2617324675324676,1.030374904991,0.937887656655,MODERATE,VERY_HIGH,-5,-2,-6,-2,-6,-4,-5,SUPPORTIVE,Model leans Leeds; context supports the away side,"Stage 7 gives Leeds the highest probability at 51.3%, 26.2 percentage points above the next outcome. The fixed context score is -5: 0 signals favor Crystal Palace, 5 favor Leeds, and 0 are neutral or unavailable. Context alignment is supportive; confidence is moderate and uncertainty is very_high. This interprets the existing prediction and does not alter or replace it."
-253147993640808,560914,football-data.org,2027-05-30 15:00:00+00:00,1811689200,UTC,NS,TIMED,,39,Premier League,England,2026,Regular Season - 38,40,Liverpool,LIV,64,35,Bournemouth,BOU,1044,7,4,1,3,0,6,4,2,6,4,DDWD,6,1,3,0,6,4,2,2,DD,2,0,2,0,2,2,0,2,DW,4,1,1,0,4,2,2,15,4,0,3,1,6,7,-1,3,4,LDDD,3,0,3,1,6,7,-1,2,DD,2,0,2,0,3,3,0,2,LD,1,0,1,1,3,4,-1,0.5100085137085134,0.20969502164502155,0.28029646464646474,Home Win,0.5100085137085134,0.5100085137085134,0.28029646464646474,0.22971204906204866,1.027478918195,0.935251615873,MODERATE,VERY_HIGH,8,3,3,3,3,1,5,SUPPORTIVE,Model leans Liverpool; context supports the home side,"Stage 7 gives Liverpool the highest probability at 51.0%, 23.0 percentage points above the next outcome. The fixed context score is +5: 5 signals favor Liverpool, 0 favor Bournemouth, and 0 are neutral or unavailable. Context alignment is supportive; confidence is moderate and uncertainty is very_high. This interprets the existing prediction and does not alter or replace it."
-269556579766613,560917,football-data.org,2027-05-30 15:00:00+00:00,1811689200,UTC,NS,TIMED,,39,Premier League,England,2026,Regular Season - 38,-44103427291829,Hull City,HUL,322,34,Newcastle,NEW,67,3,4,2,2,0,5,2,3,8,4,WWDD,8,2,2,0,5,2,3,2,WD,4,1,1,0,2,0,2,2,WD,4,1,1,0,3,2,1,10,3,1,2,0,6,4,2,5,3,DWD,5,1,2,0,6,4,2,2,DD,2,0,2,0,4,4,0,1,W,3,1,0,0,2,0,2,0.3879369741369739,0.22841310356310354,0.38364992229992223,Home Win,0.3879369741369739,0.3879369741369739,0.38364992229992223,0.00428705183705167,1.072163127593,0.975924936078,VERY_LOW,VERY_HIGH,7,3,1,3,1,1,5,SUPPORTIVE,Model leans Hull City; context supports the home side,"Stage 7 gives Hull City the highest probability at 38.8%, 0.4 percentage points above the next outcome. The fixed context score is +5: 5 signals favor Hull City, 0 favor Newcastle, and 0 are neutral or unavailable. Context alignment is supportive; confidence is very_low and uncertainty is very_high. This interprets the existing prediction and does not alter or replace it."
-55374161130473,560912,football-data.org,2027-05-30 15:00:00+00:00,1811689200,UTC,NS,TIMED,,39,Premier League,England,2026,Regular Season - 38,57,Ipswich,IPS,349,45,Everton,EVE,62,9,4,2,0,2,7,10,-3,6,4,WLLW,6,2,0,2,7,10,-3,2,WL,3,1,0,1,2,3,-1,2,LW,3,1,0,1,5,7,-2,8,4,1,3,0,5,3,2,6,4,WDDD,6,1,3,0,5,3,2,2,WD,4,1,1,0,4,2,2,2,DD,2,0,2,0,1,1,0,0.1630286657786658,0.20038283383283373,0.6365885003885005,Away Win,0.6365885003885005,0.6365885003885005,0.20038283383283373,0.43620566655566677,0.905330317452,0.824067167999,HIGH,VERY_HIGH,-1,0,-5,0,-5,1,-1,MIXED,Model leans Everton; context is mixed,"Stage 7 gives Everton the highest probability at 63.7%, 43.6 percentage points above the next outcome. The fixed context score is -1: 1 signals favor Ipswich, 2 favor Everton, and 2 are neutral or unavailable. Context alignment is mixed; confidence is high and uncertainty is very_high. This interprets the existing prediction and does not alter or replace it."
-56238871319486,560919,football-data.org,2027-05-30 15:00:00+00:00,1811689200,UTC,NS,TIMED,,39,Premier League,England,2026,Regular Season - 38,-218557486738561,Sunderland,SUN,71,50,Manchester City,MCI,65,14,4,1,1,2,3,5,-2,4,4,LWDL,4,1,1,2,3,5,-2,2,WL,3,1,0,1,1,2,-1,2,LD,1,0,1,1,2,3,-1,2,3,3,0,0,7,2,5,9,3,WWW,9,3,0,0,7,2,5,2,WW,6,2,0,0,3,1,2,1,W,3,1,0,0,4,1,3,0.298111111111111,0.20033297258297264,0.5015559163059163,Away Win,0.5015559163059163,0.5015559163059163,0.298111111111111,0.2034448051948053,1.028984566498,0.936622116020,MODERATE,VERY_HIGH,-12,-5,-7,-5,-7,0,-4,SUPPORTIVE,Model leans Manchester City; context supports the away side,"Stage 7 gives Manchester City the highest probability at 50.2%, 20.3 percentage points above the next outcome. The fixed context score is -4: 0 signals favor Sunderland, 4 favor Manchester City, and 1 are neutral or unavailable. Context alignment is supportive; confidence is moderate and uncertainty is very_high. This interprets the existing prediction and does not alter or replace it."
